:020000040800F2
:100000008807002091010008A93000086D28000829
:10001000A5300008D1060008DD350008000000000A
:10002000000000000000000000000000D5300008C3
:100030001307000800000000AB300008D7300008AC
:10004000A7010008A7010008A7010008A7010008F0
:10005000A7010008A7010008A7010008A7010008E0
:10006000A7010008A7010008A7010008A7010008D0
:10007000A7010008A7010008A7010008A7010008C0
:10008000A7010008A7010008A7010008A7010008B0
:10009000A7010008A7010008A701000889070008B8
:1000A000A7010008A7010008A7010008A701000890
:1000B000A7010008A7010008E1300008A701000817
:1000C000A7010008A7010008A7010008A701000870
:1000D000A7010008B9350008A7010008A70100081A
:1000E0004D070008A7010008A701000800F002F86A
:1000F00000F03FF80AA090E8000C82448344AAF183
:100100000107DA4501D100F034F8AFF2090EBAE880
:100110000F0013F0010F18BFFB1A43F0010318473B
:10012000C0950000E0950000103A24BF78C878C15F
:10013000FAD8520724BF30C830C144BF04680C60ED
:10014000704700000023002400250026103A28BF35
:1001500078C1FBD8520728BF30C148BF0B60704739
:10016000782900F06580002070471FB51FBD10B5CD
:1001700010BD00F013FA1146FFF7F7FF04F09EF8E8
:1001800000F031FA03B4FFF7F2FF03BC03F05CFBAD
:1001900008480047FEE7FEE7FEE7FEE7FEE7FEE76A
:1001A000FEE7FEE7FEE7FEE703480449024A044B88
:1001B00070470000ED000008880300208807002039
:1001C00088030020704700000FB4044910B503AA4B
:1001D000029800F0ADF910BC5DF814FB6C00002033
:1001E00070B5044685690068C10601D5302600E077
:1001F0002026C00707D070BDD4E9012130469047C2
:10020000206A401C20626D1EF6D570BD70B5044694
:1002100085690078C00707D170BDD4E9012120208D
:100220009047206A401C20626D1EF6D570BD00000C
:1002300070B504460D4621461068AFF30080218852
:10024000090502D50F4A7A4402E00E4A7A440E327A
:10025000002104F1240305E000F00F060009965D7B
:100260005E54491C0028F7D120780023000704D5EC
:10027000702D02D009B1022311322046BDE8704032
:1002800000F0FCB81C9400002DE9F05F894604469C
:100290004FF0000ADFF874B1FB44C0F820A02046FC
:1002A000E1688847002874D0252806D0D4E90121C8
:1002B0009047206A401C2062F1E700265F462046F6
:1002C000E16888472028054607DB312D05D27819DB
:1002D00010F8200C08B10643F1E7B00701D526F06D
:1002E0000406C4F81CA00027C4F818A02A2D09D0C1
:1002F000284603F0A2FA38B304EB8708303DC8F86B
:10030000185019E059F8041B204604EB870291614C
:10031000E1688847012F054618D1E069002820DAF6
:1003200026F020061DE0D8F8180000EB800005EB51
:1003300040003038C8F818002046E1688847054674
:1003400003F07BFA0028EED1012F0AD02E2D08D120
:100350002046E16888477F1C0546022F46F02006AC
:10036000C4DBA069002803DA404246F00106A06120
:10037000F00701D026F010066C2D0BD0682D09D0A7
:100380004C2D39D06A2D35D0742D35D07A2D33D0FF
:1003900016E038E0E1682F4620468847B842054617
:1003A00009D16C2F26D04FF48060E16806432046C7
:1003B0008847054604E06C2F1AD04FF4807006433E
:1003C0000DB3A5F14100192802D8203546F4006686
:1003D0004A462946204626604E46FFF7C1FE80B1B8
:1003E00001280BD0F61D26F0070000F1080956E79A
:1003F0004020E4E78020D8E70020D6E706F1040992
:100400004DE7284652E7206ABDE8F09FF2930000CE
:100410004FF0000200B5134694469646203922BF9D
:10042000A0E80C50A0E80C50B1F12001BFF4F7AFE8
:10043000090728BFA0E80C5048BF0CC05DF804EBCA
:10044000890028BF40F8042B08BF704748BF20F838
:10045000022B11F0804F18BF00F8012B7047704736
:1004600070477047704710B500F074F8006810BD11
:1004700010B5044600F06EF8046010BD2DE9F04799
:100480000D4699469246044600F124080168880604
:1004900004D5E06921F01001216000E00120A842AC
:1004A00001DD471B00E00027A1697A1902EB090072
:1004B000081AA0612078C00602D42046FFF790FEFB
:1004C000002608E0D4E901211AF806009047206AC6
:1004D000401C761C20624E45F4DB2078C0060AD50D
:1004E0002046FFF77DFE06E0D4E901213020904749
:1004F000206A401C2062381EA7F10107F4DC07E0E7
:10050000D4E9012118F805009047206A401C2062B8
:10051000281EA5F10105F3DC2046FFF777FE2078C1
:10052000000602D50220BDE8F0870120FBE70000AD
:10053000074B70B50D467B4400F015F8044628467D
:1005400000F024F810B14FF0FF3070BD204670BDB0
:10055000EF370000004870472803002001694A1C5B
:1005600002610878704700B58FB0CDE901310021F4
:10057000059105497944CDE9031011466846FFF716
:1005800083FE0FB000BD0000E5FFFFFF007B00F021
:100590008000704700487047280300207546FFF729
:1005A000F9FFAE4605006946534620F00700854630
:1005B00018B020B5FFF7F8FDBDE820404FF0000669
:1005C0004FF000074FF000084FF0000B21F007013B
:1005D000AC46ACE8C009ACE8C009ACE8C009ACE87E
:1005E000C0098D46704710B50446AFF30080204621
:1005F000BDE81040FFF7C6BD70B504460025206871
:10060000806800F00100F0B12068806820F00100EF
:100610002168886000F002FF05460EE000F0FEFE53
:10062000401B022809D9A06A40F01000A062E06ACD
:1006300040F00100E062012070BD2068806800F099
:1006400001000028EAD10020F6E7000038B5044692
:100650000025002000902068806800F0010080BB29
:100660002068806840F001002168886016480068B2
:100670001649B0FBF1F0009002E00098401E009097
:1006800000980028F9D100F0C9FE054613E000F0FB
:10069000C5FE401B02280ED9A06A40F01000A062DF
:1006A000E06A40F00100E06200BF002084F824000E
:1006B00000BF012038BD2068806800F001000028DC
:1006C000E5D00020F6E700005800002040420F006F
:1006D00000BFFEE710B5044604B910BD00BF0122FB
:1006E0004021054800F094FE00BF0448048001202A
:1006F0000349087000BFF0E70008014074000020C3
:10070000760000204A7842700A7802708A788270F7
:100710007047704700BF00BF00BF00BF00BF00BFF1
:1007200000BF00BF00BF00BF00BF00BF00BF00BFD1
:1007300000BF00BF00BF00BF00BF00BF00BF00BFC1
:1007400000BF00BF00BF00BF7047000010B50D48DC
:10075000006800F4806038B14FF4806000F098FCCD
:100760004FF48060074908600648006800F40060A4
:1007700038B14FF4006000F08BFC4FF40060014989
:10078000086010BD1404014010B50648006800F070
:10079000200028B1202000F07BFC202001490860C7
:1007A00010BD000014040140F8B5044600260020E6
:1007B000009000BF94F82400012801D10220F8BD68
:1007C000012084F8240000BF2046FFF715FF0646ED
:1007D000002E62D1A06A20F4885040F00200A0628E
:1007E000022000F0EDFE30490968B1FBF0F0400056
:1007F000009002E00098401E009000980028F9D177
:100800002046FFF723FF2068806840F00800216839
:10081000886000F003FE054611E000F0FFFD401B7C
:100820000A280CD9A06A20F0020040F01000A06253
:1008300000BF002084F8240000BF0120BFE720682B
:10084000806800F008000028E7D12068806840F048
:1008500004002168886000F0E1FD054611E000F029
:10086000DDFD401B0A280CD9A06A20F0020040F0F0
:100870001000A06200BF002084F8240000BF012007
:100880009DE72068806800F004000028E7D1A06A96
:1008900020F0020040F00100A06200BF002084F8B8
:1008A000240000BF30468AE75800002038B50246D1
:1008B00000230020009000BF92F82400012801D1FD
:1008C000022038BD012082F8240000BF48680728B4
:1008D00012D21068406B0C79641E04EB84051F244F
:1008E000AC40A0430D796D1E05EB85050C68AC404E
:1008F00020431468606327E048680D2812D210680E
:10090000006B0C79E41F04EB84051F24AC40A0436A
:100910000D79ED1F05EB85050C68AC40204314688C
:10092000206311E01068C06A0C790D3C04EB84056B
:100930001F24AC40A0430D790D3D05EB85050C68E7
:10094000AC4020431468E06208680A2812D310689B
:10095000C0680C780A3C04EB44050724AC40A04373
:100960000D780A3D05EB45058C68AC4020431468C2
:10097000E0600FE0106800690C7804EB4405072480
:10098000AC40A0430D7805EB45058C68AC40204396
:10099000146820610868102802D00868112827D13F
:1009A000174C1068A0421ED11068806800F4000047
:1009B000F0B91068806840F400001468A06008680E
:1009C000102815D10F4800680F4CB0FBF4F000EB75
:1009D00080004000009002E00098401E00900098C7
:1009E0000028F9D104E0906A40F0200090620123D1
:1009F00000BF002082F8240000BF184661E7000015
:100A0000002401405800002040420F0001460868C1
:100A1000C06C70472DE9F0410446002700250026F0
:100A2000A84614B90120BDE8F081A06810B1207D6E
:100A300000B100BFA06A30B90020E06284F8240051
:100A4000204600F097F82046FFF7D6FD0746A06A3B
:100A500000F01000002873D1002F7ED1A06A20F48E
:100A6000885040F00200A0623F4AD4E90001904261
:100A700008D1E069B0F5402F02D14FF4002002E028
:100A8000E06900E0E0690143207B41EA4000064361
:100A9000A068B0F5807F02D0A068012802D14FF491
:100AA000807000E000200543207D012811D1207BCB
:100AB00038B9A069401E4FF4006141EA4030054357
:100AC00007E0A06A40F02000A062E06A40F0010068
:100AD000E0622068406820F469402843216848604B
:100AE0002068806821490840304321688860A068F8
:100AF000B0F5807F02D0A068012802D14FF4807049
:100B000000E00020B0F5807F03D1208A401E4FEA2C
:100B100000582068C06A20F4700040EA080021688C
:100B2000C8622068806812490840B04209D100209C
:100B3000E062A06A20F0020040F00100A06211E033
:100B40000BE0A06A20F0020040F01000A062E06A12
:100B500040F00100E062012704E0A06A40F01000CC
:100B6000A062012738465EE7003C0140FDF7E1FF47
:100B7000FE0E1FFF10B58CB004461C492068884249
:100B800032D1182102A8FFF743FC00BF00BF18486C
:100B9000806940F40070164988610846806900F455
:100BA0000070019000BF00BF00BF00BF00BF08463B
:100BB000806940F0080088610846806900F00800FC
:100BC000019000BF00BF00BF02200290800304908C
:100BD00002A800F091FD012008900320099008A9C7
:100BE000044800F063FA00BF0CB010BD00240140BF
:100BF00000100240000C0140F8B504460D460026E6
:100C000000200090002700F009FC0646206880685C
:100C100000F4807050B1A06A40F02000A06200BFD4
:100C2000002084F8240000BF0120F8BD206840683F
:100C300000F48070F8B92068C06A00F47000D0B980
:100C400012E0681C80B125B100F0E8FB801BA842CF
:100C50000AD9A06A40F00400A06200BF002084F816
:100C6000240000BF0320E0E72068006800F00200D5
:100C70000028E6D050E0022000F0A2FC36490968C6
:100C8000B1FBF0F021680969344A114091B921683B
:100C9000C9689211114069B921680969304A114047
:100CA00031B92168C9689211114009B9142117E0BE
:100CB000292115E021680969294A114021B92168D3
:100CC000C9689211114041B121680969254A114052
:100CD00029B92168C968114009B9542100E0FC21F3
:100CE00000FB01F715E0681C80B125B100F096FB10
:100CF000801BA8420AD9A06A40F00400A06200BF8D
:100D0000002084F8240000BF03208EE70098401CD8
:100D100000900098B842E6D36FF012002168086096
:100D2000A06A40F40070A0622068806800F460202F
:100D3000B0F5602F0DD1207B58B9A06A20F48070E7
:100D4000A062A06A00F4805018B9A06A40F00100C7
:100D5000A062002069E70000580000202449922486
:100D6000922449124992240070B50446002500BF20
:100D700094F82400012801D1022070BD012084F8DC
:100D8000240000BF2046FFF761FC0546002D77D107
:100D9000A06A40F20121884340F48070A0623C497F
:100DA0002068884208D13B48006800F4702008B9E8
:100DB000012002E0002000E0012078B1A06A20F4C8
:100DC0008010A0622068406800F4806000B3A06AD0
:100DD00020F4005040F48050A06219E0A06A40F472
:100DE0008010A0622B49091F2068884203D028493F
:100DF0002068884204D12748006800F4806000E041
:100E0000002028B1A06A20F4005040F48050A06275
:100E1000A06A00F4805020B1E06A20F00600E06291
:100E200001E00020E06200BF002084F8240000BF41
:100E3000C01E216808602068806800F46020B0F55A
:100E4000602F16D112492068884208D111480068E5
:100E500000F4702008B9012002E0002000E0012029
:100E600038B12068806840F4A000216888600CE0F8
:100E700006E02068806840F480102168886004E003
:100E800000BF002084F8240000BF284675E700005A
:100E9000002801400424014070B50446002594F860
:100EA0002100022803D00420A0630125C1E02068AE
:100EB000006820F00E00216808602068006820F0BB
:100EC0000100216808605C492068884252D95A496B
:100ED00078392068884201D1012047E056496439B9
:100EE0002068884201D1102040E0534950392068E1
:100EF000884201D1801539E04F493C392068884249
:100F000001D1801432E04C4928392068884202D14E
:100F10004FF480302AE0484914392068884202D1D1
:100F20004FF4801022E044492068884201D14004F7
:100F30001CE042492068884201D1012016E03F4967
:100F400014312068884201D110200FE03B4928313C
:100F50002068884201D1801508E038493C3120687A
:100F6000884201D1801401E04FF480303349091FD9
:100F7000086051E0304978392068884201D1012069
:100F800047E02D4964392068884201D1102040E0B3
:100F9000294950392068884201D1801539E0264915
:100FA0003C392068884201D1801432E02249283936
:100FB0002068884202D14FF480302AE01E4914395B
:100FC0002068884202D14FF4801022E01A4920683C
:100FD000884201D140041CE018492068884201D1B0
:100FE000012016E0154914312068884201D11020F3
:100FF0000FE0124928312068884201D1801508E0AD
:101000000E493C312068884201D1801401E04FF440
:101010008030094980394860012084F8210000BFF0
:10102000002084F8200000BF606B10B12046616B87
:101030008847284670BD0000800002400804024036
:1010400010B50446A0B202F01FFD10BD70B50446F5
:10105000202C02D0B4F5006F0FD120210A4800F0F7
:10106000C5F905464FF40061074800F0BFF9064690
:101070003146284602F0B4FD05E0B4F5806F02D198
:1010800001200249087070BD000C01407A00002068
:1010900010B5044604480068204020B102480460AE
:1010A0002046FFF7D3FF10BD140401402DE9F84797
:1010B000024600239C467BE14FF0010808FA03F446
:1010C000D1F8008008EA0400A0427DD1DFF8F4A244
:1010D000D1F80480A8EB0A09D0453AD014DCB8F165
:1010E000030F50D009DCB8F1000F31D0B8F1010F77
:1010F0001CD0B8F1020F49D120E0B8F1110F18D07F
:10110000B8F1120F42D11EE0B9F5881F25D006DCD8
:10111000B9F5803F20D0B9F5801F37D11AE0B9F575
:10112000001F18D0B9F5041F30D117E0D1F80CC05A
:101130002DE0D1F80C8008F1040C28E0D1F80C80E7
:1011400008F1080C23E0D1F80C8008F10C0C1EE02B
:1011500000BF00BF00BF00BF00BF00BFD1F80880C4
:10116000B8F1000F02D14FF0040C0BE0D1F8088069
:10117000B8F1010F03D14FF0080C146102E04FF0F9
:10118000080C546103E04FF0000C00E000BF00BF0A
:10119000FF2801D8904601E002F104084646FF28E6
:1011A00002D84FEA830803E0A3F108084FEA880851
:1011B0004746D6F800804FF00F0909FA07F928EAE8
:1011C00009080CFA07F900E07AE048EA0908C6F8CD
:1011D0000080D1F8048008F08058B8F1805F6FD1AA
:1011E00000BFDFF8E481D8F8188048F00108DFF884
:1011F000D891C9F81880C846D8F8188008F00108B6
:10120000CDF8008000BF00BF4FEAB9384FEA93091C
:1012100058F829504FEA83784FEA18794FF00F08B1
:1012200008FA09F825EA0805DFF8A081424502D14D
:101230004FF0000824E0DFF89881424502D14FF0DA
:1012400001081DE0DFF88C81424502D14FF0020811
:1012500016E0DFF88481424502D14FF003080FE029
:10126000DFF87881424502D14FF0040808E0DFF84A
:101270007081424502D14FF0050801E04FF00608A9
:101280004FEA83794FEA197908FA09F848EA05051F
:10129000DFF850814FEA930948F82950D1F80480CB
:1012A00008F48038B8F5803F0BD1DFF83C81D8F8DE
:1012B000008048EA0008DFF83091C9F800800AE0B1
:1012C00075E0DFF82481D8F8008028EA0008DFF80C
:1012D0001891C9F80080D1F8048008F40038B8F5F6
:1012E000003F0ED1DFF8008108F10408D8F8008033
:1012F00048EA0008DFF8F09009F10409C9F8008015
:101300000DE0DFF8E48008F10408D8F8008028EA4E
:101310000008DFF8D49009F10409C9F80080D1F879
:10132000048008F48018B8F5801F0ED1DFF8B8806B
:1013300008F10808D8F8008048EA0008DFF8A8900B
:1013400009F10809C9F800800DE0DFF89C8008F178
:101350000808D8F8008028EA0008DFF88C9009F126
:101360000809C9F80080D1F8048008F40018B8F51D
:10137000001F0ED1DFF8708008F10C08D8F800804B
:1013800048EA0008DFF8609009F10C09C9F800800C
:101390000DE0DFF8548008F10C08D8F8008028EA46
:1013A0000008DFF8449009F10C09C9F800805B1CC3
:1013B000D1F8008028FA03F8B8F1000F7FF47CAE72
:1013C000BDE8F8870000111000100240000801403D
:1013D000000C0140001001400014014000180140C1
:1013E000001C0140080001400004014002469368CF
:1013F0000B400BB1012000E00020704710B5C2681F
:1014000021EA020302EA010443EA0443036110BD36
:101410000AB1016101E00B040361704701480068F3
:10142000704700005C000020034800680349097809
:1014300008440149086070475C00002064000020F7
:1014400010B50848006840F0100006490860052003
:1014500000F0A2F80F2000F007F800F02BF80020B1
:1014600010BD00000020024070B504460E48007810
:101470004FF47A71B1FBF0F00C490968B1FBF0F55B
:10148000284600F03BFD08B1012070BD102C07D2AA
:1014900000222146501E00F041F80548046001E09A
:1014A0000120F2E70020F0E764000020580000204F
:1014B000600000207047000010B501460846002873
:1014C00017DB00F01F0301229A400B4B440943F83D
:1014D000242000BF00BF00BFBFF34F8F00BF00BF7D
:1014E00000BF00BF00BF00BFBFF36F8F00BF00BFD2
:1014F00000BF00BF10BD000080E100E001460846CB
:10150000002809DB00F01F0301229A4043099B00D9
:1015100003F1E023C3F8002100BF70472DE9F05F1D
:1015200080460D461646002702F004F90746394664
:101530002A46334601F00700C0F1070ABAF1040F4A
:1015400002D94FF0040A01E0C0F1070AD14600F1C8
:10155000040ABAF1070F02D24FF0000A01E0A0F12D
:10156000030AD4464FF0010A0AFA09FAAAF1010A5D
:101570000AEA020A0AFA0CFA4FF0010B0BFA0CFB0A
:10158000ABF1010B0BEA030B4AEA0B042146404680
:1015900002F0D8F8BDE8F09F00BF00F00702064B4C
:1015A00019684FF6FF031940044B0B4343EA02212D
:1015B000014B196000BF70470CED00E00000FA0518
:1015C0002DE9F04385B0064642A30FCB01AC0FC412
:1015D00044A0006800904FF0000800250027002478
:1015E000A146042E36D004DC012E3BD0022E6BD156
:1015F0005FE0082E32D0102E66D13B484468006868
:1016000000F0807000B301A8C4F38341475C04F488
:10161000803070B134484068C0F340401DF800800D
:1016200004F4803040B13148B0FBF8F000FB07F51E
:1016300002E02F4807FB00F52B48406800F48000CB
:10164000B0F5800F01D1A94603E068000321B0FB8B
:10165000F1F93AE000F0D4F9814636E000F0D0F933
:10166000814632E02048046A04F44070B0F5807F7F
:1016700005D104F0020010B14FF4004918E004F461
:101680004070B0F5007F07D11748406A00F00200B3
:1016900010B149F640490BE004F44070B0F5407FCA
:1016A00006D11148006800F4003008B1DFF844901A
:1016B0000BE000F095F90C494968C1F38131491CF0
:1016C0004900B0FBF1F900E000BF00BF484605B09B
:1016D000BDE8F08302030405060708090A0B0C0D98
:1016E0000E0F101001020000001002400024F40050
:1016F00000093D0048E80100F8B504460026002531
:10170000207800F0010000286BD000274348C06912
:1017100000F0805070B900BF4048C06940F0805070
:101720003E49C8610846C06900F08050009000BF83
:1017300000BF01273A48006800F48070B0B938480B
:10174000006840F4807036490860FFF767FE06467F
:1017500006E0FFF763FE801B642801D90320F8BD73
:101760002F48006800F480700028F2D02B48006AEF
:1017700000F440752DB3A08800F44070A84220D03A
:101780002648006A20F440750120264908600020A0
:1017900008602248056205F0010090B1FFF73EFEA7
:1017A000064608E0FFF73AFE801B41F28831884286
:1017B00001D90320D3E71948006A00F0020000288D
:1017C000F0D01648006A20F440706168084313495D
:1017D0000862012F04D10846C06920F08050C8611A
:1017E00000BF207800F00200022807D10B484068B3
:1017F00020F44040A168084308494860207800F080
:101800001000102807D10548406820F48000616965
:101810000843024948600020A1E700000010024090
:10182000007000404004424270B504460D460CB9B9
:10183000012070BD5A48006800F00700A8420ED28F
:101840005748006820F007002843554908600846BB
:10185000006800F00700A84201D00120E9E72078E5
:1018600000F0020002281DD1207800F004000428B6
:1018700005D14C48406840F4E0604A49486020780F
:1018800000F00800082805D14648406840F4605040
:10189000444948604348406820F0F000A16808438C
:1018A00040494860207800F0010078B36068012862
:1018B00006D13C48006800F4003090B90120B8E738
:1018C0006068022806D13748006800F0007040B90F
:1018D0000120AEE73348006800F0020008B901209B
:1018E000A7E73048406820F00300616808432D49AD
:1018F0004860FFF793FD064609E0FFF78FFD801B68
:1019000041F28831884202D9032092E707E0254856
:10191000406800F00C006168B0EB810FEDD1204809
:10192000006800F00700A8420ED91D48006820F0AA
:10193000070028431A4908600846006800F00700BD
:10194000A84201D0012074E7207800F004000428A8
:1019500007D11448406820F4E060E1680843114969
:101960004860207800F00800082808D10D48406839
:1019700020F46050216940EAC1000A49486000F043
:101980003FF808494968C1F30311074A515CC84050
:101990000649086006480068FFF766FD002048E732
:1019A0000020024000100240225D00085800002084
:1019B00060000020014800687047000058000020C7
:1019C00000B5FFF7F7FF04494968C1F30221034A54
:1019D000515CC84000BD000000100240325D0008AC
:1019E00000B5FFF7E7FF04494968C1F3C221034A84
:1019F000515CC84000BD000000100240325D00088C
:101A0000F0B585B00FF26C0C9CE8E01001A8A0E8DE
:101A1000E0101CA52D680095002100220023002461
:101A20000020194D696801F00C05F5B1042D02D0B4
:101A3000082D19D101E0154819E001ADC1F3834625
:101A4000AC5D01F4803555B10F4D6D68C5F340456F
:101A50001DF805200D4D6543B5FBF2F302E00C4D7A
:101A600004FB05F3184602E000BF0A4800BF00BFB0
:101A700005B0F0BD02030405060708090A0B0C0DAA
:101A80000E0F101001020000001002400024F400AC
:101A900000093D0000127A00F8B504460CB9012097
:101AA000F8BD207800F00100002878D0F8484068A0
:101AB00000F00C0004280CD0F548406800F00C0041
:101AC000082811D1F248406800F48030B0F5803F1A
:101AD0000AD1EF48006800F4003000285FD0606849
:101AE00000285CD10120DBE700BF6068B0F5803FD3
:101AF00006D1E748006840F48030E549086028E0F6
:101B0000606858B9E248006820F48030E049086015
:101B10000846006820F4802008601AE06068B0F58C
:101B2000A02F0BD1DA48006840F48020D849086023
:101B30000846006840F4803008600AE0D448006835
:101B400020F48030D24908600846006820F48020E4
:101B5000086000BF606888B1FFF760FC054606E0DA
:101B6000FFF75CFC401B642801D9032098E7C848B4
:101B7000006800F400300028F2D010E0FFF74EFCBF
:101B8000054606E0FFF74AFC401B642801D9032004
:101B900086E7BF48006800F400300028F2D12078C2
:101BA00000F00200022857D1B948406800F00C004C
:101BB00050B1B748406800F00C00082818D1B4486C
:101BC000406800F4803098B9B148006800F0020025
:101BD00020B12069012801D0012061E7AC480068EC
:101BE00020F0F800616940EAC100A949086033E0CB
:101BF0002069E8B10120A7490860FFF70FFC0546FE
:101C000006E0FFF70BFC401B022801D9032047E741
:101C10009F48006800F002000028F2D09C4800684D
:101C200020F0F800616940EAC1009949086013E0BA
:101C3000002098490860FFF7F1FB054606E0FFF732
:101C4000EDFB401B022801D9032029E790480068DA
:101C500000F002000028F2D1207800F008000828E7
:101C60002DD1A069B8B101208B490860FFF7D6FBE0
:101C7000054606E0FFF7D2FB401B022801D90320EE
:101C80000EE78348406A00F002000028F2D00120ED
:101C900001F00CFA13E000207F490860FFF7BEFB5B
:101CA000054606E0FFF7BAFB401B022801D90320D6
:101CB000F6E67748406A00F002000028F2D120786A
:101CC00000F00400042873D100277148C06900F0B7
:101CD000805070B900BF6E48C06940F080506C49B8
:101CE000C8610846C06900F08050009000BF00BF86
:101CF00001276A48006800F48070B0B9674800683E
:101D000040F4807065490860FFF788FB054606E0EF
:101D1000FFF784FB401B642801D90320C0E65F481D
:101D2000006800F480700028F2D000BFE06801284D
:101D300006D15748006A40F001005549086227E083
:101D4000E06858B95248006A20F001005049086222
:101D50000846006A20F00400086219E0E0680528DF
:101D60000BD14B48006A40F004004949086208461C
:101D7000006A40F0010008620AE04548006A20F06D
:101D80000100434908620846006A20F00400086226
:101D900000BFE068A0B1FFF741FB054609E0FFF78F
:101DA0003DFB401B41F28831884202D9032077E68F
:101DB00022E03748006A00F002000028EFD012E06D
:101DC000FFF72CFB054608E0FFF728FB401B41F21C
:101DD0008831884201D9032062E62D48006A00F06C
:101DE00002000028F0D1012F05D12948C06920F058
:101DF00080502749C86100BFE069C8B324484068E3
:101E000000F00C00082860D0E069022848D10020CA
:101E100020490866FFF702FB054606E0FFF7FEFAD9
:101E2000401B022801D903203AE61948006800F057
:101E300000700028F2D1206AB0F5803F07D1144825
:101E4000406820F40030A168084311494860D4E993
:101E5000080108430E49496821F4741108430C49EC
:101E6000486001200B490866FFF7D8FA054607E0ED
:101E70003DE0FFF7D3FA401B022801D903200FE60B
:101E80000348006800F000700028F2D02FE0000046
:101E900000100240000042428004424200700040B4
:101EA000002014490866FFF7B9FA054606E0FFF777
:101EB000B5FA401B022801D90320F1E50E4800685D
:101EC00000F000700028F2D111E0E069012800D193
:101ED000E6E50948466806F48031206A814204D16B
:101EE00006F47011606A814201D00120D8E500201B
:101EF000D6E50000000042420010024070B50446E2
:101F00002546681EB0F1807F01D301200FE0681ED6
:101F10004FF0E02148610F214FF0FF3001F012FC3B
:101F200000204FF0E021886107200861002070BD8B
:101F30007047704710B504460CB9012010BD94F8E5
:101F40003D0028B9002084F83C00204600F025F828
:101F5000022084F83D00211D206801F0C9F801200D
:101F600084F8460000BF84F83E0001213F2001555F
:101F7000402001554120015500BF00BF012084F8D9
:101F8000420043200155442001554520015500BF22
:101F9000012084F83D000020D0E77047014691F809
:101FA0003D00012801D001207047022081F83D004A
:101FB0000868C06840F001000B68D860164B0868DC
:101FC000984213D0154B086898420FD00868B0F1BA
:101FD000804F0BD0124B0868984207D0114B08680D
:101FE000984203D0104B086898420CD1086880686A
:101FF00000F00702062A0CD00868006840F00100D3
:102000000B68186005E00868006840F001000B6884
:1020100018600020C8E70000002C01400034014097
:102020000004004000080040000C0040704710B55C
:10203000044620680069C0F34000D8B12068C06839
:10204000C0F34000B0B16FF00200216808610120C8
:1020500020772068806900F0030018B12046FFF760
:10206000E5FF05E0204600F0ADF8204600F098F9C5
:102070000020207720680069C0F38000D8B1206874
:10208000C068C0F38000B0B16FF00400216808613F
:10209000022020772068806900F4407018B1204643
:1020A000FFF7C4FF05E0204600F08CF8204600F062
:1020B00077F90020207720680069C0F3C000D8B10C
:1020C0002068C068C0F3C000B0B16FF0080021689C
:1020D0000861042020772068C06900F0030018B16F
:1020E0002046FFF7A3FF05E0204600F06BF82046EE
:1020F00000F056F90020207720680069C0F3001036
:10210000D8B12068C068C0F30010B0B16FF0100003
:1021100021680861082020772068C06900F44070B9
:1021200018B12046FFF782FF05E0204600F04AF88C
:10213000204600F035F9002020772068006900F083
:10214000010058B12068C06800F0010030B16FF0A4
:10215000010021680861204600F09EF920680069AE
:10216000C0F3C01058B12068C068C0F3C01030B1CF
:102170006FF08000216808612046FFF7D9FE2068D3
:102180000069C0F3801058B12068C068C0F38010A7
:1021900030B16FF0400021680861204600F0A8F9D6
:1021A00020680069C0F3401058B12068C068C0F3CF
:1021B000401030B16FF02000216808612046FFF721
:1021C000B8FE10BD704770B504460D46164600BFF8
:1021D00094F83C00012801D1022070BD012084F850
:1021E0003C0000BF36B1042E1BD0082E31D00C2E7F
:1021F0005ED145E02946206800F0DAFF206880695A
:1022000040F00800216888612068806920F004009F
:10221000216888612068806929690843216888618C
:1022200047E02946206800F0FBFF2068806940F401
:102230000060216888612068806920F480602168DE
:10224000886120688069296940EA012021688861E5
:102250002FE02946206801F021F82068C06940F08D
:1022600008002168C8612068C06920F00400216866
:10227000C8612068C069296908432168C86118E0FD
:102280002946206801F046F82068C06940F40060E3
:102290002168C8612068C06920F480602168C86135
:1022A0002068C069296940EA01202168C86100E00E
:1022B00000BF00BF00BF002084F83C0000BF00BF8B
:1022C0008BE710B504460CB9012010BD94F83D0011
:1022D00028B9002084F83C00204600F025F80220B0
:1022E00084F83D00211D206800F002FF012084F8E1
:1022F000460000BF84F83E0001213F2001554020E8
:1023000001554120015500BF00BF012084F8420063
:1023100043200155442001554520015500BF0120AF
:1023200084F83D000020D0E710B586B00446194976
:10233000206888422BD100BF00BF1748806940F059
:102340000800154988610846806900F0080001907E
:1023500000BF00BF00BF00BF00BF0846C06940F01B
:102360000400C8610846C06900F00400019000BF85
:1023700000BF00BF40200290022003900120049083
:102380000320059002A90548FEF790FE00BF06B0A5
:1023900010BD00000008004000100240000C014089
:1023A0007047000070B504460D4615B994F83E001C
:1023B0000BE0042D02D13F20005D06E0082D02D184
:1023C0004020005D01E04120005D012801D0012096
:1023D00070BD1DB9022084F83E000EE0042D03D12B
:1023E00002213F20015508E0082D03D102214020A1
:1023F000015502E0022141200155012229462068B1
:1024000000F0C4FE1F492068884203D01E4920689E
:10241000884201D1012000E0002028B12068406CF2
:1024200040F400402168486416492068884213D06F
:102430001549206888420FD02068B0F1804F0BD03A
:1024400012492068884207D011492068884203D089
:102450001049206888420CD12068806800F0070687
:10246000062E0CD02068006840F00100216808604A
:1024700005E02068006840F0010021680860002045
:10248000A6E70000002C0140003401400004004099
:1024900000080040000C004010B5044610492068B8
:1024A00088421CD10F48007848B10F4800880028A6
:1024B00005DD0D480088401E0B4908800FE00948E3
:1024C000007860B10848008848B900BF0022402168
:1024D0000648FEF79DFF00BF00200249087010BDAE
:1024E0000008004076000020740000200008014031
:1024F000704770472DE9F04704462068056820685A
:10250000C668206847694FF00008C14605F00F080B
:10251000B8F1000F0AD105F0200038B106F0200014
:1025200020B1204600F04AFFBDE8F087B8F1000F67
:1025300071D007F0010018B906F4907000286AD035
:1025400005F0010030B106F4807018B1E06B40F086
:102550000100E06305F0040030B107F0010018B19C
:10256000E06B40F00200E06305F0020030B107F0DC
:10257000010018B1E06B40F00400E06305F00800D2
:1025800048B106F0200010B907F0010018B1E06B67
:1025900040F00800E063E06B68B305F0200028B16C
:1025A00006F0200010B1204600F008FF20684069C6
:1025B000C0F38019E06B00F0080010B9B9F1000F0A
:1025C00022D0204600F0DAFE2068406900F040008A
:1025D000B0B12068406920F0400021684861606B1C
:1025E00050B11848616B4863606BFEF755FC10B141
:1025F000606B416B88470CE02046FFF77AFF08E0EC
:102600002046FFF776FF04E02046FFF772FF002028
:10261000E06389E7FFE705F0800030B106F0800055
:1026200018B1204600F098FF7EE705F0400030B179
:1026300006F0400018B1204600F0B0FE74E700BF7D
:1026400072E700006933000810B504460CB9012098
:1026500010BDA06900B100E000BF94F8390028B9AE
:10266000002084F83800204600F028F8242084F860
:1026700039002068C06820F400502168C8602046F6
:1026800000F0ECFE2068006920F4904021680861A9
:102690002068406920F02A00216848612068C068ED
:1026A00040F400502168C8600020E063202084F8D6
:1026B000390084F83A000020CAE7000010B586B05F
:1026C00004462849206888424AD100BF00BF2648F6
:1026D000806940F00400244988610846806900F060
:1026E0000400019000BF00BF00BF00BF00BF08464C
:1026F000806940F0040088610846806900F00400A9
:10270000019000BF00BF00BF00BF00BF0846806946
:1027100040F4804088610846806900F48040019060
:1027200000BF00BF00BF48150290022003900120A7
:1027300004900320059002A90C48FEF7B7FC4FF463
:10274000806002900020039002A90848FEF7AEFCCA
:102750002520FEF7D3FE032211462520FEF7DEFEDC
:1027600006B010BD003801400010024000080140D2
:1027700010B5034693F83A0020282FD101B10AB9C9
:10278000012010BD00BF93F83800012801D10220BC
:10279000F7E7012083F8380000BF99629A85DA854F
:1027A0000020D863222083F83A0000BF002083F87D
:1027B000380000BF1868C06840F480701C68E06092
:1027C0001868406940F001001C6860611868C068C2
:1027D00040F020001C68E0600020D2E70220D0E733
:1027E0001D4A0168914236D11C49098801F4004113
:1027F00089BB1A49098801F4804171B118490978E7
:102800000A2903D00021154A118024E013490988C0
:1028100041F40041114A11801DE0114909780D2948
:1028200006D10E49098841F480410C4A118012E01A
:102830000B490978094A1288C2F30D02094B9954D1
:1028400006490988491C054A118011460988C7298B
:1028500001DD002111807047003801407000002028
:10286000720000200C010020704700004DE0274856
:102870000068274908602548001D00682549086050
:102880002248103000682449086020480C30006855
:102890002249086022A0FDF797FC1D48016828A086
:1028A000FDF792FC1B4801682AA0FDF78DFC184833
:1028B000008800F4807020B1184801682AA0FDF754
:1028C00083FC1348008800F4007020B112480168AE
:1028D0002FA0FDF779FC0E48008800F4806010B14D
:1028E00032A0FDF771FC0B48006800F0804010B189
:1028F0003EA0FDF769FC07E04FF400714A48FEF77F
:102900007DFDC820FEF79CFBF6E7B0E728ED00E070
:10291000480000204C0000205000002054000020FF
:102920000D0A2A2A2A20484152444641554C542037
:102930004445544543544544202A2A2A0D0A0000A0
:1029400043465352203D2030782530386C580D0ACC
:102950000000000048465352203D20307825303892
:102960006C580D0A00000000A1FA204D656D6F72D1
:1029700079204D616E6167656D656E742046617585
:102980006C742061742030782530386C580D0A0042
:10299000A1FA20427573204661756C742061742021
:1029A00030782530386C580D0A000000A1FA205507
:1029B00073616765204661756C742028652E672EEB
:1029C0002C20696E76616C696420696E737472750F
:1029D0006374696F6E2C20756E616C69676E6564D7
:1029E00020616363657373290D0A0000A1FA204614
:1029F0006F7263656420486172644661756C74200F
:102A00002864756520746F204D656D4D616E61673A
:102A1000652F4255532F5573616765206661756C4C
:102A200074290D0A00000000000C01402DE9F0415E
:102A300004460D4616461F462A2000F0F1FA04F11E
:102A4000280188B200F0DCFA06F1280188B200F013
:102A5000D7FA2B2000F0E4FA05F1340188B200F037
:102A6000CFFA07F1340188B200F0CAFA2C2000F046
:102A7000D7FABDE8F0812DE9FF4F85B081468A463F
:102A80000020039083460798A0EB09050898A0EB67
:102A90000A06CDF80890CDF804A0002D01DD01272D
:102AA00005E00DB9002702E04FF0FF376D42002E20
:102AB00002DD4FF0010806E016B94FF0000802E011
:102AC0004FF0FF387642B54201DD2C4600E0344637
:102AD000002004901EE0019A91B2029A90B2129ADC
:102AE00000F01FF8039828440390B3440398A042D1
:102AF00005DD0398001B0390029838440290A3451B
:102B000004DDABEB040B0198404401900498401C99
:102B100080B20490611C04988842DCDB09B0BDE8F7
:102B2000F08F70B504460D4616462B4622462946C0
:102B30002046FFF77BFF304600F062FA70BD2DE9BA
:102B4000F84305460E4617469846089C33463A46D3
:102B5000314628460094FFF78EFF43462A46314609
:102B600028460094FFF787FF43463A4641462846E9
:102B70000094FFF780FF43463A46314638460094BA
:102B8000FFF779FFBDE8F8832DE9F04706460F46C9
:102B900014461D46DDF820A0681E83B2601E82B276
:102BA00039463046FFF742FFB8460EE0B14606E030
:102BB000504600F025FA09F101001FFA80F9A145FD
:102BC000F6DB08F101001FFA80F8A845EEDBBDE84E
:102BD000F087000000B585B000BF00BF0F488069D6
:102BE00040F004000D4988610846806900F0040047
:102BF000009000BF00BF00BF3F2001900120029065
:102C00000320049001A90648FEF750FA01223F2153
:102C10000348FEF7FDFB05B000BD000000100240B8
:102C20000008014010B5FFF7D5FF002204216748D6
:102C3000FEF7EEFB642000F027FF01220421634829
:102C4000FEF7E6FB642000F01FFF002220215F4812
:102C5000FEF7DEFB642000F017FF112000F0E0F922
:102C6000782000F011FF362000F0DAF9A02000F003
:102C7000D0F93A2000F0D4F9052000F0CAF9B220CA
:102C800000F0CEF90C2000F0C4F90C2000F0C1F9DE
:102C9000002000F0BEF9332000F0BBF9332000F033
:102CA000B8F9B72000F0BCF9352000F0B2F9BB202C
:102CB00000F0B6F9192000F0ACF9C02000F0B0F92E
:102CC0002C2000F0A6F9C22000F0AAF9012000F0A3
:102CD000A0F9C32000F0A4F9122000F09AF9C42052
:102CE00000F09EF9202000F094F9C62000F098F939
:102CF0000F2000F08EF9D02000F092F9A42000F00F
:102D000088F9A12000F085F9E02000F089F9D020B1
:102D100000F07FF9042000F07CF90D2000F079F933
:102D2000112000F076F9132000F073F92B2000F049
:102D300070F93F2000F06DF9542000F06AF94C2042
:102D400000F067F9182000F064F90D2000F061F937
:102D50000B2000F05EF91F2000F05BF9232000F04B
:102D600058F9E12000F05CF9D02000F052F904207D
:102D700000F04FF90C2000F04CF9112000F049F957
:102D8000132000F046F92C2000F043F93F2000F01A
:102D900040F9442000F03DF9512000F03AF92F208D
:102DA00000F037F91F2000F034F91F2000F031F94E
:102DB000202000F02EF9232000F02BF9212000F034
:102DC0002FF9292000F02CF910BD00000008014067
:102DD0002DE9FF5F80468A4617469B460F9D0020DF
:102DE0000290CDF80080284605EBD071C1F347046E
:102DF0002046E21704EB5272D2102146E31704EB8F
:102E00005373DB10A4EBC3030BB1012300E00023D9
:102E10001A446A4392B20192A7F12000C7B20AEBAA
:102E20000500401E83B208EB0400401E82B25146EA
:102E30004046FFF7FBFD002669E00C2D07D107EBAC
:102E40004700354901EB8000805D03901BE0102DA9
:102E500005D1324800EB0710805D039013E0182D78
:102E600007D107EB47002E4901EB0010805D03906E
:102E700009E0202D05D12B4800EB8710805D0390E1
:102E800001E0BDE8FF9F4FF000093AE01098C8B993
:102E9000012000FA09F00399084018B1584600F0E3
:102EA000AFF802E00E9800F0ABF80298401CC0B2F8
:102EB0000290029890FBF4F104FB1100E8B90020A5
:102EC000029021E0012000FA09F00399084020B1A6
:102ED0005A4651464046FFF724FE08F101001FFA0A
:102EE00080F80098A8EB0000A04206D1DDF8008031
:102EF0000AF101001FFA80FA06E009F1010000F072
:102F0000FF09B9F1080FC1DB00BF701C86B2019840
:102F1000864292DB00BFB4E73A5D0008AE6100086C
:102F20009E6700086E7900082DE9FF4F85B00746BF
:102F300091461D46DDE913A600200490304606EBBD
:102F4000D071C1F3470B002434E0281B401EC1B2EE
:102F50000A2001F0D9FBB9FBF0F00A21B0FBF1F235
:102F600001FB12080498A0B9681EA04211DDB8F157
:102F7000000F0CD1002004FB0B71CDE900A60290DC
:102F800088B22022129B0699FFF722FF10E0012051
:102F90000490002008F13001CAB204FB0B71CDE9A6
:102FA00000A6029088B2129B0699FFF711FF00BF9E
:102FB000601C84B2AC42C8DB09B0BDE8F08F2DE9DB
:102FC000FE4F06460F4614469846DDE90D5ADDF8D9
:102FD000309010E0CDE9015ACDF8009022784346B8
:102FE00039463046FFF7F4FE284605EBD07106EB74
:102FF00061018EB2641C20780028EBD1BDE8FE8F01
:1030000010B50446201200F01DF8E0B200F01AF8E6
:1030100010BD10B50446204600F014F810BD0000A5
:1030200010B50446002208210548FEF7F1F92046B4
:1030300000F008F8012208210148FEF7E9F910BD67
:103040000008014070B50446002210211448FEF724
:10305000DFF900251BE0002201211148FEF7D8F915
:1030600004F0800028B1012202210D48FEF7D0F9BA
:1030700004E0002202210A48FEF7CAF901221146A3
:103080000748FEF7C5F96006040E681CC5B2082D96
:10309000E1DB012210210248FEF7BAF970BD000001
:1030A0000008014000BFFEE77047704708B50849B7
:1030B0000968C9084FF47A72B1FBF2F141430091FB
:1030C00000BF00BF00994A1E00920029F9D108BD37
:1030D00058000020704710B5FEF7A6F910BD00009B
:1030E00010B50248FEF7A3FF10BD00001402002037
:1030F00010B50268204B98420ED0204B98420BD05E
:10310000B0F1804F08D01E4B984205D01D4B98421D
:1031100002D01D4B984203D122F070024B681A4333
:10312000154B98420ED0154B98420BD0B0F1804F02
:1031300008D0134B984205D0124B984202D0124B44
:10314000984203D122F44072CB681A4322F08003E4
:103150004C6943EA040202608B68C3620B688362B5
:10316000054B984202D0054B984201D10B6903638D
:103170000123436110BD0000002C014000340140D8
:103180000004004000080040000C004030B501F091
:103190001F05012404FA05F3046A9C430462046ACF
:1031A00001F01F0502FA05F52C43046230BD000052
:1031B00030B5056A25F001050562026A4368846935
:1031C00024F0700424F003040D682C4322F0020262
:1031D0008D682A43104DA84200D103E00F4DA8424C
:1031E00006D100BF22F00802CD682A4322F0040273
:1031F000094DA84202D0094DA84207D123F480739B
:1032000023F400734D692B438D692B434360846124
:103210004D684563026230BD002C0140003401401E
:1032200030B5056A25F010050562026A43688469B5
:1032300024F4E04424F440740D6844EA052422F0A8
:1032400020028D6842EA0512124DA84200D103E027
:10325000114DA84207D100BF22F08002CD6842EA9A
:10326000051222F040020B4DA84202D00A4DA8429E
:1032700009D123F4806323F400634D6943EA850395
:103280008D6943EA8503436084614D68856302620A
:1032900030BD0000002C01400034014030B5056A0B
:1032A00025F480750562026A4368C46924F07004DD
:1032B00024F003040D682C4322F400728D6842EA66
:1032C0000522124DA84200D103E0114DA84207D1BA
:1032D00000BF22F40062CD6842EA052222F4806237
:1032E0000A4DA84202D00A4DA84209D123F48053C6
:1032F00023F400534D6943EA05138D6943EA05132E
:103300004360C4614D68C563026230BD002C01405A
:103310000034014030B5056A25F480550562036A22
:103320004468C26922F4E04222F440720D6842EA25
:10333000052223F400538D6843EA0533084DA84263
:1033400002D0084DA84204D124F480444D6944EAD7
:1033500085144460C2614D680564036230BD00009D
:10336000002C01400034014070B505466C6A002015
:10337000E085E0842046FFF7BCF870BD0168C968AD
:1033800021F490710268D1600168496921F001015E
:1033900002685161202180F83A10704710B5044648
:1033A0002068C06820F040002168C860202084F8B0
:1033B00039002046FFF758FA002010BD70B50446CA
:1033C00094F83A00222847D1A068B0F5805F0CD16C
:1033D000206950B90025A66A20684068C0F308003B
:1033E0003080A06A801CA06215E0A56A0026A06853
:1033F000B0F5805F03D0A06828B9206918B92068AB
:103400004068287004E02068406800F07F00287061
:10341000A06A401CA062E08D401E80B2E085C8B961
:103420002068C06820F020002168C8602068C0685B
:1034300020F480702168C8602068406920F0010095
:1034400021684861202084F83A002046FFF7C8F937
:10345000002070BD0020FCE70220FAE770B50446AA
:103460002168096921F44051E26811432268116121
:103470002269A1681143626941EA02052168C968AD
:1034800041F20C62914329432268D1602168496965
:1034900021F44071A2691143226851612D4A2168CB
:1034A000914202D1FEF79CFA01E0FEF789FA00EBA7
:1034B000C00101EB001162689200B1FBF2F100EB78
:1034C000C00202EB001263689B00B2FBF3F26423BC
:1034D000B2FBF3F202EBC20303EB0212A1EB820197
:1034E000322202EB01116422B1FBF2F101F0F00192
:1034F00000EBC00202EB001263689B00B2FBF3F228
:103500006423B2FBF3F201EB021200EBC00101EB0A
:10351000001163689B00B1FBF3F100EBC00303EB08
:1035200000136668B600B3FBF6F36426B3FBF6F34C
:1035300003EBC30606EB0313A1EB8301322303EB7A
:1035400001116423B1FBF3F101F00F011144226872
:10355000916070BD00380140014691F83900212882
:1035600028D18868B0F5805F0BD1086948B90A6A2C
:103570001088C0F308000B685860086A801C086255
:1035800005E00B6A581C086218780B685860C88CF4
:10359000401E80B2C88458B90868C06820F0800016
:1035A0000B68D8600868C06840F040000B68D860BD
:1035B000002070470220FCE710B50648FEF79AFF8E
:1035C00000BF012204490348FFF7D2F80028F8D1D0
:1035D00010BD0000D40100207200002000BFFEE7F3
:1035E00030B503460C461546A34203DD1846234674
:1035F000044600BF1B2B00DB30BD1B2C00DB1A2454
:1036000008E003EB4301054A88182946FDF77AF8DC
:10361000581C83B2A342F4DD00BFEDE7D4020020C2
:1036200000B585B000BF00BF1048806940F00400BD
:103630000E4988610846806900F00400009000BFD0
:1036400000BF00BF4FF400400190012002900390A2
:103650000320049001A90648FDF728FD0122D103AB
:103660000348FDF7D5FE05B000BD00000010024084
:10367000000C014010B5002407E004EB4401044AAB
:10368000881800F04BF8601CC4B21B2CF5DB10BD91
:10369000D402002000B500213BE000F08002D2B14E
:1036A0004FF400421C4B1A60FDF734F84FF400420F
:1036B000194B1B1D1A6000BF00BF00BF00BF00BF39
:1036C00000BF00BF00BF00BF00BF00BF00BF00BF02
:1036D00000BF00BF19E04FF400420F4B1A6000BF5B
:1036E00000BF00BF00BF00BF00BF00BF00BF00BFE2
:1036F00000BF00BF00BF00BF00BF00BF4FF40042CB
:10370000054B1B1D1A60FDF705F84206100E4A1CFA
:10371000D1B20829C1DB00BD100C014010B5044630
:103720002078FFF7B7FF6078FFF7B4FFA078FFF7C6
:10373000B1FF10BD02480068C0F3022070470000CE
:103740000CED00E010B5002804DB0A07130E054A53
:10375000135406E00A07140E034A00F00F031B1F60
:10376000D45410BD00E400E018ED00E02DE9F04174
:103770004F1E00EBC7010446D1E9000115461E4665
:1037800037F006020DD02A46334601F011FE7F1EA7
:1037900004EBC703D3E9002301F024FB37F0060252
:1037A000F1D1022F25D0042F13D0062F18BFBDE86A
:1037B000F0812A46334601F0FBFDD4E90A2301F0EB
:1037C00011FB2A46334601F0F3FDD4E9082301F04A
:1037D00009FB2A46334601F0EBFDD4E9062301F04C
:1037E00001FB2A46334601F0E3FDD4E9042301F04E
:1037F000F9FA2A46334601F0DBFDD4E9022301F051
:10380000F1FA2A46334601F0D3FDD4E90023BDE89E
:10381000F04101F0E7BA00000022134610460149CA
:1038200001F09CBB0000F03F012202F034BA0022FC
:1038300013461046114601F091BB30380A2801D2D8
:10384000012070470020704700BF704710B500246A
:10385000012211021048FDF7DBFD0521082000F0D0
:1038600043F80446C82C05D300200C4908720846CA
:1038700004600FE000224FF480710748FDF7C8FD97
:103880000521082000F030F80446012003490872A1
:103890000846446010BD000000080140D800002028
:1038A000FEB507460C4615461E4600940195029645
:1038B00069463846FCF7FAFFFEBD000010B5044625
:1038C0000723012221460748FFF7EAFF0548FDF7D5
:1038D0004BFA0A210348FDF78FF90248FDF796F8E5
:1038E00080B210BDA40200202DE9F04107460C462D
:1038F0000025002608E03846FFF7E0FF05440520D4
:1039000000F0C2F8701CC6B2A642F4DBB5FBF4F0BE
:10391000BDE8F08110B50B480B49086000204860F5
:1039200000210948816001730121016100210175B5
:1039300081614FF46021C161FDF76CF80248FCF72A
:1039400033FF10BD00240140A402002000B585B063
:1039500000BF2B48806940F008002949886108466B
:10396000806900F00800009000BF00BF00BF08465B
:10397000C06940F00400C8610846C06900F0040056
:10398000009000BF00BF00BF00BF0846806940F044
:10399000040088610846806900F00400009000BFC0
:1039A00000BF00BF4020019001200290039003203F
:1039B000049001A91348FDF779FB00BF00224021C4
:1039C0001048FDF725FD00BF0F481049086047204B
:1039D000486000210D48816040F2E731C16000215C
:1039E0000161FEF7A7FA0948FEF7D8FA0022032181
:1039F0001E20FDF793FD1E20FDF780FD05B000BDE4
:103A0000001002400008014000080040140200209D
:103A10007C2014494870FC200870002088708720A2
:103A200011494870CE200870FA2088709A200F49FA
:103A30004870CD20087032208870FF200C494870F3
:103A4000087000208870FF200A49487061200870C3
:103A500000208870FF200849487000200870887096
:103A600070470000280000202B0000202E000020BE
:103A70003100002034000020370000200149086098
:103A8000704700006800002010B504464FF47A71BA
:103A900004FB01F000F002F810BD000070B5034611
:103AA00000224FF0E02675690D4E366803FB06F4E0
:103AB0004FF0E026B16910E04FF0E026B06988428F
:103AC0000BD0884202D20E1A324402E02E1A0E4463
:103AD00032440146A24200D300E0EDE700BF70BDD2
:103AE000680000201CB503204FF6FF718523EE22ED
:103AF000CDE900100221084600F035F803204FF60A
:103B0000FF73EE222D210090022000F013F8032015
:103B10004FF6FF73EE225A210090022000F00AF8BF
:103B200003204FF6FF738522022100905A2000F0F7
:103B30003EF81CBD2DE9F84307460D4690461E464B
:103B4000DDF8209000240AE0281983B2281981B2F8
:103B5000424638460096FEF78EFF601CC4B24C45C4
:103B6000F2DBBDE8F8832DE9F84F05460E4617460F
:103B70009846DDE90A9A002415E0A8EB040C1FFA28
:103B80008CF3A7EB040C1FFA8CF206EB040C1FFA63
:103B90008CF105EB040C1FFA8CF0CDF80090FEF7C9
:103BA000CEFF601CC4B25445E7DBBDE8F88F2DE9B9
:103BB000F8430546884616461F46DDF82090002447
:103BC0000AE029198AB2291988B23346414600977A
:103BD000FEF751FF601CC4B24C45F2DBBDE8F88330
:103BE00030B541EA4004E2B2074C247842EA84044A
:103BF000E3B2064CE456064D2D882C4424B2044D05
:103C00002C80014C227030BD8100002056960008A7
:103C10007800002000B585B000BF2A48806940F0D8
:103C20000100284988610846806900F00100009081
:103C300000BF00BF00BF0846806940F008008861EF
:103C40000846806900F00800009000BF00BF2020F7
:103C500001901D4802900120039001A91B48FDF727
:103C600025FA4FF48060019001A91848FDF71EFA6B
:103C70004FF40060019001A91448FDF717FA1448A9
:103C8000C06840F480311248C160006940F0010111
:103C90000F480161006940F010010D4801610022E8
:103CA00002211720FDF73AFC1720FDF727FC01221F
:103CB00002212820FDF732FC2820FDF71FFC05B06B
:103CC00000BD00000010024000003110000C014057
:103CD0000000014000B585B000BF00BF10488069FA
:103CE00040F004000E4988610846806900F0040035
:103CF000009000BF00BF00BF802001900120029013
:103D000003900320049001A90648FDF7CFF900BFF6
:103D1000002280210348FDF77BFB00BF05B000BDFA
:103D2000001002400008014000BF054A126802F07E
:103D30004002002AF9D0C2B2014B1B1D1A60704725
:103D40000038014010B51B2390FBF3F403FB140370
:103D5000DAB2052809DAFF234B7000EB001303EBFE
:103D600043030B7000238B7040E0092809DA431FDE
:103D7000FF24A4EB83134B70FF230B7000238B7085
:103D800034E00E280BDA00234B70FF230B70A0F1F8
:103D9000090303EB031303EB43038B7026E01228A4
:103DA00009DA00234B70831CFF24A4EB83130B70F0
:103DB000FF238B701AE017280BDAA0F1120303EB34
:103DC000031303EB43034B7000230B70FF238B7033
:103DD0000CE0FF234B7000230B70A0F1170303EBE3
:103DE000031303EB4303C3F1FF038B7010BD00000B
:103DF0002DE9F05F04460D4600BF164A164B2046DB
:103E0000294601F0D3FB01D8124C134D134A144B31
:103E10002046294601F090FA01D8104C104D4FF081
:103E20006632104B2046294601F0F6FB8046894653
:103E300000220D4B2046294601F0BAFA824642463E
:103E40004B4601F08BF806460F4630463946BDE832
:103E5000F09F000052B81E85EB510A40FCA9F1D238
:103E60004D62503F66660A4000BDFF4030B587B0E6
:103E700004460D461C216846FCF7CAFA0E480F4955
:103E800008600846456000218160C460FEF719FAA9
:103E900060200090204604EBD0714910019102206F
:103EA0000290002269460548FEF78DF9002103487B
:103EB000FEF778FA07B030BD000800405C02002031
:103EC00000B585B000BF00BF0E48806940F0080013
:103ED0000C4988610846806900F00800009000BF26
:103EE00000BF00BF4FF4426001900020029001200B
:103EF00003900320049001A90348FDF7D7F805B00B
:103F000000BD000000100240000C014000B585B06B
:103F100000BF00BF1048806940F008000E4988616A
:103F20000846806900F00800009000BF00BF00BF95
:103F3000481501900120029003900320049001A9EC
:103F40000648FDF7B3F800BF012251020348FDF710
:103F50005FFA00BF05B000BD00100240000C014038
:103F60002DE9F04DC84A002490B0914205DA21F0C5
:103F70000043934201D805D120B110B0BDE8F04D07
:103F8000FFF752BCB1F5801F1BDA53EA000209D0DB
:103F9000002911DA0120FCF76BFA10B0BDE8F04DF2
:103FA000FFF745BC0220FCF763FAFFF735FC10B0C1
:103FB00081F00041BDE8F08D6FF03504362201F04C
:103FC0006AFE04EB2152C1F31308B049A2F2FF3399
:103FD000414401F4801282F07F6103EB225281F0B0
:103FE0004051009241EA08010022A94B01F020FB58
:103FF000044608F10200A74EC0F313000D467E44AC
:10400000032867D2D6E90023204601F0FFF81ED12D
:104010000098002802BFD6E9000110B0BDE8F08D7D
:1040200001F05FF907460C469B4A9C4B01F0C0F932
:1040300006460D469A4A9B4B3846214601F0B8F990
:1040400010B032462B46BDE8F04D00F0CBBE4FF02D
:104050005532954B2046294601F0AAF90022934B90
:1040600001F0DAFA06460F4622462B46104619465C
:1040700001F09EF932463B4601F09AF90646009857
:104080000F46F0B101F02DF980468A46824A834BF3
:1040900001F08EF932463B4601F0BEFA22462B462D
:1040A00001F0C6FA05460C467D4A7E4B4046514615
:1040B00001F07EF910B02A462346BDE8F04D01F02C
:1040C000B7BA0B4610B0324620462946BDE8F04D3F
:1040D00001F0AEBA00224FF08043204600F082FE8D
:1040E00002460B462046294600F038FF06460F469A
:1040F000009801F0F6F8CDE9040132463B4610463F
:10410000394601F055F90C9069480C9A40440190E9
:1041100009910B46104601F04BF98246024665486C
:104120008B46C8F151080B4608F5D728032178447F
:10413000FFF71CFB52465B4601F03AF90A905E48D5
:104140000D9152465B4604217844FFF70FFB099B13
:104150000C9A01F02DF9844601980D9B40EA08085D
:1041600060460A9A00F03EFE83460891B8F1000FBF
:104170004EDD4FF0FF322046294601F08CFD2246ED
:104180002B4601F015F9804600988A4660B3DDE9B8
:104190000401414A414B01F00BF9099100905A4644
:1041A00040465146089B00F01DFE32463B4601F05A
:1041B000FFF8099B009A00F015FE4246534601F0B5
:1041C0002BFA22462B4601F033FA04460D46DDE970
:1041D0000401334A334B01F0EBF810B022462B4672
:1041E000BDE8F04D01F024BA5A464046089B00F065
:1041F000F9FD32463B4601F0DBF84246534601F0FA
:104200000BFA10B022462B46BDE8F04D01F004BA7F
:10421000009840B3DDE904011F4A204B01F0C8F8C3
:1042200080468A465A4620462946089B01F000FAF5
:1042300032463B4601F0BCF84246534601F0F8F9DD
:1042400022462B4601F0F4F904460D46DDE904014F
:10425000134A144B01F0ACF810B022462B46BDE8CF
:10426000F04D01F0E5B90B465A462046294601F0CB
:10427000DFF932463B4601F09BF810B022462B4650
:10428000BDE8F04D01F0C8B90000F07F645F09009F
:104290000000F03FD6560000763C7935EF39EA3D14
:1042A0000000E0FE422EE63F5555D53F0000E03FBE
:1042B00086EBF9FF6E5500006C5500001FB500BF7E
:1042C00000BFFDF7BDF84FF4002000F095FCFFF7AC
:1042D0003DFB4820FFF7D2FB4FF4E13000F034FD06
:1042E000FFF714FE472140F2F310FFF7BFFD4FF434
:1042F000FA70CD4909684863FFF7ECFCFFF7E0FD71
:1043000000F0FAFBFFF786FCFFF704FBFEF78AFCE0
:1043100000208723F02201460090FEF735FCFFF7CE
:10432000E1FB00202021CDE9000147F6FF73BFA289
:104330000A2102900846FEF742FE00202021CDE926
:10434000000147F67C53BBA2352102900A20FEF7FC
:1043500036FE00202021CDE900014FF4FC63B7A216
:10436000602102900A20FEF72AFEFFF759F9FFF7B5
:104370004FFB00F09DF900BF00228021B148FDF7FE
:1043800047F800BFB04A1B210020FFF729F9FFF7CB
:1043900071F94FF0000A00BF44E1AC480088B0B3A7
:1043A0004FF000081720FDF787F82820FDF784F864
:1043B000A648B0F900800020A44908801720FDF726
:1043C0009DF82820FDF79AF8B8F1000F0BDDA04802
:1043D000B0F90000B0F5967F05DA9D480088401CD2
:1043E00000B29B490880B8F1000F0ADA9848B0F98A
:1043F0000000002805DD96480088401E00B2944960
:1044000008800120934908709349087000BF9348C1
:104410000078F8B1FDF702F8A0EB0A0014281CD9C7
:104420004FF480618E48FCF7E1FF78B98D48007841
:10443000012803D102208B49087002E0012089493C
:10444000087001208349087083490870002083495F
:10445000087002E0FCF7E2FF82467E48007828B14F
:104460000A20FCF737F900207A490870FFF7EEF9C7
:104470007D48007AA8B97C4800881FFA80FB58461E
:1044800000F046FF4FF06632784BCDE9020100F0B4
:104490008FFF80460022764B00F060FD06460F46F7
:1044A0001AE0714880881FFA80FB584600F030FF00
:1044B00080464FF066326D4B00F07AFF00226C4B65
:1044C000CDE9000100F04AFD00226A4BCDE902016E
:1044D00000F044FD06460F4630463946FFF788FC9B
:1044E00004460D460022644B2046294600F024FF76
:1044F00006D30022614B2046294601F057F80FD21F
:1045000000225F4B2046294600F016FF06D300220A
:104510005C4B2046294601F049F801D200245A4D4F
:104520002046294600F066F9584A03C20022584B3B
:10453000564903C900F000FF06D30022554B5349EA
:1045400003C901F033F804D2002153484F4AC2E9AD
:1045500000104E4903C900F0F3FA4C4A03C200228E
:104560004E4B4A4903C900F0E7FE0FD8FCF756FF4F
:104570004B490968401A142808D9FCF74FFF4849ED
:10458000086048480068401C4649086000F068FB25
:10459000FCF744FF44490968401AC8280AD9FCF7C7
:1045A0003DFF4149086000BF4FF400712C48FCF703
:1045B00025FF00BF2B480078012819D14FF4FA706D
:1045C0001949096848630022344B304903C900F097
:1045D000EDFF06D200BF012280211A48FCF718FF28
:1045E0001DE000BF002280211648FCF711FF16E0F5
:1045F0001C480078022812D100BF002280211148F7
:10460000FCF706FF00BF00F08BF828480068006A3E
:1046100000EB8000C0F5FA70034909684863012087
:10462000FFF732FAB9E600005C020020535441540F
:104630003A0000005345543A0000000054454D50E4
:104640003A00000000080140280000207800002007
:104650007E0000207B0000207C0000207A000020EB
:10466000000C014080000020D800002066660A404F
:104670000000B0400000354000005940D0125341C6
:1046800000002440D01263414081F6401000002019
:10469000000059C000C08240000039400000444082
:1046A000200000201C000020240000200400002026
:1046B000002011490968C8600F49096808610E495E
:1046C000096848610C49096888610B490968C86133
:1046D000094909680862642007490968486207486F
:1046E00005490968086006480349096848600548A3
:1046F0000149096888607047040000209A99993E32
:104700000AD7233CCDCC4C3D10B50246012000E039
:1047100050430B1EA1F10104E1B2F9D110BD00001C
:104720002DE9F04130480068C0682F4909680861E8
:104730002E48B0F9000000F0D4FD06462C480CC805
:10474000304600F075FF044600F01AFB2649096860
:10475000C860254A12681168234A1268D06801F0BF
:1047600027F92149096848611F4A126811691E4AE0
:104770001268D06801F0E8F904461B4800688168B7
:10478000204601F015F918490968C861164A1268EF
:10479000D169154A1268506901F034F8044601F0F5
:1047A0009FF81149096808620F490968486A01F0D1
:1047B000B3F804460C480068C169204601F0C4F80B
:1047C00006D209480068406A07490968086208E09B
:1047D00005480068006A002803DA002002490968D9
:1047E0000862BDE8F0810000040000207E00002087
:1047F000100000202DE9FF5F06460F4600BF002293
:1048000013463046394600F097FD01D80026274F61
:104810000022274B3046394600F0C8FE01D2002660
:10482000234F00BF00BF00BF0022224B3046394655
:1048300000F094FBCDE90201FFF792FB8046894628
:1048400000221D4B4046494600F088FB1B4A1C4B8A
:10485000CDE9000100F0C6FA02460B46CDE902019F
:104860000020124900F07AFB82468B464FF06632F8
:10487000144B5046594600F0DBFE04460D4600221C
:10488000114B2046294600F057FD01D200240E4D61
:1048900000220E4B2046294600F088FE01D200245B
:1048A0000A4D2046294604B0BDE8F09F0000F03FC5
:1048B000D01263414081F64000DCAE4083DBB5DCC2
:1048C000E1796B3F66127140000049C000407F40B3
:1048D000F8B579480078012808D10022774B78494B
:1048E00003C900F029FD01D800244DE0724800788A
:1048F000022808D10022714B714903C900F01CFD48
:1049000001D2012440E000226C4B6D4903C900F044
:104910004DFE08D800226B4B694903C900F00CFD1D
:1049200001D8022430E00022664B654903C900F03B
:104930003DFE08D20022644B614903C900F0FCFC33
:1049400001D8032420E000225F4B5D4903C900F039
:104950002DFE08D200225D4B594903C900F0ECFC42
:1049600001D8042410E00022584B554903C900F037
:104970001DFE08D20022564B514903C900F0DCFC51
:1049800001D8052400E0062452480078844204D06F
:10499000504804700120504908704E48007807289C
:1049A0007DD2DFE800F004263442505E6C004A48B5
:1049B000007800B900BF002513E04848006828448B
:1049C0001B21B0FBF1F201FB120669463046FFF7EE
:1049D000B9F905EB4501424A88186946FBF792FE92
:1049E0006D1C1B2DE9DBFEF745FE00203A490870DF
:1049F00060E03948007848B13A4A1B210020FEF7B0
:104A0000EFFDFEF737FE00203349087052E03248D0
:104A1000007848B1344A1B210020FEF7E1FDFEF783
:104A200029FE00202C49087044E02B48007848B14A
:104A30002E4A1B210020FEF7D3FDFEF71BFE0020AF
:104A40002549087036E02448007848B1284A1B21DF
:104A50000020FEF7C5FDFEF70DFE00201E49087080
:104A600028E01D48007848B1224A1B210020FEF7AB
:104A7000B7FDFEF7FFFD0020174908701AE0164841
:104A80000078A8B180208DF8010000208DF800008A
:104A900080208DF802006A461B21002000E008E01B
:104AA000FEF79EFDFEF7E6FD00200B49087000BFF3
:104AB00000E000BF00BFF8BD8000002000004440BF
:104AC00010000020008051400000594000C06240AA
:104AD0000000694002000020030000201C000020AC
:104AE000D40200202B0000202E00002031000020E6
:104AF000340000203700002000B585B000BF00BFA3
:104B00000D48806940F004000B49886108468069BF
:104B100000F00400009000BF00BF00BF88150190A6
:104B20000120029003900320049001A90348FCF7A0
:104B3000BDFA05B000BD00000010024000080140B1
:104B40002DE9F04704460D4626482749097800EB31
:104B5000C100D0E900834246244903C900F068FD42
:104B6000224A03C21F482049097800EBC10030C027
:104B70001E480CC82046294600F034F91B4A03C2DF
:104B800019480078401C18490870084600780A281F
:104B900004DB0020087001201549087014480078D3
:104BA00040B10022134B114903C900F0D7F9064662
:104BB0000F4612E00C49097809B90A2101E00A49B7
:104BC0000978084600F08DFB804642460B460749AF
:104BD00003C900F0C3F906460F4630463946BDE822
:104BE000F087000088000020000000204000002026
:104BF000010000200000244030B58FB0054601249C
:104C0000282105A8FBF704FC14216846FBF700FCEB
:104C100001200590000406900020079002200C90CF
:104C2000C1030D910E9505A8FCF736FF04460CB1A3
:104C300000BFFEE70F2000900220019000200290AC
:104C40004FF4806003900020049002216846FCF736
:104C5000EBFD04460CB100BFFEE70FB030BD000015
:104C60003EB53248007801283ED100202F49087017
:104C70002F48007801280CD100202021CDE9000127
:104C800047F6FF732BA20A2102906420FEF797F9E2
:104C90000FE02748007802280BD100202021CDE921
:104CA000000147F6FF7324A20A2102906420FEF758
:104CB00086F92020002147F67C52CDE900210290A0
:104CC0001E48008882B2032335216420FEF72CF9A8
:104CD00000202021CDE9000147F67C5318A23521A0
:104CE00002909420FEF76BF9164903C900F0CAFA46
:104CF00084B2202000214FF4FC620323CDE900217F
:104D00000290224660216420FEF70EF90020202147
:104D1000CDE900014FF4FC6309A2602102909420C8
:104D2000FEF74DF9FFF7D4FD3EBD00007C000020EA
:104D3000800000204F4646004F4E20007E0000209D
:104D4000204300001000002010B5044609480A491D
:104D500008600846446000218160C1600161816192
:104D60000C214161FDF770FC012204490248FDF766
:104D7000FFFC10BD00380140D4010020720000206B
:104D800021F00042A2F16052B2F5801F01F0004311
:104D900028BFD2F17F6C0BD95FEA001C43EAC20244
:104DA00042EB507018BF704728BF20F001007047D9
:104DB000B2F5801FBCBF184670474FEA410C1CF586
:104DC000001F02D2084600F0BABE70B500F09AFB90
:104DD00000000089FFF7F6BF4FF00040A0F580000B
:104DE0007047000010B591EA030F48BF83F00043FD
:104DF00000F12684841A71EB030C05D2121943EBDF
:104E00000C03001B61EB0C01DFF824E14FEA1154A5
:104E1000A4EB135C1EEA430F18BF9EEA445F73D0F5
:104E200023EA0E03DCF1200E21EA045143F480133F
:104E300032D322FA0CFE10EB0E0023FA0CFE41EBEB
:104E40000E01CCF1200E03FA0EFE10EB0E0051F114
:104E50000001B1F5801FCCF1200E32D201EB0451DC
:104E600012FA0EF2BDE8104058BF7047401C38BF20
:104E70005FEA420218BF7047002814BF20F001000B
:104E800041F100014FEA410313F5001F38BF70479D
:104E9000A1F1C04100F084BB012A43EB0302ACF155
:104EA000200CDCF11F0E32BF4FF0000E23FA0CF382
:104EB00010EB030041EB0451B4EB115FD0D0A1EB38
:104EC000045101F5801149085FEA300001EB0451FB
:104ED0000ED350F1000038BF12FA0EFE08D1BDE823
:104EE0001040C9E7401C38BF5FEA4202CAD1C3E79D
:104EF000BDE810404FEA410313F5001F38BF70476B
:104F0000A1F1C04100F04CBB9EEA445F08D011EA19
:104F10005E0FBDE8104004BF01F000410020704763
:104F2000BDE8104070B500F0EDFA00BF64FBBE3E76
:104F30000000E0FF02494FF0000000F07ABE00BF21
:104F40000000F87F491058BFC1F140415B1058BFC5
:104F5000C3F140438B42EFF3008070472DE9C0411D
:104F600030B4DFF8A0C23CEA111418BF3CEA1314B5
:104F700000F0EC8081EA03051CEA111444EAD574C0
:104F800018BF1CEA131500F0C780A4EB05044FF00E
:104F9000004545EAC12145EAC32341EA505143EAAD
:104FA000525304F17F74994204F500344FEAC02053
:104FB0004FEAC22208BF904200F09C804FEA13657E
:104FC0000FF24016765D4FEA134506FB05F7C7F171
:104FD000807706FB07F74FEAD737A7FB03687642CF
:104FE000C8F58038A7FB06CE38BFA8F1010807FB3B
:104FF00008E64FF0000EA6FB028CE6FB03CEDCF1C8
:10500000000CCEF1004E38BFAEF1010EA6FB0C58DD
:105010004FF000074FF00005E6FB0E87A1FB08C626
:10502000A0FB07CE16EB0E0645F10005E1FB076578
:1050300015F1E04E7EBFA4F580345FEA46066D416F
:1050400016F1800745F100054FEA17274FEA06667B
:1050500047EA0567A6F1DE46B6F1805F4FEA1525FF
:105060001FD9384624F0010C05EBC471BCF1FE6F6A
:1050700001EB0C1102D8F0BCBDE8008124425CBFFA
:1050800001F5801E9EEAC47F02D4F0BCBDE8008119
:10509000244238D4F0BCA1F1C041BDE8004100F089
:1050A0007FBA4FEAD22242EA43524FEAD323A7FB08
:1050B00002864FEAD02040EA415007FB03661EEA11
:1050C0000E0F4FEAD12105FB026658BFA6EB005632
:1050D000B6EB00564FEA520E4EEAC37E18EB0E0EA8
:1050E00056EB530EBDD518EB02085E417F1C55F1FF
:1050F0000005B6E74FF480154FF000074FF00006AB
:105100004FF00008ADE7F0BC4FF0000001F1C041E6
:1051100001F00041BDE8008111EA0C1F0CEA1315F3
:1051200000D00CE013EA0C1F00F025804FF00000C7
:10513000F0BC81EA030101F00041BDE80081F0BC50
:10514000BDE8004181EA030100F02ABAF0BCBDE8E5
:10515000004170B500F0D6F9097EFC3E00F007B8BA
:1051600081EA03014FF0000001F00041704781EA3D
:10517000030100F015BAF0BCBDE800414FF000009B
:1051800021497047FFFDFBF9F7F5F4F2F0EEEDEB86
:10519000E9E8E6E4E3E1E0DEDDDBDAD8D7D5D4D335
:1051A000D1D0CFCDCCCBCAC8C7C6C5C4C2C1C0BF81
:1051B000BEBDBCBBBAB9B8B7B6B5B4B3B2B1B0AF87
:1051C000AEADACABAAA9A8A8A7A6A5A4A3A3A2A16B
:1051D000A09F9F9E9D9C9C9B9A9999989797969526
:1051E00095949393929191908F8F8E8E8D8C8C8BC2
:1051F0008B8A89898888878786858584848383824A
:10520000828181800000FF070000F87F51EA030CD3
:1052100017D41CF5801F58BFBCF5801F00F1068015
:10522000994218BF704708BF9042704707D711F5E1
:10523000801F58BF13F5801F19D4994270478942C7
:1052400070471CF5801F08D5BCF5801FF7D58B4231
:1052500018BF704708BF824270474FF4001C1CEB18
:10526000410F38BF1CEB430F01D28B42704770B522
:1052700000F048F9922449004FF000514FF080535C
:10528000FFF760BE4FEA41034FEA5353A3F5806333
:10529000D3F11E03C8BFD3F1210C0CDD4FF0004247
:1052A00042EAC12242EA505232FA03FC8CEAE17C23
:1052B000ACEBE1707047102BC4BF0020704703F5C2
:1052C000787CBCF1FF3F04D06FF0004282EA2100FD
:1052D000704770B500F016F949922480002070479D
:1052E000F2E710F0004248BF4042B0FA80F310FAF3
:1052F00003F10AD0C3F11D0303F580634FEA415067
:1053000002EB035202EBD12170474FF000007047CF
:10531000B0FA80F310FA03F10AD0C3F11D0303F5CC
:1053200080634FEA41504FEA035202EBD1217047AC
:105330004FF000007047000051EA030C17D41CF531
:10534000801F58BFBCF5801F00F10680994218BF2E
:10535000704708BF9042704707D711F5801F58BFAC
:1053600013F5801F19D499427047894270471CF584
:10537000801F08D5BCF5801FF7D58B4218BF70473A
:1053800008BF824270474FF4001C1CEB410F38BF2E
:105390001CEB430F01D28B42704770B500F0B2F89E
:1053A000922449004FF000514FF08053FFF7CABDDF
:1053B000DFF848C170B51CEA111E1EBF1CEA1315A8
:1053C0009EEA0C0F95EA0C0F00F06F8081EA03044F
:1053D00023EA4C134EEAD47E21EA4C1141F48011A9
:1053E00043F48013AE44A1FB024CA0FB0365AEF175
:1053F0007F7E361955EB0C05A1FB034C4CF10003E5
:10540000A0FB021C16EB0C06654153F10003094298
:1054100018BF46F0010613F4007F0BD14FEA0331A9
:105420004FEA0530340341EA155140EA16506FF057
:1054300003020AE04FEAC3214FEAC520F40241EA21
:10544000555140EA56506FF0020202EB2E4201EB3A
:10545000025585EACE710AD05FEA440C18BF24F0E9
:10546000004450F1000041F1000120EAD47040F204
:10547000FE7C624500D270BDA84214BF4FF080444C
:105480004FF04044002E08BF0024BEF1806FA8BF3B
:10549000A1F1C041BDE8704080F282804FF0000071
:1054A00001F1C04101F0004170479EEA0C0F0CEA87
:1054B000131518BF95EA0C0F06D04FF0000081EAD3
:1054C000030E0EF0004170BD00F01CF88900013E93
:1054D00000F007B800F009B84FEA430C5FEA5C5CE3
:1054E00008D081EA030100F05BB84FEA410C5FEAA3
:1054F0005C5CF6D14FF00000014970470000FF07E7
:105500000000F87F0EF1020E2EF0030E5EF8046B21
:10551000364205D4012A43EB030515F5001F12D8C6
:10552000012841EB010C1CF5001F0CD80ED14FEAED
:10553000D17C15F5001F0CEB4C0C0CF1020C08BFD4
:105540004CEBD37C04E04FF0080C01E04FEAD37C35
:105550000CEB4C0526FA05F606F00706B6F1040C2E
:1055600006D20EEB860CBDE870404CF0010C604793
:10557000DFE80CF0090B02024FF000414FF0000091
:10558000A1F5002170BD19461046012851EB010418
:1055900018BFD4F5001484BF002001F0004170BD95
:1055A0000808A0F500114FEA3101704753EA010CD9
:1055B00017D41CF5801F58BFBCF5801F00F1068072
:1055C0008B4218BF704708BF8242704707D713F558
:1055D000801F58BF11F5801F19D48B4270479B4222
:1055E00070471CF5801F08D5BCF5801FF7D5994280
:1055F00018BF704708BF904270474FF4001C1CEB67
:10560000430F38BF1CEB410F01D2994270470FB4D2
:105610000CBC03BCFFF7C1BE91EA030F10B581F0CB
:1056200000413FF5E7AB83F0004300F009B800000C
:1056300010B591EA030F48BF83F000433FF5DAABA2
:10564000841A71EB030C07D212198CF0004C43EB57
:105650000C03001B61EB0C01DFF8A4E14FEA1154CD
:10566000A4EB135C1EEA430F18BF9EEA445F00F0F0
:10567000B08023EA6E03524221EA0451C3EB6E0369
:1056800038BF5B1EDCF1200E25D322FA0CFE10EB96
:105690000E0043FA0CFE41EB0E01CCF1200E03FA92
:1056A0000EFE10EB0E0051F10001CCF1200E29D4BA
:1056B00012FA0EF201EB0451BDE8104058BF7047DA
:1056C000401C1CBFB2F1004F704700280CBF491CA2
:1056D00020F00100704712EB020E43EB030218BFEB
:1056E0004FF0010E4EEA4202ACF1200CDCF11E0E2E
:1056F00054D943FA0CFE10EB0E0051F1FF31CCF1FE
:105700001E0ED5D50EF1010E12FA0EFE404141EBF0
:10571000010101EB445C5FEA5C5C10D910EBDE70C8
:1057200001EB045138BFBEF1004FBDE8104018BF77
:10573000704700280CBF491C20F00100704730D290
:105740004FEAD42C11F5001124F400641BD0B1FAF7
:1057500081F20B3AA41AA41ED2F12003914030FA30
:1057600003F31943904001EBCC71002C01EB045181
:10577000BDE81040A8BF704701F1C0414FF00000E4
:1057800001F000417047B0FA80F310FA03F100D144
:1057900010BDE41A173C4805C90AE4E701EB0451BF
:1057A00010BD491001EB0451BDE810404FEA300034
:1057B00002E04FF0000170474A0008BF0042F8D0F5
:1057C000B2F5001F28BF704701F000414FF0000004
:1057D00070479EEA445F07D011EA5E0FBDE81040B3
:1057E00004BF002100207047BDE8104070B5FFF7EE
:1057F00089FE00BF40DFF63E83F00041104670474F
:105800000000E0FF90EA010F48BF81F0004100F185
:10581000A281421A3CBF801A89184FEAD0524FF039
:105820007F4C1CEA410FA2EBD15318BF9CEA026FD8
:1058300000F03B804FF0004C4CEA00204CEA012184
:1058400021FA03FC10EB0C0C1ED202F1FF325FEACE
:105850001C2040EBC25038BF70471CF07F0F4FEA4E
:10586000400C18BFBCF17F4F38BF7047C3F1200315
:10587000994008BF20F00100BCF17F4F38BF70474E
:10588000A0F1C04000F05BB94FEA3C00000A40EBD9
:10589000C25028BF1CF0FF0F4FEA400CE6D018BFE3
:1058A000BCF17F4F38BF7047EAE79CEA026F05D032
:1058B00010EA5C0F08BF00F00040704710B500F020
:1058C000F8F800BF64FBBE3E401058BFC0F1404036
:1058D000491058BFC1F140418142EFF30080704749
:1058E00041000B0ED3F19E0208D950F400034FEA99
:1058F000032323FA02F048BF4042704710B500F07E
:10590000D8F800BF49922480002070476FF0004211
:1059100082EA20007047000010F0004148BF40427A
:10592000B0FA80F310FA03F2C3F19D030BD051EAF1
:10593000C35101EB1220530638BF704700F101003C
:1059400008BF20F00100704750EA010C00F11380FD
:105950001CF5000F58BFBCF5000F01D488427047FA
:1059600007D710F5000F58BF11F5000F15D4884266
:105970007047894270471CF5000F04D5BCF5000F35
:10598000F7D5814270474FF0807C1CEB400F38BF49
:105990001CEB410F01D28142704710B500F089F82D
:1059A000922449004FF000504FF08051FFF78CBF18
:1059B0004FF47F0C1CEAD0121EBF1CEAD11392EAEE
:1059C0000C0F93EA0C0F00F0478090EA010F48BFDC
:1059D00042F480724FF0004C4CEA00204CEA012166
:1059E00002EB0302A0FB0113A2F50002002918BF7D
:1059F00043F001035B0028BF4FEA330342EB22422E
:105A00005FEA132C4CEBC2502EBFBCEB436FB2F5D8
:105A10007C0F70474FEA036CBCF1004F08BF20F0C9
:105A20000100B2F57C0F38BF70470BD582F0FF0242
:105A300012F5803FC8BF704700F1C040D8BF00F0EA
:105A40000040704700F5000C5FEA4C0C48BF7047FF
:105A5000B0F1C04000F073B890EA010F0CEAD11326
:105A600048BF42F48072624538BF634504D280EA81
:105A7000010000F00040704710B500F01AF800BFB8
:105A80008900013E00F007B800F009B85FEA410C58
:105A90005FEA1C6C08D080EA010000F050B85FEAB1
:105AA000400C5FEA1C6CF6D14FF00040A0F580007E
:105AB00070470EF1020E2EF0030E5EF8044B2442E6
:105AC00004D44FEA4102B2F17F4F11D84FEA4003AC
:105AD000B3F17F4F0CD80ED14FEAD07CB2F17F4F9B
:105AE0000CEB4C0C0CF1020C08BF4CEBD17C04E02D
:105AF0004FF0080C01E04FEAD17C0CEB4C0324FA88
:105B000003F404F00704B4F1040C06D20EEB840C89
:105B1000BDE810404CF0010C6047DFE80CF00708CE
:105B200002024FF00040A0F5800010BD0846420080
:105B300018BFD2F1807288BF00F0004010BDFF2175
:105B400041EAD050C005704790EA010F48BF81F08C
:105B500000413FF55EAE421A04D882F00042A0EB4D
:105B6000020011444FEAD0524FF07F4C1CEA410F23
:105B7000A2EBD15318BF9CEA026F4AD04FF0004C01
:105B80004CEA00204CEA012121FA03FCB0EB0C0C9A
:105B90000FD412F0FE0F36D05FEA4C001DD5001274
:105BA00040EBC25038BF70471CF03F0F18BF704722
:105BB0000BE0A2F101025FEA1C2040EBC25038BFAB
:105BC00070471CF07F0F18BF7047C3F12003994046
:105BD00014BF401E20F00100704780084FEA1223D6
:105BE00008BF7047B0FA80FCA2EB0C02CCF1280C85
:105BF00060FA0CF093EA122F04BF00EBC25070471A
:105C00004FEAC3707047130A5FEADC1008BF7047A1
:105C1000F6E79CEA026F04D010EA5C0F08BF002090
:105C2000704710B5FFF745FF40DFF63E81F00040BA
:105C300070470CF00F03092B08BF082000F05980B3
:105C40000A2B0BD0082B18BF704708BF1CF0400F61
:105C50000AD04FF000004FF0000170471CF0400FD9
:105C600018BF4FF0004070471CF0100F08D020F014
:105C7000704300F07F4242EAD3014FEA437070471D
:105C800000F0604021F07F4242EA000201F07F40D4
:105C900040EA727070474FF0FF0C4CF4E06C1CEA65
:105CA00011531CBF9CEA030C9445C2BFDA4201EBBE
:105CB00002517047002B0DD0BCF1000F0FD0002A0D
:105CC00001F00041A4BF41F0E04141F07F614FF09D
:105CD0000000704701F000414FF00000704750EAAB
:105CE00001334FF09B0C18BF4CF0806C7FF422A95D
:105CF00070471CF4801F11D01CF4E02F03D06FEA12
:105D0000CC31490070474FF04050EFF3008222F051
:105D1000704242EA000282F3008870474FF00000B0
:105D200070470000000000000000010203040607A5
:105D30000809000000000102030400000000000048
:105D4000000000000000000004040404040000043B
:105D5000000014140A000000000000000000000011
:105D60000A0A1F0A0A1F0A0A000000040E15050687
:105D70000C14150E0400000012150D152E2C2A12FD
:105D800000000000040A0A36151529160000020258
:105D900001000000000000000000100808040404D6
:105DA0000404080810000204040808080808040491
:105DB000020000000004150E0E1504000000000093
:105DC0000008083E08080000000000000000000075
:105DD00000000202010000000000003F000000007F
:105DE0000000000000000000000000020000002091
:105DF0001010080804040202010000000E11111125
:105E00001111110E00000000040604040404040E25
:105E1000000000000E1111080402011F0000000024
:105E20000E11100C1010110E00000000080C0C0ACE
:105E3000091F081C000000001F01010F1110110EA6
:105E4000000000000C12010D1311110E00000000E3
:105E50001E10080804040404000000000E11110EB6
:105E60001111110E000000000E1111191610090673
:105E7000000000000000040000000004000000001A
:105E800000000004000000040400000010080402E8
:105E9000020408100000000000003F003F00000066
:105EA00000000000020408101008040200000000B6
:105EB0000E11110804040004000000001C22292D0A
:105EC0002D1D221C0000000004040C0A0A1E1233BF
:105ED000000000000F12120E1212120F000000003C
:105EE0001E1101010101110E000000000F1212121B
:105EF0001212120F000000001F120A0E0A02121FD7
:105F0000000000001F120A0E0A0202070000000033
:105F10001C1201013911120C000000003312121E74
:105F200012121233000000001F0404040404041FB2
:105F3000000000003E0808080808080809070000DB
:105F400037120A060A121237000000000702020286
:105F50000202223F000000003B1B1B1B15151535DC
:105F6000000000003B1216161A1A1217000000005B
:105F70000E1111111111110E000000000F12120E5E
:105F800002020207000000000E1111111117190E74
:105F9000180000000F12120E0A1212370000000043
:105FA0001E1101060810110F000000001F15040447
:105FB0000404040E00000000331212121212120C1C
:105FC000000000003312120A0A0C04040000000052
:105FD000151515150E0A0A0A000000001B0A0A040E
:105FE000040A0A1B000000001B0A0A0A0404040E2B
:105FF000000000001F0908040402121F00001C0416
:1060000004040404040404041C0000020204040444
:106010000808081010000E080808080808080808F2
:106020000E00040A00000000000000000000000054
:106030000000000000000000003F0204000000001B
:1060400000000000000000000000000C121C123CC8
:10605000000000030202020E1212120E00000000E5
:106060000000001C1202120C000000181010101C7E
:106070001212123C000000000000000C121E021C54
:10608000000000182404041E0404041E0000000084
:106090000000003C120C021C221C00030202020E33
:1060A0001212123700000004040000060404040E5B
:1060B000000000080800000C080808080807000392
:1060C0000202021A0A060A1300000007040404046C
:1060D0000404041F000000000000000F1515151532
:1060E000000000000000000F121212370000000034
:1060F0000000000C1212120C000000000000000F43
:106100001212120E020700000000001C1212121CD4
:10611000103800000000001B06020207000000000B
:106120000000001E020C101E000000000004041EEF
:106130000404041C000000000000001B1212123CAA
:10614000000000000000001B0A0A04040000000018
:1061500000000015150E0A0A000000000000001BD8
:106160000A040A1B000000000000003312120C0891
:10617000040300000000001E0804041E00001808AC
:106180000808080C08080808180008080808080883
:1061900008080808080806040404040804040404A1
:1061A00006001609000000000000000000000000CA
:1061B00000000000000000000000000000000000DF
:1061C000000808080808080800001818000000481F
:1061D0006C2412000000000000000000000000001D
:1061E000002424247F1212127F12121200000000D9
:1061F000081C2A2A0A0C1828282A2A1C0808000029
:106200000022251515152A58545454220000000068
:10621000000C1212120A76252911916E0000000658
:106220000604030000000000000000000000004021
:10623000201010080808080808101020400000026C
:1062400004080810101010101008080402000000C4
:10625000000008086B1C1C6B080800000000000010
:106260000000080808087F0808080800000000006F
:10627000000000000000000000000606040300000B
:10628000000000000000FE00000000000000000010
:1062900000000000000000000000060600000000F2
:1062A0008040402020101008080404020200000072
:1062B0000018244242424242424224180000000098
:1062C00000080E08080808080808083E000000003A
:1062D000003C4242422020100804427E00000000A0
:1062E000003C4242201820404042221C0000000096
:1062F00000203028242422227E2020780000000064
:10630000007E0202021A26404042221C00000000C9
:1063100000382402021A26424242241800000000DB
:10632000007E22221010080808080808000000005B
:10633000003C4242422418244242423C00000000F9
:1063400000182442424264584040241C00000000CF
:1063500000000000181800000000181800000000DD
:106360000000000000080000000000080804000011
:106370000040201008040204081020400000000023
:10638000000000007F0000007F000000000000000F
:106390000002040810204020100804020000000041
:1063A000003C424246402010100018180000000037
:1063B000001C225A555555552D42221C0000000044
:1063C000000808181414243C224242E70000000090
:1063D000001F2222221E22424242221F00000000F1
:1063E000007C4242010101010142221C0000000028
:1063F000001F2242424242424242221F000000004D
:10640000003F4212121E12120242423F00000000E0
:10641000003F4212121E1212020202070000000088
:10642000003C2222010101712122221C00000000F7
:1064300000E7424242427E42424242E70000000000
:10644000003E0808080808080808083E0000000088
:10645000007C10101010101010101010110F000000
:10646000007722120A0E0A12122222770000000080
:1064700000070202020202020202427F0000000044
:106480000077363636362A2A2A2A2A6B0000000080
:1064900000E346464A4A52525262624700000000F8
:1064A000001C2241414141414141221C00000000A9
:1064B000003F424242423E02020202070000000048
:1064C000001C2241414141414D53321C60000000FB
:1064D000003F4242423E1212222242C70000000008
:1064E000007C4242020418204042423E000000006C
:1064F000007F4908080808080808081C0000000078
:1065000000E74242424242424242423C0000000016
:1065100000E7424222242414141808080000000056
:10652000006B494949495555362222220000000096
:1065300000E7422424181818242442E70000000031
:1065400000772222141408080808081C0000000024
:10655000007E2120101008040442423F0000007811
:106560000808080808080808080808087800000053
:106570000202040408080810102020204040001ED9
:106580001010101010101010101010101E000038F5
:1065900044000000000000000000000000000000B7
:1065A00000000000000000000000000000FF0006E6
:1065B00008000000000000000000000000000000D3
:1065C00000000000003C4278444242FC0000000011
:1065D00000030202021A26424242261A000000006C
:1065E00000000000003844020202443800000000AD
:1065F0000060404040784442424264D800000000BD
:1066000000000000003C427E0202423C000000000C
:1066100000F08808087E08080808083E000000000E
:1066200000000000007C22221C023C42423C000090
:1066300000030202023A4642424242E700000000E2
:10664000000C0C00000E08080808083E00000000BE
:10665000003030000038202020202020221E0000A2
:10666000000302020272120A1612227700000000D2
:10667000000E0808080808080808083E0000000086
:1066800000000000007F9292929292B700000000FA
:1066900000000000003B4642424242E7000000008A
:1066A00000000000003C42424242423C0000000028
:1066B00000000000001B26424242221E020700008A
:1066C00000000000007844424242447840E000006C
:1066D0000000000000774C040404041F00000000C8
:1066E00000000000007C42023C40423E00000000EE
:1066F00000000008083E08080808083000000000F4
:106700000000000000634242424262DC00000000E0
:106710000000000000E742242414080800000000E4
:106720000000000000EB49495555222200000000FE
:1067300000000000007624181818246E00000000E5
:106740000000000000E74224241418080807000095
:1067500000000000007E22100808447E000000C0F7
:10676000202020202010202020202020C0001010D9
:106770001010101010101010101010101010000633
:1067800008080808081008080808080806000C325D
:10679000C200000000000000000000000000000037
:1067A00000000000000000000000000000000000E9
:1067B00000000000000000000000000000000000D9
:1067C00000000000000000000000000000000000C9
:1067D00000000000000060006000600060006000D9
:1067E0006000600040002000200020000000000049
:1067F0000000600060006000000000000000000079
:106800000000600660063003980188004400000024
:106810000000000000000000000000000000000078
:106820000000000000000000000000000000000068
:106830000000000000001002100210021002FE070B
:10684000FE0708020801080108010801FE07FE070B
:106850000401040104010401000000000000000024
:106860000000000040004000F00158034C03CC033E
:106870004C0058007000E000C001C00140034C0310
:106880005C034C034801F0004000400000000000A1
:106890000000000000000E010A019100910091002B
:1068A000510051003A00AE03A002500450044804C5
:1068B0004804480484028403000000000000000033
:1068C00000000000000038006C006C006C006C00E0
:1068D0006C002C0098071C011A013301330163017D
:1068E000E300C308C6093C070000000000000000E8
:1068F00000000C001C001000100008000400000044
:106900000000000000000000000000000000000087
:106910000000000000000000000000000000000077
:1069200000000004000200018000800040004000E0
:106930002000200020002000200020002000400037
:106940004000800080000001000200040000000000
:1069500000000200040008001000100020002000C9
:106960004000400040004000400040004000200047
:1069700020001000100008000400020000000000C9
:10698000000000000000000000004000C0004000C7
:10699000460C4E0FD001F0015E0F460C4000400047
:1069A00040000000000000000000000000000000A7
:1069B0000000000000000000000000004000400057
:1069C000400040004000FE0F4000400040004000FA
:1069D0004000000000000000000000000000000077
:1069E00000000000000000000000000000000000A7
:1069F0000000000000000000000000000000000097
:106A000000000C001C001000100008000400000032
:106A10000000000000000000000000000000000076
:106A2000000000000000FE07000000000000000061
:106A30000000000000000000000000000000000056
:106A40000000000000000000000000000000000046
:106A50000000000000000000000000000000000036
:106A600000001C001C001C000000000000000000D2
:106A70000000000400060002000300010001800085
:106A80008000400040006000200020001000100046
:106A9000080008000C0004000600020000000000CE
:106AA0000000000000000000F00098010C030C033F
:106AB0000606060606060606060606060606060676
:106AC0000C030C039801F00000000000000000001F
:106AD000000000000000000040007C00600060003A
:106AE00060006000600060006000600060006000A6
:106AF000600060006000FC03000000000000000077
:106B00000000000000000000F800840102030603FA
:106B10000603000300018001C00060002000100097
:106B2000080204020602FE0300000000000000004C
:106B300000000000000000007800C6008601860109
:106B400080018001C000700080010001000300038B
:106B5000060306038601F8000000000000000000A4
:106B6000000000000000000080018001C001A001C1
:106B7000A00190018801880184018201FE0F80013B
:106B8000800180018001E00700000000000000009B
:106B90000000000000000000FC03040004000400EA
:106BA00004000400F4008C01040300030003060346
:106BB000060382018401F8000000000000000000CC
:106BC0000000000000000000E00118030C030C00AE
:106BD00004000600E60116030E0606060606060673
:106BE00004060C021803F000000000000000000082
:106BF0000000000000000000F8070C060402040179
:106C00000001000180008000400040004000600062
:106C100060006000600060000000000000000000F4
:106C20000000000000000000F8010C030606060644
:106C300006060C021C03F000C8010C03060606063B
:106C4000060606060C03F00100000000000000002C
:106C50000000000000000000F0000C010C03060220
:106C600006060606060606078C06780600060003DA
:106C700000030C018C0178000000000000000000FF
:106C80000000000000000000000000000000000004
:106C90000000E000E000E000000000000000000054
:106CA0000000E000E000E000000000000000000044
:106CB00000000000000000000000000000000000D4
:106CC0000000600060000000000000000000000004
:106CD0000000000060006000400020002000000074
:106CE00000000000000000040002000180004000DD
:106CF00020001000080004000800100020004000E0
:106D000080000001000200040000000000000000FC
:106D10000000000000000000000000000000000073
:106D20000000FE07000000000000FE070000000059
:106D30000000000000000000000000000000000053
:106D400000000000000004000800100020004000C7
:106D500080000001000200040002000180004000E9
:106D600020001000080004000000000000000000E7
:106D70000000000000000000E0031806040C040CF2
:106D80000C0C0C0C0007800140004000400000008B
:106D90000000E000E000E000000000000000000053
:106DA000000000000000E00018030C02CC056405A0
:106DB0006605A605B604B604B604B604B602E40138
:106DC0000C040C021803F00000000000000000009A
:106DD0000000000000000000600060005000D000D3
:106DE00090009000880088010801F8010403040362
:106DF0000402020202060F0F000000000000000063
:106E00000000000000000000FE008C030C030C03D7
:106E10000C030C038C01FC000C030C020C060C068A
:106E20000C060C060C03FE01000000000000000030
:106E30000000000000000000E00318030C060C0432
:106E4000040406000600060006000600060006040C
:106E50000C040C021803F000000000000000000009
:106E600000000000000000007F008C010C030C03F8
:106E70000C060C060C060C060C060C060C060C0682
:106E80000C030C038C017F000000000000000000D8
:106E90000000000000000000FF03060306040604D3
:106EA000060086008600FE0086008600860006003A
:106EB000060406040602FF030000000000000000B4
:106EC0000000000000000000FF03060306040604A3
:106ED000060086008600FE0086008600860006000A
:106EE0000600060006001F00000000000000000071
:106EF0000000000000000000F00018010C020C026D
:106F000004020600060006000600C60F060306037C
:106F10000C030C031803F000000000000000000048
:106F200000000000000000000F0F0606060606061F
:106F3000060606060606FE070606060606060606F8
:106F40000606060606060F0F0000000000000000FF
:106F50000000000000000000FC0360006000600012
:106F60006000600060006000600060006000600021
:106F7000600060006000FC030000000000000000F2
:106F80000000000000000000F807C000C000C000C2
:106F9000C000C000C000C000C000C000C000C000F1
:106FA000C000C000C000C000C60066003C00000079
:106FB0000000000000000000CF038601C60046006C
:106FC0002600160036002E006E004600C600860021
:106FD0008601060106038F07000000000000000084
:106FE00000000000000000001F0006000600060070
:106FF0000600060006000600060006000600060061
:10700000060406040602FF03000000000000000062
:1070100000000000000000000707860386038E03BF
:107020008E034E034E034A035A035A033A033203B4
:107030003203320312038707000000000000000043
:1070400000000000000000008E0F0C021C021C0259
:1070500034023402640264024402C40284028403DF
:107060008403040304031F0200000000000000006A
:107070000000000000000000F00098010C030C026A
:1070800006060606060606060606060606060606A0
:107090000C020C039801F00000000000000000004A
:1070A0000000000000000000FF00060306060606C0
:1070B0000606060606068603FE0006000600060013
:1070C0000600060006001F0000000000000000008F
:1070D0000000000000000000F00098010C030C020A
:1070E00006060606060606060606060606067606D0
:1070F0004C02CC039801F000800700030000000060
:107100000000000000000000FF010603060606065E
:10711000060606060603FE004600C6008600860137
:107120000603060306060F0E000000000000000024
:107130000000000000000000F8020C030602060236
:1071400006000E003C00F800E00380030007020682
:10715000020606060C03F00100000000000000001B
:107160000000000000000000FE07620461086108E2
:10717000600060006000600060006000600060000F
:10718000600060006000F8010000000000000000E6
:1071900000000000000000001E070C020C020C02A0
:1071A0000C020C020C020C020C020C020C020C026F
:1071B0000C020C021801F0000000000000000000AA
:1071C00000000000000000000F0706020401040197
:1071D0000C010C01880088009800980050005000B5
:1071E00070003000200020000000000000000000BF
:1071F0000000000000000000F70E62044204460494
:10720000460464026402E402E4029C029C019801C8
:10721000980188018800880000000000000000003C
:1072200000000000000000009E070C01080118018A
:107230009000B0006000200060006000D00090006E
:107240008801080104038E07000000000000000010
:1072500000000000000000000F0F060404020C02F2
:1072600008011801B800B000700060006000600004
:10727000600060006000F8010000000000000000F5
:107280000000000000000000FC070C0206030201E1
:107290008001800040004000200020001000180005
:1072A00008040C040402FE030000000000000000BB
:1072B0000000E0032000200020002000200020002B
:1072C00020002000200020002000200020002000BE
:1072D00020002000200020002000E003000000002B
:1072E0000000000000000400040008000800100076
:1072F000100010002000200040004000C00080006E
:1073000080000001000100020002000200040000F1
:1073100000007C0040004000400040004000400071
:10732000400040004000400040004000400040005D
:10733000400040004000400040007C000000000091
:107340006000900008010000000000000000000044
:10735000000000000000000000000000000000002D
:10736000000000000000000000000000000000001D
:10737000000000000000000000000000000000000D
:1073800000000000000000000000000000000000FD
:10739000000000000000000000000000FF0F0000DF
:1073A0000000180060000000000000000000000065
:1073B00000000000000000000000000000000000CD
:1073C00000000000000000000000000000000000BD
:1073D00000000000000000000000000000000000AD
:1073E0000000F0010C030C030003E0031C030E0378
:1073F000060306038E0B7C0E000000000000000058
:1074000000000000000008000E000C000C000C0042
:107410000C00CC013C031C060C060C060C060C06EA
:107420000C060C021C03E401000000000000000038
:10743000000000000000000000000000000000004C
:107440000000F0008C018C01860106000600060099
:1074500006020C020C01F000000000000000000019
:107460000000000000000002C0030003000300034E
:10747000000378038C030C030603060306030603CC
:10748000060304038C0778010000000000000000E0
:1074900000000000000000000000000000000000EC
:1074A0000000E001180308020C060C06FC070C00A3
:1074B0000C0018041802E0010000000000000000A9
:1074C0000000000000000000C0036006300630002D
:1074D0003000FE013000300030003000300030005D
:1074E000300030003000FC0100000000000000000F
:1074F000000000000000000000000000000000008C
:107500000000F007D8068C018C018C019801F8006E
:107510000C00FC00CC03060306038E03F8000000F9
:1075200000000000000008000E000C000C000C0021
:107530000C00EC011C030C030C030C030C030C03E8
:107540000C030C030C039E07000000000000000069
:10755000000000000000000060006000000000006B
:1075600040007C006000600060006000600060001F
:10757000600060006000FC030000000000000000EC
:107580000000000000000000C001C0010000000079
:107590000001F001800180018001800180018001F3
:1075A00080018001800180018001CC007C0000000E
:1075B00000000000000008000E000C000C000C0091
:1075C0000C008C038C008C004C006C005C008C0068
:1075D0008C010C010C039E0700000000000000005D
:1075E00000000000000040007C00600060006000BF
:1075F000600060006000600060006000600060008B
:10760000600060006000FC0300000000000000005B
:10761000000000000000000000000000000000006A
:1076200000003707EE06660666066606660666060C
:10763000660666066606FF0F0000000000000000F8
:10764000000000000000000000000000000000003A
:107650000000EE011C030C030C030C030C030C03D1
:107660000C030C030C039E07000000000000000048
:10767000000000000000000000000000000000000A
:107680000000F00098010C03060606060606060632
:1076900006060C030C03F0000000000000000000D0
:1076A00000000000000000000000000000000000DA
:1076B0000000EE011C030C060C060C060C060C0662
:1076C0000C060C031C03EC010C000C003E00000037
:1076D00000000000000000000000000000000000AA
:1076E000000078028C030C0306030603060306035E
:1076F000060304038C03780300030003C0070000A3
:107700000000000000000000000000000000000079
:1077100000009F03580638061800180018001800CB
:10772000180018001800FF00000000000000000012
:107730000000000000000000000000000000000049
:107740000000F0031C030C020C023800F000C00320
:10775000040304038C03FC0100000000000000008F
:1077600000000000000000000000200020003000A9
:107770003000FE01300030003000300030003000BA
:10778000300030023002E001000000000000000084
:1077900000000000000000000000000000000000E9
:1077A00008028E030C030C030C030C030C030C03E4
:1077B0000C030C039C07780100000000000000008F
:1077C00000000000000000000000000000000000B9
:1077D00000001E070C020801080118019000B0000B
:1077E000B000600060002000000000000000000009
:1077F0000000000000000000000000000000000089
:107800000000F70E6204460464026402EC029C016C
:107810009801980198010800000000000000000095
:107820000000000000000000000000000000000058
:107830000000BC0718011001B00060006000E0000B
:107840009000080108039E070000000000000000EF
:107850000000000000000000000000000000000028
:1078600000009E0708010801080190009000B00088
:107870006000600060002000200024001C00000068
:1078800000000000000000000000000000000000F8
:107890000000FC018401C4004400600020003000AE
:1078A000180208020C03FC010000000000000000A8
:1078B00000000003800080008000800080008000C5
:1078C0008000800040002000400080008000800098
:1078D00080008000800080008000000300004000E5
:1078E0004000400040004000400040004000400098
:1078F0004000400040004000400040004000400088
:1079000040004000400040004000400040000000B7
:1079100000000C00100010001000100010001000FB
:107920001000100020004000200010001000100087
:10793000100010001000100010000C0000000000EB
:107940001C002204C20480030000000000000000AC
:107950000000000000000000000000000000000027
:107960000000000000000000000000000000000017
:107970000000000000000000000000000000000007
:1079800000000000000000000000000000000000F7
:1079900000000000000000000000000000000000E7
:1079A00000000000000000000000000000000000D7
:1079B0000000000000000000C001C001C001C001C3
:1079C000C001C001C00180008000800080008000F4
:1079D0008000800000000000000000008001C00363
:1079E000C003800100000000000000000000000053
:1079F00000000000E01CE01CF01E700E38071803A9
:107A000008018400000000000000000000000000E9
:107A10000000000000000000000000000000000066
:107A20000000000000000000000000000000000056
:107A300000000000000000000000201020102010B6
:107A400020102010FE7FFE7F10081008100810087C
:107A5000100810081008FE7FFE7F080408040804C0
:107A600008040804000000000000000000000000FE
:107A700000000000000000010001C0076019103183
:107A800018311839183938017001E001C003800736
:107A9000000F001D003900311C311C310C310C115C
:107AA000180DE007000100010001000000000000C7
:107AB000000000000000000000001C1036186308E1
:107AC000630C63046304630263026301361D9C3725
:107AD0008022806340634063206320633063102210
:107AE0001836081C00000000000000000000000024
:107AF00000000000000000000000F00098018C0170
:107B00008C018C018C018C00CC007800183E1C0884
:107B10003608320863046304C304C3038343064383
:107B20008E26781C0000000000000000000000000D
:107B3000000000001C003C003C0030003000100041
:107B40000C00060000000000000000000000000023
:107B50000000000000000000000000000000000025
:107B60000000000000000000000000000000000015
:107B7000000000000040002000100008000C00047D
:107B800000060003000300038001800180018001E2
:107B900080018001800180010003000300030006D2
:107BA0000006000C0008001000200040000000004B
:107BB0000000000002000400080010003000200057
:107BC0006000C000C000C000800180018001800111
:107BD0008001800180018001C000C000C000600001
:107BE00060003000100008000400020000000000E7
:107BF0000000000000000000000000000000000184
:107C00008003800300011C713C79783DC0070001AE
:107C1000C007783D3C791C7100018003800380011E
:107C20000000000000000000000000000000000054
:107C30000000000000000000000000000000000044
:107C40000001000100010001000100010001FC7FB2
:107C5000000100010001000100010001000100001D
:107C60000000000000000000000000000000000014
:107C70000000000000000000000000000000000004
:107C800000000000000000000000000000000000F4
:107C900000000000000000000000000000001C00C8
:107CA0003C003C003000300010000C0006000000DA
:107CB00000000000000000000000000000000000C4
:107CC0000000000000000000000000000000FE7F37
:107CD00000000000000000000000000000000000A4
:107CE0000000000000000000000000000000000094
:107CF0000000000000000000000000000000000084
:107D00000000000000000000000000000000000073
:107D100000000000000000000000000018003C000F
:107D20003C001800000000000000000000000000FF
:107D3000000000000040006000200030001000182B
:107D40000008000C0004000600020003000180018E
:107D50008000C000400060002000300010001800CB
:107D600008000C00040006000200000000000000F3
:107D700000000000000000000000C007600C301888
:107D80001830183018200C600C600C600C600C600F
:107D90000C600C600C600C60182018301830301823
:107DA000600CC007000000000000000000000000A0
:107DB0000000000000000000000000018001F80148
:107DC00080018001800180018001800180018001AB
:107DD000800180018001800180018001800180019B
:107DE000C003F81F000000000000000000000000B9
:107DF00000000000000000000000E007101C081850
:107E0000043004300C300C3000300018000800043E
:107E100000020001800040002020102008200430D3
:107E2000FC1FFC1F0000000000000000000000001C
:107E300000000000000000000000E003180E0C0C21
:107E40000C180C180C180018000C0006C003000ECB
:107E500000180010003000300C300C300C100C18E2
:107E6000180CE0030000000000000000000000000B
:107E700000000000000000000000000C000E000EDA
:107E8000000F800E800E400E600E200E100E100EA1
:107E9000080E040E040EFE7F000E000E000E000EF3
:107EA000000E000EC07F0000000000000000000077
:107EB00000000000000000000000F03FF03F100054
:107EC0001000100008000800C807280C1818081037
:107ED00000300030003000300C300C300418041832
:107EE000080CF0030000000000000000000000008B
:107EF00000000000000000000000800FC0102030D3
:107F000010301800180008000C008C0F6C183C3062
:107F10001C600C600C600C600C6018601820303025
:107F20006018C00700000000000000000000000012
:107F300000000000000000000000F83FF83F1C10A7
:107F40000C080408040400040002000200010001FF
:107F50000001800080008000C000C000C000C000A0
:107F6000C000C00000000000000000000000000091
:107F700000000000000000000000E007300C1818AE
:107F80000C300C300C301C3038187008E007B0078B
:107F9000180E0C1C063806300630063006300C1859
:107FA000180CE003000000000000000000000000CA
:107FB00000000000000000000000E00318040C08AE
:107FC0000C180610063006300630063006380C3C19
:107FD0001836F03100300018001800180C0C0C0690
:107FE0000C03F00100000000000000000000000091
:107FF0000000000000000000000000000000000081
:1080000000000000000000008001C003C0038001E8
:108010000000000000000000000000008001C0031C
:10802000C00380010000000000000000000000000C
:108030000000000000000000000000000000000040
:108040000000000000000000C000C00000000000B0
:108050000000000000000000000000000000000020
:10806000C000C00080008000400040000000000010
:1080700000000000000000000020001000080004C4
:10808000000600038001C0006000300018000C00F2
:10809000180030006000C0008001000300060004EA
:1080A0000008001000200000000000000000000098
:1080B00000000000000000000000000000000000C0
:1080C0000000000000000000FE7F00000000000033
:1080D00000000000FE7F0000000000000000000023
:1080E0000000000000000000000000000000000090
:1080F0000000000000000000040008001000200044
:108100006000C000800100030006000C0018003071
:108110000018000C000600038001C0006000200071
:108120001000080004000000000000000000000033
:108130000000000000000000C00730180830086090
:108140000C601C601C601C600030001C00060001FC
:108150008000800080008000000000008001C003DB
:10816000C0038001000000000000000000000000CB
:1081700000000000000000000000C0076018103080
:1081800018200C2F8C4D864CC64CC64C664C664451
:108190006644662666266615CC1C0C4008201830FE
:1081A0003018C007000000000000000000000000C0
:1081B00000000000000000000001C001C001C0017B
:1081C0004001600320032003200330061006100640
:1081D0001006F80F080C080C080C0C0C04180418F6
:1081E00006181F7C000000000000000000000000D6
:1081F00000000000000000000000FE07181C1838F6
:1082000018301830183018301818180CF8071818CB
:10821000183018201860186018601860186018303E
:108220001818FE0F00000000000000000000000011
:1082300000000000000000000000C027603810307F
:1082400018200C400C400400060006000600060042
:1082500006000600060006000C400C400C201830FA
:108260003018C007000000000000000000000000FF
:1082700000000000000000000000FE03180E1818A7
:1082800018301830183018601860186018601860BE
:108290001860186018601860183018301810181816
:1082A000180EFE03000000000000000000000000A7
:1082B00000000000000000000000FE3F1830182001
:1082C00018601840180018081808180CF80F180C37
:1082D000180818081800180018001840184018202E
:1082E0001830FE3F00000000000000000000000009
:1082F00000000000000000000000FE7F1870184021
:1083000018C018801800181018101818F81F18181E
:10831000181018101800180018001800180018007D
:1083200018007E00000000000000000000000000B7
:1083300000000000000000000000C013701C1010BE
:1083400018100C200C200400060006000600060091
:10835000060006FC063006300C300C3018301830A1
:108360003008C0070000000000000000000000000E
:10837000000000000000000000003F7E0C180C18F8
:108380000C180C180C180C180C180C180C18FC1FD6
:108390000C180C180C180C180C180C180C180C18BD
:1083A0000C183F7E000000000000000000000000EC
:1083B00000000000000000000000F81F80018001A4
:1083C00080018001800180018001800180018001A5
:1083D0008001800180018001800180018001800195
:1083E0008001F81F000000000000000000000000F5
:1083F00000000000000000000000E07F0006000612
:10840000000600060006000600060006000600063C
:10841000000600060006000600060006000600062C
:108420000006000600060E060E038E01FC0000008A
:10843000000000000000000000007E7C18181808F2
:10844000180418061802180198019801D801B803F9
:10845000380318071806180E180C181C18181830AE
:1084600018307EFC0000000000000000000000004A
:10847000000000000000000000007E00180018004E
:10848000180018001800180018001800180018002C
:10849000180018001800180018001840184018207C
:1084A0001830FE3F00000000000000000000000047
:1084B000000000000000000000001FF81C381C38FD
:1084C0001C381C3C34343434343434367432643222
:1084D000643264326431C431C431C431C430C43014
:1084E00084309FFC0000000000000000000000003D
:1084F000000000000000000000001F7C1C103C1069
:108500003410341074106410E410C410C4118411B9
:108510008413041304170416041E041C041C041CF6
:1085200004181F18000000000000000000000000F8
:1085300000000000000000000000C003300C18180C
:1085400008100C300C30066006600660066006609D
:1085500006600660066006600C200C3008101818D3
:10856000300CC0030000000000000000000000000C
:1085700000000000000000000000FE0F1818183076
:108580001860186018601860186018301818F80F14
:10859000180018001800180018001800180018001B
:1085A00018007E0000000000000000000000000035
:1085B00000000000000000000000C003300C18188C
:1085C0000C100C300C200660066006600660066029
:1085D0000660066006600660E4612C331C321816E3
:1085E000300EC007004C007C003800000000000086
:1085F00000000000000000000000FE07181C1838F2
:1086000018301830183018301818180CF80798035C
:108610001803180718061806180E180C180C181C42
:1086200018187E7800000000000000000000000024
:1086300000000000000000000000E0273038183083
:108640000C200C200C000C0018007800E003800FB8
:10865000001E00380070006004600460086018307C
:108660003818C80F000000000000000000000000E3
:1086700000000000000000000000FC3F8C2184612D
:10868000824182418001800180018001800180015E
:1086900080018001800180018001800180018001D2
:1086A0008001E00700000000000000000000000062
:1086B000000000000000000000003F7C0C100C10C7
:1086C0000C100C100C100C100C100C100C100C10CA
:1086D0000C100C100C100C100C100C100C100808C6
:1086E0003804E0030000000000000000000000006B
:1086F000000000000000000000003EF818201820D4
:1087000018203010301030103010600860086008F9
:10871000E00CC004C004C004800380038003800315
:108720000001000100000000000000000000000047
:1087300000000000000000000000DFF386618621D9
:1087400086218C210C218C238C138C138C134C13BD
:1087500058125816580E380E380E380E300C1004B9
:1087600010041004000000000000000000000000E1
:10877000000000000000000000007E3E18083808DD
:108780003004300470026002E001C001C0018001C9
:1087900080034003400720062006100C100C081828
:1087A00008183E7C000000000000000000000000EF
:1087B000000000000000000000007E7C1C1018106B
:1087C00018083008300C700460046002C002C00257
:1087D000C001800180018001800180018001800151
:1087E0008001E00700000000000000000000000021
:1087F00000000000000000000000F83F18180818F2
:10880000040C040E00060007000380038001C00171
:10881000C000E000600070003000382018201C10FC
:108820000C18FE1F00000000000000000000000007
:1088300000000000C03F40004000400040004000F9
:108840004000400040004000400040004000400028
:108850004000400040004000400040004000400018
:108860004000400040004000C03F00000000000009
:1088700000000000000000000800180018001000B0
:1088800030002000600060004000C00080008001D7
:108890008001000100030002000600060004000C35
:1088A0000008001800180010003000200000000030
:1088B00000000000FC0300020002000200020002AF
:1088C0000002000200020002000200020002000298
:1088D0000002000200020002000200020002000288
:1088E0000002000200020002FC0300000000000081
:1088F000000000008007C0062008101000000000E3
:108900000000000000000000000000000000000067
:108910000000000000000000000000000000000057
:108920000000000000000000000000000000000047
:108930000000000000000000000000000000000037
:108940000000000000000000000000000000000027
:108950000000000000000000000000000000000017
:10896000000000000000000000000000FFFF000009
:10897000000000007800C0000001000000000000BE
:1089800000000000000000000000000000000000E7
:1089900000000000000000000000000000000000D7
:1089A00000000000000000000000000000000000C7
:1089B00000000000000000000000000000000000B7
:1089C0000000000000000000F00318060C0C0C0C66
:1089D000000C800F700C1C0C0C0C060C060C064CCA
:1089E0000C4FF838000000000000000000000000FC
:1089F000000000000000000010001E001800180019
:108A00001800180018001800180FD81838303860EF
:108A100018601860186018601860186018203830E6
:108A20007818C807000000000000000000000000E7
:108A30000000000000000000000000000000000036
:108A40000000000000000000C007700C1818181883
:108A50000C180C000C000C000C000C201820181036
:108A60003008C00700000000000000000000000007
:108A700000000000000000000010001E0018001898
:108A80000018001800180018E01B301C18181818DF
:108A90000C180C180C180C180C180C180818181CAA
:108AA000307AE00900000000000000000000000033
:108AB00000000000000000000000000000000000B6
:108AC0000000000000000000C007300C181808105B
:108AD0000C300C30FC3F0C000C000C00182018105F
:108AE0007018C00700000000000000000000000037
:108AF00000000000000000000000003E80C380C0B5
:108B0000C0C0C000C000C000FC1FC000C000C0004A
:108B1000C000C000C000C000C000C000C000C00055
:108B2000C000F80F0000000000000000000000007E
:108B30000000000000000000000000000000000035
:108B40000000000000000000C077306C10181818FA
:108B5000181818181018300CF00718001800F00F2B
:108B6000F03F08700C600C600C603838E00F0000BB
:108B7000000000000000000010001E001800180097
:108B80001800180018001800980FD818383018303E
:108B90001830183018301830183018301830183095
:108BA00018307EFC00000000000000000000000003
:108BB000000000000000000000008003800380032C
:108BC0000000000000000001F80180018001800128
:108BD000800180018001800180018001800180018D
:108BE0008001F81F000000000000000000000000ED
:108BF00000000000000000000000003800380038CD
:108C00000000000000000010801F0018001800186D
:108C10000018001800180018001800180018001894
:108C20000018001800180018180C1806F0030000AF
:108C3000000000000000000010001E0018001800D6
:108C40001800180018001800183E180C1806180311
:108C500018019801D801380318071806180C181CB9
:108C600018187E7C000000000000000000000000DA
:108C700000000000000000000001F80180018001F8
:108C800080018001800180018001800180018001DC
:108C900080018001800180018001800180018001CC
:108CA0008001F81F0000000000000000000000002C
:108CB00000000000000000000000000000000000B4
:108CC0000000000000000800EE1C9C338C318C3149
:108CD0008C318C318C318C318C318C318C318C31AC
:108CE0008C31DE7B0000000000000000000000006E
:108CF0000000000000000000000000000000000074
:108D000000000000000010001E0FD8183830183086
:108D10001830183018301830183018301830183013
:108D200018307EFC00000000000000000000000081
:108D30000000000000000000000000000000000033
:108D40000000000000000000C007701C1030183048
:108D50000C600C600C600C600C600C6018301830FB
:108D60003018C007000000000000000000000000F4
:108D700000000000000000000000000000000000F3
:108D800000000000000010009E0F58183830182016
:108D90001860186018601860186018601830383053
:108DA0007818980718001800180018007E000000B6
:108DB00000000000000000000000000000000000B3
:108DC0000000000000000000C023303C18381830BC
:108DD0000C300C300C300C300C300C3008301838A3
:108DE000303CE033003000300030003000FC000048
:108DF0000000000000000000000000000000000073
:108E000000000000000060007E3C60666061E000E1
:108E1000E0006000600060006000600060006000D2
:108E20006000FE07000000000000000000000000DD
:108E30000000000000000000000000000000000032
:108E40000000000000000000E02730381830182033
:108E500018007000E003800F001C043004300C3058
:108E60001C18EC0F000000000000000000000000D3
:108E70000000000000000000000000000000800072
:108E800080008000C000E000FC1FC000C000C000E7
:108E9000C000C000C000C000C000C000C020C02092
:108EA0008011000F00000000000000000000000022
:108EB00000000000000000000000000000000000B2
:108EC00000000000000010201E3C18301830183040
:108ED000183018301830183018301830183018384A
:108EE00030F4E0130000000000000000000000006B
:108EF0000000000000000000000000000000000072
:108F000000000000000000007E3C18181808380817
:108F100030043004700260026002E001C001C00150
:108F2000C000800000000000000000000000000001
:108F30000000000000000000000000000000000031
:108F40000000000000000000DFF78E630C238C237C
:108F50008C239813981358165816700E700E700EB6
:108F600020042004000000000000000000000000B9
:108F700000000000000000000000000000000000F1
:108F80000000000000000000FC3E70087004E004D7
:108F9000C002C0018003800340076006200C100C53
:108FA00018183E7E000000000000000000000000D5
:108FB00000000000000000000000000000000000B1
:108FC00000000000000000007E7C1818180830081F
:108FD0003008300460046004C002C002C002800196
:108FE000800180018000800080004C003C00000077
:108FF0000000000000000000000000000000000071
:109000000000000000000000FC1F0C0C040E040611
:10901000000380038001C000E00070203020383061
:109020001C18FC1F000000000000000000000000F1
:1090300000000000003000080004000400040004E8
:109040000004000400040004000400040002800185
:1090500000020004000400040004000400040004F2
:1090600000040004000400040008003000000001B7
:1090700000010001000100010001000100010001E8
:1090800000010001000100010001000100010001D8
:1090900000010001000100010001000100010001C8
:1090A00000010001000100010001000100010000B9
:1090B000000000000C001000200020002000200014
:1090C000200020002000200020002000400080011F
:1090D0004000200020002000200020002000200070
:1090E000200020002000200010000C0000000000E4
:1090F0003800C400864002610022001C000000000D
:10910000000000000000000000000000000000005F
:10911000000000000000000000000000000000004F
:109120000000000000000000000000000000D6D099
:10913000200020002000FE03220222022202FE0361
:109140002202200020002000BEB0FC010401FC012E
:109150000401FC012000FF070401FC0120002401A0
:109160003202D4B0FE070204FA0402040204FE052F
:10917000520452044A0586050204FE07B5E71000B2
:109180001000FF0111011101FF0111011101FF0187
:1091900011041004E007D7D30000FC018000400058
:1091A00020002000FF0720002000200020003800C1
:1091B000D6D08000800080008000FC1F84108410C6
:1091C000841084108410FC1F8410800080008000B4
:1091D0008000BEB0F80F0808F80F0808F80F8000EC
:1091E000FF7F0000F80F08080808F80F80008410BF
:1091F000A2204000D4B00000FE3F0220F22702204F
:109200000220FA2F222122212221122912290A2E9C
:109210000220FE3F0220B5E7800080008000FC1F96
:10922000841084108410FC1F841084108410FC1F90
:10923000845080408040007FD7D30000FE1F00088C
:109240000004000280018000FF7F80008000800019
:10925000800080008000A0004000D6D00000000008
:1092600000000018000008000008000008000808BE
:1092700018F8FF1F180818180818180818180818E0
:10928000180818180818F8FF1F0808080008000038
:10929000080000080000080000180000180000186E
:1092A00000000000BEB0000000000000400006C04A
:1092B000FF07400006C0FF07400006C0FF07400848
:1092C00002003000FEFF3F000000C0FF07C00002A8
:1092D000C00002C00002C0FF0380100080110160C6
:1092E000100E3010180C1E30001C00000000D4B00E
:1092F000000000000000080030F8FF1F0800100800
:10930000C010083F10080010080010080013C8FF24
:10931000100822100822100822100822100821121A
:1093200008211488601648C013280010080010F89F
:10933000FF1F080010000000B5E70000000000005B
:10934000001800000800000800000800F0FF0F10DF
:109350000804100804100804100804F0FF0710089F
:1093600004100804100804100804F0FF0710080097
:1093700000081000081000082000183000F01F003E
:109380000000D7D3000000000000000004F0FF0F31
:1093900000000600000100C00000280000180000C6
:1093A0001800001830FEFF7F001800001800001899
:1093B0000000180000180000180000180000180035
:1093C000001800001F00000C00000000D6D00000B4
:1093D000000000000000008000000080010000800C
:1093E0000100008001000080010000800100108069
:1093F000010CF0FFFF0F3080010430800104308049
:109400000104308001043080010430800104308088
:10941000010430800104F0FFFF0730800104308038
:109420000104008001000080010000800100008034
:109430000100008001000080010000800100008028
:109440000100008001000080000000000000BEB0AC
:10945000000000000000000000000000000180018A
:1094600000FFFF01000380010003800100FFFF01F6
:10947000000380010003800100FFFF0100818100E3
:10948000000003000000031CFCFFFF3F0000400041
:109490000003C00100FFFF010003C0000003C00083
:1094A0000003C00000FFFF000001410000040100B4
:1094B000000E710000078101800101076000010EAC
:1094C0001898011C04E0011800C000000000000012
:1094D000D4B0000000000000000000000008F0FF11
:1094E000FF1F3000000C3000000C3000100C30FE6C
:1094F0003F0C3004000C3000000C3000000C300039
:10950000000C3000C00CF0FFFF0D3030060E303084
:10951000060C3010060C3010060C3010060C3018FB
:10952000860C3018860C3008060D300C860D30067F
:10953000EE0F3002FC0D3001000CF000000C30008A
:10954000000CF0FFFF0F3000000C100000040000C2
:109550000000B5E7000000000000000000C00000AF
:1095600000C0010000C0000000C0000000C00000FA
:1095700000C00000E0FFFF0360C0000360C0000304
:1095800060C0000360C0000360C0000360C000034F
:10959000E0FFFF0360C0000360C0000360C0000381
:1095A00060C0000360C00003E0FFFF0360C0000173
:1095B00060C0000000C0000800C0001000C0001023
:1095C00000C0001800C001380080FF1F000000002C
:1095D00000000000D7D300000000000000000000E1
:1095E000000000000003C0FFFF070000800700002C
:1095F000C000000060000000180000000C000080A7
:10960000030000800300008001000080010800804A
:10961000011CFCFFFF3F0080010000800100008072
:109620000100008001000080010000800100008036
:109630000100008001000080010000800100008026
:1096400001000080010000FC010000E0000000407B
:109650000000000000000001FF00FF000001010009
:1096600000FF00FF010030313233343536373839EE
:10967000414243444546403058003031323334355E
:1096800036373839616263646566403078000400BB
:1096900000080000000000000002000100001000AF
:1096A00004FA97999999D93FAF788E1DC571CC3F2F
:1096B0009FC678D0099AC33F935555555555E53FF8
:1096C000599322942449D23FDE03CB966446C73F88
:1096D00044523EDF12F1C23F0000000000000000D3
:1096E0000097000800000020840000002801000806
:1096F000849700088400002004070000440100084B
:1097000000000001E4000020000100000000000053
:109710000000000000000000280000000000000021
:109720000000000000000000000000000000000039
:109730000000000000000000000000000000000029
:109740000000000000000000000000000000000019
:1097500000000000000000000024F40000000000F1
:1097600010000000010000000000000000000000E8
:109770000000000000000000000000000100FA00EE
:0497800001000000E4
:04000005080000ED02
:00000001FF
