ISO-10303-21;
HEADER;
FILE_DESCRIPTION (( 'STEP AP214' ),
    '1' );
FILE_NAME ('RGB¿ò2.STEP',
    '2025-10-29T23:16:29',
    ( '' ),
    ( '' ),
    'SwSTEP 2.0',
    'SolidWorks 2022',
    '' );
FILE_SCHEMA (( 'AUTOMOTIVE_DESIGN' ));
ENDSEC;

DATA;
#2 = ADVANCED_FACE ( 'NONE', ( #443 ), #2838, .T. ) ;
#1 = EDGE_CURVE ( 'NONE', #2061, #6294, #1999, .T. ) ;
#3 = DIRECTION ( 'NONE',  ( 0.000000000000000000, -1.000000000000000000, 0.000000000000000000 ) ) ;
#4 = PLANE ( 'NONE',  #6081 ) ;
#5 = DIRECTION ( 'NONE',  ( -1.000000000000000000, 0.000000000000000000, 1.734723475976805319E-15 ) ) ;
#6 = DIRECTION ( 'NONE',  ( 1.000000000000000000, 0.000000000000000000, 0.000000000000000000 ) ) ;
#7 = CARTESIAN_POINT ( 'NONE',  ( -71.09999999999998010, 9.199999999999999289, -5.000000000000000000 ) ) ;
#8 = ORIENTED_EDGE ( 'NONE', *, *, #2040, .T. ) ;
#9 = EDGE_CURVE ( 'NONE', #6641, #3205, #6525, .T. ) ;
#10 = ADVANCED_FACE ( 'NONE', ( #1317 ), #2519, .T. ) ;
#11 = DIRECTION ( 'NONE',  ( 0.000000000000000000, 0.000000000000000000, -1.000000000000000000 ) ) ;
#12 = ORIENTED_EDGE ( 'NONE', *, *, #209, .T. ) ;
#13 = CARTESIAN_POINT ( 'NONE',  ( -75.09999999999996589, 2.000000000000000000, 42.50000000000000000 ) ) ;
#14 = CARTESIAN_POINT ( 'NONE',  ( 15.00000000000000533, 9.199999999999999289, 36.50000000000000711 ) ) ;
#15 = CARTESIAN_POINT ( 'NONE',  ( 71.09999999999978115, 9.199999999999999289, -25.00000000000000000 ) ) ;
#16 = ORIENTED_EDGE ( 'NONE', *, *, #812, .T. ) ;
#17 = AXIS2_PLACEMENT_3D ( 'NONE', #620, #4746, #32 ) ;
#18 = ORIENTED_EDGE ( 'NONE', *, *, #562, .T. ) ;
#19 = VERTEX_POINT ( 'NONE', #5456 ) ;
#20 = CARTESIAN_POINT ( 'NONE',  ( 77.10000000000000853, 14.00000000000000000, 40.49999999999997158 ) ) ;
#21 = DIRECTION ( 'NONE',  ( -0.000000000000000000, 1.000000000000000000, -0.000000000000000000 ) ) ;
#22 = ORIENTED_EDGE ( 'NONE', *, *, #3659, .F. ) ;
#23 = PLANE ( 'NONE',  #5143 ) ;
#24 = VERTEX_POINT ( 'NONE', #2027 ) ;
#25 = CARTESIAN_POINT ( 'NONE',  ( -73.09999999999999432, -0.0009999999999992653654, 38.50000000000000711 ) ) ;
#26 = PLANE ( 'NONE',  #5335 ) ;
#27 = CARTESIAN_POINT ( 'NONE',  ( -24.99999999999999289, 2.000000000000000000, -36.49999999999986500 ) ) ;
#28 = CARTESIAN_POINT ( 'NONE',  ( 45.00000000000000711, 9.199999999999999289, 36.50000000000000711 ) ) ;
#29 = DIRECTION ( 'NONE',  ( -1.000000000000000000, 0.000000000000000000, -1.734723475976805319E-15 ) ) ;
#30 = ORIENTED_EDGE ( 'NONE', *, *, #2908, .T. ) ;
#31 = DIRECTION ( 'NONE',  ( 0.000000000000000000, -1.000000000000000000, 0.000000000000000000 ) ) ;
#32 = DIRECTION ( 'NONE',  ( 0.000000000000000000, 0.000000000000000000, 1.000000000000000000 ) ) ;
#33 = LINE ( 'NONE', #3138, #2821 ) ;
#34 = LINE ( 'NONE', #1032, #6771 ) ;
#35 =( GEOMETRIC_REPRESENTATION_CONTEXT ( 3 ) GLOBAL_UNCERTAINTY_ASSIGNED_CONTEXT ( ( #5064 ) ) GLOBAL_UNIT_ASSIGNED_CONTEXT ( ( #5595, #409, #1930 ) ) REPRESENTATION_CONTEXT ( 'NONE', 'WORKASPACE' ) );
#36 = CARTESIAN_POINT ( 'NONE',  ( -32.99999999999972999, 2.000000000000000000, -38.50000000000000711 ) ) ;
#38 = EDGE_CURVE ( 'NONE', #5975, #3083, #4928, .T. ) ;
#37 = EDGE_CURVE ( 'NONE', #4495, #6375, #731, .T. ) ;
#39 = EDGE_LOOP ( 'NONE', ( #4055, #2497, #6597, #5776 ) ) ;
#40 = DIRECTION ( 'NONE',  ( -0.000000000000000000, 1.000000000000000000, -0.000000000000000000 ) ) ;
#41 = VERTEX_POINT ( 'NONE', #5128 ) ;
#42 = LINE ( 'NONE', #6013, #2248 ) ;
#43 = CARTESIAN_POINT ( 'NONE',  ( 36.00000000000000711, 8.199999999999985079, 38.50000000000000711 ) ) ;
#44 = PLANE ( 'NONE',  #2501 ) ;
#45 = VERTEX_POINT ( 'NONE', #2311 ) ;
#46 = EDGE_CURVE ( 'NONE', #3658, #5956, #5977, .T. ) ;
#47 = VECTOR ( 'NONE', #546, 1000.000000000000000 ) ;
#48 = ORIENTED_EDGE ( 'NONE', *, *, #3449, .T. ) ;
#49 = ORIENTED_EDGE ( 'NONE', *, *, #5488, .F. ) ;
#50 = DIRECTION ( 'NONE',  ( 1.000000000000000000, 0.000000000000000000, 0.000000000000000000 ) ) ;
#51 = AXIS2_PLACEMENT_3D ( 'NONE', #5691, #1797, #4490 ) ;
#53 = EDGE_CURVE ( 'NONE', #497, #4288, #5527, .T. ) ;
#52 = PLANE ( 'NONE',  #6021 ) ;
#54 = ORIENTED_EDGE ( 'NONE', *, *, #685, .T. ) ;
#55 = ADVANCED_FACE ( 'NONE', ( #3944 ), #4449, .F. ) ;
#56 = FACE_OUTER_BOUND ( 'NONE', #2330, .T. ) ;
#57 = AXIS2_PLACEMENT_3D ( 'NONE', #419, #6191, #3107 ) ;
#58 = ORIENTED_EDGE ( 'NONE', *, *, #759, .F. ) ;
#59 = VECTOR ( 'NONE', #4125, 1000.000000000000000 ) ;
#60 = DIRECTION ( 'NONE',  ( 0.000000000000000000, 0.000000000000000000, 1.000000000000000000 ) ) ;
#61 = DIRECTION ( 'NONE',  ( 0.7071067811865549002, 0.000000000000000000, -0.7071067811865401342 ) ) ;
#62 = PLANE ( 'NONE',  #5247 ) ;
#63 = LINE ( 'NONE', #3758, #4574 ) ;
#64 = VECTOR ( 'NONE', #2341, 1000.000000000000000 ) ;
#65 = VECTOR ( 'NONE', #5415, 1000.000000000000114 ) ;
#66 = EDGE_CURVE ( 'NONE', #744, #19, #4643, .T. ) ;
#67 = CARTESIAN_POINT ( 'NONE',  ( -34.99999999999999289, 2.000000000000000000, 36.49999999999972999 ) ) ;
#68 = EDGE_LOOP ( 'NONE', ( #4093, #790, #3336, #2113 ) ) ;
#69 = AXIS2_PLACEMENT_3D ( 'NONE', #3158, #21, #5261 ) ;
#70 = VECTOR ( 'NONE', #3441, 1000.000000000000000 ) ;
#71 = DIRECTION ( 'NONE',  ( -0.7071067811865493491, 0.000000000000000000, 0.7071067811865456854 ) ) ;
#72 = CARTESIAN_POINT ( 'NONE',  ( -73.09999999999978115, 13.19999999999998863, -18.99999999999996092 ) ) ;
#73 = CARTESIAN_POINT ( 'NONE',  ( 45.00000000000000711, 9.199999999999999289, 36.50000000000000711 ) ) ;
#74 = CARTESIAN_POINT ( 'NONE',  ( -71.09999999999978115, 13.19999999999998685, -21.00000000000004619 ) ) ;
#75 = FACE_OUTER_BOUND ( 'NONE', #479, .T. ) ;
#76 = VECTOR ( 'NONE', #178, 1000.000000000000000 ) ;
#77 = VERTEX_POINT ( 'NONE', #6600 ) ;
#78 = CARTESIAN_POINT ( 'NONE',  ( -71.09999999999998010, 2.000000000000000000, 5.000000000000000000 ) ) ;
#79 = ORIENTED_EDGE ( 'NONE', *, *, #1539, .F. ) ;
#80 = CARTESIAN_POINT ( 'NONE',  ( 32.99999999999995737, -0.0009999999999992653654, 38.50000000000000711 ) ) ;
#81 = EDGE_CURVE ( 'NONE', #3359, #5366, #1871, .T. ) ;
#82 = LINE ( 'NONE', #5317, #3702 ) ;
#83 = DIRECTION ( 'NONE',  ( 0.7071067811865484609, 0.000000000000000000, -0.7071067811865465735 ) ) ;
#84 = ORIENTED_EDGE ( 'NONE', *, *, #2899, .F. ) ;
#85 = VECTOR ( 'NONE', #4706, 1000.000000000000000 ) ;
#86 = ORIENTED_EDGE ( 'NONE', *, *, #262, .F. ) ;
#87 = VERTEX_POINT ( 'NONE', #6560 ) ;
#88 = ADVANCED_FACE ( 'NONE', ( #768 ), #962, .F. ) ;
#89 = LINE ( 'NONE', #3848, #833 ) ;
#90 = VECTOR ( 'NONE', #6393, 1000.000000000000000 ) ;
#91 = FACE_OUTER_BOUND ( 'NONE', #5369, .T. ) ;
#92 = CARTESIAN_POINT ( 'NONE',  ( -37.04999999999945004, 3.800000000000001155, -68.54999999999999716 ) ) ;
#93 = ORIENTED_EDGE ( 'NONE', *, *, #3845, .F. ) ;
#94 = VECTOR ( 'NONE', #2723, 1000.000000000000000 ) ;
#95 = ORIENTED_EDGE ( 'NONE', *, *, #2593, .F. ) ;
#96 = EDGE_CURVE ( 'NONE', #628, #1396, #6209, .T. ) ;
#97 = DIRECTION ( 'NONE',  ( 1.000000000000000000, 0.000000000000000000, -1.734723475976805319E-15 ) ) ;
#98 = EDGE_CURVE ( 'NONE', #6458, #2637, #6720, .T. ) ;
#99 = PLANE ( 'NONE',  #382 ) ;
#100 = LINE ( 'NONE', #2071, #5901 ) ;
#101 = DIRECTION ( 'NONE',  ( 0.000000000000000000, 0.000000000000000000, -1.000000000000000000 ) ) ;
#102 = ORIENTED_EDGE ( 'NONE', *, *, #3819, .F. ) ;
#103 = CARTESIAN_POINT ( 'NONE',  ( -70.09999999999996589, 2.000000000000015543, -35.50000000000000711 ) ) ;
#104 = ADVANCED_FACE ( 'NONE', ( #5558 ), #408, .T. ) ;
#105 = EDGE_CURVE ( 'NONE', #41, #598, #5727, .T. ) ;
#106 = CARTESIAN_POINT ( 'NONE',  ( 2.999999999999975131, 9.199999999999999289, -38.50000000000002132 ) ) ;
#107 = CARTESIAN_POINT ( 'NONE',  ( -70.09999999999999432, 3.800000000000001155, 35.50000000000000711 ) ) ;
#108 = LINE ( 'NONE', #2760, #625 ) ;
#109 = DIRECTION ( 'NONE',  ( 0.000000000000000000, -1.000000000000000000, 0.000000000000000000 ) ) ;
#110 = EDGE_LOOP ( 'NONE', ( #5432, #4733, #233, #749 ) ) ;
#111 = LINE ( 'NONE', #767, #3950 ) ;
#112 = ORIENTED_EDGE ( 'NONE', *, *, #595, .T. ) ;
#113 = FACE_OUTER_BOUND ( 'NONE', #223, .T. ) ;
#114 = DIRECTION ( 'NONE',  ( 1.000000000000000000, -0.000000000000000000, -0.000000000000000000 ) ) ;
#115 = ORIENTED_EDGE ( 'NONE', *, *, #6741, .T. ) ;
#116 = ORIENTED_EDGE ( 'NONE', *, *, #6212, .F. ) ;
#117 = ORIENTED_EDGE ( 'NONE', *, *, #847, .T. ) ;
#118 = DIRECTION ( 'NONE',  ( 0.000000000000000000, -1.000000000000000000, 0.000000000000000000 ) ) ;
#119 = ORIENTED_EDGE ( 'NONE', *, *, #766, .F. ) ;
#120 = VERTEX_POINT ( 'NONE', #3198 ) ;
#121 = CARTESIAN_POINT ( 'NONE',  ( -71.09999999999978115, 9.199999999999999289, -15.00000000000000000 ) ) ;
#123 = EDGE_CURVE ( 'NONE', #3000, #1847, #6783, .T. ) ;
#122 = EDGE_CURVE ( 'NONE', #5975, #4323, #4772, .T. ) ;
#124 = ORIENTED_EDGE ( 'NONE', *, *, #1211, .T. ) ;
#125 = VERTEX_POINT ( 'NONE', #3129 ) ;
#126 = PLANE ( 'NONE',  #5108 ) ;
#127 = PLANE ( 'NONE',  #5228 ) ;
#128 = DIRECTION ( 'NONE',  ( 0.000000000000000000, -1.000000000000000000, 0.000000000000000000 ) ) ;
#129 = LINE ( 'NONE', #1123, #5256 ) ;
#130 = ADVANCED_FACE ( 'NONE', ( #994 ), #5197, .F. ) ;
#131 = VERTEX_POINT ( 'NONE', #2166 ) ;
#132 = CARTESIAN_POINT ( 'NONE',  ( -71.09999999999998010, 9.199999999999999289, -5.000000000000000000 ) ) ;
#133 = PLANE ( 'NONE',  #5416 ) ;
#134 = DIRECTION ( 'NONE',  ( 0.7071067811865500152, 0.000000000000000000, -0.7071067811865451302 ) ) ;
#135 = PLANE ( 'NONE',  #1840 ) ;
#136 = LINE ( 'NONE', #1591, #6576 ) ;
#137 = EDGE_CURVE ( 'NONE', #2463, #692, #2143, .T. ) ;
#138 = EDGE_CURVE ( 'NONE', #3569, #3712, #5788, .T. ) ;
#139 = ORIENTED_EDGE ( 'NONE', *, *, #3713, .T. ) ;
#140 = DIRECTION ( 'NONE',  ( -0.000000000000000000, 1.000000000000000000, -0.000000000000000000 ) ) ;
#141 = ORIENTED_EDGE ( 'NONE', *, *, #6038, .F. ) ;
#142 = DIRECTION ( 'NONE',  ( 0.000000000000000000, 0.000000000000000000, 1.000000000000000000 ) ) ;
#143 = CARTESIAN_POINT ( 'NONE',  ( -31.55000000000024585, 3.800000000000001155, 3.050000000000531397 ) ) ;
#144 = ORIENTED_EDGE ( 'NONE', *, *, #6468, .F. ) ;
#145 = EDGE_CURVE ( 'NONE', #6502, #1224, #4273, .T. ) ;
#146 = ORIENTED_EDGE ( 'NONE', *, *, #3352, .T. ) ;
#147 = ORIENTED_EDGE ( 'NONE', *, *, #5451, .T. ) ;
#148 = FACE_OUTER_BOUND ( 'NONE', #4654, .T. ) ;
#149 = ORIENTED_EDGE ( 'NONE', *, *, #6166, .F. ) ;
#150 = LINE ( 'NONE', #6472, #3492 ) ;
#151 = ORIENTED_EDGE ( 'NONE', *, *, #3759, .F. ) ;
#152 = CARTESIAN_POINT ( 'NONE',  ( -73.09999999999998010, -0.0009999999999992653654, -38.50000000000000711 ) ) ;
#153 = ORIENTED_EDGE ( 'NONE', *, *, #2245, .T. ) ;
#154 = ORIENTED_EDGE ( 'NONE', *, *, #4687, .T. ) ;
#155 = DIRECTION ( 'NONE',  ( 1.226634733346693197E-15, 0.7071067811865503483, 0.7071067811865447972 ) ) ;
#156 = VECTOR ( 'NONE', #2013, 999.9999999999998863 ) ;
#157 = DIRECTION ( 'NONE',  ( 1.000000000000000000, 0.000000000000000000, -1.734723475976805319E-15 ) ) ;
#158 = EDGE_CURVE ( 'NONE', #120, #744, #4709, .T. ) ;
#159 = DIRECTION ( 'NONE',  ( 1.000000000000000000, 0.000000000000000000, 0.000000000000000000 ) ) ;
#160 = DIRECTION ( 'NONE',  ( 0.000000000000000000, -0.7071067811865446862, 0.7071067811865503483 ) ) ;
#161 = ORIENTED_EDGE ( 'NONE', *, *, #38, .T. ) ;
#162 = LINE ( 'NONE', #719, #756 ) ;
#163 = CARTESIAN_POINT ( 'NONE',  ( 14.99999999999999645, 9.199999999999999289, -38.50000000000002132 ) ) ;
#164 = VECTOR ( 'NONE', #3656, 1000.000000000000000 ) ;
#165 = CARTESIAN_POINT ( 'NONE',  ( -73.09999999999998010, 2.000000000000000000, -27.00000000000022737 ) ) ;
#166 = EDGE_CURVE ( 'NONE', #6485, #4009, #3585, .T. ) ;
#167 = VECTOR ( 'NONE', #2879, 1000.000000000000000 ) ;
#168 = FACE_OUTER_BOUND ( 'NONE', #3254, .T. ) ;
#169 = DIRECTION ( 'NONE',  ( 0.000000000000000000, -1.000000000000000000, 0.000000000000000000 ) ) ;
#170 = STYLED_ITEM ( 'NONE', ( #2744 ), #3294 ) ;
#171 = ORIENTED_EDGE ( 'NONE', *, *, #2899, .T. ) ;
#172 = VECTOR ( 'NONE', #4146, 1000.000000000000000 ) ;
#173 = DIRECTION ( 'NONE',  ( 0.000000000000000000, 0.000000000000000000, 1.000000000000000000 ) ) ;
#174 = ADVANCED_FACE ( 'NONE', ( #2100 ), #99, .F. ) ;
#175 = ORIENTED_EDGE ( 'NONE', *, *, #5542, .T. ) ;
#176 = DIRECTION ( 'NONE',  ( 0.000000000000000000, 1.000000000000000000, 0.000000000000000000 ) ) ;
#177 = LINE ( 'NONE', #3979, #1071 ) ;
#178 = DIRECTION ( 'NONE',  ( -1.000000000000000000, 0.000000000000000000, 0.000000000000000000 ) ) ;
#179 = VECTOR ( 'NONE', #1328, 1000.000000000000000 ) ;
#180 = AXIS2_PLACEMENT_3D ( 'NONE', #313, #1448, #3032 ) ;
#181 = VERTEX_POINT ( 'NONE', #4134 ) ;
#182 = VECTOR ( 'NONE', #4276, 1000.000000000000000 ) ;
#183 = EDGE_LOOP ( 'NONE', ( #1708, #1563, #1887, #3775, #5156 ) ) ;
#184 = VERTEX_POINT ( 'NONE', #2067 ) ;
#185 = ADVANCED_FACE ( 'NONE', ( #6241 ), #1022, .T. ) ;
#186 = DIRECTION ( 'NONE',  ( 0.7071067811865500152, -0.7071067811865451302, 0.000000000000000000 ) ) ;
#187 = DIRECTION ( 'NONE',  ( 0.000000000000000000, 1.000000000000000000, 0.000000000000000000 ) ) ;
#188 = ORIENTED_EDGE ( 'NONE', *, *, #1125, .F. ) ;
#189 = DIRECTION ( 'NONE',  ( -1.000000000000000000, 0.000000000000000000, 0.000000000000000000 ) ) ;
#190 = VECTOR ( 'NONE', #1052, 1000.000000000000000 ) ;
#191 = EDGE_LOOP ( 'NONE', ( #2196, #6731, #6230, #6127 ) ) ;
#192 = DIRECTION ( 'NONE',  ( -1.000000000000000000, 0.000000000000000000, -0.000000000000000000 ) ) ;
#193 = EDGE_LOOP ( 'NONE', ( #4925, #5951, #4996, #5319 ) ) ;
#194 = VERTEX_POINT ( 'NONE', #5230 ) ;
#195 = VECTOR ( 'NONE', #4856, 1000.000000000000000 ) ;
#196 = PLANE ( 'NONE',  #1139 ) ;
#197 = FACE_OUTER_BOUND ( 'NONE', #39, .T. ) ;
#198 = CARTESIAN_POINT ( 'NONE',  ( 35.00000000000000000, 3.800000000000001155, 36.50000000000000711 ) ) ;
#199 = DIRECTION ( 'NONE',  ( 1.000000000000000000, 0.000000000000000000, 0.000000000000000000 ) ) ;
#200 = VECTOR ( 'NONE', #2498, 1000.000000000000000 ) ;
#201 = ORIENTED_EDGE ( 'NONE', *, *, #5495, .T. ) ;
#202 = CARTESIAN_POINT ( 'NONE',  ( -17.00000000000002487, 9.199999999999999289, 38.49999999999986500 ) ) ;
#203 = DIRECTION ( 'NONE',  ( 0.000000000000000000, 0.000000000000000000, -1.000000000000000000 ) ) ;
#204 = CARTESIAN_POINT ( 'NONE',  ( 73.10000000000005116, 9.199999999999999289, 25.00000000000000355 ) ) ;
#205 = CARTESIAN_POINT ( 'NONE',  ( 0.000000000000000000, 9.199999999999999289, 0.000000000000000000 ) ) ;
#206 = LINE ( 'NONE', #795, #624 ) ;
#207 = ORIENTED_EDGE ( 'NONE', *, *, #4841, .T. ) ;
#209 = EDGE_CURVE ( 'NONE', #4902, #5262, #5268, .T. ) ;
#208 = EDGE_CURVE ( 'NONE', #4268, #1983, #3167, .T. ) ;
#210 = LINE ( 'NONE', #4886, #5265 ) ;
#211 = DIRECTION ( 'NONE',  ( 0.000000000000000000, -1.000000000000000000, 0.000000000000000000 ) ) ;
#212 = DIRECTION ( 'NONE',  ( 0.000000000000000000, -1.000000000000000000, 0.000000000000000000 ) ) ;
#213 = CARTESIAN_POINT ( 'NONE',  ( -45.00000000000000711, 9.199999999999999289, 38.49999999999972999 ) ) ;
#214 = FACE_OUTER_BOUND ( 'NONE', #4363, .T. ) ;
#215 = EDGE_LOOP ( 'NONE', ( #4415, #2668, #980, #1670, #4053, #1741, #5543, #5523 ) ) ;
#216 = EDGE_CURVE ( 'NONE', #1667, #700, #1580, .T. ) ;
#217 = ORIENTED_EDGE ( 'NONE', *, *, #6180, .T. ) ;
#218 = ORIENTED_EDGE ( 'NONE', *, *, #1140, .T. ) ;
#219 = DIRECTION ( 'NONE',  ( 0.7071067811865500152, -0.7071067811865451302, 0.000000000000000000 ) ) ;
#220 = LINE ( 'NONE', #1360, #397 ) ;
#221 = VERTEX_POINT ( 'NONE', #4203 ) ;
#222 = DIRECTION ( 'NONE',  ( 0.000000000000000000, -1.000000000000000000, 0.000000000000000000 ) ) ;
#223 = EDGE_LOOP ( 'NONE', ( #3221, #227, #5680, #1534 ) ) ;
#224 = DIRECTION ( 'NONE',  ( 0.000000000000000000, 0.000000000000000000, -1.000000000000000000 ) ) ;
#225 = ADVANCED_FACE ( 'NONE', ( #4740 ), #26, .F. ) ;
#226 = ADVANCED_FACE ( 'NONE', ( #3726 ), #6341, .T. ) ;
#227 = ORIENTED_EDGE ( 'NONE', *, *, #773, .T. ) ;
#228 = VERTEX_POINT ( 'NONE', #2858 ) ;
#229 = DIRECTION ( 'NONE',  ( 0.7071067811865401342, 0.000000000000000000, 0.7071067811865549002 ) ) ;
#230 = CARTESIAN_POINT ( 'NONE',  ( 73.09999999999998010, 9.199999999999999289, 5.000000000000004441 ) ) ;
#231 = CARTESIAN_POINT ( 'NONE',  ( -2.999999999999966249, 9.199999999999999289, -36.50000000000002132 ) ) ;
#232 = DIRECTION ( 'NONE',  ( 0.000000000000000000, -1.000000000000000000, 0.000000000000000000 ) ) ;
#233 = ORIENTED_EDGE ( 'NONE', *, *, #1598, .F. ) ;
#234 = CARTESIAN_POINT ( 'NONE',  ( -73.09999999999999432, 2.000000000000000000, 38.50000000000000711 ) ) ;
#235 = CARTESIAN_POINT ( 'NONE',  ( -45.00000000000000711, 9.199999999999999289, 38.49999999999972999 ) ) ;
#236 = CARTESIAN_POINT ( 'NONE',  ( 71.09999999999978115, 9.199999999999999289, -15.00000000000000000 ) ) ;
#237 = LINE ( 'NONE', #4484, #5581 ) ;
#238 = EDGE_CURVE ( 'NONE', #2846, #4217, #6035, .T. ) ;
#239 = LINE ( 'NONE', #3866, #5134 ) ;
#240 = VERTEX_POINT ( 'NONE', #4947 ) ;
#241 = DIRECTION ( 'NONE',  ( -1.000000000000000000, -0.000000000000000000, -0.000000000000000000 ) ) ;
#242 = CARTESIAN_POINT ( 'NONE',  ( -34.99999999999999289, 7.199999999999984190, 38.49999999999972999 ) ) ;
#243 = PLANE ( 'NONE',  #6222 ) ;
#244 = LINE ( 'NONE', #6089, #2285 ) ;
#245 = PLANE ( 'NONE',  #6556 ) ;
#247 = EDGE_CURVE ( 'NONE', #3337, #598, #6440, .T. ) ;
#246 = EDGE_CURVE ( 'NONE', #6368, #3771, #1261, .T. ) ;
#248 = ORIENTED_EDGE ( 'NONE', *, *, #5051, .T. ) ;
#249 = ORIENTED_EDGE ( 'NONE', *, *, #145, .F. ) ;
#250 = EDGE_LOOP ( 'NONE', ( #2183, #1882, #6633, #336 ) ) ;
#251 = DIRECTION ( 'NONE',  ( -0.7071067811865369146, 0.000000000000000000, -0.7071067811865581199 ) ) ;
#252 = CARTESIAN_POINT ( 'NONE',  ( 25.00000000000000355, 2.000000000000000000, 36.50000000000000711 ) ) ;
#253 = EDGE_CURVE ( 'NONE', #2390, #5427, #6513, .T. ) ;
#254 = ORIENTED_EDGE ( 'NONE', *, *, #4333, .T. ) ;
#255 = LINE ( 'NONE', #1034, #956 ) ;
#256 = ORIENTED_EDGE ( 'NONE', *, *, #96, .T. ) ;
#257 = FACE_OUTER_BOUND ( 'NONE', #1146, .T. ) ;
#258 = VERTEX_POINT ( 'NONE', #2332 ) ;
#259 = ORIENTED_EDGE ( 'NONE', *, *, #353, .T. ) ;
#260 = ORIENTED_EDGE ( 'NONE', *, *, #6165, .F. ) ;
#261 = CARTESIAN_POINT ( 'NONE',  ( -69.89999999999996305, 2.000000000000000000, -40.50000000000000000 ) ) ;
#262 = EDGE_CURVE ( 'NONE', #4222, #3013, #5995, .T. ) ;
#263 = CARTESIAN_POINT ( 'NONE',  ( 70.09999999999999432, 2.000000000000000000, 38.50000000000000711 ) ) ;
#264 = ADVANCED_FACE ( 'NONE', ( #1783 ), #127, .T. ) ;
#265 = DIRECTION ( 'NONE',  ( -0.000000000000000000, 0.000000000000000000, 1.000000000000000000 ) ) ;
#266 = DIRECTION ( 'NONE',  ( 0.000000000000000000, -1.000000000000000000, 0.000000000000000000 ) ) ;
#267 = ORIENTED_EDGE ( 'NONE', *, *, #4392, .T. ) ;
#268 = VECTOR ( 'NONE', #1476, 1000.000000000000114 ) ;
#269 = DIRECTION ( 'NONE',  ( 0.000000000000000000, 1.000000000000000000, -0.000000000000000000 ) ) ;
#270 = CARTESIAN_POINT ( 'NONE',  ( 0.000000000000000000, 14.00000000000000000, 0.000000000000000000 ) ) ;
#271 = CARTESIAN_POINT ( 'NONE',  ( -45.00000000000000000, 3.800000000000001155, 36.49999999999972999 ) ) ;
#272 = DIRECTION ( 'NONE',  ( 0.000000000000000000, -1.000000000000000000, 0.000000000000000000 ) ) ;
#273 = VECTOR ( 'NONE', #3821, 1000.000000000000000 ) ;
#274 = PLANE ( 'NONE',  #2824 ) ;
#275 = ORIENTED_EDGE ( 'NONE', *, *, #2907, .T. ) ;
#276 = VECTOR ( 'NONE', #4589, 1000.000000000000114 ) ;
#277 = VECTOR ( 'NONE', #2394, 1000.000000000000000 ) ;
#278 = DIRECTION ( 'NONE',  ( 0.7071067811865451302, 0.7071067811865500152, -0.000000000000000000 ) ) ;
#279 = CARTESIAN_POINT ( 'NONE',  ( 71.09999999999978115, 9.199999999999999289, -15.00000000000000000 ) ) ;
#280 = DIRECTION ( 'NONE',  ( -0.000000000000000000, 1.000000000000000000, -0.000000000000000000 ) ) ;
#281 = DIRECTION ( 'NONE',  ( -0.000000000000000000, 0.000000000000000000, 1.000000000000000000 ) ) ;
#282 = DIRECTION ( 'NONE',  ( 0.000000000000000000, 0.000000000000000000, 1.000000000000000000 ) ) ;
#283 = AXIS2_PLACEMENT_3D ( 'NONE', #925, #2973, #4076 ) ;
#284 = VERTEX_POINT ( 'NONE', #5962 ) ;
#285 = AXIS2_PLACEMENT_3D ( 'NONE', #3042, #4621, #1001 ) ;
#286 = ORIENTED_EDGE ( 'NONE', *, *, #1390, .F. ) ;
#287 = ORIENTED_EDGE ( 'NONE', *, *, #340, .F. ) ;
#288 = VECTOR ( 'NONE', #1643, 1000.000000000000000 ) ;
#289 = AXIS2_PLACEMENT_3D ( 'NONE', #1846, #6608, #1881 ) ;
#290 = LINE ( 'NONE', #4458, #1938 ) ;
#291 = CARTESIAN_POINT ( 'NONE',  ( 65.00000000000000000, 9.199999999999999289, 36.50000000000000711 ) ) ;
#292 = VERTEX_POINT ( 'NONE', #1679 ) ;
#293 = DIRECTION ( 'NONE',  ( -1.000000000000000000, 0.000000000000000000, -0.000000000000000000 ) ) ;
#294 = ORIENTED_EDGE ( 'NONE', *, *, #4751, .T. ) ;
#295 = DIRECTION ( 'NONE',  ( -6.938893903907221278E-15, 0.000000000000000000, 1.000000000000000000 ) ) ;
#296 = AXIS2_PLACEMENT_3D ( 'NONE', #1204, #1131, #5311 ) ;
#297 = VECTOR ( 'NONE', #4890, 1000.000000000000000 ) ;
#298 = ORIENTED_EDGE ( 'NONE', *, *, #4138, .F. ) ;
#299 = EDGE_LOOP ( 'NONE', ( #1294, #4467, #2309, #5012 ) ) ;
#301 = ADVANCED_FACE ( 'NONE', ( #4871 ), #2230, .F. ) ;
#300 = EDGE_CURVE ( 'NONE', #2337, #4251, #1816, .T. ) ;
#302 = ORIENTED_EDGE ( 'NONE', *, *, #1133, .T. ) ;
#303 = CARTESIAN_POINT ( 'NONE',  ( 25.00000000000000355, 9.199999999999999289, -36.50000000000002132 ) ) ;
#304 = LINE ( 'NONE', #5547, #2044 ) ;
#305 = VECTOR ( 'NONE', #2127, 1000.000000000000000 ) ;
#306 = DIRECTION ( 'NONE',  ( 0.7071067811865500152, 0.7071067811865451302, -0.000000000000000000 ) ) ;
#307 = DIRECTION ( 'NONE',  ( 0.000000000000000000, 1.000000000000000000, -0.000000000000000000 ) ) ;
#308 = EDGE_CURVE ( 'NONE', #6706, #6754, #4303, .T. ) ;
#309 = AXIS2_PLACEMENT_3D ( 'NONE', #152, #1295, #192 ) ;
#310 = ORIENTED_EDGE ( 'NONE', *, *, #605, .F. ) ;
#311 = DIRECTION ( 'NONE',  ( 0.000000000000000000, 0.000000000000000000, 1.000000000000000000 ) ) ;
#312 = SHAPE_DEFINITION_REPRESENTATION ( #6750, #6073 ) ;
#313 = CARTESIAN_POINT ( 'NONE',  ( -77.09999999999998010, 14.00000000000000000, -42.50000000000000000 ) ) ;
#314 = LINE ( 'NONE', #2417, #3142 ) ;
#315 = VECTOR ( 'NONE', #11, 1000.000000000000000 ) ;
#316 = CARTESIAN_POINT ( 'NONE',  ( -45.00000000000000000, 3.800000000000001155, -36.49999999999972999 ) ) ;
#317 = VERTEX_POINT ( 'NONE', #4435 ) ;
#318 = ADVANCED_FACE ( 'NONE', ( #682 ), #1713, .T. ) ;
#319 = AXIS2_PLACEMENT_3D ( 'NONE', #3104, #3693, #3762 ) ;
#320 = DIRECTION ( 'NONE',  ( -0.000000000000000000, -0.7071067811865446862, 0.7071067811865503483 ) ) ;
#321 = CARTESIAN_POINT ( 'NONE',  ( 73.10000000000000853, 3.800000000000001155, 13.00000000000008171 ) ) ;
#322 = LINE ( 'NONE', #2423, #6259 ) ;
#323 = FACE_OUTER_BOUND ( 'NONE', #2603, .T. ) ;
#324 = ORIENTED_EDGE ( 'NONE', *, *, #1310, .F. ) ;
#325 = EDGE_CURVE ( 'NONE', #3909, #597, #3416, .T. ) ;
#326 = ORIENTED_EDGE ( 'NONE', *, *, #2486, .T. ) ;
#327 = DIRECTION ( 'NONE',  ( 0.000000000000000000, -1.000000000000000000, 0.000000000000000000 ) ) ;
#328 = ORIENTED_EDGE ( 'NONE', *, *, #632, .T. ) ;
#329 = DIRECTION ( 'NONE',  ( 0.7071067811865500152, -0.7071067811865451302, -0.000000000000000000 ) ) ;
#330 = CARTESIAN_POINT ( 'NONE',  ( 25.00000000000000355, 2.000000000000000000, -36.50000000000002132 ) ) ;
#331 = ORIENTED_EDGE ( 'NONE', *, *, #1775, .F. ) ;
#332 = DIRECTION ( 'NONE',  ( 5.204170427930416550E-15, 0.000000000000000000, 1.000000000000000000 ) ) ;
#333 = ORIENTED_EDGE ( 'NONE', *, *, #6299, .F. ) ;
#334 = CARTESIAN_POINT ( 'NONE',  ( -62.99999999999972289, 9.199999999999999289, -4.371503159461530149E-13 ) ) ;
#335 = ORIENTED_EDGE ( 'NONE', *, *, #3631, .F. ) ;
#336 = ORIENTED_EDGE ( 'NONE', *, *, #1255, .T. ) ;
#337 = CARTESIAN_POINT ( 'NONE',  ( 55.00000000000000000, 9.199999999999999289, 36.50000000000000711 ) ) ;
#338 = DIRECTION ( 'NONE',  ( -0.000000000000000000, -0.000000000000000000, -1.000000000000000000 ) ) ;
#340 = EDGE_CURVE ( 'NONE', #420, #5464, #787, .T. ) ;
#339 = EDGE_CURVE ( 'NONE', #5006, #4679, #5514, .T. ) ;
#341 = LINE ( 'NONE', #403, #2065 ) ;
#342 = ORIENTED_EDGE ( 'NONE', *, *, #5067, .T. ) ;
#343 = LINE ( 'NONE', #5594, #3955 ) ;
#344 = CARTESIAN_POINT ( 'NONE',  ( 65.00000000000000000, 9.199999999999999289, 38.50000000000000711 ) ) ;
#345 = CARTESIAN_POINT ( 'NONE',  ( -11.55000000000052474, 3.800000000000001155, 23.05000000000067928 ) ) ;
#346 = VECTOR ( 'NONE', #4180, 1000.000000000000000 ) ;
#347 = LINE ( 'NONE', #4043, #1058 ) ;
#348 = ORIENTED_EDGE ( 'NONE', *, *, #5653, .F. ) ;
#349 = VECTOR ( 'NONE', #3763, 1000.000000000000000 ) ;
#350 = PLANE ( 'NONE',  #1299 ) ;
#351 = DIRECTION ( 'NONE',  ( 0.000000000000000000, -1.000000000000000000, 0.000000000000000000 ) ) ;
#352 = FACE_OUTER_BOUND ( 'NONE', #802, .T. ) ;
#353 = EDGE_CURVE ( 'NONE', #5427, #6098, #4978, .T. ) ;
#354 = DIRECTION ( 'NONE',  ( 0.000000000000000000, 0.000000000000000000, -1.000000000000000000 ) ) ;
#355 = EDGE_CURVE ( 'NONE', #5258, #4969, #712, .T. ) ;
#356 = ORIENTED_EDGE ( 'NONE', *, *, #4392, .F. ) ;
#357 = VERTEX_POINT ( 'NONE', #6481 ) ;
#358 = CARTESIAN_POINT ( 'NONE',  ( -73.10000000000005116, 9.199999999999999289, 25.00000000000000355 ) ) ;
#359 = ORIENTED_EDGE ( 'NONE', *, *, #5404, .T. ) ;
#360 = CARTESIAN_POINT ( 'NONE',  ( 45.00000000000000711, 3.800000000000001155, 36.50000000000000711 ) ) ;
#361 = CARTESIAN_POINT ( 'NONE',  ( -73.09999999999998010, -0.0009999999999992653654, -38.50000000000000711 ) ) ;
#362 = VERTEX_POINT ( 'NONE', #1196 ) ;
#363 = FACE_OUTER_BOUND ( 'NONE', #2403, .T. ) ;
#364 = VERTEX_POINT ( 'NONE', #2817 ) ;
#365 = ORIENTED_EDGE ( 'NONE', *, *, #4557, .T. ) ;
#366 = ORIENTED_EDGE ( 'NONE', *, *, #4720, .T. ) ;
#367 = CARTESIAN_POINT ( 'NONE',  ( 75.04974746830581012, 3.800000000000001155, 35.50000000000000711 ) ) ;
#368 = CARTESIAN_POINT ( 'NONE',  ( 45.00000000000000711, 9.199999999999999289, 36.50000000000003553 ) ) ;
#369 = CARTESIAN_POINT ( 'NONE',  ( -71.09999999999998010, 3.800000000000001155, 5.000000000000000000 ) ) ;
#370 = ORIENTED_EDGE ( 'NONE', *, *, #5587, .F. ) ;
#371 = ADVANCED_FACE ( 'NONE', ( #197 ), #2300, .F. ) ;
#372 = PLANE ( 'NONE',  #5493 ) ;
#373 = DIRECTION ( 'NONE',  ( 5.204170427930416550E-15, 0.000000000000000000, 1.000000000000000000 ) ) ;
#374 = LINE ( 'NONE', #5168, #6130 ) ;
#375 = FACE_OUTER_BOUND ( 'NONE', #5711, .T. ) ;
#376 = VECTOR ( 'NONE', #2695, 1000.000000000000000 ) ;
#377 = ORIENTED_EDGE ( 'NONE', *, *, #3306, .F. ) ;
#378 = EDGE_CURVE ( 'NONE', #3337, #6502, #4033, .T. ) ;
#379 = CARTESIAN_POINT ( 'NONE',  ( 73.10000000000000853, 2.000000000000000000, -38.50000000000000711 ) ) ;
#380 = DIRECTION ( 'NONE',  ( -0.000000000000000000, 0.000000000000000000, -1.000000000000000000 ) ) ;
#381 = CARTESIAN_POINT ( 'NONE',  ( -73.09999999999998010, 13.19999999999998863, 1.000000000000042633 ) ) ;
#382 = AXIS2_PLACEMENT_3D ( 'NONE', #5757, #1550, #4672 ) ;
#383 = CARTESIAN_POINT ( 'NONE',  ( -73.09999999999998010, 9.199999999999999289, -2.999999999999975131 ) ) ;
#384 = ORIENTED_EDGE ( 'NONE', *, *, #5846, .T. ) ;
#385 = VECTOR ( 'NONE', #2094, 1000.000000000000000 ) ;
#386 = ORIENTED_EDGE ( 'NONE', *, *, #5542, .F. ) ;
#387 = CARTESIAN_POINT ( 'NONE',  ( -54.99999999999999289, 9.199999999999999289, 38.49999999999958789 ) ) ;
#388 = ORIENTED_EDGE ( 'NONE', *, *, #3552, .T. ) ;
#389 = DIRECTION ( 'NONE',  ( -6.938893903907221278E-15, 0.000000000000000000, 1.000000000000000000 ) ) ;
#390 = DIRECTION ( 'NONE',  ( 0.000000000000000000, -1.000000000000000000, 0.000000000000000000 ) ) ;
#391 = VECTOR ( 'NONE', #6411, 1000.000000000000000 ) ;
#392 = VECTOR ( 'NONE', #1978, 1000.000000000000000 ) ;
#393 = ORIENTED_EDGE ( 'NONE', *, *, #6715, .T. ) ;
#394 = ORIENTED_EDGE ( 'NONE', *, *, #5664, .T. ) ;
#395 = VECTOR ( 'NONE', #4572, 1000.000000000000000 ) ;
#396 = ORIENTED_EDGE ( 'NONE', *, *, #1205, .F. ) ;
#397 = VECTOR ( 'NONE', #3912, 1000.000000000000000 ) ;
#398 = ORIENTED_EDGE ( 'NONE', *, *, #3575, .T. ) ;
#399 = LINE ( 'NONE', #917, #3691 ) ;
#400 = DIRECTION ( 'NONE',  ( 0.000000000000000000, 1.000000000000000000, -0.000000000000000000 ) ) ;
#401 = VECTOR ( 'NONE', #779, 1000.000000000000000 ) ;
#402 = VECTOR ( 'NONE', #5216, 1000.000000000000000 ) ;
#403 = CARTESIAN_POINT ( 'NONE',  ( 73.10000000000000853, 2.000000000000000000, -35.50000000000000711 ) ) ;
#404 = VERTEX_POINT ( 'NONE', #1993 ) ;
#405 = EDGE_CURVE ( 'NONE', #5464, #728, #1923, .T. ) ;
#406 = VECTOR ( 'NONE', #5829, 1000.000000000000000 ) ;
#407 = CARTESIAN_POINT ( 'NONE',  ( -14.99999999999999645, 7.199999999999984190, 38.49999999999986500 ) ) ;
#408 = PLANE ( 'NONE',  #6661 ) ;
#409 =( NAMED_UNIT ( * ) PLANE_ANGLE_UNIT ( ) SI_UNIT ( $, .RADIAN. ) );
#410 = DIRECTION ( 'NONE',  ( 0.000000000000000000, -1.000000000000000000, 0.000000000000000000 ) ) ;
#411 = PLANE ( 'NONE',  #283 ) ;
#412 = DIRECTION ( 'NONE',  ( 0.000000000000000000, -1.000000000000000000, 0.000000000000000000 ) ) ;
#413 = VECTOR ( 'NONE', #4056, 1000.000000000000000 ) ;
#414 = ORIENTED_EDGE ( 'NONE', *, *, #3388, .T. ) ;
#415 = CARTESIAN_POINT ( 'NONE',  ( 17.00000000000002842, 9.199999999999999289, 38.50000000000000711 ) ) ;
#416 = AXIS2_PLACEMENT_3D ( 'NONE', #3461, #3975, #4552 ) ;
#417 = CARTESIAN_POINT ( 'NONE',  ( 71.09999999999978115, 13.19999999999998685, -21.00000000000004619 ) ) ;
#418 = DIRECTION ( 'NONE',  ( 0.000000000000000000, -1.000000000000000000, 0.000000000000000000 ) ) ;
#419 = CARTESIAN_POINT ( 'NONE',  ( -73.09999999999998010, -0.0009999999999992653654, -38.50000000000000711 ) ) ;
#420 = VERTEX_POINT ( 'NONE', #954 ) ;
#422 = ADVANCED_FACE ( 'NONE', ( #4541 ), #6645, .T. ) ;
#421 = EDGE_CURVE ( 'NONE', #2220, #240, #1336, .T. ) ;
#423 = CIRCLE ( 'NONE', #2186, 3.000000000000002665 ) ;
#424 = ORIENTED_EDGE ( 'NONE', *, *, #1401, .F. ) ;
#425 = VERTEX_POINT ( 'NONE', #263 ) ;
#426 = FACE_OUTER_BOUND ( 'NONE', #5647, .T. ) ;
#427 = ORIENTED_EDGE ( 'NONE', *, *, #5451, .F. ) ;
#428 = CARTESIAN_POINT ( 'NONE',  ( 2.999999999999975131, 9.199999999999999289, -36.50000000000002132 ) ) ;
#429 = CARTESIAN_POINT ( 'NONE',  ( 25.00000000000000355, 7.199999999999984190, -36.50000000000002132 ) ) ;
#430 = PLANE ( 'NONE',  #4150 ) ;
#431 = ORIENTED_EDGE ( 'NONE', *, *, #1374, .F. ) ;
#432 = EDGE_CURVE ( 'NONE', #998, #45, #399, .T. ) ;
#433 = ORIENTED_EDGE ( 'NONE', *, *, #325, .T. ) ;
#434 = ADVANCED_FACE ( 'NONE', ( #6141 ), #1593, .T. ) ;
#435 = ORIENTED_EDGE ( 'NONE', *, *, #461, .F. ) ;
#436 = ORIENTED_EDGE ( 'NONE', *, *, #3766, .F. ) ;
#437 = DIRECTION ( 'NONE',  ( 0.000000000000000000, -1.000000000000000000, 0.000000000000000000 ) ) ;
#438 = PLANE ( 'NONE',  #3708 ) ;
#439 = EDGE_CURVE ( 'NONE', #45, #24, #6714, .T. ) ;
#440 = LINE ( 'NONE', #1967, #1735 ) ;
#441 = VERTEX_POINT ( 'NONE', #4000 ) ;
#442 = CARTESIAN_POINT ( 'NONE',  ( -45.00000000000001421, 9.199999999999999289, -38.49999999999972999 ) ) ;
#443 = FACE_OUTER_BOUND ( 'NONE', #5010, .T. ) ;
#444 = PLANE ( 'NONE',  #1613 ) ;
#445 = LINE ( 'NONE', #6183, #2703 ) ;
#446 = ADVANCED_FACE ( 'NONE', ( #2441 ), #1441, .T. ) ;
#447 = LINE ( 'NONE', #4140, #4906 ) ;
#448 = VERTEX_POINT ( 'NONE', #5017 ) ;
#449 = CARTESIAN_POINT ( 'NONE',  ( 73.10000000000000853, -0.0009999999999992653654, 7.000000000000089706 ) ) ;
#450 = EDGE_CURVE ( 'NONE', #1434, #6172, #4097, .T. ) ;
#451 = CARTESIAN_POINT ( 'NONE',  ( -73.09999999999998010, 3.800000000000001155, -38.50000000000000711 ) ) ;
#452 = FACE_OUTER_BOUND ( 'NONE', #2343, .T. ) ;
#453 = DIRECTION ( 'NONE',  ( 0.000000000000000000, 1.000000000000000000, -0.000000000000000000 ) ) ;
#454 = ORIENTED_EDGE ( 'NONE', *, *, #1732, .F. ) ;
#455 = ORIENTED_EDGE ( 'NONE', *, *, #2352, .F. ) ;
#456 = VECTOR ( 'NONE', #2339, 1000.000000000000000 ) ;
#457 = CARTESIAN_POINT ( 'NONE',  ( -73.09999999999999432, -0.0009999999999992653654, 6.999999999999971578 ) ) ;
#458 = VERTEX_POINT ( 'NONE', #2995 ) ;
#459 = CARTESIAN_POINT ( 'NONE',  ( -73.09999999999999432, 3.800000000000001155, 38.50000000000000711 ) ) ;
#461 = EDGE_CURVE ( 'NONE', #2212, #4085, #1962, .T. ) ;
#460 = EDGE_CURVE ( 'NONE', #1863, #125, #304, .T. ) ;
#462 = DIRECTION ( 'NONE',  ( -0.000000000000000000, 0.000000000000000000, -1.000000000000000000 ) ) ;
#463 = CARTESIAN_POINT ( 'NONE',  ( 15.00000000000000000, 3.800000000000001155, 38.50000000000000711 ) ) ;
#464 = ORIENTED_EDGE ( 'NONE', *, *, #2837, .F. ) ;
#465 = ORIENTED_EDGE ( 'NONE', *, *, #2464, .T. ) ;
#466 = ORIENTED_EDGE ( 'NONE', *, *, #2792, .T. ) ;
#468 = EDGE_CURVE ( 'NONE', #2796, #3801, #818, .T. ) ;
#467 = EDGE_CURVE ( 'NONE', #6172, #4584, #3483, .T. ) ;
#469 = LINE ( 'NONE', #4163, #4570 ) ;
#470 = DIRECTION ( 'NONE',  ( 0.7071067811865439090, 0.000000000000000000, 0.7071067811865512365 ) ) ;
#471 = LINE ( 'NONE', #2023, #1515 ) ;
#472 = ORIENTED_EDGE ( 'NONE', *, *, #1785, .F. ) ;
#473 = EDGE_CURVE ( 'NONE', #3732, #1148, #5090, .T. ) ;
#474 = CARTESIAN_POINT ( 'NONE',  ( -73.09999999999998010, 9.199999999999999289, 5.000000000000004441 ) ) ;
#475 = CARTESIAN_POINT ( 'NONE',  ( 71.09999999999998010, 7.199999999999984190, -5.000000000000000000 ) ) ;
#476 = CARTESIAN_POINT ( 'NONE',  ( -34.99999999999999289, 2.000000000000000000, -36.49999999999972999 ) ) ;
#477 = DIRECTION ( 'NONE',  ( 0.000000000000000000, -1.000000000000000000, 0.000000000000000000 ) ) ;
#478 = LINE ( 'NONE', #4582, #4044 ) ;
#479 = EDGE_LOOP ( 'NONE', ( #4532, #5784, #6331, #5660, #4261, #3188 ) ) ;
#480 = APPLICATION_CONTEXT ( 'automotive_design' ) ;
#481 = CARTESIAN_POINT ( 'NONE',  ( 69.89999999999994884, 2.000000000000000000, -40.50000000000000000 ) ) ;
#482 = CARTESIAN_POINT ( 'NONE',  ( -45.00000000000001421, 7.199999999999984190, -38.49999999999972999 ) ) ;
#483 = LINE ( 'NONE', #6660, #2265 ) ;
#484 = DIRECTION ( 'NONE',  ( 0.000000000000000000, -1.000000000000000000, 0.000000000000000000 ) ) ;
#485 = DIRECTION ( 'NONE',  ( 0.000000000000000000, -1.000000000000000000, 0.000000000000000000 ) ) ;
#486 = ORIENTED_EDGE ( 'NONE', *, *, #4678, .T. ) ;
#487 = VECTOR ( 'NONE', #5164, 1000.000000000000000 ) ;
#488 = FACE_OUTER_BOUND ( 'NONE', #5295, .T. ) ;
#489 = ORIENTED_EDGE ( 'NONE', *, *, #6656, .F. ) ;
#490 = CARTESIAN_POINT ( 'NONE',  ( -73.09999999999999432, 2.000000000000000000, 38.50000000000000711 ) ) ;
#491 = ADVANCED_FACE ( 'NONE', ( #2473 ), #6203, .T. ) ;
#492 = DIRECTION ( 'NONE',  ( 1.000000000000000000, 0.000000000000000000, 0.000000000000000000 ) ) ;
#493 = CARTESIAN_POINT ( 'NONE',  ( -2.999999999999966249, 9.199999999999999289, 36.50000000000000711 ) ) ;
#494 = VERTEX_POINT ( 'NONE', #2408 ) ;
#495 = VECTOR ( 'NONE', #4843, 1000.000000000000000 ) ;
#496 = EDGE_CURVE ( 'NONE', #3220, #2055, #4510, .T. ) ;
#497 = VERTEX_POINT ( 'NONE', #2671 ) ;
#498 = ORIENTED_EDGE ( 'NONE', *, *, #5631, .T. ) ;
#499 = VECTOR ( 'NONE', #3865, 1000.000000000000114 ) ;
#500 = AXIS2_PLACEMENT_3D ( 'NONE', #4834, #2847, #118 ) ;
#501 = LINE ( 'NONE', #4224, #4243 ) ;
#502 = CARTESIAN_POINT ( 'NONE',  ( -16.00000000000000355, 8.199999999999985079, 36.49999999999986500 ) ) ;
#503 = EDGE_LOOP ( 'NONE', ( #1358, #3761, #1150, #5925, #294, #831 ) ) ;
#504 = DIRECTION ( 'NONE',  ( 0.000000000000000000, 0.000000000000000000, 1.000000000000000000 ) ) ;
#505 = VECTOR ( 'NONE', #5056, 1000.000000000000000 ) ;
#506 = EDGE_CURVE ( 'NONE', #362, #5217, #5159, .T. ) ;
#507 = CIRCLE ( 'NONE', #5462, 4.949747468305801590 ) ;
#508 = ORIENTED_EDGE ( 'NONE', *, *, #4759, .F. ) ;
#509 = LINE ( 'NONE', #993, #4452 ) ;
#510 = CARTESIAN_POINT ( 'NONE',  ( -34.99999999999999289, 2.000000000000000000, 36.49999999999972999 ) ) ;
#511 = VECTOR ( 'NONE', #1892, 1000.000000000000000 ) ;
#512 = CARTESIAN_POINT ( 'NONE',  ( 75.09999999999996589, 0.000000000000000000, -35.50000000000000711 ) ) ;
#513 = VECTOR ( 'NONE', #5613, 1000.000000000000000 ) ;
#514 = CARTESIAN_POINT ( 'NONE',  ( -14.99999999999999645, 2.000000000000000000, -36.49999999999986500 ) ) ;
#515 = CARTESIAN_POINT ( 'NONE',  ( 53.00000000000002132, 3.800000000000001155, 38.50000000000000711 ) ) ;
#516 = EDGE_CURVE ( 'NONE', #194, #6319, #6273, .T. ) ;
#517 = EDGE_CURVE ( 'NONE', #2886, #1051, #469, .T. ) ;
#518 = VECTOR ( 'NONE', #4183, 1000.000000000000000 ) ;
#519 = ORIENTED_EDGE ( 'NONE', *, *, #4527, .F. ) ;
#520 = CARTESIAN_POINT ( 'NONE',  ( 71.09999999999978115, 9.199999999999999289, -25.00000000000000000 ) ) ;
#521 = PLANE ( 'NONE',  #4306 ) ;
#522 = DIRECTION ( 'NONE',  ( 3.469446951953610639E-15, 0.000000000000000000, -1.000000000000000000 ) ) ;
#523 = CARTESIAN_POINT ( 'NONE',  ( -73.09999999999998010, 3.800000000000001155, -38.50000000000000711 ) ) ;
#524 = VECTOR ( 'NONE', #6516, 1000.000000000000114 ) ;
#525 = PLANE ( 'NONE',  #1407 ) ;
#526 = EDGE_CURVE ( 'NONE', #3439, #6138, #1543, .T. ) ;
#527 = EDGE_CURVE ( 'NONE', #3295, #3000, #4637, .T. ) ;
#528 = ADVANCED_FACE ( 'NONE', ( #3648 ), #5749, .F. ) ;
#529 = ORIENTED_EDGE ( 'NONE', *, *, #5163, .F. ) ;
#530 = AXIS2_PLACEMENT_3D ( 'NONE', #3226, #5326, #1223 ) ;
#531 = CARTESIAN_POINT ( 'NONE',  ( 73.10000000000000853, -0.0009999999999992653654, -7.000000000000006217 ) ) ;
#532 = ORIENTED_EDGE ( 'NONE', *, *, #5821, .F. ) ;
#533 = CARTESIAN_POINT ( 'NONE',  ( -24.99999999999999289, 2.000000000000000000, -36.49999999999986500 ) ) ;
#534 = DIRECTION ( 'NONE',  ( 0.000000000000000000, 0.000000000000000000, 1.000000000000000000 ) ) ;
#535 = DIRECTION ( 'NONE',  ( 0.7071067811865465735, -0.7071067811865484609, 2.453269466693392705E-15 ) ) ;
#536 = VECTOR ( 'NONE', #3901, 1000.000000000000114 ) ;
#537 = ORIENTED_EDGE ( 'NONE', *, *, #640, .F. ) ;
#538 = EDGE_CURVE ( 'NONE', #3408, #3548, #541, .T. ) ;
#539 = ORIENTED_EDGE ( 'NONE', *, *, #4029, .F. ) ;
#540 = ORIENTED_EDGE ( 'NONE', *, *, #3339, .T. ) ;
#541 = LINE ( 'NONE', #2157, #385 ) ;
#542 = DIRECTION ( 'NONE',  ( -1.000000000000000000, -0.000000000000000000, -0.000000000000000000 ) ) ;
#543 = ORIENTED_EDGE ( 'NONE', *, *, #4831, .F. ) ;
#544 = DIRECTION ( 'NONE',  ( 1.734723475976805319E-15, 0.000000000000000000, 1.000000000000000000 ) ) ;
#545 = EDGE_LOOP ( 'NONE', ( #2142, #2738, #975, #537 ) ) ;
#546 = DIRECTION ( 'NONE',  ( 0.000000000000000000, -1.000000000000000000, 0.000000000000000000 ) ) ;
#547 = DIRECTION ( 'NONE',  ( 0.000000000000000000, -1.000000000000000000, 0.000000000000000000 ) ) ;
#548 = LINE ( 'NONE', #5827, #3379 ) ;
#550 = EDGE_CURVE ( 'NONE', #4965, #3359, #5849, .T. ) ;
#549 = ADVANCED_FACE ( 'NONE', ( #6332 ), #5190, .F. ) ;
#551 = LINE ( 'NONE', #2648, #839 ) ;
#552 = LINE ( 'NONE', #3274, #2172 ) ;
#553 = ORIENTED_EDGE ( 'NONE', *, *, #2779, .F. ) ;
#554 = LINE ( 'NONE', #4240, #2406 ) ;
#555 = DIRECTION ( 'NONE',  ( -1.000000000000000000, 0.000000000000000000, -1.734723475976805319E-15 ) ) ;
#556 = LINE ( 'NONE', #73, #6018 ) ;
#557 = EDGE_CURVE ( 'NONE', #6793, #6517, #501, .T. ) ;
#558 = PLANE ( 'NONE',  #957 ) ;
#559 = CARTESIAN_POINT ( 'NONE',  ( -17.00000000000002487, 9.199999999999999289, -38.49999999999986500 ) ) ;
#560 = ORIENTED_EDGE ( 'NONE', *, *, #1313, .F. ) ;
#561 = LINE ( 'NONE', #4788, #90 ) ;
#562 = EDGE_CURVE ( 'NONE', #6172, #2381, #1115, .T. ) ;
#563 = ORIENTED_EDGE ( 'NONE', *, *, #145, .T. ) ;
#564 = CARTESIAN_POINT ( 'NONE',  ( 73.10000000000005116, 7.199999999999984190, 14.99999999999999645 ) ) ;
#565 = EDGE_CURVE ( 'NONE', #6531, #6742, #3092, .T. ) ;
#566 = LINE ( 'NONE', #4119, #6566 ) ;
#567 = DIRECTION ( 'NONE',  ( -0.7071067811865549002, 0.000000000000000000, 0.7071067811865402453 ) ) ;
#568 = ORIENTED_EDGE ( 'NONE', *, *, #4178, .F. ) ;
#569 = ORIENTED_EDGE ( 'NONE', *, *, #2667, .F. ) ;
#570 = VERTEX_POINT ( 'NONE', #1642 ) ;
#571 = CARTESIAN_POINT ( 'NONE',  ( -73.09999999999999432, -0.0009999999999992653654, 13.00000000000005329 ) ) ;
#572 = CARTESIAN_POINT ( 'NONE',  ( -73.09999999999978115, 7.199999999999984190, -14.99999999999999645 ) ) ;
#573 = LINE ( 'NONE', #4199, #85 ) ;
#574 = ORIENTED_EDGE ( 'NONE', *, *, #1187, .T. ) ;
#575 = LINE ( 'NONE', #1517, #3735 ) ;
#576 = CARTESIAN_POINT ( 'NONE',  ( 73.09999999999978115, 9.199999999999999289, -25.00000000000000355 ) ) ;
#577 = DIRECTION ( 'NONE',  ( 0.000000000000000000, -1.000000000000000000, 0.000000000000000000 ) ) ;
#578 = EDGE_CURVE ( 'NONE', #228, #194, #6743, .T. ) ;
#579 = DIRECTION ( 'NONE',  ( 0.000000000000000000, -1.000000000000000000, 0.000000000000000000 ) ) ;
#580 = DIRECTION ( 'NONE',  ( -0.000000000000000000, 0.000000000000000000, 1.000000000000000000 ) ) ;
#581 = ORIENTED_EDGE ( 'NONE', *, *, #3980, .T. ) ;
#582 = DIRECTION ( 'NONE',  ( -0.000000000000000000, 0.000000000000000000, 1.000000000000000000 ) ) ;
#583 = CARTESIAN_POINT ( 'NONE',  ( -54.99999999999999289, 3.800000000000001155, 38.49999999999958789 ) ) ;
#584 = CARTESIAN_POINT ( 'NONE',  ( 71.09999999999998010, 9.199999999999999289, -5.000000000000000000 ) ) ;
#585 = DIRECTION ( 'NONE',  ( 4.336808689942013003E-15, 0.000000000000000000, -1.000000000000000000 ) ) ;
#586 = DIRECTION ( 'NONE',  ( 0.000000000000000000, -1.000000000000000000, 0.000000000000000000 ) ) ;
#587 = ORIENTED_EDGE ( 'NONE', *, *, #1997, .F. ) ;
#588 = EDGE_CURVE ( 'NONE', #3304, #3408, #2124, .T. ) ;
#589 = CARTESIAN_POINT ( 'NONE',  ( 71.09999999999998010, 9.199999999999999289, -5.000000000000000000 ) ) ;
#590 = ORIENTED_EDGE ( 'NONE', *, *, #5550, .T. ) ;
#591 = LINE ( 'NONE', #6425, #4663 ) ;
#592 = DIRECTION ( 'NONE',  ( 0.000000000000000000, 0.000000000000000000, -1.000000000000000000 ) ) ;
#593 = DIRECTION ( 'NONE',  ( 0.000000000000000000, 0.000000000000000000, -1.000000000000000000 ) ) ;
#594 = ORIENTED_EDGE ( 'NONE', *, *, #4918, .F. ) ;
#595 = EDGE_CURVE ( 'NONE', #3445, #2809, #6773, .T. ) ;
#596 = VECTOR ( 'NONE', #1665, 1000.000000000000000 ) ;
#597 = VERTEX_POINT ( 'NONE', #3751 ) ;
#598 = VERTEX_POINT ( 'NONE', #3676 ) ;
#599 = CARTESIAN_POINT ( 'NONE',  ( -71.09999999999978115, 7.199999999999984190, -25.00000000000000000 ) ) ;
#600 = DIRECTION ( 'NONE',  ( 0.000000000000000000, 1.000000000000000000, 0.000000000000000000 ) ) ;
#601 = EDGE_LOOP ( 'NONE', ( #4293, #1368, #151, #5211 ) ) ;
#602 = LINE ( 'NONE', #1611, #305 ) ;
#603 = EDGE_CURVE ( 'NONE', #4433, #5362, #1508, .T. ) ;
#604 = ORIENTED_EDGE ( 'NONE', *, *, #5778, .T. ) ;
#605 = EDGE_CURVE ( 'NONE', #364, #5584, #1608, .T. ) ;
#606 = EDGE_CURVE ( 'NONE', #5419, #6220, #5259, .T. ) ;
#607 = AXIS2_PLACEMENT_3D ( 'NONE', #1979, #2080, #4651 ) ;
#608 = ORIENTED_EDGE ( 'NONE', *, *, #5964, .F. ) ;
#609 = AXIS2_PLACEMENT_3D ( 'NONE', #1773, #742, #5361 ) ;
#610 = LINE ( 'NONE', #2165, #5561 ) ;
#611 = DIRECTION ( 'NONE',  ( 1.000000000000000000, -0.000000000000000000, -0.000000000000000000 ) ) ;
#612 = DIRECTION ( 'NONE',  ( -3.469446951953610639E-15, 0.000000000000000000, 1.000000000000000000 ) ) ;
#613 = VECTOR ( 'NONE', #3273, 1000.000000000000000 ) ;
#614 = AXIS2_PLACEMENT_3D ( 'NONE', #3706, #5810, #2696 ) ;
#615 = DIRECTION ( 'NONE',  ( 3.469446951953610639E-15, 0.000000000000000000, 1.000000000000000000 ) ) ;
#616 = ORIENTED_EDGE ( 'NONE', *, *, #4812, .F. ) ;
#617 =( GEOMETRIC_REPRESENTATION_CONTEXT ( 3 ) GLOBAL_UNCERTAINTY_ASSIGNED_CONTEXT ( ( #4518 ) ) GLOBAL_UNIT_ASSIGNED_CONTEXT ( ( #4836, #4970, #3852 ) ) REPRESENTATION_CONTEXT ( 'NONE', 'WORKASPACE' ) );
#618 = VECTOR ( 'NONE', #2972, 1000.000000000000114 ) ;
#619 = CARTESIAN_POINT ( 'NONE',  ( 70.10000000000000853, 3.800000000000001155, 35.49999999999999289 ) ) ;
#620 = CARTESIAN_POINT ( 'NONE',  ( -69.89999999999996305, 2.000000000000000000, -35.29999999999999716 ) ) ;
#621 = LINE ( 'NONE', #2078, #2051 ) ;
#622 = FACE_OUTER_BOUND ( 'NONE', #6632, .T. ) ;
#623 = DIRECTION ( 'NONE',  ( 1.000000000000000000, 0.000000000000000000, -1.734723475976805319E-15 ) ) ;
#624 = VECTOR ( 'NONE', #6554, 1000.000000000000000 ) ;
#625 = VECTOR ( 'NONE', #4312, 1000.000000000000000 ) ;
#626 = VERTEX_POINT ( 'NONE', #1085 ) ;
#627 = CARTESIAN_POINT ( 'NONE',  ( 6.999999999999978684, -0.0009999999999992653654, -38.50000000000000711 ) ) ;
#628 = VERTEX_POINT ( 'NONE', #5292 ) ;
#629 = VECTOR ( 'NONE', #4775, 1000.000000000000000 ) ;
#630 = CARTESIAN_POINT ( 'NONE',  ( -73.09999999999998010, -0.0009999999999992653654, -38.50000000000000711 ) ) ;
#631 = LINE ( 'NONE', #1666, #2369 ) ;
#633 = EDGE_CURVE ( 'NONE', #1178, #4700, #3880, .T. ) ;
#632 = EDGE_CURVE ( 'NONE', #2434, #4605, #5428, .T. ) ;
#634 = ORIENTED_EDGE ( 'NONE', *, *, #6491, .F. ) ;
#635 = VECTOR ( 'NONE', #6014, 1000.000000000000000 ) ;
#636 = EDGE_LOOP ( 'NONE', ( #2867, #4635, #5959, #4936 ) ) ;
#637 = ORIENTED_EDGE ( 'NONE', *, *, #2326, .T. ) ;
#638 = FACE_OUTER_BOUND ( 'NONE', #5089, .T. ) ;
#639 = AXIS2_PLACEMENT_3D ( 'NONE', #5732, #71, #3 ) ;
#640 = EDGE_CURVE ( 'NONE', #5755, #3525, #2222, .T. ) ;
#641 = VERTEX_POINT ( 'NONE', #2192 ) ;
#642 = DIRECTION ( 'NONE',  ( 1.000000000000000000, 0.000000000000000000, 0.000000000000000000 ) ) ;
#643 = ORIENTED_EDGE ( 'NONE', *, *, #3526, .F. ) ;
#644 = DIRECTION ( 'NONE',  ( -1.000000000000000000, 0.000000000000000000, 0.000000000000000000 ) ) ;
#645 = EDGE_LOOP ( 'NONE', ( #6547, #5508, #116, #2250 ) ) ;
#646 = AXIS2_PLACEMENT_3D ( 'NONE', #1998, #5025, #791 ) ;
#647 = ORIENTED_EDGE ( 'NONE', *, *, #5058, .T. ) ;
#648 = DIRECTION ( 'NONE',  ( 0.7071067811865402453, 0.000000000000000000, 0.7071067811865549002 ) ) ;
#649 = DIRECTION ( 'NONE',  ( -1.000000000000000000, 0.000000000000000000, 0.000000000000000000 ) ) ;
#650 = EDGE_CURVE ( 'NONE', #4868, #998, #3297, .T. ) ;
#651 = ADVANCED_FACE ( 'NONE', ( #148 ), #3330, .F. ) ;
#652 = CARTESIAN_POINT ( 'NONE',  ( -45.00000000000000000, 7.199999999999984190, -36.49999999999972999 ) ) ;
#653 = DIRECTION ( 'NONE',  ( 0.000000000000000000, 0.000000000000000000, -1.000000000000000000 ) ) ;
#654 = EDGE_LOOP ( 'NONE', ( #5807, #5580, #3047, #1405 ) ) ;
#655 = DIRECTION ( 'NONE',  ( 0.000000000000000000, 0.000000000000000000, -1.000000000000000000 ) ) ;
#656 = CARTESIAN_POINT ( 'NONE',  ( 75.10271354001957889, 3.800000000000001155, -35.50000000000000711 ) ) ;
#657 = CARTESIAN_POINT ( 'NONE',  ( -47.00000000000029132, 2.000000000000000000, 38.50000000000000711 ) ) ;
#658 = EDGE_CURVE ( 'NONE', #3334, #1507, #3363, .T. ) ;
#659 = PLANE ( 'NONE',  #3037 ) ;
#660 = FACE_OUTER_BOUND ( 'NONE', #250, .T. ) ;
#661 = VERTEX_POINT ( 'NONE', #701 ) ;
#662 = LINE ( 'NONE', #1207, #2181 ) ;
#663 = ORIENTED_EDGE ( 'NONE', *, *, #4832, .F. ) ;
#664 = CARTESIAN_POINT ( 'NONE',  ( 22.99999999999997513, 9.199999999999999289, 36.50000000000000711 ) ) ;
#665 = LINE ( 'NONE', #15, #3591 ) ;
#666 = ORIENTED_EDGE ( 'NONE', *, *, #658, .T. ) ;
#667 = ORIENTED_EDGE ( 'NONE', *, *, #1719, .T. ) ;
#669 = EDGE_CURVE ( 'NONE', #4660, #3839, #2773, .T. ) ;
#668 = EDGE_CURVE ( 'NONE', #3525, #4738, #1671, .T. ) ;
#670 = ORIENTED_EDGE ( 'NONE', *, *, #5620, .T. ) ;
#671 = DIRECTION ( 'NONE',  ( 0.7071067811865431318, 0.000000000000000000, 0.7071067811865520136 ) ) ;
#672 = EDGE_LOOP ( 'NONE', ( #333, #6582, #2835, #4465 ) ) ;
#673 = CARTESIAN_POINT ( 'NONE',  ( -25.00000000000000355, 9.199999999999999289, -38.49999999999986500 ) ) ;
#674 = ORIENTED_EDGE ( 'NONE', *, *, #4711, .F. ) ;
#675 = CARTESIAN_POINT ( 'NONE',  ( -70.09999999999996589, 0.000000000000000000, -35.50000000000000711 ) ) ;
#676 = EDGE_LOOP ( 'NONE', ( #4808, #2096, #6169, #4974 ) ) ;
#677 = ORIENTED_EDGE ( 'NONE', *, *, #978, .F. ) ;
#679 = ADVANCED_FACE ( 'NONE', ( #638 ), #4899, .T. ) ;
#678 = EDGE_CURVE ( 'NONE', #194, #1467, #6470, .T. ) ;
#680 = VECTOR ( 'NONE', #1000, 1000.000000000000114 ) ;
#681 = CARTESIAN_POINT ( 'NONE',  ( 73.10000000000000853, 2.000000000000000000, 26.99999999999999645 ) ) ;
#682 = FACE_OUTER_BOUND ( 'NONE', #2505, .T. ) ;
#683 = CARTESIAN_POINT ( 'NONE',  ( -71.09999999999978115, 9.199999999999999289, -25.00000000000000000 ) ) ;
#684 = DIRECTION ( 'NONE',  ( 0.000000000000000000, -1.000000000000000000, 0.000000000000000000 ) ) ;
#685 = EDGE_CURVE ( 'NONE', #6294, #2396, #3223, .T. ) ;
#686 = ORIENTED_EDGE ( 'NONE', *, *, #6244, .F. ) ;
#687 = DIRECTION ( 'NONE',  ( 1.000000000000000000, 0.000000000000000000, -1.734723475976805319E-15 ) ) ;
#688 = DIRECTION ( 'NONE',  ( 0.000000000000000000, -1.000000000000000000, 0.000000000000000000 ) ) ;
#689 = DIRECTION ( 'NONE',  ( -4.336808689942013003E-15, 0.000000000000000000, 1.000000000000000000 ) ) ;
#690 = DIRECTION ( 'NONE',  ( 0.7071067811865451302, 0.000000000000000000, 0.7071067811865500152 ) ) ;
#691 = CARTESIAN_POINT ( 'NONE',  ( 71.09999999999978115, 9.199999999999999289, -25.00000000000000000 ) ) ;
#692 = VERTEX_POINT ( 'NONE', #1248 ) ;
#693 = LINE ( 'NONE', #6011, #536 ) ;
#694 = ORIENTED_EDGE ( 'NONE', *, *, #473, .T. ) ;
#695 = CARTESIAN_POINT ( 'NONE',  ( 71.10000000000005116, 9.199999999999999289, 15.00000000000000000 ) ) ;
#696 = FACE_OUTER_BOUND ( 'NONE', #1807, .T. ) ;
#697 = DIRECTION ( 'NONE',  ( 1.000000000000000000, 0.000000000000000000, -0.000000000000000000 ) ) ;
#698 = VERTEX_POINT ( 'NONE', #6401 ) ;
#699 = VERTEX_POINT ( 'NONE', #1743 ) ;
#700 = VERTEX_POINT ( 'NONE', #6023 ) ;
#701 = CARTESIAN_POINT ( 'NONE',  ( 57.00000000000001421, 9.199999999999999289, 38.50000000000000711 ) ) ;
#702 = CARTESIAN_POINT ( 'NONE',  ( -47.00000000000029132, -0.0009999999999992653654, 38.50000000000000711 ) ) ;
#703 = VERTEX_POINT ( 'NONE', #2290 ) ;
#704 = PLANE ( 'NONE',  #6784 ) ;
#705 = ORIENTED_EDGE ( 'NONE', *, *, #246, .F. ) ;
#706 = EDGE_CURVE ( 'NONE', #1531, #5632, #89, .T. ) ;
#707 = VECTOR ( 'NONE', #4977, 1000.000000000000000 ) ;
#708 = DIRECTION ( 'NONE',  ( 0.0007460008024717533536, -0.000000000000000000, -0.9999997217413625350 ) ) ;
#709 = ORIENTED_EDGE ( 'NONE', *, *, #1935, .F. ) ;
#710 = ORIENTED_EDGE ( 'NONE', *, *, #6797, .T. ) ;
#711 = CARTESIAN_POINT ( 'NONE',  ( 41.00000000000004263, 13.19999999999998685, -36.50000000000002132 ) ) ;
#712 = LINE ( 'NONE', #5889, #1145 ) ;
#713 = FACE_OUTER_BOUND ( 'NONE', #1020, .T. ) ;
#715 = ADVANCED_FACE ( 'NONE', ( #5880 ), #1144, .F. ) ;
#714 = ADVANCED_FACE ( 'NONE', ( #4395 ), #5468, .F. ) ;
#716 = DIRECTION ( 'NONE',  ( -0.7071067811865425767, 0.000000000000000000, -0.7071067811865525687 ) ) ;
#717 = VECTOR ( 'NONE', #6303, 1000.000000000000000 ) ;
#718 = ORIENTED_EDGE ( 'NONE', *, *, #734, .F. ) ;
#719 = CARTESIAN_POINT ( 'NONE',  ( -34.99999999999999289, 9.199999999999999289, -36.49999999999972999 ) ) ;
#720 = CARTESIAN_POINT ( 'NONE',  ( 5.000000000000004441, 9.199999999999999289, -36.50000000000002132 ) ) ;
#721 = VECTOR ( 'NONE', #5597, 1000.000000000000000 ) ;
#722 = CARTESIAN_POINT ( 'NONE',  ( -54.99999999999999289, 7.199999999999984190, 36.49999999999958789 ) ) ;
#723 = VECTOR ( 'NONE', #522, 1000.000000000000000 ) ;
#724 = LINE ( 'NONE', #3387, #4892 ) ;
#725 = ADVANCED_FACE ( 'NONE', ( #4325 ), #2742, .F. ) ;
#726 = DIRECTION ( 'NONE',  ( 0.000000000000000000, 0.000000000000000000, -1.000000000000000000 ) ) ;
#727 = VECTOR ( 'NONE', #1337, 1000.000000000000000 ) ;
#728 = VERTEX_POINT ( 'NONE', #3811 ) ;
#729 = VECTOR ( 'NONE', #6821, 1000.000000000000000 ) ;
#730 = DIRECTION ( 'NONE',  ( 0.000000000000000000, -1.000000000000000000, 0.000000000000000000 ) ) ;
#731 = LINE ( 'NONE', #3902, #3360 ) ;
#732 = LINE ( 'NONE', #2385, #5850 ) ;
#733 = DIRECTION ( 'NONE',  ( -0.000000000000000000, 0.000000000000000000, -1.000000000000000000 ) ) ;
#734 = EDGE_CURVE ( 'NONE', #5643, #698, #5919, .T. ) ;
#735 = DIRECTION ( 'NONE',  ( 0.000000000000000000, 1.000000000000000000, 0.000000000000000000 ) ) ;
#736 = VECTOR ( 'NONE', #5048, 1000.000000000000000 ) ;
#737 = VECTOR ( 'NONE', #5063, 1000.000000000000000 ) ;
#738 = ORIENTED_EDGE ( 'NONE', *, *, #5846, .F. ) ;
#739 = VECTOR ( 'NONE', #6546, 1000.000000000000114 ) ;
#740 = EDGE_LOOP ( 'NONE', ( #3614, #5512, #2535, #1575, #2532, #1225, #4354, #4196 ) ) ;
#741 = ORIENTED_EDGE ( 'NONE', *, *, #2269, .F. ) ;
#742 = DIRECTION ( 'NONE',  ( -0.7071067811865500152, 0.000000000000000000, 0.7071067811865451302 ) ) ;
#743 = FACE_OUTER_BOUND ( 'NONE', #2662, .T. ) ;
#744 = VERTEX_POINT ( 'NONE', #360 ) ;
#745 = LINE ( 'NONE', #2357, #2380 ) ;
#746 = AXIS2_PLACEMENT_3D ( 'NONE', #1912, #4019, #2011 ) ;
#747 = EDGE_LOOP ( 'NONE', ( #1944, #4998, #2123, #3325 ) ) ;
#748 = FACE_OUTER_BOUND ( 'NONE', #5180, .T. ) ;
#749 = ORIENTED_EDGE ( 'NONE', *, *, #6432, .F. ) ;
#750 = VERTEX_POINT ( 'NONE', #4562 ) ;
#751 = AXIS2_PLACEMENT_3D ( 'NONE', #6186, #1939, #1455 ) ;
#752 = CARTESIAN_POINT ( 'NONE',  ( -12.99999999999984546, -0.0009999999999992653654, -38.50000000000000711 ) ) ;
#753 = DIRECTION ( 'NONE',  ( 0.000000000000000000, -1.000000000000000000, 0.000000000000000000 ) ) ;
#754 = CARTESIAN_POINT ( 'NONE',  ( -75.84999999999989484, 3.800000000000001155, -29.75000000000017053 ) ) ;
#755 = DIRECTION ( 'NONE',  ( -0.000000000000000000, 0.000000000000000000, -1.000000000000000000 ) ) ;
#756 = VECTOR ( 'NONE', #2304, 1000.000000000000000 ) ;
#757 = VERTEX_POINT ( 'NONE', #1432 ) ;
#759 = EDGE_CURVE ( 'NONE', #2295, #364, #2953, .T. ) ;
#758 = ADVANCED_FACE ( 'NONE', ( #2430 ), #6570, .T. ) ;
#760 = CARTESIAN_POINT ( 'NONE',  ( -71.09999999999998010, 9.199999999999999289, 5.000000000000000000 ) ) ;
#761 = DIRECTION ( 'NONE',  ( 0.0007460008024717533536, -0.000000000000000000, -0.9999997217413625350 ) ) ;
#762 = DIRECTION ( 'NONE',  ( -0.7071067811865519026, 0.000000000000000000, 0.7071067811865431318 ) ) ;
#763 = PLANE ( 'NONE',  #6564 ) ;
#764 = CARTESIAN_POINT ( 'NONE',  ( 73.10000000000000853, 3.800000000000001155, 5.000000000000004441 ) ) ;
#765 = VERTEX_POINT ( 'NONE', #776 ) ;
#766 = EDGE_CURVE ( 'NONE', #6336, #3647, #6669, .T. ) ;
#767 = CARTESIAN_POINT ( 'NONE',  ( -64.99999999999998579, 9.199999999999999289, 36.49999999999958789 ) ) ;
#768 = FACE_OUTER_BOUND ( 'NONE', #1065, .T. ) ;
#769 = DIRECTION ( 'NONE',  ( 1.000000000000000000, 0.000000000000000000, 0.000000000000000000 ) ) ;
#770 = CARTESIAN_POINT ( 'NONE',  ( 65.00000000000000000, 2.000000000000000000, 36.50000000000000711 ) ) ;
#771 = CARTESIAN_POINT ( 'NONE',  ( 70.10000000000000853, 3.800000000000001155, 35.50000000000000711 ) ) ;
#772 = EDGE_LOOP ( 'NONE', ( #3403, #3844, #4750, #5982 ) ) ;
#773 = EDGE_CURVE ( 'NONE', #3013, #3712, #3988, .T. ) ;
#774 = ORIENTED_EDGE ( 'NONE', *, *, #5411, .T. ) ;
#775 = ORIENTED_EDGE ( 'NONE', *, *, #4592, .F. ) ;
#776 = CARTESIAN_POINT ( 'NONE',  ( -34.99999999999999289, 7.199999999999984190, -38.49999999999972999 ) ) ;
#777 = CARTESIAN_POINT ( 'NONE',  ( -38.99999999999995737, 13.19999999999998685, 36.49999999999972999 ) ) ;
#778 = ORIENTED_EDGE ( 'NONE', *, *, #2438, .T. ) ;
#779 = DIRECTION ( 'NONE',  ( 0.000000000000000000, -1.000000000000000000, 0.000000000000000000 ) ) ;
#780 = ORIENTED_EDGE ( 'NONE', *, *, #1701, .F. ) ;
#781 = CARTESIAN_POINT ( 'NONE',  ( -14.99999999999999645, 2.000000000000000000, 36.49999999999986500 ) ) ;
#782 = ORIENTED_EDGE ( 'NONE', *, *, #5219, .T. ) ;
#783 = VERTEX_POINT ( 'NONE', #5044 ) ;
#784 = ADVANCED_FACE ( 'NONE', ( #4533 ), #4021, .F. ) ;
#785 = ORIENTED_EDGE ( 'NONE', *, *, #1374, .T. ) ;
#786 = LINE ( 'NONE', #817, #3357 ) ;
#787 = LINE ( 'NONE', #2890, #6004 ) ;
#788 = CARTESIAN_POINT ( 'NONE',  ( 75.09999999999999432, 0.000000000000000000, 42.50000000000000000 ) ) ;
#789 = CARTESIAN_POINT ( 'NONE',  ( -73.10000000000005116, 7.199999999999984190, 14.99999999999999645 ) ) ;
#790 = ORIENTED_EDGE ( 'NONE', *, *, #2150, .F. ) ;
#791 = DIRECTION ( 'NONE',  ( -1.000000000000000000, 0.000000000000000000, 0.000000000000000000 ) ) ;
#792 = DIRECTION ( 'NONE',  ( 0.000000000000000000, -0.000000000000000000, 1.000000000000000000 ) ) ;
#793 = DIRECTION ( 'NONE',  ( -3.469446951953610639E-15, 0.000000000000000000, 1.000000000000000000 ) ) ;
#794 = DIRECTION ( 'NONE',  ( 1.226634733346693197E-15, -0.7071067811865503483, -0.7071067811865447972 ) ) ;
#795 = CARTESIAN_POINT ( 'NONE',  ( 41.00000000000004263, 13.19999999999998685, 36.50000000000000711 ) ) ;
#796 = ORIENTED_EDGE ( 'NONE', *, *, #5198, .T. ) ;
#797 = CARTESIAN_POINT ( 'NONE',  ( 17.00000000000003908, 9.199999999999999289, 36.50000000000000711 ) ) ;
#798 = DIRECTION ( 'NONE',  ( 1.000000000000000000, 0.000000000000000000, -1.734723475976805319E-15 ) ) ;
#799 = DIRECTION ( 'NONE',  ( 0.000000000000000000, 0.7071067811865500152, 0.7071067811865451302 ) ) ;
#800 = DIRECTION ( 'NONE',  ( 0.7071067811865516806, 0.000000000000000000, -0.7071067811865434649 ) ) ;
#801 = DIRECTION ( 'NONE',  ( -3.469446951953610639E-15, 0.000000000000000000, 1.000000000000000000 ) ) ;
#802 = EDGE_LOOP ( 'NONE', ( #1592, #6140, #5774, #6725 ) ) ;
#803 = ADVANCED_FACE ( 'NONE', ( #1953 ), #1289, .F. ) ;
#804 = ORIENTED_EDGE ( 'NONE', *, *, #4604, .T. ) ;
#805 = VERTEX_POINT ( 'NONE', #1845 ) ;
#806 = DIRECTION ( 'NONE',  ( 2.168404344971006501E-15, 0.000000000000000000, -1.000000000000000000 ) ) ;
#807 = LINE ( 'NONE', #1249, #70 ) ;
#808 = ORIENTED_EDGE ( 'NONE', *, *, #2729, .F. ) ;
#810 = EDGE_CURVE ( 'NONE', #6104, #6270, #6637, .T. ) ;
#809 = CARTESIAN_POINT ( 'NONE',  ( -71.10000000000005116, 9.199999999999999289, 15.00000000000000000 ) ) ;
#811 = ORIENTED_EDGE ( 'NONE', *, *, #3127, .T. ) ;
#812 = EDGE_CURVE ( 'NONE', #6812, #6138, #911, .T. ) ;
#813 = CARTESIAN_POINT ( 'NONE',  ( 73.10000000000000853, -0.0009999999999992653654, 26.99999999999999645 ) ) ;
#814 = ORIENTED_EDGE ( 'NONE', *, *, #1859, .T. ) ;
#815 = ORIENTED_EDGE ( 'NONE', *, *, #1958, .F. ) ;
#816 = ORIENTED_EDGE ( 'NONE', *, *, #1562, .F. ) ;
#817 = CARTESIAN_POINT ( 'NONE',  ( -22.99999999999977263, 9.199999999999999289, -1.196959198423984021E-13 ) ) ;
#818 = LINE ( 'NONE', #5622, #1264 ) ;
#820 = ADVANCED_FACE ( 'NONE', ( #5113 ), #6167, .T. ) ;
#819 = DIRECTION ( 'NONE',  ( 0.000000000000000000, -1.000000000000000000, 0.000000000000000000 ) ) ;
#821 = ADVANCED_FACE ( 'NONE', ( #2912 ), #2502, .F. ) ;
#822 = DIRECTION ( 'NONE',  ( -0.000000000000000000, -1.000000000000000000, -0.000000000000000000 ) ) ;
#823 = ORIENTED_EDGE ( 'NONE', *, *, #1945, .F. ) ;
#824 = AXIS2_PLACEMENT_3D ( 'NONE', #80, #4319, #6363 ) ;
#825 = DIRECTION ( 'NONE',  ( 0.000000000000000000, 1.000000000000000000, -0.000000000000000000 ) ) ;
#826 = LINE ( 'NONE', #4075, #6463 ) ;
#827 = CARTESIAN_POINT ( 'NONE',  ( -73.09999999999998010, 3.800000000000001155, 5.000000000000004441 ) ) ;
#828 = VECTOR ( 'NONE', #3977, 1000.000000000000000 ) ;
#829 = ADVANCED_FACE ( 'NONE', ( #3471 ), #6060, .F. ) ;
#830 = DIRECTION ( 'NONE',  ( -1.000000000000000000, 0.000000000000000000, 0.000000000000000000 ) ) ;
#831 = ORIENTED_EDGE ( 'NONE', *, *, #3589, .T. ) ;
#832 = VECTOR ( 'NONE', #4828, 1000.000000000000000 ) ;
#833 = VECTOR ( 'NONE', #1218, 1000.000000000000000 ) ;
#834 = CARTESIAN_POINT ( 'NONE',  ( 73.09999999999978115, 3.800000000000001155, -25.00000000000000355 ) ) ;
#835 = ORIENTED_EDGE ( 'NONE', *, *, #4712, .F. ) ;
#836 = LINE ( 'NONE', #2455, #5746 ) ;
#837 = DIRECTION ( 'NONE',  ( -0.000000000000000000, -1.000000000000000000, -0.000000000000000000 ) ) ;
#838 = LINE ( 'NONE', #2314, #3272 ) ;
#839 = VECTOR ( 'NONE', #4742, 1000.000000000000114 ) ;
#840 = ORIENTED_EDGE ( 'NONE', *, *, #2114, .F. ) ;
#841 = VECTOR ( 'NONE', #134, 1000.000000000000114 ) ;
#842 = ORIENTED_EDGE ( 'NONE', *, *, #6515, .T. ) ;
#843 = CARTESIAN_POINT ( 'NONE',  ( 73.09999999999978115, 7.199999999999984190, -25.00000000000000355 ) ) ;
#844 = ORIENTED_EDGE ( 'NONE', *, *, #6709, .F. ) ;
#845 = AXIS2_PLACEMENT_3D ( 'NONE', #6441, #4473, #3310 ) ;
#847 = EDGE_CURVE ( 'NONE', #2083, #6824, #6707, .T. ) ;
#846 = EDGE_CURVE ( 'NONE', #4679, #2091, #290, .T. ) ;
#848 = VECTOR ( 'NONE', #2132, 1000.000000000000114 ) ;
#849 = DIRECTION ( 'NONE',  ( 0.000000000000000000, 0.000000000000000000, 1.000000000000000000 ) ) ;
#850 = DIRECTION ( 'NONE',  ( -1.000000000000000000, 0.000000000000000000, -1.734723475976805319E-15 ) ) ;
#851 = ORIENTED_EDGE ( 'NONE', *, *, #1316, .T. ) ;
#852 = DIRECTION ( 'NONE',  ( -0.000000000000000000, 0.000000000000000000, -1.000000000000000000 ) ) ;
#853 = VERTEX_POINT ( 'NONE', #4499 ) ;
#854 = DIRECTION ( 'NONE',  ( 4.336808689942013003E-15, 0.000000000000000000, 1.000000000000000000 ) ) ;
#855 = CIRCLE ( 'NONE', #4694, 5.199999999999996625 ) ;
#856 = EDGE_LOOP ( 'NONE', ( #4023, #4863, #2733, #5178 ) ) ;
#857 = VERTEX_POINT ( 'NONE', #5570 ) ;
#858 = ORIENTED_EDGE ( 'NONE', *, *, #2526, .F. ) ;
#859 = DIRECTION ( 'NONE',  ( -4.336808689942013003E-15, 0.000000000000000000, -1.000000000000000000 ) ) ;
#860 = VECTOR ( 'NONE', #5057, 1000.000000000000114 ) ;
#861 = CARTESIAN_POINT ( 'NONE',  ( 71.09999999999978115, 2.000000000000000000, -25.00000000000000000 ) ) ;
#862 = CARTESIAN_POINT ( 'NONE',  ( 77.10000000000000853, 2.000000000000015543, -42.50000000000000000 ) ) ;
#863 = CIRCLE ( 'NONE', #4054, 5.002713540019562366 ) ;
#864 = ORIENTED_EDGE ( 'NONE', *, *, #1859, .F. ) ;
#865 = ADVANCED_FACE ( 'NONE', ( #5612 ), #882, .T. ) ;
#866 = DIRECTION ( 'NONE',  ( 0.000000000000000000, 0.000000000000000000, -1.000000000000000000 ) ) ;
#867 = CARTESIAN_POINT ( 'NONE',  ( -71.09999999999998010, 9.199999999999999289, 2.999999999999970690 ) ) ;
#868 = DIRECTION ( 'NONE',  ( -0.000000000000000000, 0.7071067811865453523, 0.7071067811865496822 ) ) ;
#869 = VECTOR ( 'NONE', #1096, 1000.000000000000000 ) ;
#870 = CARTESIAN_POINT ( 'NONE',  ( 25.00000000000000355, 9.199999999999999289, -36.50000000000002132 ) ) ;
#871 = ORIENTED_EDGE ( 'NONE', *, *, #5026, .T. ) ;
#872 = VECTOR ( 'NONE', #5690, 1000.000000000000000 ) ;
#873 = CARTESIAN_POINT ( 'NONE',  ( 73.10000000000005116, 8.199999999999985079, 23.99999999999999645 ) ) ;
#874 = EDGE_CURVE ( 'NONE', #2637, #5544, #3186, .T. ) ;
#875 = CARTESIAN_POINT ( 'NONE',  ( -4.999999999999995559, 7.199999999999984190, -36.50000000000000711 ) ) ;
#876 = DIRECTION ( 'NONE',  ( 1.000000000000000000, 0.000000000000000000, -1.734723475976805319E-15 ) ) ;
#877 = LINE ( 'NONE', #5208, #1151 ) ;
#878 = ORIENTED_EDGE ( 'NONE', *, *, #6596, .F. ) ;
#879 = ORIENTED_EDGE ( 'NONE', *, *, #4847, .T. ) ;
#880 = LINE ( 'NONE', #6223, #5709 ) ;
#881 = EDGE_LOOP ( 'NONE', ( #2316, #3222, #2542, #2472 ) ) ;
#882 = PLANE ( 'NONE',  #2592 ) ;
#883 = CARTESIAN_POINT ( 'NONE',  ( -73.09999999999978115, 9.199999999999999289, -25.00000000000000355 ) ) ;
#884 = ORIENTED_EDGE ( 'NONE', *, *, #5751, .F. ) ;
#885 = DIRECTION ( 'NONE',  ( 0.7071067811865456854, 0.000000000000000000, 0.7071067811865493491 ) ) ;
#886 = ORIENTED_EDGE ( 'NONE', *, *, #893, .T. ) ;
#887 = DIRECTION ( 'NONE',  ( 1.000000000000000000, 0.000000000000000000, 0.000000000000000000 ) ) ;
#888 = ORIENTED_EDGE ( 'NONE', *, *, #5413, .F. ) ;
#889 = ORIENTED_EDGE ( 'NONE', *, *, #123, .F. ) ;
#890 = DIRECTION ( 'NONE',  ( 0.000000000000000000, -1.000000000000000000, 0.000000000000000000 ) ) ;
#891 = CARTESIAN_POINT ( 'NONE',  ( -71.09999999999998010, 3.800000000000001155, 5.000000000000000000 ) ) ;
#892 = CARTESIAN_POINT ( 'NONE',  ( -34.99999999999999289, 2.000000000000000000, 36.49999999999972999 ) ) ;
#893 = EDGE_CURVE ( 'NONE', #5934, #6746, #1463, .T. ) ;
#894 = VERTEX_POINT ( 'NONE', #5285 ) ;
#895 = VECTOR ( 'NONE', #1765, 1000.000000000000000 ) ;
#896 = LINE ( 'NONE', #2518, #4818 ) ;
#897 =( NAMED_UNIT ( * ) PLANE_ANGLE_UNIT ( ) SI_UNIT ( $, .RADIAN. ) );
#898 = FACE_OUTER_BOUND ( 'NONE', #5886, .T. ) ;
#899 = LINE ( 'NONE', #1420, #2050 ) ;
#900 = CARTESIAN_POINT ( 'NONE',  ( 15.00000000000000533, 3.800000000000001155, 36.50000000000000711 ) ) ;
#901 = EDGE_CURVE ( 'NONE', #3249, #4017, #2089, .T. ) ;
#902 = ORIENTED_EDGE ( 'NONE', *, *, #2085, .T. ) ;
#903 = FACE_BOUND ( 'NONE', #3143, .T. ) ;
#904 = DIRECTION ( 'NONE',  ( 0.000000000000000000, 0.000000000000000000, -1.000000000000000000 ) ) ;
#905 = PLANE ( 'NONE',  #4681 ) ;
#906 = DIRECTION ( 'NONE',  ( 0.000000000000000000, 1.000000000000000000, 0.000000000000000000 ) ) ;
#907 = ORIENTED_EDGE ( 'NONE', *, *, #2876, .F. ) ;
#908 = ORIENTED_EDGE ( 'NONE', *, *, #516, .F. ) ;
#909 = DIRECTION ( 'NONE',  ( 1.000000000000000000, 0.000000000000000000, -2.168404344971006501E-15 ) ) ;
#910 = ORIENTED_EDGE ( 'NONE', *, *, #308, .F. ) ;
#911 = LINE ( 'NONE', #4058, #1385 ) ;
#912 = PLANE ( 'NONE',  #2056 ) ;
#913 = ORIENTED_EDGE ( 'NONE', *, *, #1768, .T. ) ;
#914 = ORIENTED_EDGE ( 'NONE', *, *, #1473, .F. ) ;
#915 = ORIENTED_EDGE ( 'NONE', *, *, #2837, .T. ) ;
#916 = VERTEX_POINT ( 'NONE', #429 ) ;
#917 = CARTESIAN_POINT ( 'NONE',  ( -75.09999999999996589, 0.000000000000000000, 42.50000000000000000 ) ) ;
#918 = DIRECTION ( 'NONE',  ( -1.000000000000000000, 0.000000000000000000, 0.000000000000000000 ) ) ;
#919 = CARTESIAN_POINT ( 'NONE',  ( 65.00000000000000000, 9.199999999999999289, 36.50000000000003553 ) ) ;
#920 = ORIENTED_EDGE ( 'NONE', *, *, #5751, .T. ) ;
#921 = DIRECTION ( 'NONE',  ( 0.000000000000000000, 0.000000000000000000, -1.000000000000000000 ) ) ;
#922 = FACE_OUTER_BOUND ( 'NONE', #1720, .T. ) ;
#924 = ADVANCED_FACE ( 'NONE', ( #1040 ), #3612, .F. ) ;
#923 = EDGE_CURVE ( 'NONE', #3058, #4030, #5743, .T. ) ;
#925 = CARTESIAN_POINT ( 'NONE',  ( -73.09999999999998010, -0.0009999999999992653654, -38.50000000000000711 ) ) ;
#926 = DIRECTION ( 'NONE',  ( 4.336808689942013003E-15, 0.000000000000000000, -1.000000000000000000 ) ) ;
#927 = VECTOR ( 'NONE', #4171, 1000.000000000000000 ) ;
#928 = EDGE_LOOP ( 'NONE', ( #5008, #175, #5707, #2583 ) ) ;
#929 = DIRECTION ( 'NONE',  ( -0.7071067811865439090, 0.000000000000000000, 0.7071067811865512365 ) ) ;
#930 = LINE ( 'NONE', #1486, #4634 ) ;
#931 = DIRECTION ( 'NONE',  ( 0.000000000000000000, -1.000000000000000000, 0.000000000000000000 ) ) ;
#932 = ADVANCED_FACE ( 'NONE', ( #3669 ), #6265, .T. ) ;
#933 = AXIS2_PLACEMENT_3D ( 'NONE', #279, #2384, #6087 ) ;
#934 = CARTESIAN_POINT ( 'NONE',  ( 69.89999999999999147, 2.000000000000000000, -35.29999999999999716 ) ) ;
#935 = ORIENTED_EDGE ( 'NONE', *, *, #4444, .F. ) ;
#936 = AXIS2_PLACEMENT_3D ( 'NONE', #5875, #5946, #1177 ) ;
#937 = VECTOR ( 'NONE', #3964, 1000.000000000000000 ) ;
#938 = ORIENTED_EDGE ( 'NONE', *, *, #4882, .F. ) ;
#939 = DIRECTION ( 'NONE',  ( 0.000000000000000000, 1.000000000000000000, 0.000000000000000000 ) ) ;
#940 = EDGE_LOOP ( 'NONE', ( #3184, #3362, #4606, #6067 ) ) ;
#941 = DIRECTION ( 'NONE',  ( 0.7071067811865453523, -0.7071067811865496822, 2.453269466693388366E-15 ) ) ;
#942 = EDGE_CURVE ( 'NONE', #1284, #4292, #5215, .T. ) ;
#943 = CARTESIAN_POINT ( 'NONE',  ( 73.09999999999998010, 9.199999999999999289, 5.000000000000004441 ) ) ;
#944 = LINE ( 'NONE', #4191, #1162 ) ;
#945 = VECTOR ( 'NONE', #1203, 1000.000000000000000 ) ;
#946 = VECTOR ( 'NONE', #2340, 1000.000000000000114 ) ;
#947 = ORIENTED_EDGE ( 'NONE', *, *, #2857, .T. ) ;
#948 = ORIENTED_EDGE ( 'NONE', *, *, #6676, .T. ) ;
#949 = VECTOR ( 'NONE', #542, 1000.000000000000000 ) ;
#950 = ORIENTED_EDGE ( 'NONE', *, *, #6092, .T. ) ;
#951 = VECTOR ( 'NONE', #2447, 1000.000000000000000 ) ;
#952 = ORIENTED_EDGE ( 'NONE', *, *, #4862, .T. ) ;
#953 = EDGE_CURVE ( 'NONE', #5984, #1955, #2147, .T. ) ;
#954 = CARTESIAN_POINT ( 'NONE',  ( -75.04974746830579591, 3.800000000000001155, -36.22604597891263012 ) ) ;
#955 = CARTESIAN_POINT ( 'NONE',  ( -4.999999999999995559, 3.800000000000001155, 36.50000000000000711 ) ) ;
#956 = VECTOR ( 'NONE', #6170, 1000.000000000000000 ) ;
#957 = AXIS2_PLACEMENT_3D ( 'NONE', #5310, #1101, #4211 ) ;
#958 = DIRECTION ( 'NONE',  ( 1.000000000000000000, 0.000000000000000000, 1.734723475976805319E-15 ) ) ;
#959 = ORIENTED_EDGE ( 'NONE', *, *, #3114, .T. ) ;
#960 = AXIS2_PLACEMENT_3D ( 'NONE', #1861, #307, #1198 ) ;
#961 = LINE ( 'NONE', #3068, #487 ) ;
#962 = PLANE ( 'NONE',  #4883 ) ;
#963 = CARTESIAN_POINT ( 'NONE',  ( 2.999999999999975131, 9.199999999999999289, 38.50000000000000711 ) ) ;
#964 = DIRECTION ( 'NONE',  ( 1.000000000000000000, 0.000000000000000000, 0.000000000000000000 ) ) ;
#965 = CARTESIAN_POINT ( 'NONE',  ( -73.09999999999978115, 9.199999999999999289, -25.00000000000000355 ) ) ;
#966 = VECTOR ( 'NONE', #4086, 1000.000000000000000 ) ;
#967 = ORIENTED_EDGE ( 'NONE', *, *, #4436, .F. ) ;
#969 = EDGE_CURVE ( 'NONE', #783, #6371, #566, .T. ) ;
#968 = EDGE_CURVE ( 'NONE', #1361, #2510, #2537, .T. ) ;
#970 = DIRECTION ( 'NONE',  ( -1.802310104910968394E-16, 0.000000000000000000, 1.000000000000000000 ) ) ;
#971 = VECTOR ( 'NONE', #5976, 1000.000000000000000 ) ;
#972 = FACE_OUTER_BOUND ( 'NONE', #3836, .T. ) ;
#973 = CARTESIAN_POINT ( 'NONE',  ( -73.09999999999999432, 3.800000000000001155, 38.50000000000000711 ) ) ;
#974 = CARTESIAN_POINT ( 'NONE',  ( -5.000000000000004441, 9.199999999999999289, 38.50000000000000711 ) ) ;
#975 = ORIENTED_EDGE ( 'NONE', *, *, #668, .F. ) ;
#976 = VECTOR ( 'NONE', #4376, 1000.000000000000000 ) ;
#977 = VERTEX_POINT ( 'NONE', #2664 ) ;
#978 = EDGE_CURVE ( 'NONE', #728, #1918, #507, .T. ) ;
#979 = DIRECTION ( 'NONE',  ( 0.000000000000000000, 1.000000000000000000, 0.000000000000000000 ) ) ;
#980 = ORIENTED_EDGE ( 'NONE', *, *, #4280, .T. ) ;
#981 = DIRECTION ( 'NONE',  ( -6.938893903907221278E-15, 0.000000000000000000, 1.000000000000000000 ) ) ;
#982 = LINE ( 'NONE', #943, #1054 ) ;
#983 = PLANE ( 'NONE',  #4046 ) ;
#984 = ORIENTED_EDGE ( 'NONE', *, *, #4269, .F. ) ;
#985 = EDGE_CURVE ( 'NONE', #1730, #6754, #982, .T. ) ;
#986 = ORIENTED_EDGE ( 'NONE', *, *, #5859, .T. ) ;
#987 = ORIENTED_EDGE ( 'NONE', *, *, #1228, .F. ) ;
#988 = DIRECTION ( 'NONE',  ( -1.000000000000000000, 0.000000000000000000, 0.000000000000000000 ) ) ;
#989 = DIRECTION ( 'NONE',  ( 5.204170427930416550E-15, 0.000000000000000000, -1.000000000000000000 ) ) ;
#990 = DIRECTION ( 'NONE',  ( 0.000000000000000000, 0.000000000000000000, -1.000000000000000000 ) ) ;
#991 = EDGE_CURVE ( 'NONE', #6095, #857, #4657, .T. ) ;
#992 = EDGE_LOOP ( 'NONE', ( #5347, #4521, #5107, #4107 ) ) ;
#993 = CARTESIAN_POINT ( 'NONE',  ( 55.00000000000000000, 3.800000000000001155, 36.50000000000000711 ) ) ;
#994 = FACE_OUTER_BOUND ( 'NONE', #2533, .T. ) ;
#995 = DIRECTION ( 'NONE',  ( 1.000000000000000000, 0.000000000000000000, -2.168404344971006501E-15 ) ) ;
#996 = DIRECTION ( 'NONE',  ( 0.000000000000000000, 0.000000000000000000, -1.000000000000000000 ) ) ;
#997 = FACE_OUTER_BOUND ( 'NONE', #4100, .T. ) ;
#998 = VERTEX_POINT ( 'NONE', #1536 ) ;
#999 = DIRECTION ( 'NONE',  ( -0.7071067811865453523, 0.7071067811865496822, 2.453269466693388366E-15 ) ) ;
#1000 = DIRECTION ( 'NONE',  ( -0.7071067811865500152, -0.7071067811865451302, -0.000000000000000000 ) ) ;
#1001 = DIRECTION ( 'NONE',  ( 0.000000000000000000, -1.000000000000000000, 0.000000000000000000 ) ) ;
#1002 = AXIS2_PLACEMENT_3D ( 'NONE', #1425, #4145, #3501 ) ;
#1003 = LINE ( 'NONE', #6662, #3913 ) ;
#1004 = DIRECTION ( 'NONE',  ( 0.000000000000000000, 1.000000000000000000, 0.000000000000000000 ) ) ;
#1005 = ORIENTED_EDGE ( 'NONE', *, *, #3378, .F. ) ;
#1006 = DIRECTION ( 'NONE',  ( 0.000000000000000000, -1.000000000000000000, 0.000000000000000000 ) ) ;
#1007 = ORIENTED_EDGE ( 'NONE', *, *, #810, .T. ) ;
#1008 = PLANE ( 'NONE',  #3579 ) ;
#1009 = DIRECTION ( 'NONE',  ( -4.336808689942013003E-15, 0.000000000000000000, 1.000000000000000000 ) ) ;
#1010 = CARTESIAN_POINT ( 'NONE',  ( 0.000000000000000000, 9.199999999999999289, 0.000000000000000000 ) ) ;
#1011 = EDGE_CURVE ( 'NONE', #4738, #77, #3642, .T. ) ;
#1012 = EDGE_LOOP ( 'NONE', ( #858, #3293, #1416, #3923 ) ) ;
#1013 = ORIENTED_EDGE ( 'NONE', *, *, #3328, .F. ) ;
#1014 = ORIENTED_EDGE ( 'NONE', *, *, #2402, .F. ) ;
#1015 = DIRECTION ( 'NONE',  ( -0.7071067811865451302, 0.000000000000000000, -0.7071067811865500152 ) ) ;
#1016 = ADVANCED_FACE ( 'NONE', ( #4756 ), #4219, .F. ) ;
#1017 = DIRECTION ( 'NONE',  ( 0.000000000000000000, 1.000000000000000000, -0.000000000000000000 ) ) ;
#1018 = ORIENTED_EDGE ( 'NONE', *, *, #985, .T. ) ;
#1019 = CARTESIAN_POINT ( 'NONE',  ( -14.99999999999999645, 7.199999999999984190, 38.49999999999986500 ) ) ;
#1020 = EDGE_LOOP ( 'NONE', ( #1247, #539, #4908, #2624 ) ) ;
#1021 = CARTESIAN_POINT ( 'NONE',  ( 71.10000000000005116, 9.199999999999999289, 15.00000000000000000 ) ) ;
#1022 = PLANE ( 'NONE',  #1381 ) ;
#1023 = EDGE_CURVE ( 'NONE', #3154, #570, #1599, .T. ) ;
#1024 = DIRECTION ( 'NONE',  ( -1.000000000000000000, 0.000000000000000000, 0.000000000000000000 ) ) ;
#1025 = ADVANCED_FACE ( 'NONE', ( #3148 ), #2635, .T. ) ;
#1026 = CARTESIAN_POINT ( 'NONE',  ( 35.00000000000000000, 9.199999999999999289, 36.50000000000000711 ) ) ;
#1027 = DIRECTION ( 'NONE',  ( -4.336808689942013003E-15, 0.000000000000000000, 1.000000000000000000 ) ) ;
#1028 = ORIENTED_EDGE ( 'NONE', *, *, #5664, .F. ) ;
#1029 = CARTESIAN_POINT ( 'NONE',  ( -54.99999999999999289, 2.000000000000000000, 36.49999999999958789 ) ) ;
#1030 = CARTESIAN_POINT ( 'NONE',  ( 75.09999999999998010, 2.000000000000000000, -40.50000000000000000 ) ) ;
#1031 = LINE ( 'NONE', #5866, #4575 ) ;
#1032 = CARTESIAN_POINT ( 'NONE',  ( 71.09999999999979536, 2.000000000000000000, -25.00000000000000000 ) ) ;
#1033 = AXIS2_PLACEMENT_3D ( 'NONE', #5403, #1154, #4404 ) ;
#1034 = CARTESIAN_POINT ( 'NONE',  ( -32.99999999999972999, -0.0009999999999992653654, -38.50000000000000711 ) ) ;
#1035 = ORIENTED_EDGE ( 'NONE', *, *, #246, .T. ) ;
#1036 = AXIS2_PLACEMENT_3D ( 'NONE', #752, #5371, #4842 ) ;
#1037 = CARTESIAN_POINT ( 'NONE',  ( -4.999999999999995559, 3.800000000000001155, -36.50000000000000711 ) ) ;
#1038 = VERTEX_POINT ( 'NONE', #4791 ) ;
#1039 = FACE_OUTER_BOUND ( 'NONE', #2470, .T. ) ;
#1040 = FACE_OUTER_BOUND ( 'NONE', #6668, .T. ) ;
#1041 = LINE ( 'NONE', #2598, #5896 ) ;
#1042 = ORIENTED_EDGE ( 'NONE', *, *, #5948, .T. ) ;
#1043 = ORIENTED_EDGE ( 'NONE', *, *, #6092, .F. ) ;
#1045 = EDGE_CURVE ( 'NONE', #6613, #5426, #5843, .T. ) ;
#1044 = EDGE_CURVE ( 'NONE', #5436, #3392, #82, .T. ) ;
#1046 = VERTEX_POINT ( 'NONE', #4253 ) ;
#1047 = VECTOR ( 'NONE', #1092, 1000.000000000000000 ) ;
#1048 = AXIS2_PLACEMENT_3D ( 'NONE', #2354, #6128, #1399 ) ;
#1049 = DIRECTION ( 'NONE',  ( 0.7071067811865539010, 0.000000000000000000, -0.7071067811865411334 ) ) ;
#1050 = DIRECTION ( 'NONE',  ( 0.000000000000000000, 0.000000000000000000, 1.000000000000000000 ) ) ;
#1051 = VERTEX_POINT ( 'NONE', #6364 ) ;
#1052 = DIRECTION ( 'NONE',  ( 0.7071067811865426878, 0.000000000000000000, 0.7071067811865524577 ) ) ;
#1053 = AXIS2_PLACEMENT_3D ( 'NONE', #6304, #1573, #5781 ) ;
#1054 = VECTOR ( 'NONE', #4696, 1000.000000000000000 ) ;
#1055 = VERTEX_POINT ( 'NONE', #1636 ) ;
#1056 = CARTESIAN_POINT ( 'NONE',  ( 71.10000000000005116, 9.199999999999999289, 22.99999999999996803 ) ) ;
#1057 = CARTESIAN_POINT ( 'NONE',  ( 15.00000000000000533, 3.800000000000001155, -36.50000000000002132 ) ) ;
#1058 = VECTOR ( 'NONE', #2524, 1000.000000000000000 ) ;
#1059 = DIRECTION ( 'NONE',  ( 0.000000000000000000, -1.000000000000000000, 0.000000000000000000 ) ) ;
#1060 = VECTOR ( 'NONE', #6266, 1000.000000000000000 ) ;
#1061 = FACE_OUTER_BOUND ( 'NONE', #4259, .T. ) ;
#1062 = CARTESIAN_POINT ( 'NONE',  ( -73.09999999999998010, 3.800000000000001155, -12.99999999999982414 ) ) ;
#1063 = EDGE_CURVE ( 'NONE', #2699, #1648, #3745, .T. ) ;
#1064 = VECTOR ( 'NONE', #4743, 1000.000000000000000 ) ;
#1065 = EDGE_LOOP ( 'NONE', ( #2221, #948, #4597, #30 ) ) ;
#1066 = ADVANCED_FACE ( 'NONE', ( #352 ), #905, .F. ) ;
#1067 = LINE ( 'NONE', #2107, #6594 ) ;
#1068 = CARTESIAN_POINT ( 'NONE',  ( 46.99999999999997158, 2.000000000000000000, -38.50000000000000711 ) ) ;
#1069 = PLANE ( 'NONE',  #1501 ) ;
#1070 = DIRECTION ( 'NONE',  ( 0.000000000000000000, -1.000000000000000000, 0.000000000000000000 ) ) ;
#1071 = VECTOR ( 'NONE', #3356, 1000.000000000000000 ) ;
#1072 = DIRECTION ( 'NONE',  ( 0.000000000000000000, -1.000000000000000000, 0.000000000000000000 ) ) ;
#1073 = ORIENTED_EDGE ( 'NONE', *, *, #3731, .F. ) ;
#1074 = EDGE_CURVE ( 'NONE', #1578, #3525, #1528, .T. ) ;
#1075 = VECTOR ( 'NONE', #1240, 1000.000000000000000 ) ;
#1076 = DIRECTION ( 'NONE',  ( -3.469446951953610639E-15, 0.000000000000000000, 1.000000000000000000 ) ) ;
#1077 = ORIENTED_EDGE ( 'NONE', *, *, #2707, .T. ) ;
#1078 = CARTESIAN_POINT ( 'NONE',  ( -12.99999999999990052, 3.800000000000001155, 38.50000000000000711 ) ) ;
#1079 = DIRECTION ( 'NONE',  ( -1.000000000000000000, 0.000000000000000000, 2.168404344971006501E-15 ) ) ;
#1080 = FACE_OUTER_BOUND ( 'NONE', #2766, .T. ) ;
#1081 = VECTOR ( 'NONE', #4951, 1000.000000000000114 ) ;
#1082 = ORIENTED_EDGE ( 'NONE', *, *, #6657, .T. ) ;
#1083 = VERTEX_POINT ( 'NONE', #4111 ) ;
#1084 = ORIENTED_EDGE ( 'NONE', *, *, #3741, .T. ) ;
#1085 = CARTESIAN_POINT ( 'NONE',  ( 22.99999999999997513, 9.199999999999999289, -36.50000000000002132 ) ) ;
#1086 = CARTESIAN_POINT ( 'NONE',  ( -73.09999999999998010, 9.199999999999999289, 5.000000000000004441 ) ) ;
#1087 = PLANE ( 'NONE',  #3059 ) ;
#1088 = EDGE_LOOP ( 'NONE', ( #3861, #815, #4141, #1523 ) ) ;
#1089 = DIRECTION ( 'NONE',  ( -0.000000000000000000, 0.000000000000000000, 1.000000000000000000 ) ) ;
#1090 = DIRECTION ( 'NONE',  ( -0.000000000000000000, 0.000000000000000000, -1.000000000000000000 ) ) ;
#1091 = CARTESIAN_POINT ( 'NONE',  ( 73.09999999999998010, 3.800000000000001155, -5.000000000000004441 ) ) ;
#1092 = DIRECTION ( 'NONE',  ( 0.000000000000000000, -1.000000000000000000, 0.000000000000000000 ) ) ;
#1093 = EDGE_CURVE ( 'NONE', #2253, #5350, #5103, .T. ) ;
#1094 = LINE ( 'NONE', #4336, #4590 ) ;
#1095 = ORIENTED_EDGE ( 'NONE', *, *, #5564, .F. ) ;
#1096 = DIRECTION ( 'NONE',  ( 1.000000000000000000, 0.000000000000000000, 1.734723475976805319E-15 ) ) ;
#1097 = DIRECTION ( 'NONE',  ( 0.000000000000000000, 0.000000000000000000, -1.000000000000000000 ) ) ;
#1098 = PLANE ( 'NONE',  #5013 ) ;
#1099 = EDGE_CURVE ( 'NONE', #5565, #4087, #483, .T. ) ;
#1100 = ADVANCED_FACE ( 'NONE', ( #2456 ), #5663, .F. ) ;
#1101 = DIRECTION ( 'NONE',  ( 1.533293416683367137E-15, 0.7071067811865500152, -0.7071067811865451302 ) ) ;
#1102 = ADVANCED_FACE ( 'NONE', ( #6630 ), #3502, .F. ) ;
#1103 = CARTESIAN_POINT ( 'NONE',  ( 45.00000000000000711, 7.199999999999984190, -36.50000000000002132 ) ) ;
#1104 = ORIENTED_EDGE ( 'NONE', *, *, #1142, .T. ) ;
#1105 = VECTOR ( 'NONE', #3077, 1000.000000000000000 ) ;
#1106 = DIRECTION ( 'NONE',  ( 0.000000000000000000, -1.000000000000000000, 0.000000000000000000 ) ) ;
#1107 = ORIENTED_EDGE ( 'NONE', *, *, #2623, .T. ) ;
#1108 = DIRECTION ( 'NONE',  ( 1.000000000000000000, 0.000000000000000000, -2.168404344971006501E-15 ) ) ;
#1109 = DIRECTION ( 'NONE',  ( 0.000000000000000000, -1.000000000000000000, 0.000000000000000000 ) ) ;
#1110 = LINE ( 'NONE', #4320, #5339 ) ;
#1111 = EDGE_CURVE ( 'NONE', #4016, #3909, #1907, .T. ) ;
#1112 = ORIENTED_EDGE ( 'NONE', *, *, #1445, .T. ) ;
#1113 = VERTEX_POINT ( 'NONE', #2559 ) ;
#1114 = ORIENTED_EDGE ( 'NONE', *, *, #5963, .F. ) ;
#1115 = LINE ( 'NONE', #1572, #3806 ) ;
#1116 = CARTESIAN_POINT ( 'NONE',  ( 71.09999999999978115, 9.199999999999999289, -17.00000000000003197 ) ) ;
#1117 = DIRECTION ( 'NONE',  ( -0.7071067811865451302, -0.7071067811865500152, 0.000000000000000000 ) ) ;
#1118 = ORIENTED_EDGE ( 'NONE', *, *, #4794, .T. ) ;
#1119 = ORIENTED_EDGE ( 'NONE', *, *, #2508, .T. ) ;
#1120 = DIRECTION ( 'NONE',  ( 0.000000000000000000, 0.000000000000000000, 1.000000000000000000 ) ) ;
#1121 = CARTESIAN_POINT ( 'NONE',  ( 73.10000000000000853, -0.0009999999999992653654, -12.99999999999971934 ) ) ;
#1122 = CARTESIAN_POINT ( 'NONE',  ( 35.00000000000000000, 7.199999999999984190, -36.50000000000002132 ) ) ;
#1123 = CARTESIAN_POINT ( 'NONE',  ( 35.00000000000000000, 7.199999999999984190, 36.50000000000000711 ) ) ;
#1124 = ORIENTED_EDGE ( 'NONE', *, *, #2269, .T. ) ;
#1126 = EDGE_CURVE ( 'NONE', #6220, #3871, #3535, .T. ) ;
#1125 = EDGE_CURVE ( 'NONE', #3083, #5989, #4588, .T. ) ;
#1127 = LINE ( 'NONE', #1234, #2523 ) ;
#1128 = PLANE ( 'NONE',  #4852 ) ;
#1129 = CARTESIAN_POINT ( 'NONE',  ( -73.10000000000005116, 7.199999999999984190, 25.00000000000000355 ) ) ;
#1130 = DIRECTION ( 'NONE',  ( 0.000000000000000000, 0.000000000000000000, -1.000000000000000000 ) ) ;
#1131 = DIRECTION ( 'NONE',  ( 1.000000000000000000, 0.000000000000000000, 0.000000000000000000 ) ) ;
#1132 = VERTEX_POINT ( 'NONE', #1487 ) ;
#1133 = EDGE_CURVE ( 'NONE', #1434, #2613, #6728, .T. ) ;
#1134 = LINE ( 'NONE', #531, #5715 ) ;
#1135 = ORIENTED_EDGE ( 'NONE', *, *, #2070, .F. ) ;
#1136 = DIRECTION ( 'NONE',  ( 1.734723475976805319E-15, 0.000000000000000000, -1.000000000000000000 ) ) ;
#1137 = LINE ( 'NONE', #3247, #5917 ) ;
#1138 = ORIENTED_EDGE ( 'NONE', *, *, #6676, .F. ) ;
#1139 = AXIS2_PLACEMENT_3D ( 'NONE', #6512, #648, #3756 ) ;
#1140 = EDGE_CURVE ( 'NONE', #5956, #181, #6189, .T. ) ;
#1141 = ORIENTED_EDGE ( 'NONE', *, *, #2033, .F. ) ;
#1142 = EDGE_CURVE ( 'NONE', #4321, #5366, #5703, .T. ) ;
#1143 = ORIENTED_EDGE ( 'NONE', *, *, #2449, .T. ) ;
#1144 = PLANE ( 'NONE',  #609 ) ;
#1145 = VECTOR ( 'NONE', #649, 1000.000000000000000 ) ;
#1146 = EDGE_LOOP ( 'NONE', ( #587, #4535, #574, #2043 ) ) ;
#1147 = DIRECTION ( 'NONE',  ( -0.7071067811865549002, 0.000000000000000000, 0.7071067811865402453 ) ) ;
#1148 = VERTEX_POINT ( 'NONE', #3078 ) ;
#1149 = PLANE ( 'NONE',  #3719 ) ;
#1150 = ORIENTED_EDGE ( 'NONE', *, *, #6709, .T. ) ;
#1151 = VECTOR ( 'NONE', #484, 1000.000000000000000 ) ;
#1152 = ORIENTED_EDGE ( 'NONE', *, *, #5059, .F. ) ;
#1153 = VECTOR ( 'NONE', #6226, 1000.000000000000000 ) ;
#1154 = DIRECTION ( 'NONE',  ( -0.000000000000000000, 0.000000000000000000, 1.000000000000000000 ) ) ;
#1155 = CARTESIAN_POINT ( 'NONE',  ( -71.10000000000005116, 3.800000000000001155, 25.00000000000000000 ) ) ;
#1156 = LINE ( 'NONE', #5270, #1268 ) ;
#1157 = AXIS2_PLACEMENT_3D ( 'NONE', #1900, #6247, #2001 ) ;
#1158 = VECTOR ( 'NONE', #2138, 1000.000000000000000 ) ;
#1159 = CARTESIAN_POINT ( 'NONE',  ( 66.99999999999994316, 2.000000000000000000, 38.50000000000000711 ) ) ;
#1160 = EDGE_LOOP ( 'NONE', ( #5794, #4576, #2843, #6675 ) ) ;
#1161 = VECTOR ( 'NONE', #3484, 1000.000000000000000 ) ;
#1162 = VECTOR ( 'NONE', #5714, 1000.000000000000000 ) ;
#1163 = CARTESIAN_POINT ( 'NONE',  ( -71.10000000000005116, 7.199999999999984190, 25.00000000000000000 ) ) ;
#1164 = LINE ( 'NONE', #656, #3326 ) ;
#1165 = DIRECTION ( 'NONE',  ( 0.000000000000000000, 1.000000000000000000, 0.000000000000000000 ) ) ;
#1166 = CARTESIAN_POINT ( 'NONE',  ( -65.00000000000000000, 9.199999999999999289, 38.49999999999958789 ) ) ;
#1167 = DIRECTION ( 'NONE',  ( -0.000000000000000000, 0.000000000000000000, 1.000000000000000000 ) ) ;
#1168 = CIRCLE ( 'NONE', #5023, 6.999999999999999112 ) ;
#1170 = ADVANCED_FACE ( 'NONE', ( #452 ), #2007, .T. ) ;
#1169 = ADVANCED_FACE ( 'NONE', ( #3106 ), #5206, .F. ) ;
#1171 = VECTOR ( 'NONE', #3670, 1000.000000000000000 ) ;
#1172 = ORIENTED_EDGE ( 'NONE', *, *, #1693, .T. ) ;
#1173 = DIRECTION ( 'NONE',  ( 0.000000000000000000, -1.000000000000000000, 0.000000000000000000 ) ) ;
#1174 = ORIENTED_EDGE ( 'NONE', *, *, #4935, .T. ) ;
#1175 = VECTOR ( 'NONE', #716, 999.9999999999998863 ) ;
#1176 = DIRECTION ( 'NONE',  ( 1.000000000000000000, 0.000000000000000000, 0.000000000000000000 ) ) ;
#1177 = DIRECTION ( 'NONE',  ( -1.000000000000000000, 0.000000000000000000, 1.734723475976805319E-15 ) ) ;
#1178 = VERTEX_POINT ( 'NONE', #4014 ) ;
#1180 = EDGE_CURVE ( 'NONE', #6200, #131, #6254, .T. ) ;
#1179 = EDGE_CURVE ( 'NONE', #6485, #4999, #2980, .T. ) ;
#1181 = AXIS2_PLACEMENT_3D ( 'NONE', #2853, #4942, #224 ) ;
#1182 = ORIENTED_EDGE ( 'NONE', *, *, #968, .F. ) ;
#1183 = ORIENTED_EDGE ( 'NONE', *, *, #6418, .F. ) ;
#1184 = DIRECTION ( 'NONE',  ( -0.000000000000000000, -1.000000000000000000, -0.000000000000000000 ) ) ;
#1185 = VECTOR ( 'NONE', #6423, 1000.000000000000000 ) ;
#1186 = ORIENTED_EDGE ( 'NONE', *, *, #1688, .F. ) ;
#1187 = EDGE_CURVE ( 'NONE', #3710, #1776, #621, .T. ) ;
#1189 = EDGE_CURVE ( 'NONE', #4999, #1453, #1588, .T. ) ;
#1188 = DIRECTION ( 'NONE',  ( 0.000000000000000000, 0.000000000000000000, 1.000000000000000000 ) ) ;
#1190 = VERTEX_POINT ( 'NONE', #5897 ) ;
#1191 = CARTESIAN_POINT ( 'NONE',  ( -71.10000000000005116, 2.000000000000000000, 15.00000000000000000 ) ) ;
#1192 = ORIENTED_EDGE ( 'NONE', *, *, #473, .F. ) ;
#1193 = VECTOR ( 'NONE', #3422, 1000.000000000000000 ) ;
#1194 = EDGE_LOOP ( 'NONE', ( #3085, #3401, #3776, #5617 ) ) ;
#1195 = LINE ( 'NONE', #3857, #1698 ) ;
#1196 = CARTESIAN_POINT ( 'NONE',  ( 57.00000000000002132, 9.199999999999999289, 36.50000000000000711 ) ) ;
#1197 = LINE ( 'NONE', #754, #1391 ) ;
#1198 = DIRECTION ( 'NONE',  ( 0.000000000000000000, 0.000000000000000000, 1.000000000000000000 ) ) ;
#1199 = ORIENTED_EDGE ( 'NONE', *, *, #2114, .T. ) ;
#1200 = CARTESIAN_POINT ( 'NONE',  ( -54.99999999999999289, 3.800000000000001155, 38.49999999999958789 ) ) ;
#1201 = CYLINDRICAL_SURFACE ( 'NONE', #2444, 3.000000000000002665 ) ;
#1202 = CARTESIAN_POINT ( 'NONE',  ( 70.09999999999999432, 3.800000000000001155, 38.50000000000000711 ) ) ;
#1203 = DIRECTION ( 'NONE',  ( 0.7071067811865496822, 0.7071067811865453523, 0.000000000000000000 ) ) ;
#1204 = CARTESIAN_POINT ( 'NONE',  ( 65.00000000000000000, 9.199999999999999289, 38.50000000000000711 ) ) ;
#1205 = EDGE_CURVE ( 'NONE', #5266, #4288, #556, .T. ) ;
#1206 = EDGE_LOOP ( 'NONE', ( #4166, #4122, #3907, #2769, #3455 ) ) ;
#1207 = CARTESIAN_POINT ( 'NONE',  ( -45.00000000000001421, 7.199999999999984190, -38.49999999999972999 ) ) ;
#1208 = ORIENTED_EDGE ( 'NONE', *, *, #6111, .F. ) ;
#1209 = DIRECTION ( 'NONE',  ( 6.938893903907221278E-15, 0.000000000000000000, 1.000000000000000000 ) ) ;
#1210 = CARTESIAN_POINT ( 'NONE',  ( 71.10000000000005116, 2.000000000000000000, 15.00000000000000000 ) ) ;
#1211 = EDGE_CURVE ( 'NONE', #894, #1751, #1947, .T. ) ;
#1212 = CARTESIAN_POINT ( 'NONE',  ( 77.10000000000000853, 14.00000000000000000, -35.50000000000000711 ) ) ;
#1213 = ORIENTED_EDGE ( 'NONE', *, *, #6628, .F. ) ;
#1214 = ORIENTED_EDGE ( 'NONE', *, *, #4299, .F. ) ;
#1215 = ORIENTED_EDGE ( 'NONE', *, *, #3428, .F. ) ;
#1217 = EDGE_CURVE ( 'NONE', #420, #894, #6388, .T. ) ;
#1216 = ADVANCED_FACE ( 'NONE', ( #3695 ), #3662, .F. ) ;
#1218 = DIRECTION ( 'NONE',  ( 0.000000000000000000, -1.000000000000000000, 0.000000000000000000 ) ) ;
#1219 = PLANE ( 'NONE',  #5804 ) ;
#1220 = ORIENTED_EDGE ( 'NONE', *, *, #2765, .F. ) ;
#1221 = CARTESIAN_POINT ( 'NONE',  ( -73.09999999999978115, 7.199999999999984190, -25.00000000000000355 ) ) ;
#1222 = ORIENTED_EDGE ( 'NONE', *, *, #562, .F. ) ;
#1223 = DIRECTION ( 'NONE',  ( -1.000000000000000000, 0.000000000000000000, 0.000000000000000000 ) ) ;
#1224 = VERTEX_POINT ( 'NONE', #2109 ) ;
#1225 = ORIENTED_EDGE ( 'NONE', *, *, #3388, .F. ) ;
#1226 = EDGE_CURVE ( 'NONE', #5274, #5006, #4684, .T. ) ;
#1227 = CARTESIAN_POINT ( 'NONE',  ( 71.09999999999998010, 7.199999999999984190, -5.000000000000000000 ) ) ;
#1228 = EDGE_CURVE ( 'NONE', #5262, #2151, #2176, .T. ) ;
#1229 = DIRECTION ( 'NONE',  ( 0.7071067811865533459, 0.000000000000000000, -0.7071067811865416886 ) ) ;
#1230 = DIRECTION ( 'NONE',  ( -0.000000000000000000, 0.000000000000000000, 1.000000000000000000 ) ) ;
#1231 = PLANE ( 'NONE',  #5365 ) ;
#1232 = VERTEX_POINT ( 'NONE', #1557 ) ;
#1233 = ADVANCED_FACE ( 'NONE', ( #5834 ), #1069, .F. ) ;
#1234 = CARTESIAN_POINT ( 'NONE',  ( -61.00000000000004263, 13.19999999999998863, 38.49999999999958789 ) ) ;
#1235 = FACE_OUTER_BOUND ( 'NONE', #645, .T. ) ;
#1236 = CARTESIAN_POINT ( 'NONE',  ( 5.000000000000004441, 3.800000000000001155, -38.50000000000000711 ) ) ;
#1237 = DIRECTION ( 'NONE',  ( 0.000000000000000000, 0.000000000000000000, 1.000000000000000000 ) ) ;
#1238 = DIRECTION ( 'NONE',  ( 0.000000000000000000, -1.000000000000000000, 0.000000000000000000 ) ) ;
#1239 = ORIENTED_EDGE ( 'NONE', *, *, #4214, .T. ) ;
#1240 = DIRECTION ( 'NONE',  ( 0.7071067811865501263, 0.7071067811865449082, -0.000000000000000000 ) ) ;
#1241 = CARTESIAN_POINT ( 'NONE',  ( 5.000000000000004441, 7.199999999999984190, -38.50000000000002132 ) ) ;
#1242 = DIRECTION ( 'NONE',  ( 1.000000000000000000, 0.000000000000000000, 0.000000000000000000 ) ) ;
#1243 = LINE ( 'NONE', #3904, #3282 ) ;
#1244 = CARTESIAN_POINT ( 'NONE',  ( -69.89999999999996305, 0.000000000000000000, -40.50000000000000000 ) ) ;
#1245 = ORIENTED_EDGE ( 'NONE', *, *, #1583, .T. ) ;
#1246 = VERTEX_POINT ( 'NONE', #5764 ) ;
#1247 = ORIENTED_EDGE ( 'NONE', *, *, #1445, .F. ) ;
#1248 = CARTESIAN_POINT ( 'NONE',  ( -73.09999999999998010, 3.800000000000001155, -35.50000000000000711 ) ) ;
#1249 = CARTESIAN_POINT ( 'NONE',  ( 71.09999999999998010, 9.199999999999999289, -5.000000000000000000 ) ) ;
#1250 = ORIENTED_EDGE ( 'NONE', *, *, #2619, .T. ) ;
#1251 = DIRECTION ( 'NONE',  ( -1.000000000000000000, 0.000000000000000000, -2.168404344971006501E-15 ) ) ;
#1252 = ORIENTED_EDGE ( 'NONE', *, *, #262, .T. ) ;
#1253 = AXIS2_PLACEMENT_3D ( 'NONE', #2751, #3340, #1259 ) ;
#1254 = FACE_OUTER_BOUND ( 'NONE', #2631, .T. ) ;
#1256 = EDGE_CURVE ( 'NONE', #4965, #4591, #1031, .T. ) ;
#1255 = EDGE_CURVE ( 'NONE', #2363, #2920, #2656, .T. ) ;
#1257 = VERTEX_POINT ( 'NONE', #4283 ) ;
#1258 = ORIENTED_EDGE ( 'NONE', *, *, #1966, .T. ) ;
#1259 = DIRECTION ( 'NONE',  ( -1.000000000000000000, 0.000000000000000000, -0.000000000000000000 ) ) ;
#1260 = VECTOR ( 'NONE', #4370, 1000.000000000000000 ) ;
#1261 = LINE ( 'NONE', #230, #1933 ) ;
#1262 = LINE ( 'NONE', #4872, #4255 ) ;
#1263 = CARTESIAN_POINT ( 'NONE',  ( 32.99999999999995737, 3.800000000000001155, 38.50000000000000711 ) ) ;
#1264 = VECTOR ( 'NONE', #890, 1000.000000000000000 ) ;
#1265 = ORIENTED_EDGE ( 'NONE', *, *, #98, .F. ) ;
#1266 = CARTESIAN_POINT ( 'NONE',  ( 70.10000000000000853, 14.00000000000000000, -40.50271354001956325 ) ) ;
#1267 = LINE ( 'NONE', #4309, #5972 ) ;
#1268 = VECTOR ( 'NONE', #1621, 1000.000000000000000 ) ;
#1269 = LINE ( 'NONE', #271, #1270 ) ;
#1270 = VECTOR ( 'NONE', #793, 1000.000000000000000 ) ;
#1271 = CARTESIAN_POINT ( 'NONE',  ( -71.10000000000005116, 9.199999999999999289, 17.00000000000002842 ) ) ;
#1272 = CARTESIAN_POINT ( 'NONE',  ( 70.09999999999999432, 2.000000000000015543, -35.50000000000000711 ) ) ;
#1273 = EDGE_CURVE ( 'NONE', #3875, #4016, #4747, .T. ) ;
#1274 = EDGE_CURVE ( 'NONE', #783, #1367, #33, .T. ) ;
#1275 = AXIS2_PLACEMENT_3D ( 'NONE', #6618, #4001, #6646 ) ;
#1276 = ORIENTED_EDGE ( 'NONE', *, *, #1454, .F. ) ;
#1277 = VECTOR ( 'NONE', #6691, 1000.000000000000000 ) ;
#1278 = CARTESIAN_POINT ( 'NONE',  ( -77.09999999999998010, 14.00000000000000000, -42.50000000000000000 ) ) ;
#1279 = CARTESIAN_POINT ( 'NONE',  ( 71.09999999999998010, 8.199999999999985079, -3.999999999999992450 ) ) ;
#1280 = DIRECTION ( 'NONE',  ( 0.000000000000000000, 1.000000000000000000, 0.000000000000000000 ) ) ;
#1281 = DIRECTION ( 'NONE',  ( -0.000000000000000000, 0.7071067811865446862, -0.7071067811865503483 ) ) ;
#1282 = LINE ( 'NONE', #6497, #6251 ) ;
#1283 = VECTOR ( 'NONE', #1004, 1000.000000000000000 ) ;
#1284 = VERTEX_POINT ( 'NONE', #5243 ) ;
#1285 = EDGE_CURVE ( 'NONE', #3997, #1190, #2586, .T. ) ;
#1286 = CIRCLE ( 'NONE', #4051, 5.199999999999996625 ) ;
#1287 = ORIENTED_EDGE ( 'NONE', *, *, #166, .T. ) ;
#1288 = ORIENTED_EDGE ( 'NONE', *, *, #1023, .F. ) ;
#1289 = PLANE ( 'NONE',  #6233 ) ;
#1290 = DIRECTION ( 'NONE',  ( 0.000000000000000000, 0.000000000000000000, -1.000000000000000000 ) ) ;
#1291 = ORIENTED_EDGE ( 'NONE', *, *, #6776, .T. ) ;
#1292 = CARTESIAN_POINT ( 'NONE',  ( -7.000000000000033751, 2.000000000000000000, 38.50000000000000711 ) ) ;
#1293 = VECTOR ( 'NONE', #800, 999.9999999999998863 ) ;
#1294 = ORIENTED_EDGE ( 'NONE', *, *, #1093, .F. ) ;
#1295 = DIRECTION ( 'NONE',  ( 0.000000000000000000, 0.000000000000000000, -1.000000000000000000 ) ) ;
#1296 = ORIENTED_EDGE ( 'NONE', *, *, #4028, .T. ) ;
#1297 = ORIENTED_EDGE ( 'NONE', *, *, #6412, .T. ) ;
#1298 = ORIENTED_EDGE ( 'NONE', *, *, #6715, .F. ) ;
#1299 = AXIS2_PLACEMENT_3D ( 'NONE', #2453, #5139, #2527 ) ;
#1300 = DIRECTION ( 'NONE',  ( 3.469446951953610639E-15, 0.000000000000000000, -1.000000000000000000 ) ) ;
#1301 = DIRECTION ( 'NONE',  ( -0.000000000000000000, 0.000000000000000000, -1.000000000000000000 ) ) ;
#1302 = ADVANCED_FACE ( 'NONE', ( #1627 ), #1098, .F. ) ;
#1303 = CARTESIAN_POINT ( 'NONE',  ( -14.99999999999999645, 7.199999999999984190, 36.49999999999986500 ) ) ;
#1304 = DIRECTION ( 'NONE',  ( -0.7071067811865450192, -0.000000000000000000, -0.7071067811865500152 ) ) ;
#1305 = CIRCLE ( 'NONE', #3073, 5.002713540019562366 ) ;
#1306 = EDGE_LOOP ( 'NONE', ( #5218, #4861, #6122, #4539, #3111, #3995, #677, #5511 ) ) ;
#1307 = LINE ( 'NONE', #2446, #1193 ) ;
#1308 = CARTESIAN_POINT ( 'NONE',  ( -73.09999999999999432, 2.000000000000000000, 6.999999999999971578 ) ) ;
#1309 = DIRECTION ( 'NONE',  ( 0.000000000000000000, -1.000000000000000000, 0.000000000000000000 ) ) ;
#1310 = EDGE_CURVE ( 'NONE', #181, #3517, #3237, .T. ) ;
#1311 = DIRECTION ( 'NONE',  ( -0.000000000000000000, 1.000000000000000000, -0.000000000000000000 ) ) ;
#1312 = LINE ( 'NONE', #2379, #3382 ) ;
#1313 = EDGE_CURVE ( 'NONE', #2120, #3249, #2685, .T. ) ;
#1314 = ORIENTED_EDGE ( 'NONE', *, *, #4029, .T. ) ;
#1315 = LINE ( 'NONE', #5455, #3285 ) ;
#1316 = EDGE_CURVE ( 'NONE', #3220, #5745, #6079, .T. ) ;
#1317 = FACE_OUTER_BOUND ( 'NONE', #4394, .T. ) ;
#1318 = CARTESIAN_POINT ( 'NONE',  ( 0.000000000000000000, 9.199999999999999289, 0.000000000000000000 ) ) ;
#1319 = DIRECTION ( 'NONE',  ( 0.000000000000000000, 0.000000000000000000, 1.000000000000000000 ) ) ;
#1320 = DIRECTION ( 'NONE',  ( 0.5773502691896270633, 0.5773502691896231775, -0.5773502691896270633 ) ) ;
#1321 = ORIENTED_EDGE ( 'NONE', *, *, #6623, .T. ) ;
#1322 = EDGE_LOOP ( 'NONE', ( #3049, #1297, #5814, #388 ) ) ;
#1323 = ORIENTED_EDGE ( 'NONE', *, *, #517, .T. ) ;
#1324 = DIRECTION ( 'NONE',  ( 5.204170427930416550E-15, 0.000000000000000000, 1.000000000000000000 ) ) ;
#1325 = EDGE_CURVE ( 'NONE', #1570, #1648, #3864, .T. ) ;
#1326 = LINE ( 'NONE', #3954, #1723 ) ;
#1327 = ORIENTED_EDGE ( 'NONE', *, *, #1655, .T. ) ;
#1328 = DIRECTION ( 'NONE',  ( -0.7071067811865501263, -0.7071067811865449082, -0.000000000000000000 ) ) ;
#1329 = ORIENTED_EDGE ( 'NONE', *, *, #4667, .F. ) ;
#1330 = DIRECTION ( 'NONE',  ( -0.000000000000000000, -1.000000000000000000, -0.000000000000000000 ) ) ;
#1331 = VERTEX_POINT ( 'NONE', #165 ) ;
#1332 = ORIENTED_EDGE ( 'NONE', *, *, #339, .T. ) ;
#1333 = ORIENTED_EDGE ( 'NONE', *, *, #6465, .F. ) ;
#1334 = CARTESIAN_POINT ( 'NONE',  ( 73.10000000000000853, 3.800000000000001155, -27.00000000000019895 ) ) ;
#1335 = EDGE_CURVE ( 'NONE', #2894, #2562, #3315, .T. ) ;
#1336 = LINE ( 'NONE', #1410, #3139 ) ;
#1337 = DIRECTION ( 'NONE',  ( -1.000000000000000000, 0.000000000000000000, 2.168404344971006501E-15 ) ) ;
#1338 = PLANE ( 'NONE',  #3391 ) ;
#1339 = MECHANICAL_DESIGN_GEOMETRIC_PRESENTATION_REPRESENTATION (  '', ( #4311 ), #35 ) ;
#1340 = ORIENTED_EDGE ( 'NONE', *, *, #1688, .T. ) ;
#1341 = DIRECTION ( 'NONE',  ( 1.000000000000000000, 0.000000000000000000, 0.000000000000000000 ) ) ;
#1342 = CARTESIAN_POINT ( 'NONE',  ( -67.00000000000045475, 2.000000000000000000, 38.50000000000000711 ) ) ;
#1343 = CARTESIAN_POINT ( 'NONE',  ( -73.09999999999998010, 3.800000000000001155, -38.50000000000000711 ) ) ;
#1344 = UNCERTAINTY_MEASURE_WITH_UNIT (LENGTH_MEASURE( 1.000000000000000082E-05 ), #2480, 'distance_accuracy_value', 'NONE');
#1345 = LINE ( 'NONE', #1760, #5460 ) ;
#1346 = CARTESIAN_POINT ( 'NONE',  ( -54.99999999999999289, 2.000000000000000000, 36.49999999999961631 ) ) ;
#1347 = ORIENTED_EDGE ( 'NONE', *, *, #2018, .T. ) ;
#1349 = EDGE_CURVE ( 'NONE', #2012, #6349, #1269, .T. ) ;
#1348 = ADVANCED_FACE ( 'NONE', ( #4483 ), #1791, .F. ) ;
#1350 = LINE ( 'NONE', #5101, #1968 ) ;
#1351 = CARTESIAN_POINT ( 'NONE',  ( -22.99999999999996447, 9.199999999999999289, -36.49999999999987921 ) ) ;
#1352 = DIRECTION ( 'NONE',  ( -1.000000000000000000, 0.000000000000000000, 1.387778780781444492E-15 ) ) ;
#1353 = LINE ( 'NONE', #4451, #3945 ) ;
#1354 = DIRECTION ( 'NONE',  ( 0.000000000000000000, -1.000000000000000000, 0.000000000000000000 ) ) ;
#1355 = ORIENTED_EDGE ( 'NONE', *, *, #46, .F. ) ;
#1356 = ORIENTED_EDGE ( 'NONE', *, *, #2198, .T. ) ;
#1357 = DIRECTION ( 'NONE',  ( 0.000000000000000000, -1.000000000000000000, 0.000000000000000000 ) ) ;
#1358 = ORIENTED_EDGE ( 'NONE', *, *, #1606, .F. ) ;
#1359 = CARTESIAN_POINT ( 'NONE',  ( -73.09999999999998010, 9.199999999999999289, -5.000000000000004441 ) ) ;
#1360 = CARTESIAN_POINT ( 'NONE',  ( 34.99999999999999289, 9.199999999999999289, -38.50000000000002132 ) ) ;
#1361 = VERTEX_POINT ( 'NONE', #3386 ) ;
#1362 = LINE ( 'NONE', #3544, #1283 ) ;
#1363 = ORIENTED_EDGE ( 'NONE', *, *, #4629, .F. ) ;
#1364 = LINE ( 'NONE', #4027, #2622 ) ;
#1365 = EDGE_CURVE ( 'NONE', #4983, #5649, #1726, .T. ) ;
#1366 = EDGE_CURVE ( 'NONE', #3853, #6270, #6046, .T. ) ;
#1367 = VERTEX_POINT ( 'NONE', #1236 ) ;
#1368 = ORIENTED_EDGE ( 'NONE', *, *, #4687, .F. ) ;
#1369 = ORIENTED_EDGE ( 'NONE', *, *, #5313, .T. ) ;
#1370 = CARTESIAN_POINT ( 'NONE',  ( 73.10000000000000853, 2.000000000000000000, 35.49999999999999289 ) ) ;
#1371 = DIRECTION ( 'NONE',  ( 0.000000000000000000, -1.000000000000000000, 0.000000000000000000 ) ) ;
#1372 = LINE ( 'NONE', #6716, #505 ) ;
#1373 = LINE ( 'NONE', #5685, #860 ) ;
#1374 = EDGE_CURVE ( 'NONE', #3448, #1781, #4953, .T. ) ;
#1375 = EDGE_LOOP ( 'NONE', ( #2747, #326, #2509, #2219 ) ) ;
#1376 = AXIS2_PLACEMENT_3D ( 'NONE', #1566, #5770, #2634 ) ;
#1377 = CARTESIAN_POINT ( 'NONE',  ( 45.00000000000000711, 9.199999999999999289, 38.50000000000000711 ) ) ;
#1378 = PLANE ( 'NONE',  #6085 ) ;
#1379 = DIRECTION ( 'NONE',  ( 0.7071067811865451302, -0.7071067811865500152, 3.066586833366734274E-15 ) ) ;
#1380 = CARTESIAN_POINT ( 'NONE',  ( -73.09999999999998010, 2.000000000000000000, -27.00000000000022382 ) ) ;
#1381 = AXIS2_PLACEMENT_3D ( 'NONE', #1518, #6279, #3625 ) ;
#1382 = LINE ( 'NONE', #2832, #4480 ) ;
#1383 = ORIENTED_EDGE ( 'NONE', *, *, #2190, .T. ) ;
#1384 = VECTOR ( 'NONE', #4954, 1000.000000000000000 ) ;
#1385 = VECTOR ( 'NONE', #251, 1000.000000000000000 ) ;
#1386 = DIRECTION ( 'NONE',  ( 0.000000000000000000, 0.000000000000000000, -1.000000000000000000 ) ) ;
#1387 = CARTESIAN_POINT ( 'NONE',  ( 0.000000000000000000, 0.000000000000000000, -40.49999999999997158 ) ) ;
#1388 = DIRECTION ( 'NONE',  ( 0.000000000000000000, -1.000000000000000000, 0.000000000000000000 ) ) ;
#1389 = CARTESIAN_POINT ( 'NONE',  ( -14.99999999999999645, 9.199999999999999289, 36.49999999999986500 ) ) ;
#1390 = EDGE_CURVE ( 'NONE', #6824, #4321, #2897, .T. ) ;
#1391 = VECTOR ( 'NONE', #4844, 1000.000000000000000 ) ;
#1392 = ORIENTED_EDGE ( 'NONE', *, *, #1910, .T. ) ;
#1393 = VECTOR ( 'NONE', #1309, 1000.000000000000000 ) ;
#1394 = ORIENTED_EDGE ( 'NONE', *, *, #5947, .F. ) ;
#1395 = CARTESIAN_POINT ( 'NONE',  ( 54.99999999999999289, 9.199999999999999289, 38.50000000000000711 ) ) ;
#1396 = VERTEX_POINT ( 'NONE', #1202 ) ;
#1397 = VECTOR ( 'NONE', #1072, 1000.000000000000000 ) ;
#1398 = VECTOR ( 'NONE', #1581, 999.9999999999998863 ) ;
#1399 = DIRECTION ( 'NONE',  ( 1.000000000000000000, 0.000000000000000000, 0.000000000000000000 ) ) ;
#1400 = CARTESIAN_POINT ( 'NONE',  ( -45.00000000000000000, 7.199999999999984190, -36.49999999999972999 ) ) ;
#1402 = ADVANCED_FACE ( 'NONE', ( #5938 ), #2306, .F. ) ;
#1401 = EDGE_CURVE ( 'NONE', #5135, #5248, #5971, .T. ) ;
#1403 = ORIENTED_EDGE ( 'NONE', *, *, #3026, .T. ) ;
#1404 = CARTESIAN_POINT ( 'NONE',  ( 18.99999999999995737, 13.19999999999998863, 38.50000000000000711 ) ) ;
#1405 = ORIENTED_EDGE ( 'NONE', *, *, #2593, .T. ) ;
#1406 = DIRECTION ( 'NONE',  ( 0.7071067811865484609, 0.000000000000000000, 0.7071067811865465735 ) ) ;
#1407 = AXIS2_PLACEMENT_3D ( 'NONE', #3515, #2081, #2397 ) ;
#1408 = ORIENTED_EDGE ( 'NONE', *, *, #3011, .T. ) ;
#1409 = EDGE_LOOP ( 'NONE', ( #4424, #4192, #1073, #335 ) ) ;
#1410 = CARTESIAN_POINT ( 'NONE',  ( 71.10000000000005116, 7.199999999999984190, 25.00000000000000000 ) ) ;
#1411 = ADVANCED_FACE ( 'NONE', ( #4443 ), #3937, .F. ) ;
#1412 = VECTOR ( 'NONE', #990, 1000.000000000000000 ) ;
#1413 = CARTESIAN_POINT ( 'NONE',  ( 15.00000000000000533, 7.199999999999984190, -36.50000000000002132 ) ) ;
#1414 = LINE ( 'NONE', #862, #1412 ) ;
#1415 = AXIS2_PLACEMENT_3D ( 'NONE', #3335, #6065, #1779 ) ;
#1416 = ORIENTED_EDGE ( 'NONE', *, *, #5574, .F. ) ;
#1417 = CARTESIAN_POINT ( 'NONE',  ( -73.09999999999999432, 3.800000000000001155, 38.50000000000000711 ) ) ;
#1418 = FACE_OUTER_BOUND ( 'NONE', #2404, .T. ) ;
#1419 = EDGE_CURVE ( 'NONE', #2381, #3909, #2759, .T. ) ;
#1420 = CARTESIAN_POINT ( 'NONE',  ( 5.000000000000004441, 3.800000000000001155, 38.50000000000000711 ) ) ;
#1421 = VECTOR ( 'NONE', #2174, 1000.000000000000000 ) ;
#1422 = FACE_OUTER_BOUND ( 'NONE', #5611, .T. ) ;
#1423 = VERTEX_POINT ( 'NONE', #3348 ) ;
#1424 = DIRECTION ( 'NONE',  ( 0.000000000000000000, 0.000000000000000000, -1.000000000000000000 ) ) ;
#1425 = CARTESIAN_POINT ( 'NONE',  ( 71.09999999999998010, 9.199999999999999289, 5.000000000000000000 ) ) ;
#1426 = DIRECTION ( 'NONE',  ( -0.7071067811865401342, 0.000000000000000000, -0.7071067811865549002 ) ) ;
#1427 = CARTESIAN_POINT ( 'NONE',  ( 44.00000000000000000, 8.199999999999985079, -36.50000000000002132 ) ) ;
#1428 = EDGE_LOOP ( 'NONE', ( #2004, #6391, #2105, #3646 ) ) ;
#1429 = ORIENTED_EDGE ( 'NONE', *, *, #4980, .T. ) ;
#1430 = DIRECTION ( 'NONE',  ( 2.168404344971006501E-15, 0.000000000000000000, 1.000000000000000000 ) ) ;
#1431 = EDGE_LOOP ( 'NONE', ( #4324, #1601, #1649, #5950 ) ) ;
#1432 = CARTESIAN_POINT ( 'NONE',  ( 5.000000000000004441, 7.199999999999984190, 36.50000000000000711 ) ) ;
#1433 = DIRECTION ( 'NONE',  ( 3.469446951953610639E-15, 0.000000000000000000, -1.000000000000000000 ) ) ;
#1434 = VERTEX_POINT ( 'NONE', #5446 ) ;
#1435 = CARTESIAN_POINT ( 'NONE',  ( 26.99999999999999645, 3.800000000000001155, 38.50000000000000711 ) ) ;
#1436 = VERTEX_POINT ( 'NONE', #722 ) ;
#1437 = ORIENTED_EDGE ( 'NONE', *, *, #4322, .T. ) ;
#1439 = EDGE_CURVE ( 'NONE', #2510, #6824, #3424, .T. ) ;
#1438 = EDGE_CURVE ( 'NONE', #4030, #3900, #6520, .T. ) ;
#1440 = EDGE_LOOP ( 'NONE', ( #5021, #5043, #4350, #709 ) ) ;
#1441 = PLANE ( 'NONE',  #4676 ) ;
#1442 = LINE ( 'NONE', #5018, #511 ) ;
#1443 = DIRECTION ( 'NONE',  ( 5.204170427930416550E-15, 0.000000000000000000, -1.000000000000000000 ) ) ;
#1444 = ORIENTED_EDGE ( 'NONE', *, *, #122, .T. ) ;
#1445 = EDGE_CURVE ( 'NONE', #184, #757, #1826, .T. ) ;
#1446 = FACE_BOUND ( 'NONE', #6059, .T. ) ;
#1447 = FILL_AREA_STYLE ('',( #6181 ) ) ;
#1448 = DIRECTION ( 'NONE',  ( 0.000000000000000000, 0.000000000000000000, 1.000000000000000000 ) ) ;
#1449 = CARTESIAN_POINT ( 'NONE',  ( 73.10000000000000853, 2.000000000000000000, -7.000000000000006217 ) ) ;
#1450 = VECTOR ( 'NONE', #1758, 1000.000000000000000 ) ;
#1451 = DIRECTION ( 'NONE',  ( 0.000000000000000000, 0.000000000000000000, -1.000000000000000000 ) ) ;
#1452 = EDGE_CURVE ( 'NONE', #1667, #1132, #4921, .T. ) ;
#1453 = VERTEX_POINT ( 'NONE', #6210 ) ;
#1454 = EDGE_CURVE ( 'NONE', #258, #1232, #1479, .T. ) ;
#1455 = DIRECTION ( 'NONE',  ( 0.000000000000000000, 0.000000000000000000, 1.000000000000000000 ) ) ;
#1456 = CARTESIAN_POINT ( 'NONE',  ( -37.00000000000002842, 9.199999999999999289, -0.000000000000000000 ) ) ;
#1457 = CARTESIAN_POINT ( 'NONE',  ( 71.09999999999998010, 9.199999999999999289, -5.000000000000000000 ) ) ;
#1458 = CARTESIAN_POINT ( 'NONE',  ( 73.09999999999978115, 8.199999999999985079, -16.00000000000000355 ) ) ;
#1459 = ORIENTED_EDGE ( 'NONE', *, *, #138, .T. ) ;
#1460 = VERTEX_POINT ( 'NONE', #3587 ) ;
#1461 = CARTESIAN_POINT ( 'NONE',  ( -71.09999999999978115, 9.199999999999999289, -25.00000000000000000 ) ) ;
#1462 = ORIENTED_EDGE ( 'NONE', *, *, #3328, .T. ) ;
#1463 = LINE ( 'NONE', #4729, #6451 ) ;
#1464 = FACE_OUTER_BOUND ( 'NONE', #3582, .T. ) ;
#1465 = EDGE_LOOP ( 'NONE', ( #2247, #3716, #6269, #3266 ) ) ;
#1466 = ADVANCED_FACE ( 'NONE', ( #898 ), #4041, .T. ) ;
#1467 = VERTEX_POINT ( 'NONE', #3529 ) ;
#1468 = ORIENTED_EDGE ( 'NONE', *, *, #3672, .T. ) ;
#1469 = ORIENTED_EDGE ( 'NONE', *, *, #355, .F. ) ;
#1470 = DIRECTION ( 'NONE',  ( -0.000000000000000000, 1.000000000000000000, -0.000000000000000000 ) ) ;
#1471 = CARTESIAN_POINT ( 'NONE',  ( -71.09999999999978115, 2.000000000000000000, -25.00000000000000000 ) ) ;
#1473 = EDGE_CURVE ( 'NONE', #284, #853, #4615, .T. ) ;
#1472 = EDGE_CURVE ( 'NONE', #24, #1595, #4644, .T. ) ;
#1474 = CARTESIAN_POINT ( 'NONE',  ( -12.99999999999984546, 2.000000000000000000, -38.50000000000000711 ) ) ;
#1475 = ORIENTED_EDGE ( 'NONE', *, *, #3733, .T. ) ;
#1476 = DIRECTION ( 'NONE',  ( -0.7071067811865500152, 0.7071067811865451302, 0.000000000000000000 ) ) ;
#1477 = DIRECTION ( 'NONE',  ( 1.000000000000000000, 0.000000000000000000, -0.000000000000000000 ) ) ;
#1478 = FACE_OUTER_BOUND ( 'NONE', #1770, .T. ) ;
#1479 = LINE ( 'NONE', #3071, #1277 ) ;
#1480 = DIRECTION ( 'NONE',  ( -0.000000000000000000, 0.000000000000000000, 1.000000000000000000 ) ) ;
#1481 = ADVANCED_FACE ( 'NONE', ( #922 ), #444, .F. ) ;
#1482 = FACE_OUTER_BOUND ( 'NONE', #6760, .T. ) ;
#1483 = AXIS2_PLACEMENT_3D ( 'NONE', #5330, #1678, #2261 ) ;
#1484 = ORIENTED_EDGE ( 'NONE', *, *, #3677, .F. ) ;
#1485 = LINE ( 'NONE', #5033, #1855 ) ;
#1486 = CARTESIAN_POINT ( 'NONE',  ( -73.09999999999998010, 2.000000000000000000, -38.50000000000000711 ) ) ;
#1487 = CARTESIAN_POINT ( 'NONE',  ( 73.10000000000000853, 3.800000000000001155, 25.00000000000000711 ) ) ;
#1488 = VECTOR ( 'NONE', #611, 1000.000000000000000 ) ;
#1489 = EDGE_CURVE ( 'NONE', #1453, #2337, #826, .T. ) ;
#1490 = LINE ( 'NONE', #5142, #4137 ) ;
#1491 = VERTEX_POINT ( 'NONE', #963 ) ;
#1492 = AXIS2_PLACEMENT_3D ( 'NONE', #934, #6759, #5105 ) ;
#1493 = VERTEX_POINT ( 'NONE', #6751 ) ;
#1494 = AXIS2_PLACEMENT_3D ( 'NONE', #4571, #6681, #2925 ) ;
#1495 = CARTESIAN_POINT ( 'NONE',  ( -71.09999999999998010, 9.199999999999999289, 5.000000000000000000 ) ) ;
#1496 = ORIENTED_EDGE ( 'NONE', *, *, #3589, .F. ) ;
#1497 = LINE ( 'NONE', #3641, #4771 ) ;
#1498 = DIRECTION ( 'NONE',  ( -0.7071067811865496822, -0.7071067811865453523, -0.000000000000000000 ) ) ;
#1499 = DIRECTION ( 'NONE',  ( -1.000000000000000000, 0.000000000000000000, 1.734723475976805319E-15 ) ) ;
#1500 = VECTOR ( 'NONE', #6114, 1000.000000000000000 ) ;
#1501 = AXIS2_PLACEMENT_3D ( 'NONE', #1659, #3177, #5277 ) ;
#1502 = EDGE_CURVE ( 'NONE', #1927, #5484, #2028, .T. ) ;
#1503 = ORIENTED_EDGE ( 'NONE', *, *, #1111, .F. ) ;
#1504 = VECTOR ( 'NONE', #3259, 1000.000000000000114 ) ;
#1505 = ORIENTED_EDGE ( 'NONE', *, *, #2857, .F. ) ;
#1506 = VECTOR ( 'NONE', #1619, 1000.000000000000114 ) ;
#1507 = VERTEX_POINT ( 'NONE', #6150 ) ;
#1508 = LINE ( 'NONE', #3618, #6131 ) ;
#1509 = LINE ( 'NONE', #4070, #4897 ) ;
#1510 = AXIS2_PLACEMENT_3D ( 'NONE', #2179, #1167, #2658 ) ;
#1511 = AXIS2_PLACEMENT_3D ( 'NONE', #5318, #3746, #593 ) ;
#1512 = EDGE_CURVE ( 'NONE', #3212, #661, #4517, .T. ) ;
#1513 = CARTESIAN_POINT ( 'NONE',  ( -73.09999999999998010, -0.0009999999999992653654, -12.99999999999982414 ) ) ;
#1514 = ORIENTED_EDGE ( 'NONE', *, *, #1125, .T. ) ;
#1515 = VECTOR ( 'NONE', #1995, 1000.000000000000114 ) ;
#1516 = ADVANCED_FACE ( 'NONE', ( #6243 ), #6182, .T. ) ;
#1517 = CARTESIAN_POINT ( 'NONE',  ( 71.09999999999978115, 9.199999999999999289, -25.00000000000000000 ) ) ;
#1518 = CARTESIAN_POINT ( 'NONE',  ( 0.000000000000000000, 9.199999999999999289, 0.000000000000000000 ) ) ;
#1519 = FACE_OUTER_BOUND ( 'NONE', #3603, .T. ) ;
#1520 = CARTESIAN_POINT ( 'NONE',  ( 5.000000000000004441, 9.199999999999999289, -36.50000000000002132 ) ) ;
#1521 = CARTESIAN_POINT ( 'NONE',  ( -71.10000000000005116, 7.199999999999984190, 25.00000000000000000 ) ) ;
#1522 = AXIS2_PLACEMENT_3D ( 'NONE', #3854, #4867, #6475 ) ;
#1523 = ORIENTED_EDGE ( 'NONE', *, *, #5404, .F. ) ;
#1524 = ADVANCED_FACE ( 'NONE', ( #1519 ), #5553, .F. ) ;
#1525 = CARTESIAN_POINT ( 'NONE',  ( -34.99999999999999289, 7.199999999999984190, -36.49999999999972999 ) ) ;
#1526 = AXIS2_PLACEMENT_3D ( 'NONE', #1763, #5420, #2344 ) ;
#1527 = DIRECTION ( 'NONE',  ( 0.000000000000000000, -1.000000000000000000, 0.000000000000000000 ) ) ;
#1528 = LINE ( 'NONE', #4081, #2377 ) ;
#1529 = DIRECTION ( 'NONE',  ( 0.000000000000000000, 0.000000000000000000, -1.000000000000000000 ) ) ;
#1530 = VECTOR ( 'NONE', #5935, 1000.000000000000000 ) ;
#1531 = VERTEX_POINT ( 'NONE', #2416 ) ;
#1532 = EDGE_CURVE ( 'NONE', #5643, #4091, #5130, .T. ) ;
#1533 = LINE ( 'NONE', #6803, #5490 ) ;
#1534 = ORIENTED_EDGE ( 'NONE', *, *, #5719, .F. ) ;
#1535 = LINE ( 'NONE', #3086, #2474 ) ;
#1536 = CARTESIAN_POINT ( 'NONE',  ( -75.09999999999996589, 0.000000000000000000, 42.50000000000000000 ) ) ;
#1537 = CARTESIAN_POINT ( 'NONE',  ( -70.09999999999999432, 14.00000000000000000, 40.44974746830580159 ) ) ;
#1538 = ORIENTED_EDGE ( 'NONE', *, *, #5821, .T. ) ;
#1539 = EDGE_CURVE ( 'NONE', #3827, #2363, #1899, .T. ) ;
#1540 = EDGE_CURVE ( 'NONE', #5641, #1331, #3555, .T. ) ;
#1541 = EDGE_LOOP ( 'NONE', ( #3303, #4397, #3754, #6810, #1788, #4409 ) ) ;
#1542 = ORIENTED_EDGE ( 'NONE', *, *, #6507, .T. ) ;
#1543 = LINE ( 'NONE', #4764, #717 ) ;
#1544 = SURFACE_SIDE_STYLE ('',( #4165 ) ) ;
#1545 = EDGE_LOOP ( 'NONE', ( #814, #2569, #6718, #4227, #5250, #3134, #3808, #302 ) ) ;
#1546 = DIRECTION ( 'NONE',  ( -1.000000000000000000, 0.000000000000000000, 0.000000000000000000 ) ) ;
#1547 = ORIENTED_EDGE ( 'NONE', *, *, #3845, .T. ) ;
#1548 = ADVANCED_FACE ( 'NONE', ( #1418 ), #5628, .F. ) ;
#1549 = DIRECTION ( 'NONE',  ( 4.336808689942013003E-15, 0.000000000000000000, 1.000000000000000000 ) ) ;
#1550 = DIRECTION ( 'NONE',  ( 0.000000000000000000, -1.000000000000000000, 0.000000000000000000 ) ) ;
#1551 = DIRECTION ( 'NONE',  ( 0.000000000000000000, -1.000000000000000000, 0.000000000000000000 ) ) ;
#1552 = CARTESIAN_POINT ( 'NONE',  ( -73.09999999999998010, 3.800000000000001155, -38.50000000000000711 ) ) ;
#1553 = DIRECTION ( 'NONE',  ( -0.000000000000000000, 0.7071067811865451302, 0.7071067811865500152 ) ) ;
#1554 = ORIENTED_EDGE ( 'NONE', *, *, #6767, .F. ) ;
#1555 = FACE_OUTER_BOUND ( 'NONE', #6430, .T. ) ;
#1556 = FACE_OUTER_BOUND ( 'NONE', #110, .T. ) ;
#1557 = CARTESIAN_POINT ( 'NONE',  ( -73.09999999999999432, 3.800000000000001155, 35.50000000000000711 ) ) ;
#1558 = VECTOR ( 'NONE', #2108, 1000.000000000000000 ) ;
#1559 = LINE ( 'NONE', #2588, #5572 ) ;
#1560 = DIRECTION ( 'NONE',  ( 1.000000000000000000, 0.000000000000000000, -0.000000000000000000 ) ) ;
#1562 = EDGE_CURVE ( 'NONE', #5841, #5745, #2481, .T. ) ;
#1561 = EDGE_CURVE ( 'NONE', #6319, #1884, #5596, .T. ) ;
#1563 = ORIENTED_EDGE ( 'NONE', *, *, #6740, .T. ) ;
#1564 = DIRECTION ( 'NONE',  ( 0.000000000000000000, 0.000000000000000000, 1.000000000000000000 ) ) ;
#1565 = ORIENTED_EDGE ( 'NONE', *, *, #2033, .T. ) ;
#1566 = CARTESIAN_POINT ( 'NONE',  ( -34.99999999999999289, 9.199999999999999289, -36.49999999999972999 ) ) ;
#1567 = DIRECTION ( 'NONE',  ( 1.000000000000000000, 0.000000000000000000, -0.000000000000000000 ) ) ;
#1568 = DIRECTION ( 'NONE',  ( 0.000000000000000000, 0.000000000000000000, 1.000000000000000000 ) ) ;
#1569 = EDGE_LOOP ( 'NONE', ( #5116, #2361, #4239, #6135 ) ) ;
#1570 = VERTEX_POINT ( 'NONE', #4900 ) ;
#1571 = VERTEX_POINT ( 'NONE', #1091 ) ;
#1572 = CARTESIAN_POINT ( 'NONE',  ( -73.10000000000005116, 3.800000000000001155, 14.99999999999999645 ) ) ;
#1574 = EDGE_CURVE ( 'NONE', #1776, #4117, #548, .T. ) ;
#1573 = DIRECTION ( 'NONE',  ( -1.000000000000000000, 0.000000000000000000, 6.938893903907221278E-15 ) ) ;
#1575 = ORIENTED_EDGE ( 'NONE', *, *, #6344, .T. ) ;
#1576 = ADVANCED_FACE ( 'NONE', ( #3687 ), #62, .T. ) ;
#1577 = LINE ( 'NONE', #5884, #4703 ) ;
#1578 = VERTEX_POINT ( 'NONE', #5953 ) ;
#1579 = LINE ( 'NONE', #2548, #872 ) ;
#1580 = LINE ( 'NONE', #2646, #5566 ) ;
#1581 = DIRECTION ( 'NONE',  ( -0.7071067811865469066, -0.7071067811865482389, -0.000000000000000000 ) ) ;
#1582 = LINE ( 'NONE', #2680, #4680 ) ;
#1583 = EDGE_CURVE ( 'NONE', #4009, #6605, #5789, .T. ) ;
#1584 = CARTESIAN_POINT ( 'NONE',  ( -37.00000000000002842, 9.199999999999999289, 38.49999999999972999 ) ) ;
#1585 = ORIENTED_EDGE ( 'NONE', *, *, #1255, .F. ) ;
#1586 = CARTESIAN_POINT ( 'NONE',  ( -24.99999999999999289, 2.000000000000000000, 36.49999999999986500 ) ) ;
#1587 = FACE_OUTER_BOUND ( 'NONE', #2955, .T. ) ;
#1588 = LINE ( 'NONE', #2628, #6139 ) ;
#1589 = LINE ( 'NONE', #3210, #1620 ) ;
#1590 = CIRCLE ( 'NONE', #6120, 3.000000000000002665 ) ;
#1591 = CARTESIAN_POINT ( 'NONE',  ( 45.00000000000000711, 3.800000000000001155, 38.50000000000000711 ) ) ;
#1592 = ORIENTED_EDGE ( 'NONE', *, *, #1366, .F. ) ;
#1593 = CONICAL_SURFACE ( 'NONE', #5792, 4.999999999999976907, 0.7853981633974502774 ) ;
#1594 = FACE_OUTER_BOUND ( 'NONE', #3015, .T. ) ;
#1595 = VERTEX_POINT ( 'NONE', #5758 ) ;
#1596 = EDGE_CURVE ( 'NONE', #4789, #3445, #2291, .T. ) ;
#1597 = PLANE ( 'NONE',  #2687 ) ;
#1598 = EDGE_CURVE ( 'NONE', #2120, #45, #6569, .T. ) ;
#1599 = LINE ( 'NONE', #5151, #5240 ) ;
#1600 = PLANE ( 'NONE',  #1511 ) ;
#1601 = ORIENTED_EDGE ( 'NONE', *, *, #5110, .F. ) ;
#1602 = VECTOR ( 'NONE', #988, 1000.000000000000000 ) ;
#1603 = VERTEX_POINT ( 'NONE', #3130 ) ;
#1604 = ORIENTED_EDGE ( 'NONE', *, *, #6006, .F. ) ;
#1605 = VECTOR ( 'NONE', #868, 1000.000000000000000 ) ;
#1606 = EDGE_CURVE ( 'NONE', #3205, #6436, #6343, .T. ) ;
#1607 = VECTOR ( 'NONE', #3794, 1000.000000000000000 ) ;
#1608 = LINE ( 'NONE', #5779, #6665 ) ;
#1609 = PLANE ( 'NONE',  #6350 ) ;
#1610 = EDGE_LOOP ( 'NONE', ( #5782, #6422, #3887, #18 ) ) ;
#1611 = CARTESIAN_POINT ( 'NONE',  ( 73.09999999999978115, 7.199999999999984190, -25.00000000000000355 ) ) ;
#1612 = VECTOR ( 'NONE', #3580, 1000.000000000000000 ) ;
#1613 = AXIS2_PLACEMENT_3D ( 'NONE', #5693, #2551, #1971 ) ;
#1614 = ORIENTED_EDGE ( 'NONE', *, *, #5192, .T. ) ;
#1615 = EDGE_CURVE ( 'NONE', #4498, #641, #3331, .T. ) ;
#1616 = FACE_OUTER_BOUND ( 'NONE', #636, .T. ) ;
#1617 = CARTESIAN_POINT ( 'NONE',  ( -70.09999999999996589, 14.00000000000000000, -35.50000000000000711 ) ) ;
#1618 = VECTOR ( 'NONE', #2112, 1000.000000000000000 ) ;
#1619 = DIRECTION ( 'NONE',  ( -0.7071067811865500152, 0.7071067811865451302, -0.000000000000000000 ) ) ;
#1620 = VECTOR ( 'NONE', #2629, 1000.000000000000114 ) ;
#1621 = DIRECTION ( 'NONE',  ( 0.000000000000000000, -1.000000000000000000, 0.000000000000000000 ) ) ;
#1622 = CARTESIAN_POINT ( 'NONE',  ( -73.09999999999999432, -0.0009999999999992653654, 38.50000000000000711 ) ) ;
#1623 = AXIS2_PLACEMENT_3D ( 'NONE', #2195, #3753, #1546 ) ;
#1624 = ORIENTED_EDGE ( 'NONE', *, *, #6559, .T. ) ;
#1625 = CARTESIAN_POINT ( 'NONE',  ( -54.99999999999999289, 9.199999999999999289, 36.49999999999958789 ) ) ;
#1626 = CARTESIAN_POINT ( 'NONE',  ( 70.10000000000000853, 14.00000000000000000, 40.44974746830580159 ) ) ;
#1627 = FACE_OUTER_BOUND ( 'NONE', #5839, .T. ) ;
#1628 = FACE_OUTER_BOUND ( 'NONE', #3769, .T. ) ;
#1629 = VECTOR ( 'NONE', #1737, 1000.000000000000000 ) ;
#1630 = CARTESIAN_POINT ( 'NONE',  ( -73.09999999999998010, 14.00000000000000000, -35.50000000000000711 ) ) ;
#1631 = VERTEX_POINT ( 'NONE', #5231 ) ;
#1632 = AXIS2_PLACEMENT_3D ( 'NONE', #2693, #5212, #6293 ) ;
#1633 = FACE_OUTER_BOUND ( 'NONE', #6025, .T. ) ;
#1634 = ORIENTED_EDGE ( 'NONE', *, *, #669, .F. ) ;
#1635 = CARTESIAN_POINT ( 'NONE',  ( 14.99999999999999645, 9.199999999999999289, 38.50000000000000711 ) ) ;
#1636 = CARTESIAN_POINT ( 'NONE',  ( 34.99999999999999289, 3.800000000000001155, 38.50000000000000711 ) ) ;
#1637 = LINE ( 'NONE', #143, #5359 ) ;
#1638 = AXIS2_PLACEMENT_3D ( 'NONE', #25, #1089, #4133 ) ;
#1639 = VERTEX_POINT ( 'NONE', #512 ) ;
#1640 = ORIENTED_EDGE ( 'NONE', *, *, #4690, .T. ) ;
#1641 = VERTEX_POINT ( 'NONE', #4396 ) ;
#1642 = CARTESIAN_POINT ( 'NONE',  ( 12.99999999999999822, 3.800000000000001155, 38.50000000000000711 ) ) ;
#1643 = DIRECTION ( 'NONE',  ( -1.000000000000000000, 0.000000000000000000, 1.734723475976805319E-15 ) ) ;
#1644 = ORIENTED_EDGE ( 'NONE', *, *, #1562, .T. ) ;
#1645 = FACE_OUTER_BOUND ( 'NONE', #1902, .T. ) ;
#1647 = EDGE_CURVE ( 'NONE', #699, #5248, #4274, .T. ) ;
#1646 = EDGE_CURVE ( 'NONE', #2894, #2390, #5269, .T. ) ;
#1648 = VERTEX_POINT ( 'NONE', #3199 ) ;
#1649 = ORIENTED_EDGE ( 'NONE', *, *, #3678, .F. ) ;
#1650 = CARTESIAN_POINT ( 'NONE',  ( 5.000000000000004441, 9.199999999999999289, 36.50000000000000711 ) ) ;
#1651 = DIRECTION ( 'NONE',  ( -4.336808689942013003E-15, 0.000000000000000000, -1.000000000000000000 ) ) ;
#1652 = LINE ( 'NONE', #3849, #3604 ) ;
#1653 = DIRECTION ( 'NONE',  ( -1.000000000000000000, 0.000000000000000000, 0.000000000000000000 ) ) ;
#1654 = LINE ( 'NONE', #3760, #6473 ) ;
#1655 = EDGE_CURVE ( 'NONE', #2881, #4391, #3626, .T. ) ;
#1656 = ORIENTED_EDGE ( 'NONE', *, *, #658, .F. ) ;
#1657 = LINE ( 'NONE', #520, #5158 ) ;
#1658 = PLANE ( 'NONE',  #5077 ) ;
#1659 = CARTESIAN_POINT ( 'NONE',  ( -34.99999999999999289, 7.199999999999984190, 38.49999999999972999 ) ) ;
#1660 = CARTESIAN_POINT ( 'NONE',  ( -70.09999999999998010, 3.800000000000001155, -38.50000000000000711 ) ) ;
#1661 = DIRECTION ( 'NONE',  ( 0.7071067811865500152, -0.7071067811865451302, -0.000000000000000000 ) ) ;
#1662 = ORIENTED_EDGE ( 'NONE', *, *, #2620, .F. ) ;
#1663 = CARTESIAN_POINT ( 'NONE',  ( -45.00000000000000000, 9.199999999999999289, 36.49999999999972999 ) ) ;
#1664 = ORIENTED_EDGE ( 'NONE', *, *, #6405, .F. ) ;
#1665 = DIRECTION ( 'NONE',  ( 0.7071067811865541231, 0.000000000000000000, -0.7071067811865409114 ) ) ;
#1666 = CARTESIAN_POINT ( 'NONE',  ( 73.10000000000000853, 2.000000000000000000, -38.50000000000000711 ) ) ;
#1667 = VERTEX_POINT ( 'NONE', #4234 ) ;
#1668 =( GEOMETRIC_REPRESENTATION_CONTEXT ( 3 ) GLOBAL_UNCERTAINTY_ASSIGNED_CONTEXT ( ( #1344 ) ) GLOBAL_UNIT_ASSIGNED_CONTEXT ( ( #2480, #897, #4005 ) ) REPRESENTATION_CONTEXT ( 'NONE', 'WORKASPACE' ) );
#1669 = ORIENTED_EDGE ( 'NONE', *, *, #2750, .F. ) ;
#1670 = ORIENTED_EDGE ( 'NONE', *, *, #1935, .T. ) ;
#1671 = LINE ( 'NONE', #5394, #2700 ) ;
#1672 = ORIENTED_EDGE ( 'NONE', *, *, #3552, .F. ) ;
#1673 = FACE_OUTER_BOUND ( 'NONE', #3067, .T. ) ;
#1674 = ORIENTED_EDGE ( 'NONE', *, *, #6009, .T. ) ;
#1675 = DIRECTION ( 'NONE',  ( -0.7071067811865402453, -0.000000000000000000, -0.7071067811865549002 ) ) ;
#1676 = ORIENTED_EDGE ( 'NONE', *, *, #3120, .F. ) ;
#1677 = ORIENTED_EDGE ( 'NONE', *, *, #3559, .F. ) ;
#1678 = DIRECTION ( 'NONE',  ( -0.7071067811865444641, -0.000000000000000000, -0.7071067811865505703 ) ) ;
#1679 = CARTESIAN_POINT ( 'NONE',  ( 73.10000000000000853, 3.800000000000001155, -15.00000000000000000 ) ) ;
#1681 = EDGE_CURVE ( 'NONE', #3205, #3984, #6310, .T. ) ;
#1680 = ADVANCED_FACE ( 'NONE', ( #4673 ), #1219, .T. ) ;
#1682 = LINE ( 'NONE', #28, #1937 ) ;
#1683 = CARTESIAN_POINT ( 'NONE',  ( -6.999999999999964473, 3.800000000000001155, -38.50000000000000711 ) ) ;
#1684 = ORIENTED_EDGE ( 'NONE', *, *, #6180, .F. ) ;
#1685 = DIRECTION ( 'NONE',  ( 1.226634733346694183E-15, -0.7071067811865496822, 0.7071067811865453523 ) ) ;
#1686 = DIRECTION ( 'NONE',  ( -1.672022627447524747E-16, 0.000000000000000000, -1.000000000000000000 ) ) ;
#1687 = DIRECTION ( 'NONE',  ( 0.000000000000000000, -1.000000000000000000, 0.000000000000000000 ) ) ;
#1688 = EDGE_CURVE ( 'NONE', #4591, #4030, #5429, .T. ) ;
#1689 = FACE_OUTER_BOUND ( 'NONE', #6385, .T. ) ;
#1690 = CARTESIAN_POINT ( 'NONE',  ( 71.09999999999998010, 9.199999999999999289, -2.999999999999970690 ) ) ;
#1691 = ORIENTED_EDGE ( 'NONE', *, *, #5163, .T. ) ;
#1692 = PLANE ( 'NONE',  #1526 ) ;
#1693 = EDGE_CURVE ( 'NONE', #2812, #4433, #4173, .T. ) ;
#1694 = ORIENTED_EDGE ( 'NONE', *, *, #2961, .F. ) ;
#1695 = DIRECTION ( 'NONE',  ( -0.000000000000000000, 0.000000000000000000, 1.000000000000000000 ) ) ;
#1696 = CARTESIAN_POINT ( 'NONE',  ( 77.10000000000000853, 14.00000000000000000, 40.49999999999997158 ) ) ;
#1697 = VERTEX_POINT ( 'NONE', #2168 ) ;
#1698 = VECTOR ( 'NONE', #3305, 1000.000000000000000 ) ;
#1699 = ORIENTED_EDGE ( 'NONE', *, *, #2811, .T. ) ;
#1700 = EDGE_LOOP ( 'NONE', ( #5667, #5397, #4564, #3470 ) ) ;
#1701 = EDGE_CURVE ( 'NONE', #6517, #3366, #1652, .T. ) ;
#1702 = DIRECTION ( 'NONE',  ( -0.000000000000000000, 0.000000000000000000, 1.000000000000000000 ) ) ;
#1703 = VECTOR ( 'NONE', #6820, 999.9999999999998863 ) ;
#1704 = ORIENTED_EDGE ( 'NONE', *, *, #5271, .F. ) ;
#1705 = LINE ( 'NONE', #6537, #1504 ) ;
#1706 = ORIENTED_EDGE ( 'NONE', *, *, #339, .F. ) ;
#1707 = CARTESIAN_POINT ( 'NONE',  ( -22.99999999999997513, 9.199999999999999289, 38.49999999999986500 ) ) ;
#1708 = ORIENTED_EDGE ( 'NONE', *, *, #2335, .F. ) ;
#1709 = VECTOR ( 'NONE', #4254, 999.9999999999998863 ) ;
#1710 = ORIENTED_EDGE ( 'NONE', *, *, #5207, .T. ) ;
#1711 = VECTOR ( 'NONE', #219, 1000.000000000000114 ) ;
#1712 = DIRECTION ( 'NONE',  ( -0.7071067811865496822, -0.7071067811865453523, 0.000000000000000000 ) ) ;
#1713 = PLANE ( 'NONE',  #5678 ) ;
#1714 = EDGE_CURVE ( 'NONE', #6275, #750, #2068, .T. ) ;
#1715 = DIRECTION ( 'NONE',  ( 0.7071067811865561215, 0.000000000000000000, -0.7071067811865389130 ) ) ;
#1716 = VECTOR ( 'NONE', #3100, 1000.000000000000000 ) ;
#1717 = VECTOR ( 'NONE', #4820, 1000.000000000000000 ) ;
#1718 = CARTESIAN_POINT ( 'NONE',  ( -73.09999999999998010, 9.199999999999999289, -2.999999999999975131 ) ) ;
#1719 = EDGE_CURVE ( 'NONE', #5989, #1578, #6571, .T. ) ;
#1720 = EDGE_LOOP ( 'NONE', ( #4131, #4114, #2915, #3367 ) ) ;
#1721 = EDGE_CURVE ( 'NONE', #6501, #1178, #220, .T. ) ;
#1722 = VECTOR ( 'NONE', #189, 1000.000000000000000 ) ;
#1723 = VECTOR ( 'NONE', #850, 1000.000000000000000 ) ;
#1724 = CARTESIAN_POINT ( 'NONE',  ( 45.00000000000000711, 7.199999999999984190, 36.50000000000000711 ) ) ;
#1725 = LINE ( 'NONE', #163, #456 ) ;
#1726 = LINE ( 'NONE', #2274, #5125 ) ;
#1727 = DIRECTION ( 'NONE',  ( 0.7071067811865444641, -0.7071067811865505703, 3.066586833366731513E-15 ) ) ;
#1728 = CARTESIAN_POINT ( 'NONE',  ( -73.09999999999999432, 2.000000000000000000, 38.50000000000000711 ) ) ;
#1729 = AXIS2_PLACEMENT_3D ( 'NONE', #6674, #4686, #332 ) ;
#1730 = VERTEX_POINT ( 'NONE', #4968 ) ;
#1732 = EDGE_CURVE ( 'NONE', #2601, #228, #2913, .T. ) ;
#1731 = EDGE_CURVE ( 'NONE', #2781, #404, #5045, .T. ) ;
#1733 = CARTESIAN_POINT ( 'NONE',  ( -18.99999999999995026, 13.19999999999998330, 36.49999999999986500 ) ) ;
#1734 = EDGE_LOOP ( 'NONE', ( #3022, #5943, #637, #6572 ) ) ;
#1735 = VECTOR ( 'NONE', #4071, 1000.000000000000114 ) ;
#1736 = CARTESIAN_POINT ( 'NONE',  ( 6.999999999999978684, 3.800000000000001155, -38.50000000000000711 ) ) ;
#1737 = DIRECTION ( 'NONE',  ( 0.000000000000000000, 0.000000000000000000, 1.000000000000000000 ) ) ;
#1738 = LINE ( 'NONE', #4290, #4156 ) ;
#1739 = ORIENTED_EDGE ( 'NONE', *, *, #3026, .F. ) ;
#1740 = EDGE_CURVE ( 'NONE', #1955, #1697, #3989, .T. ) ;
#1741 = ORIENTED_EDGE ( 'NONE', *, *, #6076, .F. ) ;
#1742 = VERTEX_POINT ( 'NONE', #252 ) ;
#1743 = CARTESIAN_POINT ( 'NONE',  ( 22.99999999999997513, 9.199999999999999289, 38.50000000000000711 ) ) ;
#1744 = VECTOR ( 'NONE', #2115, 1000.000000000000000 ) ;
#1745 = ORIENTED_EDGE ( 'NONE', *, *, #1285, .T. ) ;
#1746 = ORIENTED_EDGE ( 'NONE', *, *, #4690, .F. ) ;
#1747 = CARTESIAN_POINT ( 'NONE',  ( -14.99999999999999645, 7.199999999999984190, 38.49999999999986500 ) ) ;
#1748 = ADVANCED_FACE ( 'NONE', ( #4534 ), #2355, .F. ) ;
#1749 = VERTEX_POINT ( 'NONE', #3472 ) ;
#1750 = VECTOR ( 'NONE', #6208, 1000.000000000000000 ) ;
#1751 = VERTEX_POINT ( 'NONE', #2431 ) ;
#1752 = CARTESIAN_POINT ( 'NONE',  ( -34.99999999999999289, 7.199999999999984190, -36.49999999999972999 ) ) ;
#1753 = CARTESIAN_POINT ( 'NONE',  ( 35.00000000000000000, 9.199999999999999289, 36.50000000000000711 ) ) ;
#1754 = LINE ( 'NONE', #4948, #5589 ) ;
#1755 = CARTESIAN_POINT ( 'NONE',  ( -14.99999999999999645, 2.000000000000000000, -36.49999999999986500 ) ) ;
#1756 = ORIENTED_EDGE ( 'NONE', *, *, #5313, .F. ) ;
#1757 = DIRECTION ( 'NONE',  ( 0.000000000000000000, 0.000000000000000000, 1.000000000000000000 ) ) ;
#1758 = DIRECTION ( 'NONE',  ( -1.000000000000000000, -0.000000000000000000, -0.000000000000000000 ) ) ;
#1759 = CARTESIAN_POINT ( 'NONE',  ( -5.000000000000004441, 9.199999999999999289, 38.50000000000000711 ) ) ;
#1760 = CARTESIAN_POINT ( 'NONE',  ( -24.99999999999999289, 9.199999999999999289, -36.49999999999986500 ) ) ;
#1761 = DIRECTION ( 'NONE',  ( 4.336808689942013003E-15, 0.000000000000000000, 1.000000000000000000 ) ) ;
#1762 = ORIENTED_EDGE ( 'NONE', *, *, #1063, .F. ) ;
#1763 = CARTESIAN_POINT ( 'NONE',  ( -14.99999999999999645, 9.199999999999999289, 36.49999999999989342 ) ) ;
#1764 = ORIENTED_EDGE ( 'NONE', *, *, #4228, .F. ) ;
#1765 = DIRECTION ( 'NONE',  ( 0.000000000000000000, -1.000000000000000000, 0.000000000000000000 ) ) ;
#1766 = DIRECTION ( 'NONE',  ( 0.000000000000000000, 1.000000000000000000, -0.000000000000000000 ) ) ;
#1767 = CARTESIAN_POINT ( 'NONE',  ( 75.10271354001957889, 3.800000000000001155, -35.50000000000000711 ) ) ;
#1769 = EDGE_CURVE ( 'NONE', #4301, #2064, #6638, .T. ) ;
#1768 = EDGE_CURVE ( 'NONE', #6706, #3658, #807, .T. ) ;
#1770 = EDGE_LOOP ( 'NONE', ( #6775, #6207, #3543, #1644 ) ) ;
#1771 = ORIENTED_EDGE ( 'NONE', *, *, #5860, .T. ) ;
#1772 = ORIENTED_EDGE ( 'NONE', *, *, #1876, .T. ) ;
#1773 = CARTESIAN_POINT ( 'NONE',  ( -54.99999999999999289, 9.199999999999999289, 36.49999999999961631 ) ) ;
#1774 = CARTESIAN_POINT ( 'NONE',  ( 71.09999999999998010, 9.199999999999999289, -5.000000000000000000 ) ) ;
#1775 = EDGE_CURVE ( 'NONE', #2613, #1460, #1326, .T. ) ;
#1776 = VERTEX_POINT ( 'NONE', #4500 ) ;
#1777 = CARTESIAN_POINT ( 'NONE',  ( -67.00000000000045475, -0.0009999999999992653654, 38.50000000000000711 ) ) ;
#1778 = VERTEX_POINT ( 'NONE', #6061 ) ;
#1779 = DIRECTION ( 'NONE',  ( 1.000000000000000000, 0.000000000000000000, -0.000000000000000000 ) ) ;
#1780 = ORIENTED_EDGE ( 'NONE', *, *, #6325, .F. ) ;
#1781 = VERTEX_POINT ( 'NONE', #5003 ) ;
#1782 = DIRECTION ( 'NONE',  ( 0.000000000000000000, -1.000000000000000000, 0.000000000000000000 ) ) ;
#1783 = FACE_OUTER_BOUND ( 'NONE', #5987, .T. ) ;
#1784 = ADVANCED_FACE ( 'NONE', ( #6129 ), #5536, .T. ) ;
#1785 = EDGE_CURVE ( 'NONE', #2920, #4345, #5469, .T. ) ;
#1786 = LINE ( 'NONE', #231, #4247 ) ;
#1787 = FACE_OUTER_BOUND ( 'NONE', #2460, .T. ) ;
#1788 = ORIENTED_EDGE ( 'NONE', *, *, #6212, .T. ) ;
#1789 = DIRECTION ( 'NONE',  ( -0.7071067811865500152, 0.7071067811865451302, -0.000000000000000000 ) ) ;
#1790 = FACE_BOUND ( 'NONE', #1306, .T. ) ;
#1791 = PLANE ( 'NONE',  #5904 ) ;
#1792 = ADVANCED_FACE ( 'NONE', ( #743 ), #3881, .T. ) ;
#1793 = CARTESIAN_POINT ( 'NONE',  ( 21.00000000000005329, 13.19999999999998508, 36.50000000000000711 ) ) ;
#1794 = CARTESIAN_POINT ( 'NONE',  ( -73.09999999999998010, 9.199999999999999289, 5.000000000000004441 ) ) ;
#1795 = ORIENTED_EDGE ( 'NONE', *, *, #1, .T. ) ;
#1796 = CARTESIAN_POINT ( 'NONE',  ( 58.79999999999998295, 14.00000000000000000, 58.79999999999998295 ) ) ;
#1797 = DIRECTION ( 'NONE',  ( -0.7071067811865475727, -0.000000000000000000, -0.7071067811865475727 ) ) ;
#1798 = LINE ( 'NONE', #3903, #2214 ) ;
#1799 = LINE ( 'NONE', #4389, #5927 ) ;
#1800 = DIRECTION ( 'NONE',  ( -0.000000000000000000, 0.000000000000000000, 1.000000000000000000 ) ) ;
#1801 = EDGE_CURVE ( 'NONE', #3334, #4323, #4459, .T. ) ;
#1802 = ORIENTED_EDGE ( 'NONE', *, *, #1044, .T. ) ;
#1803 = ORIENTED_EDGE ( 'NONE', *, *, #5675, .T. ) ;
#1804 = ORIENTED_EDGE ( 'NONE', *, *, #4334, .F. ) ;
#1805 = DIRECTION ( 'NONE',  ( 1.000000000000000000, 0.000000000000000000, 0.000000000000000000 ) ) ;
#1806 = FACE_OUTER_BOUND ( 'NONE', #1431, .T. ) ;
#1807 = EDGE_LOOP ( 'NONE', ( #2093, #4072, #1802, #2682 ) ) ;
#1808 = LINE ( 'NONE', #673, #3815 ) ;
#1809 = ORIENTED_EDGE ( 'NONE', *, *, #1438, .F. ) ;
#1810 = VECTOR ( 'NONE', #5316, 1000.000000000000114 ) ;
#1811 = CARTESIAN_POINT ( 'NONE',  ( 46.99999999999995737, 2.000000000000000000, 38.50000000000000711 ) ) ;
#1812 = EDGE_LOOP ( 'NONE', ( #2638, #1795, #54, #6100 ) ) ;
#1813 = VERTEX_POINT ( 'NONE', #4938 ) ;
#1814 = ADVANCED_FACE ( 'NONE', ( #1806 ), #6024, .F. ) ;
#1815 = CARTESIAN_POINT ( 'NONE',  ( -45.00000000000000000, 7.199999999999984190, 36.49999999999972999 ) ) ;
#1816 = LINE ( 'NONE', #2783, #6229 ) ;
#1817 = DIRECTION ( 'NONE',  ( 4.336808689942013003E-15, 0.000000000000000000, 1.000000000000000000 ) ) ;
#1818 = CARTESIAN_POINT ( 'NONE',  ( 35.00000000000000000, 7.199999999999984190, 36.50000000000000711 ) ) ;
#1819 = AXIS2_PLACEMENT_3D ( 'NONE', #4453, #3399, #6603 ) ;
#1820 = AXIS2_PLACEMENT_3D ( 'NONE', #20, #2573, #437 ) ;
#1821 = ADVANCED_FACE ( 'NONE', ( #6097 ), #5082, .F. ) ;
#1822 = ORIENTED_EDGE ( 'NONE', *, *, #3825, .F. ) ;
#1823 = LINE ( 'NONE', #234, #6813 ) ;
#1824 = CARTESIAN_POINT ( 'NONE',  ( 71.09999999999998010, 9.199999999999999289, 2.999999999999970690 ) ) ;
#1825 = VECTOR ( 'NONE', #6382, 1000.000000000000114 ) ;
#1826 = LINE ( 'NONE', #5520, #1952 ) ;
#1827 = VECTOR ( 'NONE', #534, 1000.000000000000000 ) ;
#1828 = LINE ( 'NONE', #4519, #64 ) ;
#1829 = DIRECTION ( 'NONE',  ( 1.000000000000000000, 0.000000000000000000, 0.000000000000000000 ) ) ;
#1830 = AXIS2_PLACEMENT_3D ( 'NONE', #5324, #600, #2706 ) ;
#1831 = ORIENTED_EDGE ( 'NONE', *, *, #5434, .F. ) ;
#1832 = VECTOR ( 'NONE', #1987, 1000.000000000000000 ) ;
#1833 = EDGE_CURVE ( 'NONE', #2396, #3460, #5505, .T. ) ;
#1834 = CARTESIAN_POINT ( 'NONE',  ( 26.99999999999998224, -0.0009999999999992653654, -38.50000000000000711 ) ) ;
#1835 = CARTESIAN_POINT ( 'NONE',  ( 0.000000000000000000, 9.199999999999999289, 0.000000000000000000 ) ) ;
#1836 = CARTESIAN_POINT ( 'NONE',  ( 45.00000000000000711, 9.199999999999999289, -36.50000000000002132 ) ) ;
#1837 = LINE ( 'NONE', #3947, #5813 ) ;
#1838 = CARTESIAN_POINT ( 'NONE',  ( 70.09999999999998010, 2.000000000000000000, -38.50000000000000711 ) ) ;
#1839 = VECTOR ( 'NONE', #4381, 1000.000000000000000 ) ;
#1840 = AXIS2_PLACEMENT_3D ( 'NONE', #3281, #4342, #1130 ) ;
#1841 = ORIENTED_EDGE ( 'NONE', *, *, #4348, .F. ) ;
#1842 = VECTOR ( 'NONE', #4767, 1000.000000000000000 ) ;
#1843 = ORIENTED_EDGE ( 'NONE', *, *, #2893, .F. ) ;
#1844 = EDGE_LOOP ( 'NONE', ( #1624, #2722, #1347, #543 ) ) ;
#1845 = CARTESIAN_POINT ( 'NONE',  ( -37.00000000000002842, 9.199999999999999289, 36.49999999999972999 ) ) ;
#1846 = CARTESIAN_POINT ( 'NONE',  ( 35.00000000000000000, 7.199999999999984190, 36.50000000000000711 ) ) ;
#1847 = VERTEX_POINT ( 'NONE', #5674 ) ;
#1848 = CARTESIAN_POINT ( 'NONE',  ( 71.09999999999998010, 9.199999999999999289, -5.000000000000000000 ) ) ;
#1849 = VECTOR ( 'NONE', #6539, 1000.000000000000000 ) ;
#1850 = ORIENTED_EDGE ( 'NONE', *, *, #2448, .T. ) ;
#1851 = CARTESIAN_POINT ( 'NONE',  ( 35.00000000000000000, 3.800000000000001155, 36.50000000000000711 ) ) ;
#1852 = ORIENTED_EDGE ( 'NONE', *, *, #2811, .F. ) ;
#1853 = ORIENTED_EDGE ( 'NONE', *, *, #5488, .T. ) ;
#1854 = EDGE_LOOP ( 'NONE', ( #5920, #5315, #2234, #3103 ) ) ;
#1855 = VECTOR ( 'NONE', #2421, 1000.000000000000114 ) ;
#1856 = LINE ( 'NONE', #4155, #5999 ) ;
#1857 = CARTESIAN_POINT ( 'NONE',  ( 73.10000000000000853, 3.800000000000001155, -38.50000000000000711 ) ) ;
#1858 = DIRECTION ( 'NONE',  ( 1.000000000000000000, 0.000000000000000000, 0.000000000000000000 ) ) ;
#1860 = EDGE_CURVE ( 'NONE', #2055, #2061, #3613, .T. ) ;
#1859 = EDGE_CURVE ( 'NONE', #2613, #1423, #1954, .T. ) ;
#1861 = CARTESIAN_POINT ( 'NONE',  ( 0.000000000000000000, 9.199999999999999289, 0.000000000000000000 ) ) ;
#1862 = AXIS2_PLACEMENT_3D ( 'NONE', #6110, #4984, #311 ) ;
#1863 = VERTEX_POINT ( 'NONE', #3643 ) ;
#1864 = FACE_OUTER_BOUND ( 'NONE', #1541, .T. ) ;
#1865 = CARTESIAN_POINT ( 'NONE',  ( 34.99999999999999289, 7.199999999999984190, -38.50000000000002842 ) ) ;
#1866 = CARTESIAN_POINT ( 'NONE',  ( 1.000000000000046851, 13.19999999999998685, -36.50000000000001421 ) ) ;
#1867 = EDGE_CURVE ( 'NONE', #1595, #5998, #4697, .T. ) ;
#1868 = DIRECTION ( 'NONE',  ( 0.7071067811865581199, 0.000000000000000000, -0.7071067811865369146 ) ) ;
#1869 = EDGE_LOOP ( 'NONE', ( #2525, #4869, #4839, #3850, #3096, #2517, #1911, #5157 ) ) ;
#1870 = CARTESIAN_POINT ( 'NONE',  ( -73.09999999999998010, 3.800000000000001155, -38.50000000000000711 ) ) ;
#1871 = LINE ( 'NONE', #5496, #828 ) ;
#1872 = PLANE ( 'NONE',  #2359 ) ;
#1873 = CARTESIAN_POINT ( 'NONE',  ( -71.09999999999998010, 2.000000000000000000, -5.000000000000000000 ) ) ;
#1874 = ADVANCED_FACE ( 'NONE', ( #3542 ), #430, .T. ) ;
#1875 = FACE_OUTER_BOUND ( 'NONE', #5187, .T. ) ;
#1876 = EDGE_CURVE ( 'NONE', #1507, #1246, #944, .T. ) ;
#1877 = ORIENTED_EDGE ( 'NONE', *, *, #1910, .F. ) ;
#1878 = ORIENTED_EDGE ( 'NONE', *, *, #5411, .F. ) ;
#1879 = ORIENTED_EDGE ( 'NONE', *, *, #3920, .F. ) ;
#1880 = CARTESIAN_POINT ( 'NONE',  ( -64.99999999999998579, 3.800000000000001155, 36.49999999999958789 ) ) ;
#1881 = DIRECTION ( 'NONE',  ( 3.469446951953610639E-15, 0.000000000000000000, -1.000000000000000000 ) ) ;
#1882 = ORIENTED_EDGE ( 'NONE', *, *, #6656, .T. ) ;
#1883 = CARTESIAN_POINT ( 'NONE',  ( -71.09999999999998010, 7.199999999999984190, -5.000000000000000000 ) ) ;
#1884 = VERTEX_POINT ( 'NONE', #5773 ) ;
#1885 = CARTESIAN_POINT ( 'NONE',  ( -14.99999999999999645, 9.199999999999999289, -38.49999999999986500 ) ) ;
#1886 = EDGE_LOOP ( 'NONE', ( #3886, #3856, #6505, #472 ) ) ;
#1887 = ORIENTED_EDGE ( 'NONE', *, *, #650, .F. ) ;
#1888 = VERTEX_POINT ( 'NONE', #2636 ) ;
#1889 = DIRECTION ( 'NONE',  ( 0.000000000000000000, 0.7071067811865451302, -0.7071067811865500152 ) ) ;
#1890 = AXIS2_PLACEMENT_3D ( 'NONE', #2942, #1940, #1352 ) ;
#1891 = DIRECTION ( 'NONE',  ( -1.000000000000000000, 0.000000000000000000, 1.734723475976805319E-15 ) ) ;
#1892 = DIRECTION ( 'NONE',  ( -0.000000000000000000, 1.000000000000000000, -0.000000000000000000 ) ) ;
#1893 = CARTESIAN_POINT ( 'NONE',  ( 70.09999999999999432, 14.00000000000000000, -35.50000000000000711 ) ) ;
#1894 = VERTEX_POINT ( 'NONE', #493 ) ;
#1896 = ADVANCED_FACE ( 'NONE', ( #2503 ), #912, .F. ) ;
#1895 = EDGE_CURVE ( 'NONE', #317, #2452, #4089, .T. ) ;
#1897 = LINE ( 'NONE', #1417, #4281 ) ;
#1898 = APPLICATION_CONTEXT ( 'automotive_design' ) ;
#1899 = LINE ( 'NONE', #344, #3715 ) ;
#1900 = CARTESIAN_POINT ( 'NONE',  ( 0.000000000000000000, 9.199999999999999289, 0.000000000000000000 ) ) ;
#1901 = FACE_OUTER_BOUND ( 'NONE', #4223, .T. ) ;
#1902 = EDGE_LOOP ( 'NONE', ( #6109, #154, #3777, #1340 ) ) ;
#1904 = ADVANCED_FACE ( 'NONE', ( #6198 ), #3056, .F. ) ;
#1903 = EDGE_CURVE ( 'NONE', #2194, #6635, #4632, .T. ) ;
#1905 = CARTESIAN_POINT ( 'NONE',  ( 70.09999999999998010, 14.00000000000000000, -38.50000000000000711 ) ) ;
#1906 = DIRECTION ( 'NONE',  ( 1.000000000000000000, 0.000000000000000000, -0.000000000000000000 ) ) ;
#1907 = LINE ( 'NONE', #5734, #3039 ) ;
#1908 = LINE ( 'NONE', #4995, #4675 ) ;
#1909 = ORIENTED_EDGE ( 'NONE', *, *, #1768, .F. ) ;
#1910 = EDGE_CURVE ( 'NONE', #5327, #5419, #5183, .T. ) ;
#1911 = ORIENTED_EDGE ( 'NONE', *, *, #5136, .F. ) ;
#1912 = CARTESIAN_POINT ( 'NONE',  ( -73.09999999999978115, 7.199999999999984190, -25.00000000000000355 ) ) ;
#1913 = ORIENTED_EDGE ( 'NONE', *, *, #3600, .F. ) ;
#1914 = DIRECTION ( 'NONE',  ( 0.7071067811865500152, 0.000000000000000000, -0.7071067811865451302 ) ) ;
#1915 = DIRECTION ( 'NONE',  ( -0.000000000000000000, 1.000000000000000000, -0.000000000000000000 ) ) ;
#1916 = ORIENTED_EDGE ( 'NONE', *, *, #2334, .T. ) ;
#1917 = FACE_OUTER_BOUND ( 'NONE', #1545, .T. ) ;
#1918 = VERTEX_POINT ( 'NONE', #1537 ) ;
#1919 = DIRECTION ( 'NONE',  ( -0.000000000000000000, 0.000000000000000000, -1.000000000000000000 ) ) ;
#1920 = EDGE_LOOP ( 'NONE', ( #6437, #1484, #4603, #2321 ) ) ;
#1921 = ADVANCED_FACE ( 'NONE', ( #1464 ), #983, .T. ) ;
#1922 = ORIENTED_EDGE ( 'NONE', *, *, #3600, .T. ) ;
#1923 = LINE ( 'NONE', #5121, #5892 ) ;
#1924 = VECTOR ( 'NONE', #6819, 999.9999999999998863 ) ;
#1925 = CARTESIAN_POINT ( 'NONE',  ( 73.09999999999998010, 7.199999999999984190, -5.000000000000004441 ) ) ;
#1926 = DIRECTION ( 'NONE',  ( 0.7071067811865449082, -0.7071067811865501263, 3.679904200040080971E-15 ) ) ;
#1927 = VERTEX_POINT ( 'NONE', #5152 ) ;
#1928 = AXIS2_PLACEMENT_3D ( 'NONE', #337, #5650, #4472 ) ;
#1929 = PLANE ( 'NONE',  #646 ) ;
#1930 =( NAMED_UNIT ( * ) SI_UNIT ( $, .STERADIAN. ) SOLID_ANGLE_UNIT ( ) );
#1931 = DIRECTION ( 'NONE',  ( -1.000000000000000000, -0.000000000000000000, -0.000000000000000000 ) ) ;
#1932 = CARTESIAN_POINT ( 'NONE',  ( 5.000000000000004441, 9.199999999999999289, 36.50000000000000711 ) ) ;
#1933 = VECTOR ( 'NONE', #4332, 1000.000000000000000 ) ;
#1934 = DIRECTION ( 'NONE',  ( 0.7071067811865475727, 0.000000000000000000, -0.7071067811865475727 ) ) ;
#1935 = EDGE_CURVE ( 'NONE', #3548, #1742, #2538, .T. ) ;
#1936 = ORIENTED_EDGE ( 'NONE', *, *, #3180, .F. ) ;
#1937 = VECTOR ( 'NONE', #579, 1000.000000000000000 ) ;
#1938 = VECTOR ( 'NONE', #4598, 1000.000000000000000 ) ;
#1939 = DIRECTION ( 'NONE',  ( 0.000000000000000000, 1.000000000000000000, 0.000000000000000000 ) ) ;
#1940 = DIRECTION ( 'NONE',  ( -1.387778780781444492E-15, 0.000000000000000000, -1.000000000000000000 ) ) ;
#1941 = CARTESIAN_POINT ( 'NONE',  ( -54.99999999999999289, 2.000000000000000000, 36.49999999999958789 ) ) ;
#1942 = CARTESIAN_POINT ( 'NONE',  ( 15.00000000000000533, 9.199999999999999289, -36.50000000000002132 ) ) ;
#1943 = CIRCLE ( 'NONE', #4358, 3.000000000000002665 ) ;
#1944 = ORIENTED_EDGE ( 'NONE', *, *, #5016, .F. ) ;
#1946 = EDGE_CURVE ( 'NONE', #6220, #1631, #1041, .T. ) ;
#1945 = EDGE_CURVE ( 'NONE', #699, #6336, #2015, .T. ) ;
#1947 = CIRCLE ( 'NONE', #4469, 4.949747468305801590 ) ;
#1948 = ORIENTED_EDGE ( 'NONE', *, *, #991, .F. ) ;
#1949 = DIRECTION ( 'NONE',  ( 0.000000000000000000, 0.000000000000000000, 1.000000000000000000 ) ) ;
#1950 = ORIENTED_EDGE ( 'NONE', *, *, #6399, .F. ) ;
#1951 = AXIS2_PLACEMENT_3D ( 'NONE', #965, #3657, #3004 ) ;
#1952 = VECTOR ( 'NONE', #4340, 1000.000000000000114 ) ;
#1953 = FACE_OUTER_BOUND ( 'NONE', #6710, .T. ) ;
#1954 = LINE ( 'NONE', #6227, #2825 ) ;
#1955 = VERTEX_POINT ( 'NONE', #463 ) ;
#1956 = CARTESIAN_POINT ( 'NONE',  ( -34.99999999999999289, 9.199999999999999289, -38.49999999999972999 ) ) ;
#1957 = ORIENTED_EDGE ( 'NONE', *, *, #1502, .T. ) ;
#1958 = EDGE_CURVE ( 'NONE', #404, #4983, #2567, .T. ) ;
#1959 = VECTOR ( 'NONE', #160, 1000.000000000000114 ) ;
#1960 = ORIENTED_EDGE ( 'NONE', *, *, #253, .T. ) ;
#1961 = ORIENTED_EDGE ( 'NONE', *, *, #340, .T. ) ;
#1962 = LINE ( 'NONE', #1857, #937 ) ;
#1963 = AXIS2_PLACEMENT_3D ( 'NONE', #675, #1330, #2226 ) ;
#1964 = CARTESIAN_POINT ( 'NONE',  ( 25.00000000000000711, 3.800000000000001155, -38.50000000000000711 ) ) ;
#1965 = EDGE_CURVE ( 'NONE', #5362, #4368, #3149, .T. ) ;
#1966 = EDGE_CURVE ( 'NONE', #6066, #5619, #1110, .T. ) ;
#1967 = CARTESIAN_POINT ( 'NONE',  ( 70.09999999999999432, 0.000000000000000000, -40.49999999999997158 ) ) ;
#1968 = VECTOR ( 'NONE', #1386, 1000.000000000000000 ) ;
#1969 = ORIENTED_EDGE ( 'NONE', *, *, #4299, .T. ) ;
#1970 = FACE_OUTER_BOUND ( 'NONE', #2814, .T. ) ;
#1971 = DIRECTION ( 'NONE',  ( 0.000000000000000000, -0.000000000000000000, 1.000000000000000000 ) ) ;
#1972 = FACE_OUTER_BOUND ( 'NONE', #654, .T. ) ;
#1973 = AXIS2_PLACEMENT_3D ( 'NONE', #4308, #1685, #3792 ) ;
#1974 = DIRECTION ( 'NONE',  ( -1.000000000000000000, 0.000000000000000000, -5.204170427930416550E-15 ) ) ;
#1975 = ORIENTED_EDGE ( 'NONE', *, *, #158, .T. ) ;
#1976 = CARTESIAN_POINT ( 'NONE',  ( -14.99999999999999645, 7.199999999999984190, -38.49999999999986500 ) ) ;
#1977 = CARTESIAN_POINT ( 'NONE',  ( -34.99999999999999289, 3.800000000000001155, 38.49999999999972999 ) ) ;
#1978 = DIRECTION ( 'NONE',  ( 0.000000000000000000, 0.7071067811865453523, 0.7071067811865496822 ) ) ;
#1979 = CARTESIAN_POINT ( 'NONE',  ( -45.00000000000001421, 9.199999999999999289, -38.49999999999972999 ) ) ;
#1980 = ORIENTED_EDGE ( 'NONE', *, *, #1325, .T. ) ;
#1981 = ORIENTED_EDGE ( 'NONE', *, *, #4106, .T. ) ;
#1982 = PLANE ( 'NONE',  #6048 ) ;
#1983 = VERTEX_POINT ( 'NONE', #5424 ) ;
#1985 = EDGE_CURVE ( 'NONE', #6742, #4329, #1738, .T. ) ;
#1984 = ADVANCED_FACE ( 'NONE', ( #1080 ), #1600, .T. ) ;
#1986 = CARTESIAN_POINT ( 'NONE',  ( -71.09999999999998010, 9.199999999999999289, 5.000000000000000000 ) ) ;
#1987 = DIRECTION ( 'NONE',  ( -0.000000000000000000, -0.7071067811865453523, -0.7071067811865496822 ) ) ;
#1988 = ORIENTED_EDGE ( 'NONE', *, *, #6261, .F. ) ;
#1989 = ORIENTED_EDGE ( 'NONE', *, *, #3291, .F. ) ;
#1990 = VERTEX_POINT ( 'NONE', #1696 ) ;
#1991 = ORIENTED_EDGE ( 'NONE', *, *, #1561, .F. ) ;
#1992 = EDGE_CURVE ( 'NONE', #4091, #221, #2697, .T. ) ;
#1993 = CARTESIAN_POINT ( 'NONE',  ( -42.99999999999997158, 9.199999999999999289, 36.49999999999972999 ) ) ;
#1994 = CARTESIAN_POINT ( 'NONE',  ( -73.09999999999999432, 3.800000000000001155, 38.50000000000000711 ) ) ;
#1995 = DIRECTION ( 'NONE',  ( -0.000000000000000000, -0.7071067811865451302, 0.7071067811865500152 ) ) ;
#1996 = ORIENTED_EDGE ( 'NONE', *, *, #5700, .T. ) ;
#1997 = EDGE_CURVE ( 'NONE', #5255, #2362, #6365, .T. ) ;
#1998 = CARTESIAN_POINT ( 'NONE',  ( 65.00000000000000000, 9.199999999999999289, 36.50000000000000711 ) ) ;
#1999 = LINE ( 'NONE', #5165, #4238 ) ;
#2000 = DIRECTION ( 'NONE',  ( 4.336808689942013003E-15, 0.000000000000000000, -1.000000000000000000 ) ) ;
#2001 = DIRECTION ( 'NONE',  ( 0.000000000000000000, -0.000000000000000000, -1.000000000000000000 ) ) ;
#2002 = VECTOR ( 'NONE', #688, 1000.000000000000000 ) ;
#2003 = DIRECTION ( 'NONE',  ( -0.000000000000000000, -1.000000000000000000, -0.000000000000000000 ) ) ;
#2004 = ORIENTED_EDGE ( 'NONE', *, *, #3377, .F. ) ;
#2005 = CYLINDRICAL_SURFACE ( 'NONE', #6809, 3.000000000000002665 ) ;
#2006 = DIRECTION ( 'NONE',  ( 0.000000000000000000, -1.000000000000000000, 0.000000000000000000 ) ) ;
#2007 = PLANE ( 'NONE',  #2600 ) ;
#2008 = FACE_OUTER_BOUND ( 'NONE', #1428, .T. ) ;
#2009 = ORIENTED_EDGE ( 'NONE', *, *, #5219, .F. ) ;
#2010 = ORIENTED_EDGE ( 'NONE', *, *, #5184, .F. ) ;
#2011 = DIRECTION ( 'NONE',  ( -1.000000000000000000, 0.000000000000000000, -1.734723475976805319E-15 ) ) ;
#2012 = VERTEX_POINT ( 'NONE', #4757 ) ;
#2013 = DIRECTION ( 'NONE',  ( 0.7071067811865469066, 0.000000000000000000, -0.7071067811865482389 ) ) ;
#2014 = DIRECTION ( 'NONE',  ( -0.000000000000000000, 0.000000000000000000, -1.000000000000000000 ) ) ;
#2015 = LINE ( 'NONE', #4120, #1171 ) ;
#2016 = ORIENTED_EDGE ( 'NONE', *, *, #6686, .T. ) ;
#2017 = EDGE_CURVE ( 'NONE', #6066, #5902, #631, .T. ) ;
#2018 = EDGE_CURVE ( 'NONE', #3118, #448, #6396, .T. ) ;
#2019 = ORIENTED_EDGE ( 'NONE', *, *, #6741, .F. ) ;
#2020 = ORIENTED_EDGE ( 'NONE', *, *, #166, .F. ) ;
#2021 = DIRECTION ( 'NONE',  ( -0.7071067811865484609, 0.000000000000000000, -0.7071067811865465735 ) ) ;
#2022 = LINE ( 'NONE', #861, #3376 ) ;
#2023 = CARTESIAN_POINT ( 'NONE',  ( 73.09999999999998010, 8.199999999999985079, 3.999999999999996447 ) ) ;
#2024 = ADVANCED_FACE ( 'NONE', ( #2185 ), #3219, .T. ) ;
#2025 = EDGE_LOOP ( 'NONE', ( #49, #4153, #3351, #6201 ) ) ;
#2026 = CARTESIAN_POINT ( 'NONE',  ( -73.10000000000005116, 7.199999999999984190, 14.99999999999999645 ) ) ;
#2027 = CARTESIAN_POINT ( 'NONE',  ( -75.09999999999993747, 0.000000000000000000, -35.50000000000000711 ) ) ;
#2028 = LINE ( 'NONE', #5657, #6684 ) ;
#2029 = LINE ( 'NONE', #1520, #4142 ) ;
#2030 = DIRECTION ( 'NONE',  ( 0.000000000000000000, -1.000000000000000000, 0.000000000000000000 ) ) ;
#2031 = EDGE_CURVE ( 'NONE', #2295, #2510, #1637, .T. ) ;
#2032 = VECTOR ( 'NONE', #4252, 1000.000000000000000 ) ;
#2033 = EDGE_CURVE ( 'NONE', #6307, #2151, #665, .T. ) ;
#2034 = ORIENTED_EDGE ( 'NONE', *, *, #517, .F. ) ;
#2035 = LINE ( 'NONE', #2136, #2731 ) ;
#2036 = DIRECTION ( 'NONE',  ( -1.000000000000000000, 0.000000000000000000, 0.000000000000000000 ) ) ;
#2037 = DIRECTION ( 'NONE',  ( 1.734723475976805319E-15, 0.000000000000000000, 1.000000000000000000 ) ) ;
#2038 = VECTOR ( 'NONE', #859, 1000.000000000000000 ) ;
#2039 = LINE ( 'NONE', #1427, #276 ) ;
#2040 = EDGE_CURVE ( 'NONE', #5569, #2881, #1137, .T. ) ;
#2041 = ADVANCED_FACE ( 'NONE', ( #2768 ), #2218, .F. ) ;
#2042 = AXIS2_PLACEMENT_3D ( 'NONE', #4685, #453, #354 ) ;
#2043 = ORIENTED_EDGE ( 'NONE', *, *, #6123, .T. ) ;
#2044 = VECTOR ( 'NONE', #3522, 1000.000000000000000 ) ;
#2045 = DIRECTION ( 'NONE',  ( 0.7071067811865434649, 0.000000000000000000, 0.7071067811865516806 ) ) ;
#2046 = ORIENTED_EDGE ( 'NONE', *, *, #6499, .F. ) ;
#2047 = LINE ( 'NONE', #3570, #156 ) ;
#2048 = CARTESIAN_POINT ( 'NONE',  ( 73.10000000000000853, 3.800000000000001155, -38.50000000000000711 ) ) ;
#2049 = CARTESIAN_POINT ( 'NONE',  ( -73.09999999999998010, 2.000000000000000000, -38.50000000000000711 ) ) ;
#2050 = VECTOR ( 'NONE', #996, 1000.000000000000000 ) ;
#2051 = VECTOR ( 'NONE', #4210, 1000.000000000000000 ) ;
#2052 = ORIENTED_EDGE ( 'NONE', *, *, #4186, .T. ) ;
#2053 = ADVANCED_FACE ( 'NONE', ( #2119 ), #44, .T. ) ;
#2054 = AXIS2_PLACEMENT_3D ( 'NONE', #2851, #4362, #1188 ) ;
#2055 = VERTEX_POINT ( 'NONE', #2148 ) ;
#2056 = AXIS2_PLACEMENT_3D ( 'NONE', #6297, #535, #1433 ) ;
#2057 = EDGE_LOOP ( 'NONE', ( #5958, #5852, #4612, #4151, #2804, #3747, #464, #2420 ) ) ;
#2058 = CARTESIAN_POINT ( 'NONE',  ( -45.00000000000000000, 2.000000000000000000, -36.49999999999972999 ) ) ;
#2059 = FILL_AREA_STYLE ('',( #6403 ) ) ;
#2060 = VECTOR ( 'NONE', #726, 1000.000000000000000 ) ;
#2061 = VERTEX_POINT ( 'NONE', #5811 ) ;
#2062 = VECTOR ( 'NONE', #3906, 1000.000000000000000 ) ;
#2063 = CARTESIAN_POINT ( 'NONE',  ( -71.10000000000005116, 7.199999999999984190, 15.00000000000000000 ) ) ;
#2064 = VERTEX_POINT ( 'NONE', #2736 ) ;
#2065 = VECTOR ( 'NONE', #4666, 1000.000000000000000 ) ;
#2066 = CARTESIAN_POINT ( 'NONE',  ( -45.00000000000000000, 9.199999999999999289, 36.49999999999972999 ) ) ;
#2067 = CARTESIAN_POINT ( 'NONE',  ( 2.999999999999975131, 9.199999999999999289, 36.50000000000000711 ) ) ;
#2068 = LINE ( 'NONE', #27, #848 ) ;
#2070 = EDGE_CURVE ( 'NONE', #3450, #4087, #3842, .T. ) ;
#2069 = EDGE_CURVE ( 'NONE', #5533, #1888, #4220, .T. ) ;
#2071 = CARTESIAN_POINT ( 'NONE',  ( 15.00000000000000533, 9.199999999999999289, 36.50000000000000711 ) ) ;
#2072 = CARTESIAN_POINT ( 'NONE',  ( -69.89999999999996305, 2.000000000000000000, -35.29999999999999716 ) ) ;
#2073 = VECTOR ( 'NONE', #708, 1000.000000000000114 ) ;
#2074 = EDGE_LOOP ( 'NONE', ( #3075, #3410, #2659, #5144 ) ) ;
#2075 = CARTESIAN_POINT ( 'NONE',  ( 5.000000000000004441, 7.199999999999984190, 38.50000000000000711 ) ) ;
#2076 = CIRCLE ( 'NONE', #1632, 3.000000000000002665 ) ;
#2077 = LINE ( 'NONE', #3176, #349 ) ;
#2078 = CARTESIAN_POINT ( 'NONE',  ( -14.99999999999999645, 9.199999999999999289, -36.49999999999986500 ) ) ;
#2079 = EDGE_CURVE ( 'NONE', #120, #3997, #3187, .T. ) ;
#2080 = DIRECTION ( 'NONE',  ( 0.000000000000000000, 0.000000000000000000, -1.000000000000000000 ) ) ;
#2081 = DIRECTION ( 'NONE',  ( -0.7071067811865462405, -0.000000000000000000, -0.7071067811865487940 ) ) ;
#2082 = VECTOR ( 'NONE', #2971, 1000.000000000000000 ) ;
#2083 = VERTEX_POINT ( 'NONE', #4526 ) ;
#2084 = DIRECTION ( 'NONE',  ( 0.000000000000000000, 0.000000000000000000, -1.000000000000000000 ) ) ;
#2085 = EDGE_CURVE ( 'NONE', #1051, #1367, #2842, .T. ) ;
#2086 = ORIENTED_EDGE ( 'NONE', *, *, #6588, .T. ) ;
#2087 = DIRECTION ( 'NONE',  ( -1.000000000000000000, 0.000000000000000000, -1.734723475976805319E-15 ) ) ;
#2088 = ADVANCED_FACE ( 'NONE', ( #5459 ), #6015, .F. ) ;
#2089 = LINE ( 'NONE', #3115, #4139 ) ;
#2090 = DIRECTION ( 'NONE',  ( 0.7071067811865505703, 0.000000000000000000, -0.7071067811865444641 ) ) ;
#2091 = VERTEX_POINT ( 'NONE', #3465 ) ;
#2092 = ORIENTED_EDGE ( 'NONE', *, *, #1833, .F. ) ;
#2093 = ORIENTED_EDGE ( 'NONE', *, *, #3421, .F. ) ;
#2094 = DIRECTION ( 'NONE',  ( -0.7071067811865456854, 0.000000000000000000, -0.7071067811865493491 ) ) ;
#2095 = LINE ( 'NONE', #502, #6137 ) ;
#2096 = ORIENTED_EDGE ( 'NONE', *, *, #2552, .T. ) ;
#2097 = CARTESIAN_POINT ( 'NONE',  ( -73.09999999999998010, 3.800000000000001155, -38.50000000000000711 ) ) ;
#2098 = ORIENTED_EDGE ( 'NONE', *, *, #1512, .T. ) ;
#2099 = DIRECTION ( 'NONE',  ( -1.000000000000000000, 0.000000000000000000, 0.000000000000000000 ) ) ;
#2100 = FACE_OUTER_BOUND ( 'NONE', #6032, .T. ) ;
#2101 = DIRECTION ( 'NONE',  ( -1.000000000000000000, 0.000000000000000000, 0.000000000000000000 ) ) ;
#2102 = LINE ( 'NONE', #5232, #1047 ) ;
#2103 = CARTESIAN_POINT ( 'NONE',  ( -17.00000000000002487, 9.199999999999999289, 36.49999999999986500 ) ) ;
#2104 = VECTOR ( 'NONE', #4418, 1000.000000000000000 ) ;
#2105 = ORIENTED_EDGE ( 'NONE', *, *, #4444, .T. ) ;
#2106 = ADVANCED_FACE ( 'NONE', ( #5038 ), #3981, .F. ) ;
#2107 = CARTESIAN_POINT ( 'NONE',  ( 73.10000000000000853, -0.0009999999999992653654, -12.99999999999971934 ) ) ;
#2108 = DIRECTION ( 'NONE',  ( 0.000000000000000000, 0.000000000000000000, -1.000000000000000000 ) ) ;
#2109 = CARTESIAN_POINT ( 'NONE',  ( 17.00000000000002842, 9.199999999999999289, -38.50000000000002132 ) ) ;
#2110 = CIRCLE ( 'NONE', #5293, 6.999999999999999112 ) ;
#2111 = CARTESIAN_POINT ( 'NONE',  ( 70.10000000000000853, 3.800000000000001155, 35.50000000000000711 ) ) ;
#2112 = DIRECTION ( 'NONE',  ( 1.000000000000000000, 0.000000000000000000, 0.000000000000000000 ) ) ;
#2113 = ORIENTED_EDGE ( 'NONE', *, *, #66, .F. ) ;
#2114 = EDGE_CURVE ( 'NONE', #362, #661, #1282, .T. ) ;
#2115 = DIRECTION ( 'NONE',  ( -1.000000000000000000, -0.000000000000000000, -0.000000000000000000 ) ) ;
#2116 = ORIENTED_EDGE ( 'NONE', *, *, #1310, .T. ) ;
#2117 = CARTESIAN_POINT ( 'NONE',  ( -16.00000000000000355, 8.199999999999985079, -36.49999999999986500 ) ) ;
#2118 = CARTESIAN_POINT ( 'NONE',  ( 14.99999999999999645, 9.199999999999999289, 38.50000000000000711 ) ) ;
#2119 = FACE_OUTER_BOUND ( 'NONE', #3109, .T. ) ;
#2120 = VERTEX_POINT ( 'NONE', #1244 ) ;
#2121 = ADVANCED_FACE ( 'NONE', ( #2906 ), #2424, .F. ) ;
#2122 = EDGE_LOOP ( 'NONE', ( #2572, #4826, #1991, #2327 ) ) ;
#2123 = ORIENTED_EDGE ( 'NONE', *, *, #991, .T. ) ;
#2124 = LINE ( 'NONE', #4197, #59 ) ;
#2125 = FACE_OUTER_BOUND ( 'NONE', #2931, .T. ) ;
#2126 = VERTEX_POINT ( 'NONE', #3874 ) ;
#2127 = DIRECTION ( 'NONE',  ( 1.000000000000000000, 0.000000000000000000, -1.734723475976805319E-15 ) ) ;
#2128 = ADVANCED_FACE ( 'NONE', ( #1875 ), #5605, .F. ) ;
#2129 = ORIENTED_EDGE ( 'NONE', *, *, #1074, .T. ) ;
#2130 = LINE ( 'NONE', #3584, #3843 ) ;
#2131 = DIRECTION ( 'NONE',  ( 1.533293416683367137E-15, -0.7071067811865500152, 0.7071067811865451302 ) ) ;
#2132 = DIRECTION ( 'NONE',  ( -0.7071067811865451302, 0.000000000000000000, -0.7071067811865500152 ) ) ;
#2133 = DIRECTION ( 'NONE',  ( 1.000000000000000000, -0.000000000000000000, -0.000000000000000000 ) ) ;
#2134 = LINE ( 'NONE', #6348, #6148 ) ;
#2135 = ORIENTED_EDGE ( 'NONE', *, *, #2149, .T. ) ;
#2136 = CARTESIAN_POINT ( 'NONE',  ( -88.54999999999974136, 3.800000000000001155, -17.05000000000037730 ) ) ;
#2137 = LINE ( 'NONE', #583, #1558 ) ;
#2138 = DIRECTION ( 'NONE',  ( 0.000000000000000000, 0.000000000000000000, -1.000000000000000000 ) ) ;
#2139 = DIRECTION ( 'NONE',  ( -0.7071067811865426878, 0.000000000000000000, -0.7071067811865524577 ) ) ;
#2140 = VECTOR ( 'NONE', #5196, 1000.000000000000000 ) ;
#2141 = LINE ( 'NONE', #2728, #3608 ) ;
#2142 = ORIENTED_EDGE ( 'NONE', *, *, #3252, .F. ) ;
#2143 = CIRCLE ( 'NONE', #4132, 3.000000000000002665 ) ;
#2144 = CYLINDRICAL_SURFACE ( 'NONE', #2292, 5.002713540019558813 ) ;
#2145 = ORIENTED_EDGE ( 'NONE', *, *, #6038, .T. ) ;
#2146 = CARTESIAN_POINT ( 'NONE',  ( -24.99999999999999289, 3.800000000000001155, -36.49999999999986500 ) ) ;
#2147 = LINE ( 'NONE', #2118, #5687 ) ;
#2148 = CARTESIAN_POINT ( 'NONE',  ( 71.10000000000005116, 9.199999999999999289, 17.00000000000002487 ) ) ;
#2150 = EDGE_CURVE ( 'NONE', #4595, #120, #3358, .T. ) ;
#2149 = EDGE_CURVE ( 'NONE', #6673, #3080, #1908, .T. ) ;
#2151 = VERTEX_POINT ( 'NONE', #4962 ) ;
#2152 = VECTOR ( 'NONE', #2640, 1000.000000000000114 ) ;
#2153 = ORIENTED_EDGE ( 'NONE', *, *, #6533, .T. ) ;
#2154 = ORIENTED_EDGE ( 'NONE', *, *, #3741, .F. ) ;
#2155 = AXIS2_PLACEMENT_3D ( 'NONE', #5381, #2657, #2238 ) ;
#2156 = VECTOR ( 'NONE', #418, 1000.000000000000000 ) ;
#2157 = CARTESIAN_POINT ( 'NONE',  ( -58.54999999999974136, 3.800000000000001155, -47.05000000000018190 ) ) ;
#2158 = ADVANCED_FACE ( 'NONE', ( #214 ), #245, .F. ) ;
#2159 = DIRECTION ( 'NONE',  ( -0.000000000000000000, 0.000000000000000000, 1.000000000000000000 ) ) ;
#2160 = ORIENTED_EDGE ( 'NONE', *, *, #6214, .T. ) ;
#2161 = CARTESIAN_POINT ( 'NONE',  ( -73.09999999999999432, -0.0009999999999992653654, 38.50000000000000711 ) ) ;
#2162 = VECTOR ( 'NONE', #2442, 1000.000000000000114 ) ;
#2163 = VECTOR ( 'NONE', #4022, 1000.000000000000000 ) ;
#2164 = ORIENTED_EDGE ( 'NONE', *, *, #6550, .T. ) ;
#2165 = CARTESIAN_POINT ( 'NONE',  ( -25.00000000000000355, 9.199999999999999289, -38.49999999999986500 ) ) ;
#2166 = CARTESIAN_POINT ( 'NONE',  ( 45.00000000000000000, 3.800000000000001155, -38.50000000000000711 ) ) ;
#2167 = VECTOR ( 'NONE', #926, 1000.000000000000000 ) ;
#2168 = CARTESIAN_POINT ( 'NONE',  ( 25.00000000000000355, 3.800000000000001155, 38.50000000000000711 ) ) ;
#2169 = VECTOR ( 'NONE', #3043, 1000.000000000000000 ) ;
#2170 = CARTESIAN_POINT ( 'NONE',  ( -45.00000000000000000, 7.199999999999984190, 36.49999999999972999 ) ) ;
#2171 = PLANE ( 'NONE',  #3615 ) ;
#2172 = VECTOR ( 'NONE', #653, 1000.000000000000000 ) ;
#2173 = ORIENTED_EDGE ( 'NONE', *, *, #2669, .T. ) ;
#2174 = DIRECTION ( 'NONE',  ( 0.000000000000000000, -1.000000000000000000, 0.000000000000000000 ) ) ;
#2175 = CARTESIAN_POINT ( 'NONE',  ( -54.99999999999999289, 9.199999999999999289, 38.49999999999958789 ) ) ;
#2176 = LINE ( 'NONE', #6417, #4359 ) ;
#2177 = PLANE ( 'NONE',  #4800 ) ;
#2178 = VECTOR ( 'NONE', #5509, 1000.000000000000000 ) ;
#2179 = CARTESIAN_POINT ( 'NONE',  ( -25.00000000000000355, 9.199999999999999289, 38.49999999999986500 ) ) ;
#2180 = ORIENTED_EDGE ( 'NONE', *, *, #6559, .F. ) ;
#2181 = VECTOR ( 'NONE', #2795, 1000.000000000000000 ) ;
#2182 = DIRECTION ( 'NONE',  ( -0.000000000000000000, 0.000000000000000000, 1.000000000000000000 ) ) ;
#2183 = ORIENTED_EDGE ( 'NONE', *, *, #5495, .F. ) ;
#2184 = CARTESIAN_POINT ( 'NONE',  ( -73.09999999999999432, 2.000000000000000000, 35.50000000000000711 ) ) ;
#2185 = FACE_OUTER_BOUND ( 'NONE', #1812, .T. ) ;
#2186 = AXIS2_PLACEMENT_3D ( 'NONE', #619, #6518, #655 ) ;
#2187 = EDGE_LOOP ( 'NONE', ( #4640, #4568, #5080, #498 ) ) ;
#2188 = ORIENTED_EDGE ( 'NONE', *, *, #2660, .F. ) ;
#2190 = EDGE_CURVE ( 'NONE', #1367, #3855, #3948, .T. ) ;
#2189 = EDGE_CURVE ( 'NONE', #2985, #1631, #838, .T. ) ;
#2191 = ORIENTED_EDGE ( 'NONE', *, *, #6370, .F. ) ;
#2192 = CARTESIAN_POINT ( 'NONE',  ( -27.00000000000017764, 2.000000000000000000, 38.50000000000000711 ) ) ;
#2193 = LINE ( 'NONE', #6274, #2602 ) ;
#2194 = VERTEX_POINT ( 'NONE', #1838 ) ;
#2195 = CARTESIAN_POINT ( 'NONE',  ( -54.99999999999999289, 9.199999999999999289, 36.49999999999958789 ) ) ;
#2196 = ORIENTED_EDGE ( 'NONE', *, *, #6075, .F. ) ;
#2197 = ORIENTED_EDGE ( 'NONE', *, *, #6628, .T. ) ;
#2199 = EDGE_CURVE ( 'NONE', #4799, #4972, #4390, .T. ) ;
#2198 = EDGE_CURVE ( 'NONE', #2337, #4020, #2800, .T. ) ;
#2200 = PLANE ( 'NONE',  #1253 ) ;
#2201 = DIRECTION ( 'NONE',  ( -0.7071067811865474617, 0.000000000000000000, -0.7071067811865474617 ) ) ;
#2202 = LINE ( 'NONE', #1552, #2933 ) ;
#2203 = LINE ( 'NONE', #5793, #2721 ) ;
#2204 = EDGE_CURVE ( 'NONE', #3019, #5041, #4420, .T. ) ;
#2205 = ADVANCED_FACE ( 'NONE', ( #323 ), #3433, .T. ) ;
#2206 = ORIENTED_EDGE ( 'NONE', *, *, #5631, .F. ) ;
#2207 = CARTESIAN_POINT ( 'NONE',  ( -54.99999999999999289, 9.199999999999999289, 36.49999999999958789 ) ) ;
#2208 = LINE ( 'NONE', #5733, #680 ) ;
#2209 = CARTESIAN_POINT ( 'NONE',  ( -75.09999999999995168, 0.000000000000000000, -40.50000000000000000 ) ) ;
#2210 = CARTESIAN_POINT ( 'NONE',  ( -32.99999999999972999, 3.800000000000001155, 38.50000000000000711 ) ) ;
#2211 = LINE ( 'NONE', #3317, #6249 ) ;
#2212 = VERTEX_POINT ( 'NONE', #5980 ) ;
#2213 = EDGE_CURVE ( 'NONE', #4786, #6793, #5073, .T. ) ;
#2214 = VECTOR ( 'NONE', #2558, 1000.000000000000000 ) ;
#2215 = CARTESIAN_POINT ( 'NONE',  ( 26.99999999999998224, 2.000000000000000000, -38.50000000000000711 ) ) ;
#2216 = ORIENTED_EDGE ( 'NONE', *, *, #1335, .T. ) ;
#2217 = PLANE ( 'NONE',  #824 ) ;
#2218 = PLANE ( 'NONE',  #3610 ) ;
#2219 = ORIENTED_EDGE ( 'NONE', *, *, #2818, .T. ) ;
#2220 = VERTEX_POINT ( 'NONE', #5735 ) ;
#2221 = ORIENTED_EDGE ( 'NONE', *, *, #5753, .F. ) ;
#2222 = LINE ( 'NONE', #3257, #5234 ) ;
#2223 = VERTEX_POINT ( 'NONE', #4622 ) ;
#2224 = CARTESIAN_POINT ( 'NONE',  ( 15.00000000000000533, 7.199999999999984190, -36.50000000000002132 ) ) ;
#2225 = ORIENTED_EDGE ( 'NONE', *, *, #4832, .T. ) ;
#2226 = DIRECTION ( 'NONE',  ( 0.000000000000000000, 0.000000000000000000, 1.000000000000000000 ) ) ;
#2227 = ORIENTED_EDGE ( 'NONE', *, *, #209, .F. ) ;
#2228 = ORIENTED_EDGE ( 'NONE', *, *, #1179, .T. ) ;
#2229 = CARTESIAN_POINT ( 'NONE',  ( -73.09999999999998010, -0.0009999999999992653654, -38.50000000000000711 ) ) ;
#2230 = PLANE ( 'NONE',  #5448 ) ;
#2231 = LINE ( 'NONE', #683, #3809 ) ;
#2232 = EDGE_CURVE ( 'NONE', #3875, #597, #2530, .T. ) ;
#2233 = DIRECTION ( 'NONE',  ( 3.469446951953610639E-15, 0.000000000000000000, -1.000000000000000000 ) ) ;
#2234 = ORIENTED_EDGE ( 'NONE', *, *, #5321, .F. ) ;
#2235 = DIRECTION ( 'NONE',  ( 0.000000000000000000, -1.000000000000000000, 0.000000000000000000 ) ) ;
#2236 = DIRECTION ( 'NONE',  ( 0.000000000000000000, -1.000000000000000000, 0.000000000000000000 ) ) ;
#2237 = CARTESIAN_POINT ( 'NONE',  ( -67.00000000000045475, -0.0009999999999992653654, 38.50000000000000711 ) ) ;
#2238 = DIRECTION ( 'NONE',  ( -0.000000000000000000, 0.000000000000000000, 1.000000000000000000 ) ) ;
#2239 = EDGE_CURVE ( 'NONE', #6510, #2477, #4555, .T. ) ;
#2240 = DIRECTION ( 'NONE',  ( -1.000000000000000000, 0.000000000000000000, 0.000000000000000000 ) ) ;
#2241 = EDGE_LOOP ( 'NONE', ( #5916, #5517, #3876, #6277 ) ) ;
#2242 = FACE_OUTER_BOUND ( 'NONE', #4356, .T. ) ;
#2243 = ORIENTED_EDGE ( 'NONE', *, *, #3714, .T. ) ;
#2244 = FACE_OUTER_BOUND ( 'NONE', #6019, .T. ) ;
#2245 = EDGE_CURVE ( 'NONE', #857, #3616, #3248, .T. ) ;
#2246 = CARTESIAN_POINT ( 'NONE',  ( 45.00000000000000711, 7.199999999999984190, -38.50000000000002132 ) ) ;
#2247 = ORIENTED_EDGE ( 'NONE', *, *, #1074, .F. ) ;
#2248 = VECTOR ( 'NONE', #1242, 1000.000000000000000 ) ;
#2249 = ORIENTED_EDGE ( 'NONE', *, *, #3486, .T. ) ;
#2250 = ORIENTED_EDGE ( 'NONE', *, *, #650, .T. ) ;
#2251 = DIRECTION ( 'NONE',  ( 1.000000000000000000, 0.000000000000000000, 1.734723475976805319E-15 ) ) ;
#2252 = AXIS2_PLACEMENT_3D ( 'NONE', #4405, #3578, #5586 ) ;
#2253 = VERTEX_POINT ( 'NONE', #383 ) ;
#2254 = CARTESIAN_POINT ( 'NONE',  ( -2.999999999999808153, 9.199999999999999289, -1.301042606982520597E-14 ) ) ;
#2255 = ORIENTED_EDGE ( 'NONE', *, *, #461, .T. ) ;
#2256 = PLANE ( 'NONE',  #1522 ) ;
#2257 = EDGE_LOOP ( 'NONE', ( #4065, #4665, #4296, #5941 ) ) ;
#2258 = VECTOR ( 'NONE', #2522, 1000.000000000000000 ) ;
#2259 = ORIENTED_EDGE ( 'NONE', *, *, #96, .F. ) ;
#2260 = VECTOR ( 'NONE', #50, 1000.000000000000000 ) ;
#2261 = DIRECTION ( 'NONE',  ( 0.000000000000000000, -1.000000000000000000, 0.000000000000000000 ) ) ;
#2262 = DIRECTION ( 'NONE',  ( -0.000000000000000000, 1.000000000000000000, -0.000000000000000000 ) ) ;
#2263 = DIRECTION ( 'NONE',  ( 0.000000000000000000, 0.000000000000000000, 1.000000000000000000 ) ) ;
#2264 = VECTOR ( 'NONE', #3300, 1000.000000000000000 ) ;
#2265 = VECTOR ( 'NONE', #4524, 1000.000000000000000 ) ;
#2266 = CARTESIAN_POINT ( 'NONE',  ( 75.09999999999996589, 0.000000000000000000, 0.000000000000000000 ) ) ;
#2267 = ORIENTED_EDGE ( 'NONE', *, *, #3790, .F. ) ;
#2268 = AXIS2_PLACEMENT_3D ( 'NONE', #2900, #6490, #1761 ) ;
#2270 = ADVANCED_FACE ( 'NONE', ( #3564 ), #4083, .T. ) ;
#2269 = EDGE_CURVE ( 'NONE', #2477, #292, #2560, .T. ) ;
#2271 = VECTOR ( 'NONE', #2987, 1000.000000000000000 ) ;
#2272 = CARTESIAN_POINT ( 'NONE',  ( -71.09999999999998010, 9.199999999999999289, -5.000000000000000000 ) ) ;
#2273 = CARTESIAN_POINT ( 'NONE',  ( -71.10000000000005116, 2.000000000000000000, 15.00000000000000000 ) ) ;
#2274 = CARTESIAN_POINT ( 'NONE',  ( -44.00000000000000000, 8.199999999999985079, 38.49999999999972999 ) ) ;
#2275 = LINE ( 'NONE', #2936, #6449 ) ;
#2276 = DIRECTION ( 'NONE',  ( 0.000000000000000000, 1.000000000000000000, 0.000000000000000000 ) ) ;
#2277 = ORIENTED_EDGE ( 'NONE', *, *, #5271, .T. ) ;
#2278 = LINE ( 'NONE', #4386, #5817 ) ;
#2279 = EDGE_LOOP ( 'NONE', ( #431, #5741, #2591, #4766 ) ) ;
#2280 = VECTOR ( 'NONE', #2514, 1000.000000000000000 ) ;
#2281 = DIRECTION ( 'NONE',  ( 0.000000000000000000, 1.000000000000000000, -0.000000000000000000 ) ) ;
#2282 = CARTESIAN_POINT ( 'NONE',  ( 5.000000000000004441, 7.199999999999984190, 38.50000000000000711 ) ) ;
#2283 = DIRECTION ( 'NONE',  ( -1.000000000000000000, 0.000000000000000000, 0.000000000000000000 ) ) ;
#2284 = ORIENTED_EDGE ( 'NONE', *, *, #4971, .T. ) ;
#2285 = VECTOR ( 'NONE', #6602, 1000.000000000000000 ) ;
#2286 = ADVANCED_FACE ( 'NONE', ( #6730 ), #3601, .F. ) ;
#2287 = ORIENTED_EDGE ( 'NONE', *, *, #846, .F. ) ;
#2288 = ADVANCED_FACE ( 'NONE', ( #2008 ), #2458, .F. ) ;
#2289 = ORIENTED_EDGE ( 'NONE', *, *, #4812, .T. ) ;
#2290 = CARTESIAN_POINT ( 'NONE',  ( 71.09999999999998010, 7.199999999999984190, 5.000000000000000000 ) ) ;
#2291 = LINE ( 'NONE', #476, #4475 ) ;
#2292 = AXIS2_PLACEMENT_3D ( 'NONE', #4692, #40, #1564 ) ;
#2293 = ORIENTED_EDGE ( 'NONE', *, *, #3940, .F. ) ;
#2294 = CARTESIAN_POINT ( 'NONE',  ( 71.10000000000005116, 9.199999999999999289, 25.00000000000000000 ) ) ;
#2295 = VERTEX_POINT ( 'NONE', #4112 ) ;
#2296 = LINE ( 'NONE', #4400, #4271 ) ;
#2297 = ORIENTED_EDGE ( 'NONE', *, *, #300, .F. ) ;
#2298 = EDGE_LOOP ( 'NONE', ( #1503, #2850, #952, #3057, #2284, #5531 ) ) ;
#2299 = PLANE ( 'NONE',  #1033 ) ;
#2300 = PLANE ( 'NONE',  #2252 ) ;
#2301 = CARTESIAN_POINT ( 'NONE',  ( 65.00000000000000000, 3.800000000000001155, 36.50000000000000711 ) ) ;
#2302 = CARTESIAN_POINT ( 'NONE',  ( 12.99999999999999822, -0.0009999999999992653654, 38.50000000000000711 ) ) ;
#2303 = ORIENTED_EDGE ( 'NONE', *, *, #3081, .F. ) ;
#2304 = DIRECTION ( 'NONE',  ( 0.000000000000000000, -1.000000000000000000, 0.000000000000000000 ) ) ;
#2305 = PLANE ( 'NONE',  #3442 ) ;
#2306 = PLANE ( 'NONE',  #2935 ) ;
#2307 = CARTESIAN_POINT ( 'NONE',  ( -67.00000000000045475, 3.800000000000001155, 38.50000000000000711 ) ) ;
#2308 = CYLINDRICAL_SURFACE ( 'NONE', #2500, 3.000000000000002665 ) ;
#2309 = ORIENTED_EDGE ( 'NONE', *, *, #4108, .F. ) ;
#2310 = DIRECTION ( 'NONE',  ( 0.7071067811865484609, 0.7071067811865465735, -0.000000000000000000 ) ) ;
#2311 = CARTESIAN_POINT ( 'NONE',  ( -75.09999999999995168, 0.000000000000000000, -35.30000000000000426 ) ) ;
#2312 = FACE_OUTER_BOUND ( 'NONE', #4307, .T. ) ;
#2313 = CARTESIAN_POINT ( 'NONE',  ( -34.99999999999999289, 9.199999999999999289, -38.49999999999972999 ) ) ;
#2314 = CARTESIAN_POINT ( 'NONE',  ( -14.99999999999999645, 9.199999999999999289, 36.49999999999986500 ) ) ;
#2315 = EDGE_CURVE ( 'NONE', #292, #5262, #1003, .T. ) ;
#2316 = ORIENTED_EDGE ( 'NONE', *, *, #968, .T. ) ;
#2317 = EDGE_CURVE ( 'NONE', #598, #228, #4050, .T. ) ;
#2318 = AXIS2_PLACEMENT_3D ( 'NONE', #1318, #2281, #142 ) ;
#2319 = VERTEX_POINT ( 'NONE', #6289 ) ;
#2320 = EDGE_CURVE ( 'NONE', #4561, #5258, #2039, .T. ) ;
#2321 = ORIENTED_EDGE ( 'NONE', *, *, #5200, .F. ) ;
#2322 = CARTESIAN_POINT ( 'NONE',  ( 71.09999999999998010, 7.199999999999984190, 5.000000000000000000 ) ) ;
#2323 = DIRECTION ( 'NONE',  ( -0.7071067811865451302, -0.7071067811865500152, 0.000000000000000000 ) ) ;
#2324 = ORIENTED_EDGE ( 'NONE', *, *, #4246, .F. ) ;
#2326 = EDGE_CURVE ( 'NONE', #698, #3019, #3079, .T. ) ;
#2325 = SURFACE_STYLE_USAGE ( .BOTH. , #1544 ) ;
#2327 = ORIENTED_EDGE ( 'NONE', *, *, #5096, .F. ) ;
#2328 = DIRECTION ( 'NONE',  ( -5.204170427930416550E-15, 0.000000000000000000, -1.000000000000000000 ) ) ;
#2329 = ORIENTED_EDGE ( 'NONE', *, *, #300, .T. ) ;
#2330 = EDGE_LOOP ( 'NONE', ( #5492, #4625, #6739, #433 ) ) ;
#2331 = DIRECTION ( 'NONE',  ( 0.7071067811865450192, 0.000000000000000000, 0.7071067811865500152 ) ) ;
#2332 = CARTESIAN_POINT ( 'NONE',  ( -73.09999999999999432, 3.800000000000001155, 26.99999999999990052 ) ) ;
#2333 = CARTESIAN_POINT ( 'NONE',  ( -70.09999999999999432, 14.00000000000000000, 40.44974746830580159 ) ) ;
#2334 = EDGE_CURVE ( 'NONE', #3212, #5217, #1559, .T. ) ;
#2335 = EDGE_CURVE ( 'NONE', #5998, #4495, #1490, .T. ) ;
#2336 = PLANE ( 'NONE',  #960 ) ;
#2337 = VERTEX_POINT ( 'NONE', #5704 ) ;
#2338 = DIRECTION ( 'NONE',  ( 0.000000000000000000, 1.000000000000000000, 0.000000000000000000 ) ) ;
#2339 = DIRECTION ( 'NONE',  ( 0.000000000000000000, -1.000000000000000000, 0.000000000000000000 ) ) ;
#2340 = DIRECTION ( 'NONE',  ( 0.7071067811865549002, 0.000000000000000000, -0.7071067811865402453 ) ) ;
#2341 = DIRECTION ( 'NONE',  ( 4.336808689942013003E-15, 0.000000000000000000, -1.000000000000000000 ) ) ;
#2342 = DIRECTION ( 'NONE',  ( -0.7071067811865561215, 0.000000000000000000, 0.7071067811865389130 ) ) ;
#2343 = EDGE_LOOP ( 'NONE', ( #3637, #5430, #5911, #6291 ) ) ;
#2344 = DIRECTION ( 'NONE',  ( 0.000000000000000000, -1.000000000000000000, 0.000000000000000000 ) ) ;
#2345 = ORIENTED_EDGE ( 'NONE', *, *, #846, .T. ) ;
#2346 = DIRECTION ( 'NONE',  ( 3.469446951953610639E-15, 0.000000000000000000, 1.000000000000000000 ) ) ;
#2347 = DIRECTION ( 'NONE',  ( -0.7071067811865500152, 0.000000000000000000, 0.7071067811865451302 ) ) ;
#2348 = CARTESIAN_POINT ( 'NONE',  ( -70.09999999999998010, 3.800000000000001155, -40.50271354001955615 ) ) ;
#2349 = ORIENTED_EDGE ( 'NONE', *, *, #468, .T. ) ;
#2350 = ORIENTED_EDGE ( 'NONE', *, *, #3201, .F. ) ;
#2351 = ORIENTED_EDGE ( 'NONE', *, *, #2729, .T. ) ;
#2353 = EDGE_CURVE ( 'NONE', #5162, #4268, #877, .T. ) ;
#2352 = EDGE_CURVE ( 'NONE', #1491, #3915, #3663, .T. ) ;
#2354 = CARTESIAN_POINT ( 'NONE',  ( -73.09999999999999432, -0.0009999999999992653654, 38.50000000000000711 ) ) ;
#2355 = PLANE ( 'NONE',  #3046 ) ;
#2356 = ORIENTED_EDGE ( 'NONE', *, *, #6405, .T. ) ;
#2357 = CARTESIAN_POINT ( 'NONE',  ( -73.09999999999999432, 3.800000000000001155, 38.50000000000000711 ) ) ;
#2358 = EDGE_LOOP ( 'NONE', ( #4361, #4530, #6455, #1656 ) ) ;
#2359 = AXIS2_PLACEMENT_3D ( 'NONE', #5497, #5422, #6088 ) ;
#2360 = PLANE ( 'NONE',  #5035 ) ;
#2361 = ORIENTED_EDGE ( 'NONE', *, *, #2619, .F. ) ;
#2362 = VERTEX_POINT ( 'NONE', #6256 ) ;
#2363 = VERTEX_POINT ( 'NONE', #6798 ) ;
#2364 = CARTESIAN_POINT ( 'NONE',  ( -70.09999999999998010, 14.00000000000000000, -35.50000000000000711 ) ) ;
#2365 = VECTOR ( 'NONE', #3890, 1000.000000000000000 ) ;
#2366 = CARTESIAN_POINT ( 'NONE',  ( -75.09999999999993747, 0.000000000000000000, 0.000000000000000000 ) ) ;
#2367 = CARTESIAN_POINT ( 'NONE',  ( 71.09999999999978115, 8.199999999999985079, -23.99999999999999289 ) ) ;
#2368 = FACE_OUTER_BOUND ( 'NONE', #5876, .T. ) ;
#2369 = VECTOR ( 'NONE', #5844, 1000.000000000000000 ) ;
#2370 = AXIS2_PLACEMENT_3D ( 'NONE', #4864, #6431, #5985 ) ;
#2371 = ORIENTED_EDGE ( 'NONE', *, *, #5413, .T. ) ;
#2372 = EDGE_CURVE ( 'NONE', #1888, #1847, #3536, .T. ) ;
#2373 = DIRECTION ( 'NONE',  ( 0.000000000000000000, -1.000000000000000000, 0.000000000000000000 ) ) ;
#2374 = EDGE_CURVE ( 'NONE', #1113, #2319, #34, .T. ) ;
#2375 = AXIS2_PLACEMENT_3D ( 'NONE', #205, #6003, #2898 ) ;
#2376 = DIRECTION ( 'NONE',  ( -1.802310104910968394E-16, 0.000000000000000000, 1.000000000000000000 ) ) ;
#2377 = VECTOR ( 'NONE', #6699, 1000.000000000000000 ) ;
#2378 = LINE ( 'NONE', #6593, #2813 ) ;
#2379 = CARTESIAN_POINT ( 'NONE',  ( 75.09999999999996589, 0.000000000000000000, -35.50000000000000711 ) ) ;
#2380 = VECTOR ( 'NONE', #642, 1000.000000000000000 ) ;
#2381 = VERTEX_POINT ( 'NONE', #2686 ) ;
#2382 = VECTOR ( 'NONE', #3002, 1000.000000000000000 ) ;
#2383 = CARTESIAN_POINT ( 'NONE',  ( 28.45000000000067075, 3.800000000000001155, 63.04999999999963478 ) ) ;
#2384 = DIRECTION ( 'NONE',  ( -1.734723475976805319E-15, 0.000000000000000000, 1.000000000000000000 ) ) ;
#2385 = CARTESIAN_POINT ( 'NONE',  ( 21.00000000000005329, 13.19999999999998508, -36.50000000000002132 ) ) ;
#2386 = DIRECTION ( 'NONE',  ( 0.000000000000000000, 0.000000000000000000, -1.000000000000000000 ) ) ;
#2387 = CARTESIAN_POINT ( 'NONE',  ( 81.09999999999999432, 5.999999999999974243, 36.49999999999999289 ) ) ;
#2388 = VECTOR ( 'NONE', #586, 1000.000000000000000 ) ;
#2389 = AXIS2_PLACEMENT_3D ( 'NONE', #771, #4494, #282 ) ;
#2390 = VERTEX_POINT ( 'NONE', #4821 ) ;
#2391 = VECTOR ( 'NONE', #958, 1000.000000000000000 ) ;
#2392 = ORIENTED_EDGE ( 'NONE', *, *, #5503, .F. ) ;
#2393 = ORIENTED_EDGE ( 'NONE', *, *, #4468, .T. ) ;
#2394 = DIRECTION ( 'NONE',  ( 1.000000000000000000, 0.000000000000000000, 0.000000000000000000 ) ) ;
#2395 = DIRECTION ( 'NONE',  ( 0.000000000000000000, -1.000000000000000000, 0.000000000000000000 ) ) ;
#2396 = VERTEX_POINT ( 'NONE', #4748 ) ;
#2397 = DIRECTION ( 'NONE',  ( 0.000000000000000000, -1.000000000000000000, 0.000000000000000000 ) ) ;
#2398 = VECTOR ( 'NONE', #5618, 1000.000000000000000 ) ;
#2399 = ORIENTED_EDGE ( 'NONE', *, *, #6369, .T. ) ;
#2400 = DIRECTION ( 'NONE',  ( 1.000000000000000000, -0.000000000000000000, -0.000000000000000000 ) ) ;
#2402 = EDGE_CURVE ( 'NONE', #357, #6020, #1589, .T. ) ;
#2401 = EDGE_CURVE ( 'NONE', #4020, #5368, #6355, .T. ) ;
#2403 = EDGE_LOOP ( 'NONE', ( #2950, #5502, #436, #5078 ) ) ;
#2404 = EDGE_LOOP ( 'NONE', ( #2713, #4801, #6429, #2609 ) ) ;
#2405 = VERTEX_POINT ( 'NONE', #2210 ) ;
#2406 = VECTOR ( 'NONE', #5241, 1000.000000000000000 ) ;
#2407 = DIRECTION ( 'NONE',  ( 0.000000000000000000, 0.000000000000000000, -1.000000000000000000 ) ) ;
#2408 = CARTESIAN_POINT ( 'NONE',  ( 34.99999999999999289, 3.800000000000001155, -38.50000000000002132 ) ) ;
#2409 = FACE_OUTER_BOUND ( 'NONE', #5425, .T. ) ;
#2410 = PLANE ( 'NONE',  #2834 ) ;
#2411 = VECTOR ( 'NONE', #4877, 1000.000000000000114 ) ;
#2412 = ADVANCED_FACE ( 'NONE', ( #5801 ), #558, .T. ) ;
#2413 = ORIENTED_EDGE ( 'NONE', *, *, #3467, .F. ) ;
#2414 = PLANE ( 'NONE',  #5046 ) ;
#2415 = APPLICATION_PROTOCOL_DEFINITION ( 'draft international standard', 'automotive_design', 1998, #480 ) ;
#2416 = CARTESIAN_POINT ( 'NONE',  ( 70.09999999999999432, 14.00000000000000000, -42.50000000000000000 ) ) ;
#2417 = CARTESIAN_POINT ( 'NONE',  ( -73.09999999999998010, 2.000000000000000000, -38.50000000000000711 ) ) ;
#2418 = LINE ( 'NONE', #6753, #5246 ) ;
#2419 = ADVANCED_FACE ( 'NONE', ( #622 ), #2177, .F. ) ;
#2420 = ORIENTED_EDGE ( 'NONE', *, *, #1574, .F. ) ;
#2421 = DIRECTION ( 'NONE',  ( -0.7071067811865500152, 0.7071067811865451302, -0.000000000000000000 ) ) ;
#2422 = CARTESIAN_POINT ( 'NONE',  ( 37.00000000000002842, 9.199999999999999289, -38.50000000000002132 ) ) ;
#2423 = CARTESIAN_POINT ( 'NONE',  ( 71.10000000000005116, 13.19999999999998685, 18.99999999999995381 ) ) ;
#2424 = PLANE ( 'NONE',  #1819 ) ;
#2425 = ORIENTED_EDGE ( 'NONE', *, *, #538, .T. ) ;
#2426 = EDGE_CURVE ( 'NONE', #2362, #6104, #108, .T. ) ;
#2427 = ORIENTED_EDGE ( 'NONE', *, *, #4880, .F. ) ;
#2428 = FACE_OUTER_BOUND ( 'NONE', #1375, .T. ) ;
#2429 = ORIENTED_EDGE ( 'NONE', *, *, #5948, .F. ) ;
#2430 = FACE_OUTER_BOUND ( 'NONE', #2057, .T. ) ;
#2431 = CARTESIAN_POINT ( 'NONE',  ( -70.09999999999999432, 3.800000000000001155, 40.44974746830580159 ) ) ;
#2432 = ORIENTED_EDGE ( 'NONE', *, *, #1732, .T. ) ;
#2433 = LINE ( 'NONE', #5736, #736 ) ;
#2434 = VERTEX_POINT ( 'NONE', #4853 ) ;
#2435 = CARTESIAN_POINT ( 'NONE',  ( 25.00000000000000355, 2.000000000000000000, 36.50000000000000711 ) ) ;
#2436 = ADVANCED_FACE ( 'NONE', ( #1689 ), #135, .T. ) ;
#2437 = EDGE_LOOP ( 'NONE', ( #6250, #840, #529, #2993 ) ) ;
#2438 = EDGE_CURVE ( 'NONE', #628, #2920, #5244, .T. ) ;
#2439 = VERTEX_POINT ( 'NONE', #3795 ) ;
#2440 = VECTOR ( 'NONE', #4241, 1000.000000000000000 ) ;
#2441 = FACE_OUTER_BOUND ( 'NONE', #4623, .T. ) ;
#2442 = DIRECTION ( 'NONE',  ( -0.7071067811865500152, 0.7071067811865451302, -0.000000000000000000 ) ) ;
#2443 = DIRECTION ( 'NONE',  ( 0.000000000000000000, 1.000000000000000000, 0.000000000000000000 ) ) ;
#2444 = AXIS2_PLACEMENT_3D ( 'NONE', #2758, #2236, #203 ) ;
#2445 = ORIENTED_EDGE ( 'NONE', *, *, #5155, .F. ) ;
#2446 = CARTESIAN_POINT ( 'NONE',  ( -73.10000000000005116, 13.19999999999998863, 21.00000000000003908 ) ) ;
#2447 = DIRECTION ( 'NONE',  ( -0.7071067811865500152, 0.000000000000000000, 0.7071067811865450192 ) ) ;
#2449 = EDGE_CURVE ( 'NONE', #5032, #2846, #4721, .T. ) ;
#2448 = EDGE_CURVE ( 'NONE', #6613, #2812, #5899, .T. ) ;
#2450 = CARTESIAN_POINT ( 'NONE',  ( -73.09999999999998010, 2.000000000000000000, -38.50000000000000711 ) ) ;
#2451 = LINE ( 'NONE', #900, #3822 ) ;
#2452 = VERTEX_POINT ( 'NONE', #6452 ) ;
#2453 = CARTESIAN_POINT ( 'NONE',  ( -65.00000000000000000, 9.199999999999999289, 38.49999999999958789 ) ) ;
#2454 = ADVANCED_FACE ( 'NONE', ( #1628 ), #5279, .F. ) ;
#2455 = CARTESIAN_POINT ( 'NONE',  ( 45.00000000000000711, 9.199999999999999289, -36.50000000000002132 ) ) ;
#2456 = FACE_OUTER_BOUND ( 'NONE', #6492, .T. ) ;
#2457 = ADVANCED_FACE ( 'NONE', ( #3738 ), #659, .F. ) ;
#2458 = PLANE ( 'NONE',  #57 ) ;
#2459 = VERTEX_POINT ( 'NONE', #4783 ) ;
#2460 = EDGE_LOOP ( 'NONE', ( #4941, #2561, #1082, #2774, #4807, #4636, #1208, #4966 ) ) ;
#2461 = DIRECTION ( 'NONE',  ( 0.000000000000000000, -1.000000000000000000, 0.000000000000000000 ) ) ;
#2462 = ADVANCED_FACE ( 'NONE', ( #5765 ), #4284, .T. ) ;
#2463 = VERTEX_POINT ( 'NONE', #1660 ) ;
#2464 = EDGE_CURVE ( 'NONE', #1038, #3732, #2488, .T. ) ;
#2465 = EDGE_CURVE ( 'NONE', #5984, #5854, #1828, .T. ) ;
#2466 = CARTESIAN_POINT ( 'NONE',  ( 35.00000000000000000, 9.199999999999999289, 36.50000000000000711 ) ) ;
#2467 = CARTESIAN_POINT ( 'NONE',  ( -71.09999999999978115, 2.000000000000000000, -15.00000000000000000 ) ) ;
#2468 = ORIENTED_EDGE ( 'NONE', *, *, #2486, .F. ) ;
#2469 = CARTESIAN_POINT ( 'NONE',  ( -23.99999999999999645, 8.199999999999985079, 38.49999999999986500 ) ) ;
#2470 = EDGE_LOOP ( 'NONE', ( #1028, #3547, #4895, #5848, #5578, #4769 ) ) ;
#2471 = EDGE_LOOP ( 'NONE', ( #5237, #5225, #3234, #5769 ) ) ;
#2472 = ORIENTED_EDGE ( 'NONE', *, *, #6755, .T. ) ;
#2473 = FACE_OUTER_BOUND ( 'NONE', #2298, .T. ) ;
#2474 = VECTOR ( 'NONE', #4509, 1000.000000000000000 ) ;
#2475 = DIRECTION ( 'NONE',  ( -0.7071067811865512365, 0.000000000000000000, 0.7071067811865437980 ) ) ;
#2476 = DIRECTION ( 'NONE',  ( 0.000000000000000000, -1.000000000000000000, 0.000000000000000000 ) ) ;
#2477 = VERTEX_POINT ( 'NONE', #5939 ) ;
#2478 = VECTOR ( 'NONE', #4811, 1000.000000000000114 ) ;
#2479 = DIRECTION ( 'NONE',  ( 0.000000000000000000, 0.000000000000000000, -1.000000000000000000 ) ) ;
#2480 =( LENGTH_UNIT ( ) NAMED_UNIT ( * ) SI_UNIT ( .MILLI., .METRE. ) );
#2481 = LINE ( 'NONE', #4103, #5467 ) ;
#2482 = LINE ( 'NONE', #1932, #6237 ) ;
#2483 = VECTOR ( 'NONE', #186, 1000.000000000000114 ) ;
#2484 = CARTESIAN_POINT ( 'NONE',  ( -34.99999999999999289, 3.800000000000001155, -38.49999999999972999 ) ) ;
#2485 = ORIENTED_EDGE ( 'NONE', *, *, #2199, .F. ) ;
#2487 = ADVANCED_FACE ( 'NONE', ( #2865 ), #763, .F. ) ;
#2486 = EDGE_CURVE ( 'NONE', #4605, #916, #4379, .T. ) ;
#2488 = CIRCLE ( 'NONE', #5791, 4.949747468305801590 ) ;
#2489 = VECTOR ( 'NONE', #4157, 1000.000000000000000 ) ;
#2490 = CARTESIAN_POINT ( 'NONE',  ( -73.09999999999998010, 7.199999999999984190, -5.000000000000004441 ) ) ;
#2491 = DIRECTION ( 'NONE',  ( 0.000000000000000000, -1.000000000000000000, 0.000000000000000000 ) ) ;
#2492 = DIRECTION ( 'NONE',  ( 0.000000000000000000, -1.000000000000000000, 0.000000000000000000 ) ) ;
#2493 = DIRECTION ( 'NONE',  ( 0.000000000000000000, 0.000000000000000000, -1.000000000000000000 ) ) ;
#2494 = AXIS2_PLACEMENT_3D ( 'NONE', #1413, #6235, #4034 ) ;
#2495 = ORIENTED_EDGE ( 'NONE', *, *, #3557, .T. ) ;
#2496 = VECTOR ( 'NONE', #3830, 1000.000000000000000 ) ;
#2497 = ORIENTED_EDGE ( 'NONE', *, *, #4918, .T. ) ;
#2498 = DIRECTION ( 'NONE',  ( 0.000000000000000000, -1.000000000000000000, 0.000000000000000000 ) ) ;
#2499 = ORIENTED_EDGE ( 'NONE', *, *, #6084, .F. ) ;
#2500 = AXIS2_PLACEMENT_3D ( 'NONE', #3459, #1238, #6625 ) ;
#2501 = AXIS2_PLACEMENT_3D ( 'NONE', #2246, #4859, #6461 ) ;
#2502 = PLANE ( 'NONE',  #1048 ) ;
#2503 = FACE_OUTER_BOUND ( 'NONE', #2437, .T. ) ;
#2504 = ORIENTED_EDGE ( 'NONE', *, *, #4831, .T. ) ;
#2505 = EDGE_LOOP ( 'NONE', ( #6763, #947, #871, #3021, #2052, #217 ) ) ;
#2506 = EDGE_CURVE ( 'NONE', #1631, #5327, #6080, .T. ) ;
#2507 = AXIS2_PLACEMENT_3D ( 'NONE', #121, #1675, #2643 ) ;
#2508 = EDGE_CURVE ( 'NONE', #703, #3439, #4987, .T. ) ;
#2509 = ORIENTED_EDGE ( 'NONE', *, *, #3688, .T. ) ;
#2510 = VERTEX_POINT ( 'NONE', #2307 ) ;
#2511 = DIRECTION ( 'NONE',  ( 0.000000000000000000, 0.000000000000000000, 1.000000000000000000 ) ) ;
#2512 = VECTOR ( 'NONE', #327, 1000.000000000000000 ) ;
#2513 = CARTESIAN_POINT ( 'NONE',  ( -42.99999999999999289, 9.199999999999999289, -38.49999999999972999 ) ) ;
#2514 = DIRECTION ( 'NONE',  ( -1.000000000000000000, 0.000000000000000000, 0.000000000000000000 ) ) ;
#2515 = EDGE_CURVE ( 'NONE', #5854, #5135, #3425, .T. ) ;
#2516 = VECTOR ( 'NONE', #2310, 1000.000000000000000 ) ;
#2517 = ORIENTED_EDGE ( 'NONE', *, *, #5176, .F. ) ;
#2518 = CARTESIAN_POINT ( 'NONE',  ( 26.99999999999998224, 2.000000000000000000, -38.50000000000000711 ) ) ;
#2519 = PLANE ( 'NONE',  #2587 ) ;
#2520 = DIRECTION ( 'NONE',  ( 1.000000000000000000, 0.000000000000000000, 0.000000000000000000 ) ) ;
#2521 = CARTESIAN_POINT ( 'NONE',  ( 54.99999999999999289, 9.199999999999999289, 38.50000000000000711 ) ) ;
#2522 = DIRECTION ( 'NONE',  ( -1.802310104910968394E-16, 0.000000000000000000, 1.000000000000000000 ) ) ;
#2523 = VECTOR ( 'NONE', #1789, 1000.000000000000114 ) ;
#2524 = DIRECTION ( 'NONE',  ( -1.000000000000000000, -0.000000000000000000, -0.000000000000000000 ) ) ;
#2525 = ORIENTED_EDGE ( 'NONE', *, *, #5410, .T. ) ;
#2526 = EDGE_CURVE ( 'NONE', #5426, #1436, #724, .T. ) ;
#2527 = DIRECTION ( 'NONE',  ( 1.000000000000000000, 0.000000000000000000, 0.000000000000000000 ) ) ;
#2528 = DIRECTION ( 'NONE',  ( -0.000000000000000000, 0.7071067811865446862, -0.7071067811865503483 ) ) ;
#2529 = DIRECTION ( 'NONE',  ( -1.000000000000000000, 0.000000000000000000, -0.000000000000000000 ) ) ;
#2530 = LINE ( 'NONE', #4182, #2698 ) ;
#2531 = ORIENTED_EDGE ( 'NONE', *, *, #5708, .F. ) ;
#2532 = ORIENTED_EDGE ( 'NONE', *, *, #3267, .F. ) ;
#2533 = EDGE_LOOP ( 'NONE', ( #5476, #1980, #1762, #3932 ) ) ;
#2534 = DIRECTION ( 'NONE',  ( -1.000000000000000000, 0.000000000000000000, -0.000000000000000000 ) ) ;
#2535 = ORIENTED_EDGE ( 'NONE', *, *, #3879, .T. ) ;
#2536 = CARTESIAN_POINT ( 'NONE',  ( 33.00000000000001421, 2.000000000000000000, -38.50000000000000711 ) ) ;
#2537 = LINE ( 'NONE', #3055, #4143 ) ;
#2538 = LINE ( 'NONE', #6737, #1060 ) ;
#2539 = EDGE_CURVE ( 'NONE', #5991, #3801, #237, .T. ) ;
#2540 = ORIENTED_EDGE ( 'NONE', *, *, #3377, .T. ) ;
#2541 = ORIENTED_EDGE ( 'NONE', *, *, #6412, .F. ) ;
#2542 = ORIENTED_EDGE ( 'NONE', *, *, #847, .F. ) ;
#2543 = DIRECTION ( 'NONE',  ( 1.000000000000000000, -0.000000000000000000, -0.000000000000000000 ) ) ;
#2544 = EDGE_CURVE ( 'NONE', #2562, #6501, #6624, .T. ) ;
#2545 = LINE ( 'NONE', #6744, #2162 ) ;
#2546 = CARTESIAN_POINT ( 'NONE',  ( -73.09999999999998010, 3.800000000000001155, -25.00000000000000711 ) ) ;
#2547 = ORIENTED_EDGE ( 'NONE', *, *, #6084, .T. ) ;
#2548 = CARTESIAN_POINT ( 'NONE',  ( 5.000000000000004441, 9.199999999999999289, -36.50000000000002132 ) ) ;
#2549 = DIRECTION ( 'NONE',  ( 0.7071067811865451302, -0.000000000000000000, 0.7071067811865500152 ) ) ;
#2550 = EDGE_CURVE ( 'NONE', #6221, #6485, #3316, .T. ) ;
#2551 = DIRECTION ( 'NONE',  ( 0.000000000000000000, 1.000000000000000000, 0.000000000000000000 ) ) ;
#2552 = EDGE_CURVE ( 'NONE', #1863, #6620, #6521, .T. ) ;
#2553 = FACE_OUTER_BOUND ( 'NONE', #6202, .T. ) ;
#2554 = COLOUR_RGB ( '',1.000000000000000000, 1.000000000000000000, 1.000000000000000000 ) ;
#2555 = LINE ( 'NONE', #6724, #4160 ) ;
#2556 = VERTEX_POINT ( 'NONE', #827 ) ;
#2557 = CARTESIAN_POINT ( 'NONE',  ( -70.09999999999998010, -0.0009999999999992653654, -35.50000000000000711 ) ) ;
#2558 = DIRECTION ( 'NONE',  ( -5.204170427930416550E-15, 0.000000000000000000, 1.000000000000000000 ) ) ;
#2559 = CARTESIAN_POINT ( 'NONE',  ( 71.09999999999978115, 2.000000000000000000, -25.00000000000000000 ) ) ;
#2560 = LINE ( 'NONE', #5665, #4460 ) ;
#2561 = ORIENTED_EDGE ( 'NONE', *, *, #4010, .T. ) ;
#2562 = VERTEX_POINT ( 'NONE', #2790 ) ;
#2563 = CARTESIAN_POINT ( 'NONE',  ( 0.000000000000000000, 9.199999999999999289, 0.000000000000000000 ) ) ;
#2564 = ORIENTED_EDGE ( 'NONE', *, *, #1740, .F. ) ;
#2565 = CARTESIAN_POINT ( 'NONE',  ( -14.99999999999999645, 3.800000000000001155, -38.49999999999986500 ) ) ;
#2566 = DIRECTION ( 'NONE',  ( -1.000000000000000000, 0.000000000000000000, 0.000000000000000000 ) ) ;
#2567 = LINE ( 'NONE', #4658, #402 ) ;
#2568 = ORIENTED_EDGE ( 'NONE', *, *, #603, .F. ) ;
#2569 = ORIENTED_EDGE ( 'NONE', *, *, #4185, .T. ) ;
#2571 = ADVANCED_FACE ( 'NONE', ( #168 ), #5521, .T. ) ;
#2570 = EDGE_CURVE ( 'NONE', #45, #6231, #5417, .T. ) ;
#2572 = ORIENTED_EDGE ( 'NONE', *, *, #969, .F. ) ;
#2573 = DIRECTION ( 'NONE',  ( -0.7071067811865475727, -0.000000000000000000, -0.7071067811865475727 ) ) ;
#2574 = LINE ( 'NONE', #6774, #4793 ) ;
#2575 = DIRECTION ( 'NONE',  ( 0.000000000000000000, -1.000000000000000000, 0.000000000000000000 ) ) ;
#2576 = ORIENTED_EDGE ( 'NONE', *, *, #1180, .F. ) ;
#2577 = DIRECTION ( 'NONE',  ( 0.000000000000000000, -1.000000000000000000, 0.000000000000000000 ) ) ;
#2578 = DIRECTION ( 'NONE',  ( 0.000000000000000000, 0.000000000000000000, -1.000000000000000000 ) ) ;
#2579 = DIRECTION ( 'NONE',  ( 0.000000000000000000, -1.000000000000000000, 0.000000000000000000 ) ) ;
#2580 = FACE_OUTER_BOUND ( 'NONE', #3369, .T. ) ;
#2581 = DIRECTION ( 'NONE',  ( 0.000000000000000000, -1.000000000000000000, 0.000000000000000000 ) ) ;
#2582 = VECTOR ( 'NONE', #2596, 1000.000000000000000 ) ;
#2583 = ORIENTED_EDGE ( 'NONE', *, *, #5034, .F. ) ;
#2584 = DIRECTION ( 'NONE',  ( 3.469446951953610639E-15, 0.000000000000000000, 1.000000000000000000 ) ) ;
#2585 = LINE ( 'NONE', #3634, #2440 ) ;
#2586 = LINE ( 'NONE', #4242, #6679 ) ;
#2587 = AXIS2_PLACEMENT_3D ( 'NONE', #1241, #3031, #3354 ) ;
#2588 = CARTESIAN_POINT ( 'NONE',  ( 62.99999999999997158, 9.199999999999999289, 0.000000000000000000 ) ) ;
#2589 = CARTESIAN_POINT ( 'NONE',  ( -5.000000000000004441, 7.199999999999984190, 38.50000000000000711 ) ) ;
#2590 = VECTOR ( 'NONE', #4174, 1000.000000000000000 ) ;
#2591 = ORIENTED_EDGE ( 'NONE', *, *, #5059, .T. ) ;
#2592 = AXIS2_PLACEMENT_3D ( 'NONE', #2986, #462, #2566 ) ;
#2593 = EDGE_CURVE ( 'NONE', #2463, #3191, #2378, .T. ) ;
#2594 = CARTESIAN_POINT ( 'NONE',  ( 25.00000000000000355, 9.199999999999999289, -36.50000000000002132 ) ) ;
#2595 = ORIENTED_EDGE ( 'NONE', *, *, #4082, .T. ) ;
#2596 = DIRECTION ( 'NONE',  ( 1.000000000000000000, 0.000000000000000000, 0.000000000000000000 ) ) ;
#2597 = DIRECTION ( 'NONE',  ( 0.000000000000000000, 1.000000000000000000, 0.000000000000000000 ) ) ;
#2598 = CARTESIAN_POINT ( 'NONE',  ( -78.54999999999969873, 3.800000000000001155, -27.05000000000035243 ) ) ;
#2599 = VECTOR ( 'NONE', #272, 1000.000000000000000 ) ;
#2600 = AXIS2_PLACEMENT_3D ( 'NONE', #6758, #2037, #876 ) ;
#2601 = VERTEX_POINT ( 'NONE', #3972 ) ;
#2602 = VECTOR ( 'NONE', #470, 999.9999999999998863 ) ;
#2603 = EDGE_LOOP ( 'NONE', ( #6053, #5290, #3674, #4286, #1363, #4161, #1677, #4848 ) ) ;
#2604 = AXIS2_PLACEMENT_3D ( 'NONE', #6721, #4135, #5028 ) ;
#2605 = ORIENTED_EDGE ( 'NONE', *, *, #1472, .F. ) ;
#2606 = DIRECTION ( 'NONE',  ( -1.000000000000000000, 0.000000000000000000, -1.734723475976805319E-15 ) ) ;
#2607 = CARTESIAN_POINT ( 'NONE',  ( -70.09999999999998010, 2.000000000000000000, -35.50000000000000711 ) ) ;
#2608 = VECTOR ( 'NONE', #5066, 1000.000000000000000 ) ;
#2609 = ORIENTED_EDGE ( 'NONE', *, *, #3834, .F. ) ;
#2611 = EDGE_CURVE ( 'NONE', #6103, #5392, #4881, .T. ) ;
#2610 = EDGE_CURVE ( 'NONE', #6270, #6275, #1345, .T. ) ;
#2612 = LINE ( 'NONE', #6337, #3941 ) ;
#2613 = VERTEX_POINT ( 'NONE', #1271 ) ;
#2614 = VECTOR ( 'NONE', #3487, 1000.000000000000000 ) ;
#2615 = CARTESIAN_POINT ( 'NONE',  ( 25.00000000000000355, 9.199999999999999289, -38.50000000000002132 ) ) ;
#2616 = DIRECTION ( 'NONE',  ( -1.000000000000000000, 0.000000000000000000, -1.734723475976805319E-15 ) ) ;
#2617 = CARTESIAN_POINT ( 'NONE',  ( -69.89999999999996305, 0.000000000000000000, -35.29999999999999716 ) ) ;
#2618 = CARTESIAN_POINT ( 'NONE',  ( 25.00000000000000355, 3.800000000000001155, -38.50000000000002132 ) ) ;
#2620 = EDGE_CURVE ( 'NONE', #6098, #5170, #314, .T. ) ;
#2619 = EDGE_CURVE ( 'NONE', #1813, #1423, #2275, .T. ) ;
#2621 = CARTESIAN_POINT ( 'NONE',  ( 45.00000000000000711, 9.199999999999999289, -38.50000000000002132 ) ) ;
#2622 = VECTOR ( 'NONE', #887, 1000.000000000000000 ) ;
#2623 = EDGE_CURVE ( 'NONE', #1436, #6305, #4674, .T. ) ;
#2624 = ORIENTED_EDGE ( 'NONE', *, *, #5452, .F. ) ;
#2625 = PLANE ( 'NONE',  #4501 ) ;
#2626 = VECTOR ( 'NONE', #2902, 1000.000000000000000 ) ;
#2627 = DIRECTION ( 'NONE',  ( -0.000000000000000000, 1.000000000000000000, -0.000000000000000000 ) ) ;
#2628 = CARTESIAN_POINT ( 'NONE',  ( -4.999999999999995559, 9.199999999999999289, -36.50000000000000711 ) ) ;
#2629 = DIRECTION ( 'NONE',  ( -0.7071067811865500152, 0.7071067811865451302, 9.813077866773628010E-16 ) ) ;
#2630 = PLANE ( 'NONE',  #4258 ) ;
#2631 = EDGE_LOOP ( 'NONE', ( #908, #2883, #2393, #4432 ) ) ;
#2632 = CARTESIAN_POINT ( 'NONE',  ( -71.09999999999978115, 9.199999999999999289, -17.00000000000003197 ) ) ;
#2633 = EDGE_LOOP ( 'NONE', ( #3607, #914, #1604, #3675 ) ) ;
#2634 = DIRECTION ( 'NONE',  ( 1.000000000000000000, 0.000000000000000000, -0.000000000000000000 ) ) ;
#2635 = PLANE ( 'NONE',  #614 ) ;
#2636 = CARTESIAN_POINT ( 'NONE',  ( 5.000000000000004441, 3.800000000000001155, 36.50000000000000711 ) ) ;
#2637 = VERTEX_POINT ( 'NONE', #5658 ) ;
#2638 = ORIENTED_EDGE ( 'NONE', *, *, #3879, .F. ) ;
#2639 = ORIENTED_EDGE ( 'NONE', *, *, #2374, .T. ) ;
#2640 = DIRECTION ( 'NONE',  ( -0.7071067811865451302, 0.000000000000000000, -0.7071067811865500152 ) ) ;
#2641 = CARTESIAN_POINT ( 'NONE',  ( 69.89999999999994884, 0.000000000000000000, -40.50000000000000000 ) ) ;
#2642 = ORIENTED_EDGE ( 'NONE', *, *, #4933, .F. ) ;
#2643 = DIRECTION ( 'NONE',  ( 0.000000000000000000, -1.000000000000000000, 0.000000000000000000 ) ) ;
#2644 = ORIENTED_EDGE ( 'NONE', *, *, #5532, .T. ) ;
#2645 = DIRECTION ( 'NONE',  ( -3.469446951953610639E-15, 0.000000000000000000, 1.000000000000000000 ) ) ;
#2646 = CARTESIAN_POINT ( 'NONE',  ( -29.74999999999874944, 3.800000000000001155, -75.85000000000054854 ) ) ;
#2647 = DIRECTION ( 'NONE',  ( 0.7071067811865500152, 0.7071067811865451302, -9.813077866773618150E-16 ) ) ;
#2648 = CARTESIAN_POINT ( 'NONE',  ( -41.00000000000004974, 13.19999999999999218, -38.49999999999972999 ) ) ;
#2649 = CARTESIAN_POINT ( 'NONE',  ( -27.00000000000017764, 2.000000000000000000, 38.50000000000000711 ) ) ;
#2650 = VECTOR ( 'NONE', #4048, 1000.000000000000000 ) ;
#2651 = ORIENTED_EDGE ( 'NONE', *, *, #4882, .T. ) ;
#2653 = ADVANCED_FACE ( 'NONE', ( #4104 ), #3627, .F. ) ;
#2652 = EDGE_CURVE ( 'NONE', #5677, #4498, #4042, .T. ) ;
#2654 = LINE ( 'NONE', #2683, #4385 ) ;
#2655 = DIRECTION ( 'NONE',  ( 0.000000000000000000, 0.000000000000000000, -1.000000000000000000 ) ) ;
#2656 = LINE ( 'NONE', #3764, #5796 ) ;
#2657 = DIRECTION ( 'NONE',  ( -0.7071067811865451302, -0.7071067811865500152, 0.000000000000000000 ) ) ;
#2658 = DIRECTION ( 'NONE',  ( 1.000000000000000000, 0.000000000000000000, 0.000000000000000000 ) ) ;
#2659 = ORIENTED_EDGE ( 'NONE', *, *, #5410, .F. ) ;
#2660 = EDGE_CURVE ( 'NONE', #5297, #5567, #4007, .T. ) ;
#2661 = DIRECTION ( 'NONE',  ( 0.000000000000000000, 1.000000000000000000, -0.000000000000000000 ) ) ;
#2662 = EDGE_LOOP ( 'NONE', ( #913, #4975, #218, #2116, #4956, #6643, #6160, #1699 ) ) ;
#2663 = FACE_OUTER_BOUND ( 'NONE', #2187, .T. ) ;
#2664 = CARTESIAN_POINT ( 'NONE',  ( -25.00000000000000355, 7.199999999999984190, 38.49999999999986500 ) ) ;
#2665 = CARTESIAN_POINT ( 'NONE',  ( -68.54999999999974136, 3.800000000000001155, -37.05000000000023874 ) ) ;
#2666 = EDGE_LOOP ( 'NONE', ( #3961, #1265, #5777, #5869 ) ) ;
#2667 = EDGE_CURVE ( 'NONE', #1331, #3083, #6692, .T. ) ;
#2668 = ORIENTED_EDGE ( 'NONE', *, *, #766, .T. ) ;
#2669 = EDGE_CURVE ( 'NONE', #1894, #184, #2482, .T. ) ;
#2670 = ORIENTED_EDGE ( 'NONE', *, *, #6500, .T. ) ;
#2671 = CARTESIAN_POINT ( 'NONE',  ( 42.99999999999997868, 9.199999999999999289, 38.50000000000000711 ) ) ;
#2672 = CARTESIAN_POINT ( 'NONE',  ( 73.10000000000005116, 9.199999999999999289, 17.00000000000002132 ) ) ;
#2673 = VERTEX_POINT ( 'NONE', #1449 ) ;
#2674 = FACE_OUTER_BOUND ( 'NONE', #3332, .T. ) ;
#2675 = ORIENTED_EDGE ( 'NONE', *, *, #6008, .T. ) ;
#2676 = EDGE_CURVE ( 'NONE', #6294, #3220, #6151, .T. ) ;
#2677 = CARTESIAN_POINT ( 'NONE',  ( -71.09999999999998010, 9.199999999999999289, 5.000000000000000000 ) ) ;
#2678 = DIRECTION ( 'NONE',  ( 0.7071067811865414665, 0.000000000000000000, 0.7071067811865536790 ) ) ;
#2679 = DIRECTION ( 'NONE',  ( 0.000000000000000000, 0.000000000000000000, 1.000000000000000000 ) ) ;
#2680 = CARTESIAN_POINT ( 'NONE',  ( 25.00000000000000355, 9.199999999999999289, 36.50000000000000711 ) ) ;
#2681 = CARTESIAN_POINT ( 'NONE',  ( -5.000000000000004441, 7.199999999999984190, -38.50000000000000711 ) ) ;
#2682 = ORIENTED_EDGE ( 'NONE', *, *, #3851, .T. ) ;
#2683 = CARTESIAN_POINT ( 'NONE',  ( 25.00000000000000355, 3.800000000000001155, 38.50000000000000711 ) ) ;
#2684 = DIRECTION ( 'NONE',  ( 0.000000000000000000, -1.000000000000000000, 0.000000000000000000 ) ) ;
#2685 = LINE ( 'NONE', #2209, #1607 ) ;
#2686 = CARTESIAN_POINT ( 'NONE',  ( -73.09999999999999432, 3.800000000000001155, 15.00000000000000000 ) ) ;
#2687 = AXIS2_PLACEMENT_3D ( 'NONE', #630, #3185, #5351 ) ;
#2688 = LINE ( 'NONE', #4822, #4798 ) ;
#2690 = ADVANCED_FACE ( 'NONE', ( #1972 ), #411, .F. ) ;
#2689 = EDGE_CURVE ( 'NONE', #1603, #1888, #899, .T. ) ;
#2691 = VERTEX_POINT ( 'NONE', #6211 ) ;
#2692 = VECTOR ( 'NONE', #157, 1000.000000000000000 ) ;
#2693 = CARTESIAN_POINT ( 'NONE',  ( 70.10000000000000853, 2.000000000000000000, 35.49999999999999289 ) ) ;
#2694 = ORIENTED_EDGE ( 'NONE', *, *, #5830, .F. ) ;
#2695 = DIRECTION ( 'NONE',  ( 1.672022627447524747E-16, 0.000000000000000000, -1.000000000000000000 ) ) ;
#2696 = DIRECTION ( 'NONE',  ( -4.336808689942013003E-15, 0.000000000000000000, 1.000000000000000000 ) ) ;
#2697 = LINE ( 'NONE', #4792, #6579 ) ;
#2698 = VECTOR ( 'NONE', #2981, 1000.000000000000000 ) ;
#2699 = VERTEX_POINT ( 'NONE', #3590 ) ;
#2700 = VECTOR ( 'NONE', #671, 1000.000000000000000 ) ;
#2701 = ORIENTED_EDGE ( 'NONE', *, *, #1860, .F. ) ;
#2702 = ORIENTED_EDGE ( 'NONE', *, *, #6369, .F. ) ;
#2703 = VECTOR ( 'NONE', #3556, 1000.000000000000000 ) ;
#2704 = VECTOR ( 'NONE', #592, 1000.000000000000000 ) ;
#2705 = CARTESIAN_POINT ( 'NONE',  ( 18.99999999999995737, 13.19999999999998863, -38.50000000000002132 ) ) ;
#2707 = EDGE_CURVE ( 'NONE', #6734, #2459, #3530, .T. ) ;
#2706 = DIRECTION ( 'NONE',  ( 0.000000000000000000, 0.000000000000000000, -1.000000000000000000 ) ) ;
#2708 = ORIENTED_EDGE ( 'NONE', *, *, #6009, .F. ) ;
#2709 = FACE_OUTER_BOUND ( 'NONE', #2257, .T. ) ;
#2710 = PRESENTATION_LAYER_ASSIGNMENT (  '', '', ( #170 ) ) ;
#2711 = VECTOR ( 'NONE', #1568, 1000.000000000000000 ) ;
#2712 = ORIENTED_EDGE ( 'NONE', *, *, #5738, .T. ) ;
#2713 = ORIENTED_EDGE ( 'NONE', *, *, #6686, .F. ) ;
#2714 = CARTESIAN_POINT ( 'NONE',  ( -71.09999999999978115, 2.000000000000000000, -15.00000000000000000 ) ) ;
#2715 = CARTESIAN_POINT ( 'NONE',  ( 32.99999999999995737, 2.000000000000000000, 38.50000000000000711 ) ) ;
#2716 = VECTOR ( 'NONE', #4212, 1000.000000000000000 ) ;
#2717 = VECTOR ( 'NONE', #4244, 1000.000000000000000 ) ;
#2718 = LINE ( 'NONE', #2754, #1825 ) ;
#2719 = EDGE_CURVE ( 'NONE', #5841, #2055, #374, .T. ) ;
#2720 = DIRECTION ( 'NONE',  ( 0.7071067811865500152, -0.7071067811865451302, 0.000000000000000000 ) ) ;
#2721 = VECTOR ( 'NONE', #6312, 1000.000000000000114 ) ;
#2722 = ORIENTED_EDGE ( 'NONE', *, *, #4314, .T. ) ;
#2723 = DIRECTION ( 'NONE',  ( 0.000000000000000000, -1.000000000000000000, 0.000000000000000000 ) ) ;
#2724 = DIRECTION ( 'NONE',  ( 0.000000000000000000, 0.000000000000000000, -1.000000000000000000 ) ) ;
#2725 = DIRECTION ( 'NONE',  ( 0.000000000000000000, 0.000000000000000000, -1.000000000000000000 ) ) ;
#2726 = CARTESIAN_POINT ( 'NONE',  ( -27.00000000000017764, -0.0009999999999992653654, 38.50000000000000711 ) ) ;
#2727 = VECTOR ( 'NONE', #5037, 1000.000000000000000 ) ;
#2728 = CARTESIAN_POINT ( 'NONE',  ( 64.00000000000000000, 8.199999999999985079, 36.50000000000000711 ) ) ;
#2729 = EDGE_CURVE ( 'NONE', #4278, #1631, #445, .T. ) ;
#2730 = ORIENTED_EDGE ( 'NONE', *, *, #247, .T. ) ;
#2731 = VECTOR ( 'NONE', #5832, 1000.000000000000114 ) ;
#2732 = DIRECTION ( 'NONE',  ( -0.7071067811865541231, 0.000000000000000000, 0.7071067811865409114 ) ) ;
#2733 = ORIENTED_EDGE ( 'NONE', *, *, #208, .F. ) ;
#2734 = LINE ( 'NONE', #5214, #596 ) ;
#2735 = PRODUCT_DEFINITION ( 'Î´Öª', '', #4761, #3280 ) ;
#2736 = CARTESIAN_POINT ( 'NONE',  ( -70.09999999999996589, 14.00000000000000000, -42.50000000000000000 ) ) ;
#2737 = VECTOR ( 'NONE', #2235, 1000.000000000000000 ) ;
#2738 = ORIENTED_EDGE ( 'NONE', *, *, #5564, .T. ) ;
#2739 = ORIENTED_EDGE ( 'NONE', *, *, #2868, .F. ) ;
#2740 = ORIENTED_EDGE ( 'NONE', *, *, #1473, .T. ) ;
#2741 = ADVANCED_FACE ( 'NONE', ( #5201 ), #6723, .F. ) ;
#2742 = PLANE ( 'NONE',  #500 ) ;
#2743 = ORIENTED_EDGE ( 'NONE', *, *, #706, .F. ) ;
#2744 = PRESENTATION_STYLE_ASSIGNMENT (( #2325 ) ) ;
#2745 = ORIENTED_EDGE ( 'NONE', *, *, #1540, .T. ) ;
#2746 = LINE ( 'NONE', #2097, #6042 ) ;
#2747 = ORIENTED_EDGE ( 'NONE', *, *, #5871, .F. ) ;
#2748 = ORIENTED_EDGE ( 'NONE', *, *, #105, .F. ) ;
#2749 = ADVANCED_FACE ( 'NONE', ( #2580 ), #5695, .T. ) ;
#2750 = EDGE_CURVE ( 'NONE', #2691, #1595, #5065, .T. ) ;
#2751 = CARTESIAN_POINT ( 'NONE',  ( -73.09999999999998010, -0.0009999999999992653654, -38.50000000000000711 ) ) ;
#2752 = ADVANCED_FACE ( 'NONE', ( #2553 ), #6752, .F. ) ;
#2753 = CARTESIAN_POINT ( 'NONE',  ( -71.09999999999978115, 9.199999999999999289, -15.00000000000000000 ) ) ;
#2754 = CARTESIAN_POINT ( 'NONE',  ( 71.09999999999998010, 13.19999999999998685, -1.000000000000042633 ) ) ;
#2755 = PLANE ( 'NONE',  #2949 ) ;
#2756 = ORIENTED_EDGE ( 'NONE', *, *, #1189, .F. ) ;
#2757 = DIRECTION ( 'NONE',  ( 1.226634733346693197E-15, 0.7071067811865503483, 0.7071067811865447972 ) ) ;
#2758 = CARTESIAN_POINT ( 'NONE',  ( -70.09999999999999432, -0.0009999999999992653654, 35.50000000000000711 ) ) ;
#2759 = LINE ( 'NONE', #1343, #6780 ) ;
#2760 = CARTESIAN_POINT ( 'NONE',  ( -73.09999999999998010, 3.800000000000001155, -38.50000000000000711 ) ) ;
#2761 = LINE ( 'NONE', #3833, #2388 ) ;
#2762 = ORIENTED_EDGE ( 'NONE', *, *, #5525, .F. ) ;
#2763 = AXIS2_PLACEMENT_3D ( 'NONE', #6629, #1906, #380 ) ;
#2764 = CARTESIAN_POINT ( 'NONE',  ( 37.00000000000015632, 9.199999999999999289, 1.283695372222841541E-13 ) ) ;
#2765 = EDGE_CURVE ( 'NONE', #783, #1884, #2029, .T. ) ;
#2766 = EDGE_LOOP ( 'NONE', ( #1843, #5639, #4318, #1394 ) ) ;
#2767 = DIRECTION ( 'NONE',  ( 0.000000000000000000, 0.000000000000000000, 1.000000000000000000 ) ) ;
#2768 = FACE_OUTER_BOUND ( 'NONE', #747, .T. ) ;
#2769 = ORIENTED_EDGE ( 'NONE', *, *, #4314, .F. ) ;
#2770 = VECTOR ( 'NONE', #5379, 1000.000000000000000 ) ;
#2771 = ORIENTED_EDGE ( 'NONE', *, *, #3819, .T. ) ;
#2772 = EDGE_LOOP ( 'NONE', ( #6574, #2145, #4425, #4215 ) ) ;
#2773 = LINE ( 'NONE', #4426, #5120 ) ;
#2774 = ORIENTED_EDGE ( 'NONE', *, *, #2353, .T. ) ;
#2775 = CARTESIAN_POINT ( 'NONE',  ( -54.99999999999999289, 3.800000000000001155, 36.49999999999958789 ) ) ;
#2776 = ORIENTED_EDGE ( 'NONE', *, *, #923, .T. ) ;
#2777 = CARTESIAN_POINT ( 'NONE',  ( -73.09999999999998010, 3.800000000000001155, -38.50000000000000711 ) ) ;
#2779 = EDGE_CURVE ( 'NONE', #5135, #6336, #1582, .T. ) ;
#2778 = EDGE_CURVE ( 'NONE', #3871, #3295, #4304, .T. ) ;
#2780 = ORIENTED_EDGE ( 'NONE', *, *, #5001, .T. ) ;
#2781 = VERTEX_POINT ( 'NONE', #2170 ) ;
#2782 = LINE ( 'NONE', #4870, #6654 ) ;
#2783 = CARTESIAN_POINT ( 'NONE',  ( -73.09999999999998010, 2.000000000000000000, -38.50000000000000711 ) ) ;
#2784 = DIRECTION ( 'NONE',  ( 0.000000000000000000, 1.000000000000000000, -0.000000000000000000 ) ) ;
#2785 = LINE ( 'NONE', #4914, #524 ) ;
#2786 = VERTEX_POINT ( 'NONE', #4275 ) ;
#2787 = CARTESIAN_POINT ( 'NONE',  ( 65.00000000000000000, 9.199999999999999289, 36.50000000000000711 ) ) ;
#2788 = LINE ( 'NONE', #5486, #2002 ) ;
#2789 = DIRECTION ( 'NONE',  ( -0.000000000000000000, -0.000000000000000000, 1.000000000000000000 ) ) ;
#2790 = CARTESIAN_POINT ( 'NONE',  ( 34.99999999999999289, 7.199999999999984190, -38.50000000000002132 ) ) ;
#2791 = LINE ( 'NONE', #1630, #2716 ) ;
#2792 = EDGE_CURVE ( 'NONE', #3616, #2439, #5890, .T. ) ;
#2793 = EDGE_CURVE ( 'NONE', #5847, #2452, #4235, .T. ) ;
#2794 = ORIENTED_EDGE ( 'NONE', *, *, #1719, .F. ) ;
#2795 = DIRECTION ( 'NONE',  ( -6.938893903907221278E-15, 0.000000000000000000, -1.000000000000000000 ) ) ;
#2796 = VERTEX_POINT ( 'NONE', #652 ) ;
#2797 = CARTESIAN_POINT ( 'NONE',  ( 6.999999999999978684, 2.000000000000000000, -38.50000000000000711 ) ) ;
#2798 = DIRECTION ( 'NONE',  ( 0.000000000000000000, 1.000000000000000000, 0.000000000000000000 ) ) ;
#2799 = VECTOR ( 'NONE', #1120, 1000.000000000000000 ) ;
#2800 = LINE ( 'NONE', #4015, #5004 ) ;
#2801 = ORIENTED_EDGE ( 'NONE', *, *, #5067, .F. ) ;
#2802 = VECTOR ( 'NONE', #1651, 1000.000000000000000 ) ;
#2803 = ORIENTED_EDGE ( 'NONE', *, *, #5964, .T. ) ;
#2804 = ORIENTED_EDGE ( 'NONE', *, *, #2970, .T. ) ;
#2805 = DIRECTION ( 'NONE',  ( 0.000000000000000000, 1.000000000000000000, 0.000000000000000000 ) ) ;
#2806 = CARTESIAN_POINT ( 'NONE',  ( -64.00000000000000000, 8.199999999999993960, 38.49999999999958789 ) ) ;
#2807 = AXIS2_PLACEMENT_3D ( 'NONE', #571, #3192, #5816 ) ;
#2808 = ORIENTED_EDGE ( 'NONE', *, *, #9, .T. ) ;
#2809 = VERTEX_POINT ( 'NONE', #4774 ) ;
#2810 = CARTESIAN_POINT ( 'NONE',  ( -73.09999999999998010, 3.800000000000001155, -38.50000000000000711 ) ) ;
#2811 = EDGE_CURVE ( 'NONE', #703, #6706, #2718, .T. ) ;
#2812 = VERTEX_POINT ( 'NONE', #5333 ) ;
#2813 = VECTOR ( 'NONE', #4445, 1000.000000000000000 ) ;
#2814 = EDGE_LOOP ( 'NONE', ( #84, #8, #1327, #6540 ) ) ;
#2815 = VECTOR ( 'NONE', #6070, 1000.000000000000000 ) ;
#2816 = PLANE ( 'NONE',  #1483 ) ;
#2817 = CARTESIAN_POINT ( 'NONE',  ( -65.00000000000000000, 3.800000000000001155, 38.50000000000000711 ) ) ;
#2818 = EDGE_CURVE ( 'NONE', #317, #3061, #5759, .T. ) ;
#2819 = LINE ( 'NONE', #2333, #3922 ) ;
#2820 = AXIS2_PLACEMENT_3D ( 'NONE', #5930, #6586, #265 ) ;
#2821 = VECTOR ( 'NONE', #2725, 1000.000000000000000 ) ;
#2822 = LINE ( 'NONE', #4439, #3159 ) ;
#2823 = ORIENTED_EDGE ( 'NONE', *, *, #4138, .T. ) ;
#2824 = AXIS2_PLACEMENT_3D ( 'NONE', #5555, #830, #2937 ) ;
#2825 = VECTOR ( 'NONE', #3017, 1000.000000000000000 ) ;
#2826 = LINE ( 'NONE', #2272, #976 ) ;
#2827 = PLANE ( 'NONE',  #3765 ) ;
#2828 = CARTESIAN_POINT ( 'NONE',  ( -73.09999999999998010, -0.0009999999999992653654, -38.50000000000000711 ) ) ;
#2830 = EDGE_CURVE ( 'NONE', #6375, #4868, #2102, .T. ) ;
#2829 = EDGE_CURVE ( 'NONE', #5854, #3154, #100, .T. ) ;
#2831 = CARTESIAN_POINT ( 'NONE',  ( 71.10000000000005116, 7.199999999999984190, 25.00000000000000000 ) ) ;
#2832 = CARTESIAN_POINT ( 'NONE',  ( -14.99999999999999645, 9.199999999999999289, 38.49999999999986500 ) ) ;
#2833 = EDGE_CURVE ( 'NONE', #357, #783, #1156, .T. ) ;
#2834 = AXIS2_PLACEMENT_3D ( 'NONE', #2302, #4407, #5482 ) ;
#2835 = ORIENTED_EDGE ( 'NONE', *, *, #6427, .F. ) ;
#2836 = DIRECTION ( 'NONE',  ( 0.000000000000000000, -1.000000000000000000, 0.000000000000000000 ) ) ;
#2837 = EDGE_CURVE ( 'NONE', #4117, #6275, #6788, .T. ) ;
#2838 = PLANE ( 'NONE',  #933 ) ;
#2839 = AXIS2_PLACEMENT_3D ( 'NONE', #4493, #2798, #4961 ) ;
#2840 = DIRECTION ( 'NONE',  ( -0.7071067811865505703, -0.7071067811865444641, 0.000000000000000000 ) ) ;
#2841 = CARTESIAN_POINT ( 'NONE',  ( 75.10271354001957889, 3.800000000000001155, -35.50000000000000711 ) ) ;
#2842 = LINE ( 'NONE', #5530, #2062 ) ;
#2843 = ORIENTED_EDGE ( 'NONE', *, *, #1681, .F. ) ;
#2844 = VECTOR ( 'NONE', #4990, 1000.000000000000000 ) ;
#2845 = EDGE_LOOP ( 'NONE', ( #2227, #2249, #5401, #3540, #1124, #6031 ) ) ;
#2846 = VERTEX_POINT ( 'NONE', #6281 ) ;
#2847 = DIRECTION ( 'NONE',  ( -0.7071067811865500152, 0.000000000000000000, 0.7071067811865451302 ) ) ;
#2848 = DIRECTION ( 'NONE',  ( 0.000000000000000000, 0.000000000000000000, 1.000000000000000000 ) ) ;
#2849 = AXIS2_PLACEMENT_3D ( 'NONE', #1163, #2757, #687 ) ;
#2850 = ORIENTED_EDGE ( 'NONE', *, *, #5541, .T. ) ;
#2851 = CARTESIAN_POINT ( 'NONE',  ( 69.89999999999999147, 0.000000000000000000, -35.29999999999999716 ) ) ;
#2852 = ORIENTED_EDGE ( 'NONE', *, *, #2204, .T. ) ;
#2853 = CARTESIAN_POINT ( 'NONE',  ( 73.09999999999998010, 9.199999999999999289, 5.000000000000004441 ) ) ;
#2854 = VERTEX_POINT ( 'NONE', #3202 ) ;
#2855 = ORIENTED_EDGE ( 'NONE', *, *, #5364, .T. ) ;
#2856 = LINE ( 'NONE', #3269, #5775 ) ;
#2857 = EDGE_CURVE ( 'NONE', #2881, #497, #63, .T. ) ;
#2858 = CARTESIAN_POINT ( 'NONE',  ( 15.00000000000000533, 2.000000000000000000, -36.50000000000002132 ) ) ;
#2859 = CARTESIAN_POINT ( 'NONE',  ( -73.09999999999998010, 3.800000000000001155, -27.00000000000022737 ) ) ;
#2860 = LINE ( 'NONE', #4949, #739 ) ;
#2861 = ORIENTED_EDGE ( 'NONE', *, *, #5075, .T. ) ;
#2862 = CARTESIAN_POINT ( 'NONE',  ( -73.09999999999998010, 3.800000000000001155, -5.000000000000004441 ) ) ;
#2863 = DIRECTION ( 'NONE',  ( 0.000000000000000000, 1.000000000000000000, -0.000000000000000000 ) ) ;
#2864 = DIRECTION ( 'NONE',  ( 0.000000000000000000, -1.000000000000000000, 0.000000000000000000 ) ) ;
#2865 = FACE_OUTER_BOUND ( 'NONE', #5054, .T. ) ;
#2866 = CARTESIAN_POINT ( 'NONE',  ( 37.00000000000003553, 9.199999999999999289, -36.50000000000003553 ) ) ;
#2867 = ORIENTED_EDGE ( 'NONE', *, *, #2449, .F. ) ;
#2869 = ADVANCED_FACE ( 'NONE', ( #1061 ), #4205, .T. ) ;
#2868 = EDGE_CURVE ( 'NONE', #5991, #2463, #2202, .T. ) ;
#2870 = CARTESIAN_POINT ( 'NONE',  ( -77.09999999999998010, 14.00000000000000000, -42.50000000000000000 ) ) ;
#2871 = DIRECTION ( 'NONE',  ( 0.000000000000000000, -0.000000000000000000, -1.000000000000000000 ) ) ;
#2872 = PLANE ( 'NONE',  #3983 ) ;
#2873 = LINE ( 'NONE', #6460, #3063 ) ;
#2874 = CARTESIAN_POINT ( 'NONE',  ( 46.99999999999995737, -0.0009999999999992653654, 38.50000000000000711 ) ) ;
#2875 = ORIENTED_EDGE ( 'NONE', *, *, #4298, .T. ) ;
#2876 = EDGE_CURVE ( 'NONE', #2854, #4217, #3169, .T. ) ;
#2877 = ORIENTED_EDGE ( 'NONE', *, *, #2750, .T. ) ;
#2878 = EDGE_LOOP ( 'NONE', ( #342, #4823, #124, #1084, #465, #115, #4207, #1957 ) ) ;
#2879 = DIRECTION ( 'NONE',  ( 0.000000000000000000, -1.000000000000000000, 0.000000000000000000 ) ) ;
#2880 = CARTESIAN_POINT ( 'NONE',  ( -73.09999999999999432, 3.800000000000001155, 38.50000000000000711 ) ) ;
#2881 = VERTEX_POINT ( 'NONE', #3689 ) ;
#2882 = FACE_OUTER_BOUND ( 'NONE', #4932, .T. ) ;
#2883 = ORIENTED_EDGE ( 'NONE', *, *, #678, .T. ) ;
#2884 = CARTESIAN_POINT ( 'NONE',  ( 45.00000000000000711, 7.199999999999984190, -36.50000000000002132 ) ) ;
#2885 = EDGE_CURVE ( 'NONE', #6095, #2151, #6822, .T. ) ;
#2886 = VERTEX_POINT ( 'NONE', #4813 ) ;
#2887 = EDGE_LOOP ( 'NONE', ( #5289, #6655, #286, #5100 ) ) ;
#2888 = EDGE_LOOP ( 'NONE', ( #967, #1780, #4440, #6769 ) ) ;
#2889 = CARTESIAN_POINT ( 'NONE',  ( -77.09999999999998010, 2.000000000000015543, 40.49999999999995737 ) ) ;
#2890 = CARTESIAN_POINT ( 'NONE',  ( -75.04974746830579591, 3.800000000000001155, -36.22604597891263012 ) ) ;
#2891 = LINE ( 'NONE', #4979, #5795 ) ;
#2892 = CARTESIAN_POINT ( 'NONE',  ( 34.99999999999999289, 9.199999999999999289, 38.50000000000000711 ) ) ;
#2893 = EDGE_CURVE ( 'NONE', #6620, #765, #551, .T. ) ;
#2894 = VERTEX_POINT ( 'NONE', #1122 ) ;
#2895 = DIRECTION ( 'NONE',  ( -0.7071067811865505703, 0.000000000000000000, 0.7071067811865444641 ) ) ;
#2896 = DIRECTION ( 'NONE',  ( 1.000000000000000000, 0.000000000000000000, -1.387778780781445676E-15 ) ) ;
#2897 = LINE ( 'NONE', #6592, #946 ) ;
#2898 = DIRECTION ( 'NONE',  ( 0.000000000000000000, -0.000000000000000000, 1.000000000000000000 ) ) ;
#2899 = EDGE_CURVE ( 'NONE', #5569, #744, #1682, .T. ) ;
#2900 = CARTESIAN_POINT ( 'NONE',  ( -4.999999999999995559, 9.199999999999999289, -36.50000000000000711 ) ) ;
#2901 = ORIENTED_EDGE ( 'NONE', *, *, #4236, .F. ) ;
#2902 = DIRECTION ( 'NONE',  ( -3.469446951953610639E-15, 0.000000000000000000, 1.000000000000000000 ) ) ;
#2903 = CARTESIAN_POINT ( 'NONE',  ( -71.09999999999978115, 9.199999999999999289, -25.00000000000000000 ) ) ;
#2904 = CARTESIAN_POINT ( 'NONE',  ( -70.09999999999998010, 3.800000000000001155, -40.50271354001955615 ) ) ;
#2905 = CARTESIAN_POINT ( 'NONE',  ( 5.000000000000004441, 7.199999999999984190, -36.50000000000002132 ) ) ;
#2906 = FACE_OUTER_BOUND ( 'NONE', #193, .T. ) ;
#2908 = EDGE_CURVE ( 'NONE', #6605, #6221, #1786, .T. ) ;
#2907 = EDGE_CURVE ( 'NONE', #1507, #5975, #2231, .T. ) ;
#2909 = VERTEX_POINT ( 'NONE', #2859 ) ;
#2910 = EDGE_LOOP ( 'NONE', ( #4904, #2771, #1018, #3740, #1035, #2225 ) ) ;
#2911 = ORIENTED_EDGE ( 'NONE', *, *, #3267, .T. ) ;
#2912 = FACE_OUTER_BOUND ( 'NONE', #881, .T. ) ;
#2913 = LINE ( 'NONE', #330, #6022 ) ;
#2914 = EDGE_CURVE ( 'NONE', #4091, #3019, #3891, .T. ) ;
#2915 = ORIENTED_EDGE ( 'NONE', *, *, #3308, .T. ) ;
#2916 = CARTESIAN_POINT ( 'NONE',  ( -77.09999999999998010, 14.00000000000000000, 42.50000000000000000 ) ) ;
#2917 = ORIENTED_EDGE ( 'NONE', *, *, #122, .F. ) ;
#2918 = VECTOR ( 'NONE', #5994, 1000.000000000000000 ) ;
#2919 = PLANE ( 'NONE',  #1415 ) ;
#2920 = VERTEX_POINT ( 'NONE', #2301 ) ;
#2921 = ORIENTED_EDGE ( 'NONE', *, *, #1489, .T. ) ;
#2922 = ORIENTED_EDGE ( 'NONE', *, *, #3018, .T. ) ;
#2923 = DIRECTION ( 'NONE',  ( -5.204170427930416550E-15, 0.000000000000000000, 1.000000000000000000 ) ) ;
#2924 = VECTOR ( 'NONE', #2616, 1000.000000000000000 ) ;
#2925 = DIRECTION ( 'NONE',  ( -0.000000000000000000, 0.000000000000000000, 1.000000000000000000 ) ) ;
#2926 = EDGE_CURVE ( 'NONE', #1918, #6565, #2819, .T. ) ;
#2927 = CARTESIAN_POINT ( 'NONE',  ( 1.000000000000046851, 13.19999999999998685, 36.50000000000000711 ) ) ;
#2928 = PLANE ( 'NONE',  #4265 ) ;
#2929 = VECTOR ( 'NONE', #6159, 1000.000000000000114 ) ;
#2930 = AXIS2_PLACEMENT_3D ( 'NONE', #14, #3571, #1009 ) ;
#2931 = EDGE_LOOP ( 'NONE', ( #3321, #4478, #1135, #4661 ) ) ;
#2932 = CARTESIAN_POINT ( 'NONE',  ( -32.99999999999972999, -0.0009999999999992653654, 38.50000000000000711 ) ) ;
#2933 = VECTOR ( 'NONE', #5302, 1000.000000000000000 ) ;
#2934 = DIRECTION ( 'NONE',  ( -0.7071067811865416886, 0.000000000000000000, -0.7071067811865533459 ) ) ;
#2935 = AXIS2_PLACEMENT_3D ( 'NONE', #2828, #4879, #5487 ) ;
#2936 = CARTESIAN_POINT ( 'NONE',  ( -71.10000000000005116, 9.199999999999999289, 22.99999999999996803 ) ) ;
#2937 = DIRECTION ( 'NONE',  ( 0.000000000000000000, 0.000000000000000000, 1.000000000000000000 ) ) ;
#2938 = VECTOR ( 'NONE', #1251, 1000.000000000000000 ) ;
#2939 = ORIENTED_EDGE ( 'NONE', *, *, #2778, .F. ) ;
#2940 = VECTOR ( 'NONE', #5114, 1000.000000000000000 ) ;
#2941 = LINE ( 'NONE', #2383, #6161 ) ;
#2942 = CARTESIAN_POINT ( 'NONE',  ( -5.000000000000004441, 9.199999999999999289, -38.50000000000000711 ) ) ;
#2943 = CARTESIAN_POINT ( 'NONE',  ( 45.00000000000000711, 7.199999999999984190, -38.50000000000002132 ) ) ;
#2944 = CARTESIAN_POINT ( 'NONE',  ( -73.09999999999998010, 3.800000000000001155, -38.50000000000000711 ) ) ;
#2945 = AXIS2_PLACEMENT_3D ( 'NONE', #7, #1560, #4536 ) ;
#2946 = VECTOR ( 'NONE', #1320, 1000.000000000000114 ) ;
#2947 = EDGE_CURVE ( 'NONE', #3565, #6307, #3859, .T. ) ;
#2948 = EDGE_LOOP ( 'NONE', ( #1664, #4096, #249, #3258 ) ) ;
#2949 = AXIS2_PLACEMENT_3D ( 'NONE', #2621, #4845, #4715 ) ;
#2950 = ORIENTED_EDGE ( 'NONE', *, *, #4768, .F. ) ;
#2951 = CARTESIAN_POINT ( 'NONE',  ( 14.99999999999999645, 9.199999999999999289, -38.50000000000002132 ) ) ;
#2952 = ORIENTED_EDGE ( 'NONE', *, *, #4178, .T. ) ;
#2953 = LINE ( 'NONE', #1880, #4355 ) ;
#2954 = DIRECTION ( 'NONE',  ( -0.000000000000000000, 0.000000000000000000, 1.000000000000000000 ) ) ;
#2955 = EDGE_LOOP ( 'NONE', ( #2982, #5967, #1333, #3884 ) ) ;
#2956 = DIRECTION ( 'NONE',  ( -0.000000000000000000, 0.7071067811865453523, 0.7071067811865496822 ) ) ;
#2957 = CIRCLE ( 'NONE', #1963, 4.999999999999969802 ) ;
#2958 = ORIENTED_EDGE ( 'NONE', *, *, #238, .T. ) ;
#2959 = CARTESIAN_POINT ( 'NONE',  ( 55.00000000000000000, 3.800000000000001155, 36.50000000000000711 ) ) ;
#2960 = ORIENTED_EDGE ( 'NONE', *, *, #3486, .F. ) ;
#2962 = ADVANCED_FACE ( 'NONE', ( #5996 ), #3928, .T. ) ;
#2961 = EDGE_CURVE ( 'NONE', #3839, #2459, #4438, .T. ) ;
#2963 = ORIENTED_EDGE ( 'NONE', *, *, #6418, .T. ) ;
#2964 = VECTOR ( 'NONE', #241, 1000.000000000000000 ) ;
#2965 = DIRECTION ( 'NONE',  ( 1.672022627447524747E-16, 0.000000000000000000, -1.000000000000000000 ) ) ;
#2966 = LINE ( 'NONE', #5122, #5239 ) ;
#2967 = PLANE ( 'NONE',  #3275 ) ;
#2968 = VECTOR ( 'NONE', #4770, 1000.000000000000000 ) ;
#2969 = ORIENTED_EDGE ( 'NONE', *, *, #2818, .F. ) ;
#2970 = EDGE_CURVE ( 'NONE', #5544, #6270, #2891, .T. ) ;
#2971 = DIRECTION ( 'NONE',  ( 0.000000000000000000, 1.000000000000000000, 0.000000000000000000 ) ) ;
#2972 = DIRECTION ( 'NONE',  ( -0.7071067811865500152, 0.7071067811865451302, 0.000000000000000000 ) ) ;
#2973 = DIRECTION ( 'NONE',  ( 0.000000000000000000, 0.000000000000000000, -1.000000000000000000 ) ) ;
#2974 = DIRECTION ( 'NONE',  ( 0.000000000000000000, -1.000000000000000000, 0.000000000000000000 ) ) ;
#2975 = EDGE_CURVE ( 'NONE', #258, #597, #1262, .T. ) ;
#2976 = ADVANCED_FACE ( 'NONE', ( #6545 ), #6037, .F. ) ;
#2977 = EDGE_LOOP ( 'NONE', ( #1355, #427, #102, #1988 ) ) ;
#2978 = CARTESIAN_POINT ( 'NONE',  ( 37.00000000000003553, 9.199999999999999289, 36.50000000000000711 ) ) ;
#2979 = CARTESIAN_POINT ( 'NONE',  ( 73.09999999999978115, 9.199999999999999289, -17.00000000000002842 ) ) ;
#2980 = LINE ( 'NONE', #5071, #172 ) ;
#2981 = DIRECTION ( 'NONE',  ( 0.000000000000000000, -1.000000000000000000, 0.000000000000000000 ) ) ;
#2982 = ORIENTED_EDGE ( 'NONE', *, *, #2239, .F. ) ;
#2983 = EDGE_LOOP ( 'NONE', ( #95, #4726, #1672, #4326 ) ) ;
#2984 = LINE ( 'NONE', #4560, #3172 ) ;
#2985 = VERTEX_POINT ( 'NONE', #1303 ) ;
#2986 = CARTESIAN_POINT ( 'NONE',  ( 5.000000000000004441, 9.199999999999999289, 36.50000000000000711 ) ) ;
#2987 = DIRECTION ( 'NONE',  ( 0.000000000000000000, -1.000000000000000000, 0.000000000000000000 ) ) ;
#2988 = ORIENTED_EDGE ( 'NONE', *, *, #2426, .F. ) ;
#2989 = LINE ( 'NONE', #2469, #179 ) ;
#2990 = ORIENTED_EDGE ( 'NONE', *, *, #4436, .T. ) ;
#2991 = VECTOR ( 'NONE', #2491, 1000.000000000000000 ) ;
#2992 = DIRECTION ( 'NONE',  ( 1.000000000000000000, 0.000000000000000000, -0.000000000000000000 ) ) ;
#2993 = ORIENTED_EDGE ( 'NONE', *, *, #1226, .F. ) ;
#2994 = ORIENTED_EDGE ( 'NONE', *, *, #3421, .T. ) ;
#2995 = CARTESIAN_POINT ( 'NONE',  ( -71.09999999999998010, 9.199999999999999289, -2.999999999999970690 ) ) ;
#2996 = FACE_OUTER_BOUND ( 'NONE', #68, .T. ) ;
#2998 = EDGE_CURVE ( 'NONE', #5975, #2909, #1197, .T. ) ;
#2997 = ADVANCED_FACE ( 'NONE', ( #713 ), #5440, .F. ) ;
#2999 = PLANE ( 'NONE',  #4699 ) ;
#3000 = VERTEX_POINT ( 'NONE', #3417 ) ;
#3001 = DIRECTION ( 'NONE',  ( 1.000000000000000000, 0.000000000000000000, 0.000000000000000000 ) ) ;
#3002 = DIRECTION ( 'NONE',  ( 1.000000000000000000, 0.000000000000000000, -2.168404344971006501E-15 ) ) ;
#3003 = DIRECTION ( 'NONE',  ( 1.000000000000000000, 0.000000000000000000, -0.000000000000000000 ) ) ;
#3004 = DIRECTION ( 'NONE',  ( -1.000000000000000000, 0.000000000000000000, -1.734723475976805319E-15 ) ) ;
#3005 = ORIENTED_EDGE ( 'NONE', *, *, #5903, .T. ) ;
#3006 = CARTESIAN_POINT ( 'NONE',  ( -71.09999999999998010, 3.800000000000001155, -5.000000000000000000 ) ) ;
#3007 = CARTESIAN_POINT ( 'NONE',  ( -23.99999999999999645, 8.199999999999985079, -38.49999999999986500 ) ) ;
#3008 = CARTESIAN_POINT ( 'NONE',  ( -24.99999999999999289, 9.199999999999999289, -36.49999999999986500 ) ) ;
#3009 = ADVANCED_FACE ( 'NONE', ( #5406 ), #4372, .T. ) ;
#3010 = DIRECTION ( 'NONE',  ( 0.000000000000000000, -1.000000000000000000, 0.000000000000000000 ) ) ;
#3011 = EDGE_CURVE ( 'NONE', #3304, #3569, #6482, .T. ) ;
#3012 = ORIENTED_EDGE ( 'NONE', *, *, #460, .T. ) ;
#3013 = VERTEX_POINT ( 'NONE', #198 ) ;
#3014 = DIRECTION ( 'NONE',  ( 1.000000000000000000, 0.000000000000000000, -0.000000000000000000 ) ) ;
#3015 = EDGE_LOOP ( 'NONE', ( #4829, #359, #4316, #6338 ) ) ;
#3016 = DIRECTION ( 'NONE',  ( 0.000000000000000000, -1.000000000000000000, 0.000000000000000000 ) ) ;
#3017 = DIRECTION ( 'NONE',  ( 0.000000000000000000, 0.000000000000000000, 1.000000000000000000 ) ) ;
#3018 = EDGE_CURVE ( 'NONE', #3080, #6620, #1754, .T. ) ;
#3019 = VERTEX_POINT ( 'NONE', #788 ) ;
#3020 = EDGE_LOOP ( 'NONE', ( #3419, #3091, #1469, #2861 ) ) ;
#3021 = ORIENTED_EDGE ( 'NONE', *, *, #942, .T. ) ;
#3022 = ORIENTED_EDGE ( 'NONE', *, *, #1532, .F. ) ;
#3023 = CARTESIAN_POINT ( 'NONE',  ( 70.09999999999999432, 0.000000000000000000, -35.50000000000000711 ) ) ;
#3024 = AXIS2_PLACEMENT_3D ( 'NONE', #3415, #4118, #981 ) ;
#3025 = CARTESIAN_POINT ( 'NONE',  ( -52.99999999999961631, 2.000000000000000000, 38.50000000000000711 ) ) ;
#3026 = EDGE_CURVE ( 'NONE', #1571, #181, #3965, .T. ) ;
#3027 = CARTESIAN_POINT ( 'NONE',  ( -71.09999999999978115, 9.199999999999999289, -15.00000000000000000 ) ) ;
#3028 = ORIENTED_EDGE ( 'NONE', *, *, #5620, .F. ) ;
#3029 = VECTOR ( 'NONE', #211, 1000.000000000000000 ) ;
#3030 = CARTESIAN_POINT ( 'NONE',  ( -73.09999999999999432, 2.000000000000000000, 35.50000000000000711 ) ) ;
#3031 = DIRECTION ( 'NONE',  ( 0.7071067811865451302, 0.7071067811865500152, 0.000000000000000000 ) ) ;
#3032 = DIRECTION ( 'NONE',  ( 1.000000000000000000, 0.000000000000000000, -0.000000000000000000 ) ) ;
#3033 = DIRECTION ( 'NONE',  ( -0.7071067811865549002, 0.000000000000000000, 0.7071067811865401342 ) ) ;
#3034 = VECTOR ( 'NONE', #2021, 1000.000000000000000 ) ;
#3035 = PLANE ( 'NONE',  #3504 ) ;
#3036 = ORIENTED_EDGE ( 'NONE', *, *, #901, .F. ) ;
#3037 = AXIS2_PLACEMENT_3D ( 'NONE', #5835, #1727, #585 ) ;
#3038 = ADVANCED_FACE ( 'NONE', ( #3453 ), #5548, .T. ) ;
#3039 = VECTOR ( 'NONE', #1388, 1000.000000000000000 ) ;
#3040 = PLANE ( 'NONE',  #3730 ) ;
#3041 = FACE_OUTER_BOUND ( 'NONE', #5384, .T. ) ;
#3042 = CARTESIAN_POINT ( 'NONE',  ( 15.00000000000000533, 9.199999999999999289, -36.50000000000002132 ) ) ;
#3043 = DIRECTION ( 'NONE',  ( 1.672022627447524747E-16, 0.000000000000000000, 1.000000000000000000 ) ) ;
#3044 = VECTOR ( 'NONE', #5723, 1000.000000000000000 ) ;
#3045 = ORIENTED_EDGE ( 'NONE', *, *, #5609, .T. ) ;
#3046 = AXIS2_PLACEMENT_3D ( 'NONE', #5571, #2323, #2954 ) ;
#3047 = ORIENTED_EDGE ( 'NONE', *, *, #2868, .T. ) ;
#3048 = EDGE_CURVE ( 'NONE', #1648, #1113, #2022, .T. ) ;
#3049 = ORIENTED_EDGE ( 'NONE', *, *, #5238, .T. ) ;
#3050 = CARTESIAN_POINT ( 'NONE',  ( -5.000000000000004441, 9.199999999999999289, -38.50000000000000711 ) ) ;
#3051 = ORIENTED_EDGE ( 'NONE', *, *, #421, .T. ) ;
#3052 = VECTOR ( 'NONE', #3992, 1000.000000000000000 ) ;
#3053 = DIRECTION ( 'NONE',  ( -1.000000000000000000, 0.000000000000000000, -0.000000000000000000 ) ) ;
#3054 = VECTOR ( 'NONE', #3324, 1000.000000000000000 ) ;
#3055 = CARTESIAN_POINT ( 'NONE',  ( -73.09999999999999432, 3.800000000000001155, 38.50000000000000711 ) ) ;
#3056 = PLANE ( 'NONE',  #5910 ) ;
#3057 = ORIENTED_EDGE ( 'NONE', *, *, #5625, .T. ) ;
#3058 = VERTEX_POINT ( 'NONE', #3025 ) ;
#3059 = AXIS2_PLACEMENT_3D ( 'NONE', #2161, #6276, #5296 ) ;
#3060 = EDGE_LOOP ( 'NONE', ( #4124, #2485, #2019, #694 ) ) ;
#3061 = VERTEX_POINT ( 'NONE', #1964 ) ;
#3062 = DIRECTION ( 'NONE',  ( -1.000000000000000000, 0.000000000000000000, -1.734723475976805319E-15 ) ) ;
#3063 = VECTOR ( 'NONE', #5979, 1000.000000000000000 ) ;
#3064 = DIRECTION ( 'NONE',  ( 0.000000000000000000, -1.000000000000000000, 0.000000000000000000 ) ) ;
#3065 = LINE ( 'NONE', #5161, #3826 ) ;
#3066 = VECTOR ( 'NONE', #2084, 1000.000000000000000 ) ;
#3067 = EDGE_LOOP ( 'NONE', ( #6536, #5992, #139, #3413, #6083, #365 ) ) ;
#3068 = CARTESIAN_POINT ( 'NONE',  ( -70.09999999999999432, 3.800000000000001155, 40.44974746830580159 ) ) ;
#3069 = DIRECTION ( 'NONE',  ( 0.000000000000000000, -1.000000000000000000, 0.000000000000000000 ) ) ;
#3070 = DIRECTION ( 'NONE',  ( 0.000000000000000000, -0.000000000000000000, 1.000000000000000000 ) ) ;
#3071 = CARTESIAN_POINT ( 'NONE',  ( -73.09999999999998010, 3.800000000000001155, -38.50000000000000711 ) ) ;
#3072 = CARTESIAN_POINT ( 'NONE',  ( -77.09999999999998010, 14.00000000000000000, -35.50000000000000711 ) ) ;
#3073 = AXIS2_PLACEMENT_3D ( 'NONE', #4577, #269, #921 ) ;
#3074 = DIRECTION ( 'NONE',  ( -0.7071067811865539010, 0.000000000000000000, 0.7071067811865411334 ) ) ;
#3075 = ORIENTED_EDGE ( 'NONE', *, *, #2448, .F. ) ;
#3076 = LINE ( 'NONE', #5204, #5936 ) ;
#3077 = DIRECTION ( 'NONE',  ( 0.7071067811865501263, 0.7071067811865449082, 0.000000000000000000 ) ) ;
#3078 = CARTESIAN_POINT ( 'NONE',  ( 75.04974746830581012, 14.00000000000000000, 35.50000000000000711 ) ) ;
#3079 = LINE ( 'NONE', #4148, #2169 ) ;
#3080 = VERTEX_POINT ( 'NONE', #2513 ) ;
#3082 = EDGE_CURVE ( 'NONE', #3249, #5392, #1442, .T. ) ;
#3081 = EDGE_CURVE ( 'NONE', #977, #2223, #3523, .T. ) ;
#3083 = VERTEX_POINT ( 'NONE', #1471 ) ;
#3084 = PLANE ( 'NONE',  #5260 ) ;
#3085 = ORIENTED_EDGE ( 'NONE', *, *, #953, .F. ) ;
#3086 = CARTESIAN_POINT ( 'NONE',  ( 25.00000000000000355, 9.199999999999999289, -36.50000000000002132 ) ) ;
#3087 = CARTESIAN_POINT ( 'NONE',  ( -73.09999999999999432, 2.000000000000000000, 38.50000000000000711 ) ) ;
#3088 = DIRECTION ( 'NONE',  ( -0.7071067811865444641, 0.000000000000000000, -0.7071067811865505703 ) ) ;
#3089 = ORIENTED_EDGE ( 'NONE', *, *, #1438, .T. ) ;
#3090 = EDGE_LOOP ( 'NONE', ( #2762, #886, #4835, #959 ) ) ;
#3091 = ORIENTED_EDGE ( 'NONE', *, *, #3790, .T. ) ;
#3092 = LINE ( 'NONE', #4702, #2260 ) ;
#3093 = CARTESIAN_POINT ( 'NONE',  ( -70.09999999999998010, 2.000000000000000000, -38.50000000000000711 ) ) ;
#3094 = EDGE_CURVE ( 'NONE', #2126, #1781, #4638, .T. ) ;
#3095 = DIRECTION ( 'NONE',  ( 6.938893903907221278E-15, 0.000000000000000000, -1.000000000000000000 ) ) ;
#3096 = ORIENTED_EDGE ( 'NONE', *, *, #1142, .F. ) ;
#3097 = CARTESIAN_POINT ( 'NONE',  ( 33.00000000000001421, 3.800000000000001155, -38.50000000000000711 ) ) ;
#3098 = DIRECTION ( 'NONE',  ( 4.336808689942013003E-15, 0.000000000000000000, 1.000000000000000000 ) ) ;
#3099 = CARTESIAN_POINT ( 'NONE',  ( 25.00000000000000355, 9.199999999999999289, 36.50000000000000711 ) ) ;
#3100 = DIRECTION ( 'NONE',  ( 0.000000000000000000, 0.000000000000000000, 1.000000000000000000 ) ) ;
#3101 = VECTOR ( 'NONE', #2655, 1000.000000000000000 ) ;
#3102 = PLANE ( 'NONE',  #6466 ) ;
#3103 = ORIENTED_EDGE ( 'NONE', *, *, #557, .T. ) ;
#3104 = CARTESIAN_POINT ( 'NONE',  ( -73.09999999999998010, -0.0009999999999992653654, -27.00000000000022382 ) ) ;
#3105 = DIRECTION ( 'NONE',  ( 0.000000000000000000, 0.000000000000000000, -1.000000000000000000 ) ) ;
#3106 = FACE_OUTER_BOUND ( 'NONE', #992, .T. ) ;
#3107 = DIRECTION ( 'NONE',  ( -1.000000000000000000, 0.000000000000000000, -0.000000000000000000 ) ) ;
#3108 = CARTESIAN_POINT ( 'NONE',  ( -22.99999999999996447, 9.199999999999999289, 36.49999999999986500 ) ) ;
#3109 = EDGE_LOOP ( 'NONE', ( #6464, #5227, #6093, #1913 ) ) ;
#3110 = PLANE ( 'NONE',  #4496 ) ;
#3111 = ORIENTED_EDGE ( 'NONE', *, *, #5287, .F. ) ;
#3112 = DIRECTION ( 'NONE',  ( 0.000000000000000000, -1.000000000000000000, 0.000000000000000000 ) ) ;
#3114 = EDGE_CURVE ( 'NONE', #2556, #4248, #6142, .T. ) ;
#3113 = EDGE_CURVE ( 'NONE', #2405, #4498, #5623, .T. ) ;
#3115 = CARTESIAN_POINT ( 'NONE',  ( 0.000000000000000000, 0.000000000000000000, -40.49999999999997158 ) ) ;
#3116 = DIRECTION ( 'NONE',  ( 0.000000000000000000, -0.000000000000000000, -1.000000000000000000 ) ) ;
#3117 = ORIENTED_EDGE ( 'NONE', *, *, #6264, .T. ) ;
#3118 = VERTEX_POINT ( 'NONE', #5683 ) ;
#3119 = ORIENTED_EDGE ( 'NONE', *, *, #1985, .F. ) ;
#3121 = ADVANCED_FACE ( 'NONE', ( #2996 ), #5091, .F. ) ;
#3120 = EDGE_CURVE ( 'NONE', #3061, #41, #2966, .T. ) ;
#3122 = CARTESIAN_POINT ( 'NONE',  ( -7.000000000000033751, 2.000000000000000000, 38.50000000000000711 ) ) ;
#3123 = LINE ( 'NONE', #5818, #949 ) ;
#3124 = ORIENTED_EDGE ( 'NONE', *, *, #1274, .F. ) ;
#3125 = DIRECTION ( 'NONE',  ( -0.000000000000000000, 0.000000000000000000, 1.000000000000000000 ) ) ;
#3126 = ORIENTED_EDGE ( 'NONE', *, *, #506, .F. ) ;
#3127 = EDGE_CURVE ( 'NONE', #3196, #1570, #1372, .T. ) ;
#3128 = LINE ( 'NONE', #442, #2140 ) ;
#3129 = CARTESIAN_POINT ( 'NONE',  ( -42.99999999999997868, 9.199999999999999289, -36.49999999999972999 ) ) ;
#3130 = CARTESIAN_POINT ( 'NONE',  ( 5.000000000000004441, 3.800000000000001155, 38.50000000000000711 ) ) ;
#3131 = CARTESIAN_POINT ( 'NONE',  ( -71.09999999999978115, 3.800000000000001155, -15.00000000000000000 ) ) ;
#3132 = FACE_OUTER_BOUND ( 'NONE', #4515, .T. ) ;
#3133 = VECTOR ( 'NONE', #1108, 1000.000000000000000 ) ;
#3134 = ORIENTED_EDGE ( 'NONE', *, *, #467, .F. ) ;
#3135 = CARTESIAN_POINT ( 'NONE',  ( 35.00000000000000000, 2.000000000000000000, -36.50000000000002132 ) ) ;
#3136 = EDGE_CURVE ( 'NONE', #3801, #3445, #1509, .T. ) ;
#3137 = CARTESIAN_POINT ( 'NONE',  ( -37.00000000000002842, 9.199999999999999289, -38.49999999999972999 ) ) ;
#3138 = CARTESIAN_POINT ( 'NONE',  ( 5.000000000000004441, 3.800000000000001155, -38.50000000000002132 ) ) ;
#3139 = VECTOR ( 'NONE', #3062, 1000.000000000000000 ) ;
#3140 = DIRECTION ( 'NONE',  ( 0.7071067811865524577, 0.000000000000000000, -0.7071067811865426878 ) ) ;
#3141 = FACE_OUTER_BOUND ( 'NONE', #6171, .T. ) ;
#3142 = VECTOR ( 'NONE', #3831, 1000.000000000000000 ) ;
#3143 = EDGE_LOOP ( 'NONE', ( #2708, #386, #2259, #778, #1585, #3028, #738, #2277, #4330, #1975, #5119, #1684, #4188, #3414, #6116, #2425, #5983, #2564, #1822, #5465, #5805, #4257, #4885, #6043, #3704, #3967, #4382, #6538, #808, #4470, #1183, #5883, #6644, #2855, #3847, #1496, #5739, #366, #4731, #5185, #878, #310, #58, #3956, #1182, #2531, #1276, #5539, #6732, #4266, #1222, #6298, #1634, #4916, #6614, #5877, #2188, #6712, #3991, #5360, #907, #616, #2917, #5646, #5679, #4652, #2739, #4170, #1215, #3514, #5582, #1614, #935, #5355, #5395, #2988, #3665, #5815, #6433, #267, #6648, #4184, #3124, #6027, #4855, #5688, #2748, #1676, #2969, #3299, #6058, #2952, #6770, #634, #2576, #6125, #6414, #3701, #1948, #4162, #987, #6711, #1878, #6228, #435, #950, #1739, #663, #4865, #3509, #780, #1853, #2092, #3498, #6494, #5885 ) ) ;
#3144 = VECTOR ( 'NONE', #1049, 1000.000000000000114 ) ;
#3145 = DIRECTION ( 'NONE',  ( 0.000000000000000000, -1.000000000000000000, 0.000000000000000000 ) ) ;
#3146 = EDGE_LOOP ( 'NONE', ( #5720, #3952, #6768, #6434, #2228, #4057, #1936, #1220 ) ) ;
#3147 = DIRECTION ( 'NONE',  ( -0.000000000000000000, 0.000000000000000000, 1.000000000000000000 ) ) ;
#3148 = FACE_OUTER_BOUND ( 'NONE', #2279, .T. ) ;
#3149 = LINE ( 'NONE', #6426, #1709 ) ;
#3150 = VECTOR ( 'NONE', #4765, 1000.000000000000000 ) ;
#3151 = VECTOR ( 'NONE', #4181, 1000.000000000000000 ) ;
#3152 = ORIENTED_EDGE ( 'NONE', *, *, #3290, .F. ) ;
#3153 = VECTOR ( 'NONE', #885, 1000.000000000000000 ) ;
#3154 = VERTEX_POINT ( 'NONE', #5160 ) ;
#3155 = VECTOR ( 'NONE', #4158, 1000.000000000000000 ) ;
#3156 = ORIENTED_EDGE ( 'NONE', *, *, #3291, .T. ) ;
#3157 = DIRECTION ( 'NONE',  ( 1.000000000000000000, 0.000000000000000000, 0.000000000000000000 ) ) ;
#3158 = CARTESIAN_POINT ( 'NONE',  ( -70.09999999999998010, 3.800000000000001155, -35.50000000000000711 ) ) ;
#3159 = VECTOR ( 'NONE', #199, 1000.000000000000000 ) ;
#3160 = ORIENTED_EDGE ( 'NONE', *, *, #3428, .T. ) ;
#3161 = DIRECTION ( 'NONE',  ( -0.000000000000000000, 1.000000000000000000, -0.000000000000000000 ) ) ;
#3163 = ADVANCED_FACE ( 'NONE', ( #6175 ), #438, .T. ) ;
#3162 = EDGE_CURVE ( 'NONE', #3439, #3771, #6682, .T. ) ;
#3164 = ORIENTED_EDGE ( 'NONE', *, *, #2515, .F. ) ;
#3165 = AXIS2_PLACEMENT_3D ( 'NONE', #2951, #5179, #2534 ) ;
#3166 = LINE ( 'NONE', #6240, #4607 ) ;
#3167 = LINE ( 'NONE', #510, #3583 ) ;
#3168 = CARTESIAN_POINT ( 'NONE',  ( -34.99999999999999289, 9.199999999999999289, 38.49999999999972999 ) ) ;
#3169 = LINE ( 'NONE', #3131, #6779 ) ;
#3170 = CARTESIAN_POINT ( 'NONE',  ( -73.10000000000005116, 7.199999999999984190, 25.00000000000000355 ) ) ;
#3171 = EDGE_CURVE ( 'NONE', #3827, #3212, #2545, .T. ) ;
#3172 = VECTOR ( 'NONE', #6667, 1000.000000000000000 ) ;
#3173 = ORIENTED_EDGE ( 'NONE', *, *, #405, .T. ) ;
#3174 = CARTESIAN_POINT ( 'NONE',  ( -12.99999999999984546, 3.800000000000001155, -38.50000000000000711 ) ) ;
#3175 = VECTOR ( 'NONE', #4724, 1000.000000000000000 ) ;
#3176 = CARTESIAN_POINT ( 'NONE',  ( 65.00000000000000000, 7.199999999999984190, 38.50000000000000711 ) ) ;
#3177 = DIRECTION ( 'NONE',  ( -0.7071067811865451302, -0.7071067811865500152, 0.000000000000000000 ) ) ;
#3178 = CARTESIAN_POINT ( 'NONE',  ( -38.54999999999906635, 3.800000000000001155, -67.05000000000048033 ) ) ;
#3179 = PLANE ( 'NONE',  #4154 ) ;
#3180 = EDGE_CURVE ( 'NONE', #1884, #1453, #4127, .T. ) ;
#3181 = EDGE_CURVE ( 'NONE', #3748, #1894, #4542, .T. ) ;
#3182 = ORIENTED_EDGE ( 'NONE', *, *, #5625, .F. ) ;
#3183 = CARTESIAN_POINT ( 'NONE',  ( 34.99999999999999289, 9.199999999999999289, 38.50000000000000711 ) ) ;
#3184 = ORIENTED_EDGE ( 'NONE', *, *, #2539, .F. ) ;
#3185 = DIRECTION ( 'NONE',  ( -1.000000000000000000, 0.000000000000000000, -1.802310104910968394E-16 ) ) ;
#3186 = LINE ( 'NONE', #4631, #5785 ) ;
#3187 = LINE ( 'NONE', #5286, #832 ) ;
#3188 = ORIENTED_EDGE ( 'NONE', *, *, #3338, .T. ) ;
#3189 = ADVANCED_FACE ( 'NONE', ( #2409 ), #4511, .T. ) ;
#3190 = VERTEX_POINT ( 'NONE', #1925 ) ;
#3191 = VERTEX_POINT ( 'NONE', #3093 ) ;
#3192 = DIRECTION ( 'NONE',  ( -0.7071067811865525687, 0.000000000000000000, 0.7071067811865425767 ) ) ;
#3193 = CARTESIAN_POINT ( 'NONE',  ( -85.84999999999999432, 3.800000000000001155, -19.75000000000019185 ) ) ;
#3194 = ORIENTED_EDGE ( 'NONE', *, *, #632, .F. ) ;
#3195 = CARTESIAN_POINT ( 'NONE',  ( 65.00000000000000000, 2.000000000000000000, 36.50000000000000711 ) ) ;
#3196 = VERTEX_POINT ( 'NONE', #5193 ) ;
#3197 = LINE ( 'NONE', #474, #47 ) ;
#3198 = CARTESIAN_POINT ( 'NONE',  ( 46.99999999999995737, 3.800000000000001155, 38.50000000000000711 ) ) ;
#3199 = CARTESIAN_POINT ( 'NONE',  ( 71.09999999999978115, 2.000000000000000000, -15.00000000000000000 ) ) ;
#3201 = EDGE_CURVE ( 'NONE', #4087, #2985, #2095, .T. ) ;
#3200 = EDGE_CURVE ( 'NONE', #2846, #1083, #4198, .T. ) ;
#3202 = CARTESIAN_POINT ( 'NONE',  ( -73.09999999999978115, 3.800000000000001155, -14.99999999999999645 ) ) ;
#3203 = DIRECTION ( 'NONE',  ( 0.000000000000000000, 1.000000000000000000, 0.000000000000000000 ) ) ;
#3204 = VECTOR ( 'NONE', #5070, 1000.000000000000000 ) ;
#3205 = VERTEX_POINT ( 'NONE', #3780 ) ;
#3206 = DIRECTION ( 'NONE',  ( 0.000000000000000000, -1.000000000000000000, 0.000000000000000000 ) ) ;
#3207 = CARTESIAN_POINT ( 'NONE',  ( -2.999999999999975131, 9.199999999999999289, -38.50000000000000711 ) ) ;
#3208 = CARTESIAN_POINT ( 'NONE',  ( 71.09999999999979536, 9.199999999999999289, -25.00000000000000000 ) ) ;
#3209 = ADVANCED_FACE ( 'NONE', ( #3718 ), #4803, .T. ) ;
#3210 = CARTESIAN_POINT ( 'NONE',  ( 3.999999999999996447, 8.199999999999985079, -36.50000000000002132 ) ) ;
#3211 = PLANE ( 'NONE',  #296 ) ;
#3212 = VERTEX_POINT ( 'NONE', #3680 ) ;
#3213 = PLANE ( 'NONE',  #5607 ) ;
#3214 = ADVANCED_FACE ( 'NONE', ( #2125 ), #52, .T. ) ;
#3215 = ADVANCED_FACE ( 'NONE', ( #91 ), #4664, .F. ) ;
#3216 = ORIENTED_EDGE ( 'NONE', *, *, #1472, .T. ) ;
#3217 = DIRECTION ( 'NONE',  ( 1.000000000000000000, 0.000000000000000000, 0.000000000000000000 ) ) ;
#3218 = CARTESIAN_POINT ( 'NONE',  ( -57.00000000000002132, 9.199999999999999289, -0.000000000000000000 ) ) ;
#3219 = PLANE ( 'NONE',  #936 ) ;
#3220 = VERTEX_POINT ( 'NONE', #2672 ) ;
#3221 = ORIENTED_EDGE ( 'NONE', *, *, #3309, .F. ) ;
#3222 = ORIENTED_EDGE ( 'NONE', *, *, #1439, .T. ) ;
#3223 = LINE ( 'NONE', #4360, #3914 ) ;
#3224 = DIRECTION ( 'NONE',  ( 0.9999997217413626460, 0.000000000000000000, 0.0007460008024717534620 ) ) ;
#3225 = ORIENTED_EDGE ( 'NONE', *, *, #5207, .F. ) ;
#3226 = CARTESIAN_POINT ( 'NONE',  ( 45.00000000000000711, 9.199999999999999289, 36.50000000000000711 ) ) ;
#3227 = ORIENTED_EDGE ( 'NONE', *, *, #6596, .T. ) ;
#3228 = ORIENTED_EDGE ( 'NONE', *, *, #4422, .T. ) ;
#3229 = CARTESIAN_POINT ( 'NONE',  ( 14.99999999999999645, 7.199999999999984190, 38.50000000000000711 ) ) ;
#3230 = DIRECTION ( 'NONE',  ( 0.000000000000000000, -1.000000000000000000, 0.000000000000000000 ) ) ;
#3231 = EDGE_CURVE ( 'NONE', #5551, #1749, #3123, .T. ) ;
#3232 = DIRECTION ( 'NONE',  ( 0.000000000000000000, 0.000000000000000000, -1.000000000000000000 ) ) ;
#3233 = DIRECTION ( 'NONE',  ( -0.7071067811865500152, 0.7071067811865451302, 0.000000000000000000 ) ) ;
#3234 = ORIENTED_EDGE ( 'NONE', *, *, #3113, .T. ) ;
#3235 = LINE ( 'NONE', #760, #2737 ) ;
#3236 = CARTESIAN_POINT ( 'NONE',  ( 71.09999999999978115, 7.199999999999984190, -15.00000000000000000 ) ) ;
#3237 = LINE ( 'NONE', #584, #1717 ) ;
#3238 = DIRECTION ( 'NONE',  ( 0.7071067811865401342, 0.000000000000000000, 0.7071067811865549002 ) ) ;
#3239 = VECTOR ( 'NONE', #2577, 1000.000000000000000 ) ;
#3240 = PLANE ( 'NONE',  #1510 ) ;
#3241 = ORIENTED_EDGE ( 'NONE', *, *, #123, .T. ) ;
#3242 = ADVANCED_FACE ( 'NONE', ( #4735 ), #4264, .F. ) ;
#3243 = VECTOR ( 'NONE', #2201, 1000.000000000000114 ) ;
#3244 = DIRECTION ( 'NONE',  ( 0.000000000000000000, -1.000000000000000000, 0.000000000000000000 ) ) ;
#3245 = ORIENTED_EDGE ( 'NONE', *, *, #2914, .T. ) ;
#3246 = LINE ( 'NONE', #4790, #6328 ) ;
#3247 = CARTESIAN_POINT ( 'NONE',  ( 45.00000000000000711, 7.199999999999984190, 38.50000000000000711 ) ) ;
#3248 = CIRCLE ( 'NONE', #2042, 3.000000000000002665 ) ;
#3249 = VERTEX_POINT ( 'NONE', #2641 ) ;
#3250 = VECTOR ( 'NONE', #1324, 1000.000000000000000 ) ;
#3251 = EDGE_CURVE ( 'NONE', #3191, #5641, #1943, .T. ) ;
#3252 = EDGE_CURVE ( 'NONE', #5297, #5755, #6335, .T. ) ;
#3253 = ORIENTED_EDGE ( 'NONE', *, *, #1596, .T. ) ;
#3254 = EDGE_LOOP ( 'NONE', ( #3683, #147, #1909, #6639 ) ) ;
#3255 = VECTOR ( 'NONE', #1237, 1000.000000000000000 ) ;
#3256 = VECTOR ( 'NONE', #689, 1000.000000000000000 ) ;
#3257 = CARTESIAN_POINT ( 'NONE',  ( -73.09999999999998010, -0.0009999999999992653654, -7.000000000000033751 ) ) ;
#3258 = ORIENTED_EDGE ( 'NONE', *, *, #378, .F. ) ;
#3259 = DIRECTION ( 'NONE',  ( 0.7071067811865549002, 0.000000000000000000, -0.7071067811865402453 ) ) ;
#3260 = ORIENTED_EDGE ( 'NONE', *, *, #5452, .T. ) ;
#3261 = CARTESIAN_POINT ( 'NONE',  ( -62.99999999999997158, 9.199999999999999289, 36.49999999999958789 ) ) ;
#3262 = EDGE_CURVE ( 'NONE', #19, #4595, #2193, .T. ) ;
#3263 = ADVANCED_FACE ( 'NONE', ( #1673 ), #1609, .T. ) ;
#3264 = AXIS2_PLACEMENT_3D ( 'NONE', #368, #2475, #4609 ) ;
#3265 = VECTOR ( 'NONE', #1059, 1000.000000000000000 ) ;
#3266 = ORIENTED_EDGE ( 'NONE', *, *, #640, .T. ) ;
#3267 = EDGE_CURVE ( 'NONE', #4195, #4786, #6374, .T. ) ;
#3268 = VERTEX_POINT ( 'NONE', #1116 ) ;
#3269 = CARTESIAN_POINT ( 'NONE',  ( -12.99999999999984546, -0.0009999999999992653654, -38.50000000000000711 ) ) ;
#3270 = DIRECTION ( 'NONE',  ( -0.000000000000000000, 0.000000000000000000, 1.000000000000000000 ) ) ;
#3271 = AXIS2_PLACEMENT_3D ( 'NONE', #4313, #5836, #623 ) ;
#3272 = VECTOR ( 'NONE', #1354, 1000.000000000000000 ) ;
#3273 = DIRECTION ( 'NONE',  ( 0.000000000000000000, -1.000000000000000000, 0.000000000000000000 ) ) ;
#3274 = CARTESIAN_POINT ( 'NONE',  ( 2.999999999999975131, 9.199999999999999289, 0.000000000000000000 ) ) ;
#3275 = AXIS2_PLACEMENT_3D ( 'NONE', #5654, #4573, #3095 ) ;
#3276 = ORIENTED_EDGE ( 'NONE', *, *, #2199, .T. ) ;
#3277 = LINE ( 'NONE', #2787, #4926 ) ;
#3278 = LINE ( 'NONE', #3936, #5640 ) ;
#3279 = DIRECTION ( 'NONE',  ( -1.000000000000000000, 0.000000000000000000, 1.734723475976805319E-15 ) ) ;
#3280 = PRODUCT_DEFINITION_CONTEXT ( 'detailed design', #1898, 'design' ) ;
#3281 = CARTESIAN_POINT ( 'NONE',  ( -14.99999999999999645, 9.199999999999999289, 38.49999999999986500 ) ) ;
#3282 = VECTOR ( 'NONE', #5529, 1000.000000000000000 ) ;
#3283 = LINE ( 'NONE', #5382, #6683 ) ;
#3284 = ORIENTED_EDGE ( 'NONE', *, *, #2085, .F. ) ;
#3285 = VECTOR ( 'NONE', #730, 1000.000000000000000 ) ;
#3286 = LINE ( 'NONE', #3870, #971 ) ;
#3287 = ORIENTED_EDGE ( 'NONE', *, *, #5383, .T. ) ;
#3288 = CARTESIAN_POINT ( 'NONE',  ( 73.09999999999998010, 7.199999999999984190, 5.000000000000004441 ) ) ;
#3289 = DIRECTION ( 'NONE',  ( 0.000000000000000000, -1.000000000000000000, 0.000000000000000000 ) ) ;
#3291 = EDGE_CURVE ( 'NONE', #6185, #2083, #4149, .T. ) ;
#3290 = EDGE_CURVE ( 'NONE', #977, #1778, #2574, .T. ) ;
#3292 = VECTOR ( 'NONE', #5762, 1000.000000000000000 ) ;
#3293 = ORIENTED_EDGE ( 'NONE', *, *, #1045, .F. ) ;
#3294 = MANIFOLD_SOLID_BREP ( 'µ¹½Ç4', #4032 ) ;
#3295 = VERTEX_POINT ( 'NONE', #1292 ) ;
#3296 = ORIENTED_EDGE ( 'NONE', *, *, #3352, .F. ) ;
#3297 = LINE ( 'NONE', #3911, #3696 ) ;
#3298 = EDGE_CURVE ( 'NONE', #1894, #3915, #4295, .T. ) ;
#3299 = ORIENTED_EDGE ( 'NONE', *, *, #1895, .T. ) ;
#3300 = DIRECTION ( 'NONE',  ( 0.000000000000000000, 0.000000000000000000, -1.000000000000000000 ) ) ;
#3301 = ORIENTED_EDGE ( 'NONE', *, *, #2189, .F. ) ;
#3302 = FACE_OUTER_BOUND ( 'NONE', #3812, .T. ) ;
#3303 = ORIENTED_EDGE ( 'NONE', *, *, #2611, .T. ) ;
#3304 = VERTEX_POINT ( 'NONE', #5921 ) ;
#3305 = DIRECTION ( 'NONE',  ( 0.000000000000000000, -1.000000000000000000, 0.000000000000000000 ) ) ;
#3306 = EDGE_CURVE ( 'NONE', #3982, #4217, #1705, .T. ) ;
#3307 = CARTESIAN_POINT ( 'NONE',  ( 15.00000000000000533, 9.199999999999999289, -36.50000000000002132 ) ) ;
#3308 = EDGE_CURVE ( 'NONE', #698, #3249, #5353, .T. ) ;
#3309 = EDGE_CURVE ( 'NONE', #3013, #4159, #150, .T. ) ;
#3310 = DIRECTION ( 'NONE',  ( 0.000000000000000000, 0.000000000000000000, 1.000000000000000000 ) ) ;
#3311 = FACE_OUTER_BOUND ( 'NONE', #6091, .T. ) ;
#3312 = ORIENTED_EDGE ( 'NONE', *, *, #6261, .T. ) ;
#3313 = FACE_OUTER_BOUND ( 'NONE', #6400, .T. ) ;
#3314 = LINE ( 'NONE', #2273, #5083 ) ;
#3315 = LINE ( 'NONE', #1865, #4249 ) ;
#3316 = LINE ( 'NONE', #1866, #499 ) ;
#3317 = CARTESIAN_POINT ( 'NONE',  ( -24.99999999999999289, 9.199999999999999289, 36.49999999999986500 ) ) ;
#3318 = ORIENTED_EDGE ( 'NONE', *, *, #6491, .T. ) ;
#3319 = VECTOR ( 'NONE', #5662, 1000.000000000000000 ) ;
#3320 = DIRECTION ( 'NONE',  ( -1.000000000000000000, 0.000000000000000000, -0.000000000000000000 ) ) ;
#3321 = ORIENTED_EDGE ( 'NONE', *, *, #3889, .F. ) ;
#3322 = CARTESIAN_POINT ( 'NONE',  ( -77.09999999999998010, 14.00000000000000000, -42.50000000000000000 ) ) ;
#3323 = PLANE ( 'NONE',  #4491 ) ;
#3324 = DIRECTION ( 'NONE',  ( -0.7071067811865450192, 0.000000000000000000, -0.7071067811865500152 ) ) ;
#3325 = ORIENTED_EDGE ( 'NONE', *, *, #4246, .T. ) ;
#3326 = VECTOR ( 'NONE', #761, 1000.000000000000114 ) ;
#3327 = EDGE_LOOP ( 'NONE', ( #5086, #5453, #6147, #1745 ) ) ;
#3328 = EDGE_CURVE ( 'NONE', #5221, #1257, #5363, .T. ) ;
#3329 = EDGE_LOOP ( 'NONE', ( #5074, #4200, #1332, #384 ) ) ;
#3330 = PLANE ( 'NONE',  #5341 ) ;
#3331 = LINE ( 'NONE', #3727, #729 ) ;
#3332 = EDGE_LOOP ( 'NONE', ( #6804, #1437, #171, #3673, #1879, #6359, #86, #6590 ) ) ;
#3333 = DIRECTION ( 'NONE',  ( -1.000000000000000000, 0.000000000000000000, 2.168404344971006501E-15 ) ) ;
#3334 = VERTEX_POINT ( 'NONE', #1221 ) ;
#3335 = CARTESIAN_POINT ( 'NONE',  ( 45.00000000000000711, 9.199999999999999289, -36.50000000000002132 ) ) ;
#3336 = ORIENTED_EDGE ( 'NONE', *, *, #3262, .F. ) ;
#3337 = VERTEX_POINT ( 'NONE', #2224 ) ;
#3339 = EDGE_CURVE ( 'NONE', #6368, #703, #5396, .T. ) ;
#3338 = EDGE_CURVE ( 'NONE', #2223, #4278, #745, .T. ) ;
#3340 = DIRECTION ( 'NONE',  ( 0.000000000000000000, 0.000000000000000000, -1.000000000000000000 ) ) ;
#3341 = CARTESIAN_POINT ( 'NONE',  ( 5.000000000000004441, 9.199999999999999289, -38.50000000000002132 ) ) ;
#3342 = CARTESIAN_POINT ( 'NONE',  ( -73.09999999999999432, -0.0009999999999992653654, 13.00000000000006040 ) ) ;
#3343 = DIRECTION ( 'NONE',  ( 0.7071067811865439090, 0.000000000000000000, -0.7071067811865512365 ) ) ;
#3344 = ADVANCED_FACE ( 'NONE', ( #2882 ), #704, .T. ) ;
#3345 = ORIENTED_EDGE ( 'NONE', *, *, #2017, .F. ) ;
#3346 = CARTESIAN_POINT ( 'NONE',  ( -70.09999999999998010, 3.800000000000001155, -40.50271354001955615 ) ) ;
#3347 = CARTESIAN_POINT ( 'NONE',  ( 5.000000000000004441, 9.199999999999999289, 36.50000000000003553 ) ) ;
#3348 = CARTESIAN_POINT ( 'NONE',  ( -71.10000000000005116, 9.199999999999999289, 22.99999999999996803 ) ) ;
#3349 = CARTESIAN_POINT ( 'NONE',  ( -14.99999999999999645, 9.199999999999999289, 36.49999999999986500 ) ) ;
#3350 = DIRECTION ( 'NONE',  ( -0.7071067811865487940, 0.000000000000000000, 0.7071067811865463515 ) ) ;
#3351 = ORIENTED_EDGE ( 'NONE', *, *, #2213, .F. ) ;
#3352 = EDGE_CURVE ( 'NONE', #6458, #1046, #1808, .T. ) ;
#3353 = CARTESIAN_POINT ( 'NONE',  ( -70.09999999999996589, 0.000000000000000000, -40.49999999999997158 ) ) ;
#3354 = DIRECTION ( 'NONE',  ( 0.000000000000000000, 0.000000000000000000, -1.000000000000000000 ) ) ;
#3355 = PLANE ( 'NONE',  #4018 ) ;
#3356 = DIRECTION ( 'NONE',  ( -0.000000000000000000, -0.000000000000000000, -1.000000000000000000 ) ) ;
#3357 = VECTOR ( 'NONE', #2923, 1000.000000000000000 ) ;
#3358 = LINE ( 'NONE', #2874, #3383 ) ;
#3359 = VERTEX_POINT ( 'NONE', #2775 ) ;
#3360 = VECTOR ( 'NONE', #2549, 1000.000000000000114 ) ;
#3361 = EDGE_LOOP ( 'NONE', ( #2297, #1356, #3475, #3005 ) ) ;
#3362 = ORIENTED_EDGE ( 'NONE', *, *, #4094, .F. ) ;
#3363 = LINE ( 'NONE', #599, #3489 ) ;
#3364 = DIRECTION ( 'NONE',  ( 6.938893903907221278E-15, 0.000000000000000000, 1.000000000000000000 ) ) ;
#3365 = AXIS2_PLACEMENT_3D ( 'NONE', #5644, #1914, #3016 ) ;
#3366 = VERTEX_POINT ( 'NONE', #6573 ) ;
#3367 = ORIENTED_EDGE ( 'NONE', *, *, #901, .T. ) ;
#3368 = PLANE ( 'NONE',  #1181 ) ;
#3369 = EDGE_LOOP ( 'NONE', ( #5115, #6177, #394, #6057 ) ) ;
#3370 = AXIS2_PLACEMENT_3D ( 'NONE', #4548, #3003, #6652 ) ;
#3371 = ORIENTED_EDGE ( 'NONE', *, *, #2669, .F. ) ;
#3372 = VECTOR ( 'NONE', #5141, 1000.000000000000000 ) ;
#3373 = PLANE ( 'NONE',  #1036 ) ;
#3374 = CARTESIAN_POINT ( 'NONE',  ( 35.00000000000000000, 9.199999999999999289, -36.50000000000002132 ) ) ;
#3375 = CARTESIAN_POINT ( 'NONE',  ( 0.000000000000000000, 9.199999999999999289, 0.000000000000000000 ) ) ;
#3376 = VECTOR ( 'NONE', #338, 1000.000000000000000 ) ;
#3378 = EDGE_CURVE ( 'NONE', #626, #2434, #5431, .T. ) ;
#3377 = EDGE_CURVE ( 'NONE', #750, #3867, #6026, .T. ) ;
#3379 = VECTOR ( 'NONE', #577, 1000.000000000000000 ) ;
#3380 = LINE ( 'NONE', #5966, #5031 ) ;
#3381 = EDGE_LOOP ( 'NONE', ( #4701, #161, #569, #2541 ) ) ;
#3382 = VECTOR ( 'NONE', #5450, 1000.000000000000114 ) ;
#3383 = VECTOR ( 'NONE', #735, 1000.000000000000000 ) ;
#3384 = LINE ( 'NONE', #5485, #6377 ) ;
#3385 = LINE ( 'NONE', #6416, #2770 ) ;
#3386 = CARTESIAN_POINT ( 'NONE',  ( -70.09999999999999432, 3.800000000000001155, 38.50000000000000711 ) ) ;
#3387 = CARTESIAN_POINT ( 'NONE',  ( -56.00000000000000000, 8.199999999999985079, 36.49999999999958789 ) ) ;
#3388 = EDGE_CURVE ( 'NONE', #1667, #4195, #5507, .T. ) ;
#3389 = ADVANCED_FACE ( 'NONE', ( #4398 ), #6506, .F. ) ;
#3390 = LINE ( 'NONE', #2866, #5593 ) ;
#3391 = AXIS2_PLACEMENT_3D ( 'NONE', #3892, #755, #6619 ) ;
#3392 = VERTEX_POINT ( 'NONE', #5988 ) ;
#3393 = CARTESIAN_POINT ( 'NONE',  ( -73.09999999999999432, 2.000000000000000000, 26.99999999999990052 ) ) ;
#3394 = CARTESIAN_POINT ( 'NONE',  ( 45.00000000000000711, 9.199999999999999289, 36.50000000000000711 ) ) ;
#3395 = AXIS2_PLACEMENT_3D ( 'NONE', #5579, #6642, #854 ) ;
#3396 = DIRECTION ( 'NONE',  ( 0.000000000000000000, 0.000000000000000000, -1.000000000000000000 ) ) ;
#3397 = DIRECTION ( 'NONE',  ( -0.7071067811865451302, -0.7071067811865500152, 0.000000000000000000 ) ) ;
#3398 = EDGE_CURVE ( 'NONE', #1493, #3867, #255, .T. ) ;
#3399 = DIRECTION ( 'NONE',  ( 0.000000000000000000, 1.000000000000000000, 0.000000000000000000 ) ) ;
#3400 = ADVANCED_FACE ( 'NONE', ( #3957 ), #4722, .T. ) ;
#3401 = ORIENTED_EDGE ( 'NONE', *, *, #2465, .T. ) ;
#3402 = CIRCLE ( 'NONE', #751, 4.949747468305801590 ) ;
#3403 = ORIENTED_EDGE ( 'NONE', *, *, #6507, .F. ) ;
#3404 = ORIENTED_EDGE ( 'NONE', *, *, #5137, .T. ) ;
#3405 = DIRECTION ( 'NONE',  ( 0.000000000000000000, -1.000000000000000000, 0.000000000000000000 ) ) ;
#3406 = DIRECTION ( 'NONE',  ( -1.000000000000000000, 0.000000000000000000, -0.000000000000000000 ) ) ;
#3407 = CIRCLE ( 'NONE', #5614, 6.999999999999999112 ) ;
#3408 = VERTEX_POINT ( 'NONE', #1435 ) ;
#3409 = DIRECTION ( 'NONE',  ( -2.168404344971006501E-15, 0.000000000000000000, -1.000000000000000000 ) ) ;
#3410 = ORIENTED_EDGE ( 'NONE', *, *, #1045, .T. ) ;
#3411 = LINE ( 'NONE', #781, #3619 ) ;
#3412 = ORIENTED_EDGE ( 'NONE', *, *, #3632, .F. ) ;
#3413 = ORIENTED_EDGE ( 'NONE', *, *, #1093, .T. ) ;
#3414 = ORIENTED_EDGE ( 'NONE', *, *, #3309, .T. ) ;
#3415 = CARTESIAN_POINT ( 'NONE',  ( -64.99999999999998579, 9.199999999999999289, 36.49999999999958789 ) ) ;
#3416 = LINE ( 'NONE', #1155, #2692 ) ;
#3417 = CARTESIAN_POINT ( 'NONE',  ( -4.999999999999995559, 2.000000000000000000, 36.50000000000000711 ) ) ;
#3418 = LINE ( 'NONE', #2892, #6257 ) ;
#3419 = ORIENTED_EDGE ( 'NONE', *, *, #1721, .F. ) ;
#3421 = EDGE_CURVE ( 'NONE', #765, #87, #5210, .T. ) ;
#3420 = EDGE_CURVE ( 'NONE', #1742, #3304, #6290, .T. ) ;
#3422 = DIRECTION ( 'NONE',  ( 0.000000000000000000, -0.7071067811865453523, -0.7071067811865496822 ) ) ;
#3423 = FACE_OUTER_BOUND ( 'NONE', #6818, .T. ) ;
#3424 = LINE ( 'NONE', #2237, #4580 ) ;
#3425 = LINE ( 'NONE', #1793, #5346 ) ;
#3426 = LINE ( 'NONE', #4988, #2060 ) ;
#3427 = ORIENTED_EDGE ( 'NONE', *, *, #4322, .F. ) ;
#3428 = EDGE_CURVE ( 'NONE', #5592, #3801, #2433, .T. ) ;
#3429 = LINE ( 'NONE', #1733, #1075 ) ;
#3430 = DIRECTION ( 'NONE',  ( 0.000000000000000000, 0.000000000000000000, 1.000000000000000000 ) ) ;
#3431 = FACE_OUTER_BOUND ( 'NONE', #4078, .T. ) ;
#3432 = LINE ( 'NONE', #3464, #1293 ) ;
#3433 = PLANE ( 'NONE',  #4260 ) ;
#3434 = ORIENTED_EDGE ( 'NONE', *, *, #3290, .T. ) ;
#3435 = VECTOR ( 'NONE', #2684, 1000.000000000000000 ) ;
#3436 = EDGE_CURVE ( 'NONE', #750, #3853, #1362, .T. ) ;
#3437 = ADVANCED_FACE ( 'NONE', ( #3141 ), #5616, .T. ) ;
#3438 = ORIENTED_EDGE ( 'NONE', *, *, #3688, .F. ) ;
#3439 = VERTEX_POINT ( 'NONE', #3444 ) ;
#3440 = DIRECTION ( 'NONE',  ( 0.000000000000000000, -1.000000000000000000, 0.000000000000000000 ) ) ;
#3441 = DIRECTION ( 'NONE',  ( -0.000000000000000000, -0.000000000000000000, -1.000000000000000000 ) ) ;
#3442 = AXIS2_PLACEMENT_3D ( 'NONE', #270, #5445, #792 ) ;
#3443 = ORIENTED_EDGE ( 'NONE', *, *, #527, .T. ) ;
#3444 = CARTESIAN_POINT ( 'NONE',  ( 71.09999999999998010, 3.800000000000001155, 5.000000000000000000 ) ) ;
#3445 = VERTEX_POINT ( 'NONE', #6063 ) ;
#3446 = LINE ( 'NONE', #2777, #1849 ) ;
#3447 = ORIENTED_EDGE ( 'NONE', *, *, #3645, .F. ) ;
#3448 = VERTEX_POINT ( 'NONE', #2589 ) ;
#3449 = EDGE_CURVE ( 'NONE', #1396, #425, #5245, .T. ) ;
#3450 = VERTEX_POINT ( 'NONE', #3108 ) ;
#3451 = FACE_OUTER_BOUND ( 'NONE', #1088, .T. ) ;
#3452 = CARTESIAN_POINT ( 'NONE',  ( -73.09999999999978115, 9.199999999999999289, -14.99999999999999645 ) ) ;
#3453 = FACE_OUTER_BOUND ( 'NONE', #2948, .T. ) ;
#3454 = CARTESIAN_POINT ( 'NONE',  ( 69.89999999999999147, 2.000000000000000000, -35.29999999999999716 ) ) ;
#3455 = ORIENTED_EDGE ( 'NONE', *, *, #2204, .F. ) ;
#3456 = FACE_OUTER_BOUND ( 'NONE', #5390, .T. ) ;
#3457 = DIRECTION ( 'NONE',  ( 0.000000000000000000, -1.000000000000000000, 0.000000000000000000 ) ) ;
#3458 = DIRECTION ( 'NONE',  ( 0.000000000000000000, -1.000000000000000000, 0.000000000000000000 ) ) ;
#3459 = CARTESIAN_POINT ( 'NONE',  ( 70.09999999999998010, -0.0009999999999992653654, -35.50000000000000711 ) ) ;
#3460 = VERTEX_POINT ( 'NONE', #6640 ) ;
#3461 = CARTESIAN_POINT ( 'NONE',  ( -70.09999999999998010, 3.800000000000001155, -35.50000000000000711 ) ) ;
#3462 = DIRECTION ( 'NONE',  ( 5.204170427930416550E-15, 0.000000000000000000, 1.000000000000000000 ) ) ;
#3463 = CARTESIAN_POINT ( 'NONE',  ( -22.99999999999997513, 9.199999999999999289, -38.49999999999986500 ) ) ;
#3464 = CARTESIAN_POINT ( 'NONE',  ( 71.09999999999998010, 2.000000000000000000, -5.000000000000000000 ) ) ;
#3465 = CARTESIAN_POINT ( 'NONE',  ( 55.00000000000000000, 2.000000000000000000, 36.50000000000000711 ) ) ;
#3466 = ORIENTED_EDGE ( 'NONE', *, *, #1133, .F. ) ;
#3467 = EDGE_CURVE ( 'NONE', #4497, #977, #2989, .T. ) ;
#3468 = EDGE_LOOP ( 'NONE', ( #4723, #1192, #6541, #2197 ) ) ;
#3469 = PLANE ( 'NONE',  #5483 ) ;
#3470 = ORIENTED_EDGE ( 'NONE', *, *, #5398, .F. ) ;
#3471 = FACE_OUTER_BOUND ( 'NONE', #940, .T. ) ;
#3472 = CARTESIAN_POINT ( 'NONE',  ( -70.09999999999998010, 14.00000000000000000, -40.50271354001955615 ) ) ;
#3473 = VERTEX_POINT ( 'NONE', #5538 ) ;
#3474 = CARTESIAN_POINT ( 'NONE',  ( 25.00000000000000355, 2.000000000000000000, 36.50000000000000711 ) ) ;
#3475 = ORIENTED_EDGE ( 'NONE', *, *, #2401, .T. ) ;
#3476 = ADVANCED_FACE ( 'NONE', ( #1917 ), #4024, .T. ) ;
#3477 = AXIS2_PLACEMENT_3D ( 'NONE', #6805, #1136, #2087 ) ;
#3478 = LINE ( 'NONE', #6136, #6802 ) ;
#3479 = ORIENTED_EDGE ( 'NONE', *, *, #5798, .T. ) ;
#3480 = ORIENTED_EDGE ( 'NONE', *, *, #2907, .F. ) ;
#3481 = ORIENTED_EDGE ( 'NONE', *, *, #1228, .T. ) ;
#3482 = VECTOR ( 'NONE', #4417, 1000.000000000000114 ) ;
#3483 = LINE ( 'NONE', #5055, #2815 ) ;
#3484 = DIRECTION ( 'NONE',  ( -4.336808689942013003E-15, 0.000000000000000000, 1.000000000000000000 ) ) ;
#3485 = EDGE_CURVE ( 'NONE', #4003, #628, #5085, .T. ) ;
#3486 = EDGE_CURVE ( 'NONE', #4902, #5954, #4062, .T. ) ;
#3487 = DIRECTION ( 'NONE',  ( 0.000000000000000000, 1.000000000000000000, 0.000000000000000000 ) ) ;
#3488 = VECTOR ( 'NONE', #3698, 1000.000000000000114 ) ;
#3489 = VECTOR ( 'NONE', #2251, 1000.000000000000000 ) ;
#3490 = ORIENTED_EDGE ( 'NONE', *, *, #1801, .T. ) ;
#3491 = CARTESIAN_POINT ( 'NONE',  ( -71.09999999999998010, 7.199999999999984190, -5.000000000000000000 ) ) ;
#3492 = VECTOR ( 'NONE', #1147, 1000.000000000000114 ) ;
#3493 = CARTESIAN_POINT ( 'NONE',  ( -75.09999999999993747, 0.000000000000000000, -35.50000000000000711 ) ) ;
#3494 = VECTOR ( 'NONE', #5604, 1000.000000000000000 ) ;
#3495 = CARTESIAN_POINT ( 'NONE',  ( -54.99999999999999289, 7.199999999999984190, 38.49999999999958789 ) ) ;
#3496 = CARTESIAN_POINT ( 'NONE',  ( 73.10000000000000853, -0.0009999999999992653654, 7.000000000000089706 ) ) ;
#3497 = VECTOR ( 'NONE', #1858, 1000.000000000000000 ) ;
#3498 = ORIENTED_EDGE ( 'NONE', *, *, #3774, .F. ) ;
#3499 = VECTOR ( 'NONE', #2647, 1000.000000000000114 ) ;
#3500 = CARTESIAN_POINT ( 'NONE',  ( -73.09999999999998010, -0.0009999999999992653654, -38.50000000000000711 ) ) ;
#3501 = DIRECTION ( 'NONE',  ( 1.000000000000000000, 0.000000000000000000, 2.168404344971006501E-15 ) ) ;
#3502 = PLANE ( 'NONE',  #5583 ) ;
#3503 = CARTESIAN_POINT ( 'NONE',  ( -73.09999999999999432, -0.0009999999999992653654, 38.50000000000000711 ) ) ;
#3504 = AXIS2_PLACEMENT_3D ( 'NONE', #6282, #1974, #5133 ) ;
#3505 = ORIENTED_EDGE ( 'NONE', *, *, #1946, .F. ) ;
#3506 = AXIS2_PLACEMENT_3D ( 'NONE', #1622, #580, #6413 ) ;
#3507 = ORIENTED_EDGE ( 'NONE', *, *, #5912, .F. ) ;
#3508 = PLANE ( 'NONE',  #3165 ) ;
#3509 = ORIENTED_EDGE ( 'NONE', *, *, #4824, .T. ) ;
#3511 = ADVANCED_FACE ( 'NONE', ( #5766 ), #2630, .F. ) ;
#3510 = ADVANCED_FACE ( 'NONE', ( #363 ), #525, .F. ) ;
#3512 = CARTESIAN_POINT ( 'NONE',  ( -73.09999999999999432, 2.000000000000000000, 38.50000000000000711 ) ) ;
#3513 = DIRECTION ( 'NONE',  ( -1.000000000000000000, 0.000000000000000000, 0.000000000000000000 ) ) ;
#3514 = ORIENTED_EDGE ( 'NONE', *, *, #4298, .F. ) ;
#3515 = CARTESIAN_POINT ( 'NONE',  ( 46.99999999999997158, -0.0009999999999992653654, -38.50000000000000711 ) ) ;
#3516 = AXIS2_PLACEMENT_3D ( 'NONE', #5042, #979, #5079 ) ;
#3517 = VERTEX_POINT ( 'NONE', #4503 ) ;
#3518 = LINE ( 'NONE', #334, #6367 ) ;
#3519 = VERTEX_POINT ( 'NONE', #1883 ) ;
#3520 = ORIENTED_EDGE ( 'NONE', *, *, #1903, .T. ) ;
#3521 = AXIS2_PLACEMENT_3D ( 'NONE', #3561, #278, #6155 ) ;
#3522 = DIRECTION ( 'NONE',  ( -1.000000000000000000, 0.000000000000000000, 0.000000000000000000 ) ) ;
#3523 = LINE ( 'NONE', #5588, #5129 ) ;
#3524 = CARTESIAN_POINT ( 'NONE',  ( 15.00000000000000533, 2.000000000000000000, 36.50000000000000711 ) ) ;
#3525 = VERTEX_POINT ( 'NONE', #6133 ) ;
#3526 = EDGE_CURVE ( 'NONE', #441, #699, #6099, .T. ) ;
#3527 = DIRECTION ( 'NONE',  ( -0.000000000000000000, -1.000000000000000000, -0.000000000000000000 ) ) ;
#3528 = SURFACE_STYLE_USAGE ( .BOTH. , #5027 ) ;
#3529 = CARTESIAN_POINT ( 'NONE',  ( 13.00000000000001066, 3.800000000000001155, -38.50000000000000711 ) ) ;
#3530 = LINE ( 'NONE', #2450, #2258 ) ;
#3531 = LINE ( 'NONE', #5099, #4374 ) ;
#3532 = ORIENTED_EDGE ( 'NONE', *, *, #4711, .T. ) ;
#3533 = CARTESIAN_POINT ( 'NONE',  ( -73.09999999999999432, -0.0009999999999992653654, 26.99999999999990052 ) ) ;
#3534 = PLANE ( 'NONE',  #1890 ) ;
#3535 = LINE ( 'NONE', #973, #3372 ) ;
#3536 = LINE ( 'NONE', #5638, #6030 ) ;
#3537 = ORIENTED_EDGE ( 'NONE', *, *, #4011, .T. ) ;
#3538 = ORIENTED_EDGE ( 'NONE', *, *, #5574, .T. ) ;
#3539 = LINE ( 'NONE', #5610, #2512 ) ;
#3540 = ORIENTED_EDGE ( 'NONE', *, *, #2239, .T. ) ;
#3541 = DIRECTION ( 'NONE',  ( -1.000000000000000000, 0.000000000000000000, -2.168404344971006501E-15 ) ) ;
#3542 = FACE_OUTER_BOUND ( 'NONE', #5084, .T. ) ;
#3543 = ORIENTED_EDGE ( 'NONE', *, *, #2719, .F. ) ;
#3544 = CARTESIAN_POINT ( 'NONE',  ( -27.00000000000012079, -0.0009999999999992653654, -38.50000000000000711 ) ) ;
#3545 = ORIENTED_EDGE ( 'NONE', *, *, #2652, .F. ) ;
#3546 = VECTOR ( 'NONE', #5635, 1000.000000000000000 ) ;
#3547 = ORIENTED_EDGE ( 'NONE', *, *, #3526, .T. ) ;
#3548 = VERTEX_POINT ( 'NONE', #5940 ) ;
#3549 = DIRECTION ( 'NONE',  ( -1.000000000000000000, 0.000000000000000000, -0.000000000000000000 ) ) ;
#3550 = CARTESIAN_POINT ( 'NONE',  ( 0.000000000000000000, 9.199999999999999289, 0.000000000000000000 ) ) ;
#3551 = PLANE ( 'NONE',  #5480 ) ;
#3552 = EDGE_CURVE ( 'NONE', #5641, #692, #2791, .T. ) ;
#3553 = EDGE_LOOP ( 'NONE', ( #1554, #4066, #5716, #5409, #4569, #3318 ) ) ;
#3554 = CARTESIAN_POINT ( 'NONE',  ( -73.09999999999998010, 2.000000000000000000, -35.50000000000000711 ) ) ;
#3555 = LINE ( 'NONE', #4006, #4585 ) ;
#3556 = DIRECTION ( 'NONE',  ( 0.000000000000000000, 0.000000000000000000, -1.000000000000000000 ) ) ;
#3557 = EDGE_CURVE ( 'NONE', #5217, #4857, #2141, .T. ) ;
#3558 = CARTESIAN_POINT ( 'NONE',  ( -32.99999999999972999, 2.000000000000000000, -38.50000000000000711 ) ) ;
#3559 = EDGE_CURVE ( 'NONE', #1778, #5677, #2211, .T. ) ;
#3560 = ORIENTED_EDGE ( 'NONE', *, *, #1180, .T. ) ;
#3561 = CARTESIAN_POINT ( 'NONE',  ( -77.09999999999998010, 2.000000000000015543, -42.50000000000000000 ) ) ;
#3562 = LINE ( 'NONE', #451, #4529 ) ;
#3563 = CARTESIAN_POINT ( 'NONE',  ( -75.09999999999995168, 2.000000000000000000, -40.50000000000000000 ) ) ;
#3564 = FACE_OUTER_BOUND ( 'NONE', #4506, .T. ) ;
#3565 = VERTEX_POINT ( 'NONE', #6390 ) ;
#3566 = EDGE_CURVE ( 'NONE', #4391, #744, #136, .T. ) ;
#3567 = ORIENTED_EDGE ( 'NONE', *, *, #1126, .T. ) ;
#3568 = CARTESIAN_POINT ( 'NONE',  ( 53.00000000000002132, -0.0009999999999992653654, 38.50000000000000711 ) ) ;
#3569 = VERTEX_POINT ( 'NONE', #5900 ) ;
#3570 = CARTESIAN_POINT ( 'NONE',  ( -43.04999999999986926, 3.800000000000001155, -8.449999999999933564 ) ) ;
#3571 = DIRECTION ( 'NONE',  ( -1.000000000000000000, 0.000000000000000000, -4.336808689942013003E-15 ) ) ;
#3572 = DIRECTION ( 'NONE',  ( 1.000000000000000000, 0.000000000000000000, 0.000000000000000000 ) ) ;
#3573 = ORIENTED_EDGE ( 'NONE', *, *, #2426, .T. ) ;
#3574 = ORIENTED_EDGE ( 'NONE', *, *, #3713, .F. ) ;
#3575 = EDGE_CURVE ( 'NONE', #3867, #4789, #6318, .T. ) ;
#3576 = ORIENTED_EDGE ( 'NONE', *, *, #1512, .F. ) ;
#3577 = ORIENTED_EDGE ( 'NONE', *, *, #5329, .T. ) ;
#3578 = DIRECTION ( 'NONE',  ( -1.000000000000000000, 0.000000000000000000, -1.802310104910968394E-16 ) ) ;
#3579 = AXIS2_PLACEMENT_3D ( 'NONE', #1815, #941, #1300 ) ;
#3580 = DIRECTION ( 'NONE',  ( 1.000000000000000000, 0.000000000000000000, 0.000000000000000000 ) ) ;
#3581 = FACE_OUTER_BOUND ( 'NONE', #5845, .T. ) ;
#3582 = EDGE_LOOP ( 'NONE', ( #6258, #4963, #851, #1369, #3045, #5312 ) ) ;
#3583 = VECTOR ( 'NONE', #3654, 1000.000000000000114 ) ;
#3584 = CARTESIAN_POINT ( 'NONE',  ( 17.00000000000003553, 9.199999999999999289, -36.50000000000003553 ) ) ;
#3585 = LINE ( 'NONE', #5300, #2802 ) ;
#3586 = CARTESIAN_POINT ( 'NONE',  ( 0.000000000000000000, 9.199999999999999289, 0.000000000000000000 ) ) ;
#3587 = CARTESIAN_POINT ( 'NONE',  ( -73.10000000000005116, 9.199999999999999289, 17.00000000000002487 ) ) ;
#3589 = EDGE_CURVE ( 'NONE', #6349, #6436, #3768, .T. ) ;
#3588 = ADVANCED_FACE ( 'NONE', ( #4245 ), #4749, .F. ) ;
#3590 = CARTESIAN_POINT ( 'NONE',  ( 73.10000000000000853, 2.000000000000000000, -12.99999999999971934 ) ) ;
#3591 = VECTOR ( 'NONE', #3289, 1000.000000000000000 ) ;
#3592 = AXIS2_PLACEMENT_3D ( 'NONE', #2322, #4294, #6503 ) ;
#3593 = PLANE ( 'NONE',  #5808 ) ;
#3594 = ORIENTED_EDGE ( 'NONE', *, *, #3976, .T. ) ;
#3595 = AXIS2_PLACEMENT_3D ( 'NONE', #6317, #6, #6389 ) ;
#3596 = VECTOR ( 'NONE', #3599, 1000.000000000000114 ) ;
#3597 = CARTESIAN_POINT ( 'NONE',  ( 54.99999999999999289, 7.199999999999984190, 38.50000000000000711 ) ) ;
#3598 = DIRECTION ( 'NONE',  ( -1.802310104910968394E-16, 0.000000000000000000, 1.000000000000000000 ) ) ;
#3599 = DIRECTION ( 'NONE',  ( 0.000000000000000000, -0.7071067811865451302, -0.7071067811865500152 ) ) ;
#3600 = EDGE_CURVE ( 'NONE', #4700, #4561, #5868, .T. ) ;
#3601 = CYLINDRICAL_SURFACE ( 'NONE', #1492, 5.200000000000000178 ) ;
#3602 = VECTOR ( 'NONE', #5955, 1000.000000000000000 ) ;
#3603 = EDGE_LOOP ( 'NONE', ( #3882, #3877, #6530, #5358 ) ) ;
#3604 = VECTOR ( 'NONE', #5199, 1000.000000000000000 ) ;
#3605 = EDGE_LOOP ( 'NONE', ( #4300, #4669, #4113, #835 ) ) ;
#3606 = FACE_OUTER_BOUND ( 'NONE', #2358, .T. ) ;
#3607 = ORIENTED_EDGE ( 'NONE', *, *, #4214, .F. ) ;
#3608 = VECTOR ( 'NONE', #1661, 1000.000000000000114 ) ;
#3609 = CARTESIAN_POINT ( 'NONE',  ( 5.000000000000004441, 2.000000000000000000, 36.50000000000003553 ) ) ;
#3610 = AXIS2_PLACEMENT_3D ( 'NONE', #5352, #697, #4730 ) ;
#3611 = ADVANCED_FACE ( 'NONE', ( #660 ), #3211, .T. ) ;
#3612 = PLANE ( 'NONE',  #6772 ) ;
#3613 = LINE ( 'NONE', #5254, #1832 ) ;
#3614 = ORIENTED_EDGE ( 'NONE', *, *, #2719, .T. ) ;
#3615 = AXIS2_PLACEMENT_3D ( 'NONE', #5235, #3824, #101 ) ;
#3616 = VERTEX_POINT ( 'NONE', #3797 ) ;
#3617 = ORIENTED_EDGE ( 'NONE', *, *, #2893, .T. ) ;
#3618 = CARTESIAN_POINT ( 'NONE',  ( -64.99999999999998579, 7.199999999999984190, 36.49999999999958789 ) ) ;
#3619 = VECTOR ( 'NONE', #4973, 1000.000000000000000 ) ;
#3620 = CARTESIAN_POINT ( 'NONE',  ( 71.09999999999998010, 3.800000000000001155, 5.000000000000000000 ) ) ;
#3621 = CARTESIAN_POINT ( 'NONE',  ( -71.10000000000005116, 9.199999999999999289, 25.00000000000000000 ) ) ;
#3622 = VECTOR ( 'NONE', #173, 1000.000000000000000 ) ;
#3623 = ORIENTED_EDGE ( 'NONE', *, *, #355, .T. ) ;
#3624 = LINE ( 'NONE', #4202, #1924 ) ;
#3625 = DIRECTION ( 'NONE',  ( 0.000000000000000000, 0.000000000000000000, 1.000000000000000000 ) ) ;
#3626 = LINE ( 'NONE', #6280, #3265 ) ;
#3627 = PLANE ( 'NONE',  #5233 ) ;
#3628 = VECTOR ( 'NONE', #3527, 1000.000000000000000 ) ;
#3629 = CARTESIAN_POINT ( 'NONE',  ( -47.00000000000029132, -0.0009999999999992653654, 38.50000000000000711 ) ) ;
#3630 = ORIENTED_EDGE ( 'NONE', *, *, #2544, .F. ) ;
#3632 = EDGE_CURVE ( 'NONE', #5350, #5567, #2688, .T. ) ;
#3631 = EDGE_CURVE ( 'NONE', #597, #2786, #2761, .T. ) ;
#3633 = CARTESIAN_POINT ( 'NONE',  ( 33.00000000000001421, -0.0009999999999992653654, -38.50000000000000711 ) ) ;
#3634 = CARTESIAN_POINT ( 'NONE',  ( 71.09999999999998010, 2.000000000000000000, -5.000000000000000000 ) ) ;
#3635 = CARTESIAN_POINT ( 'NONE',  ( -75.09999999999993747, 14.00000000000000000, 42.50000000000000000 ) ) ;
#3636 = CARTESIAN_POINT ( 'NONE',  ( 71.10000000000005116, 2.000000000000000000, 15.00000000000000000 ) ) ;
#3637 = ORIENTED_EDGE ( 'NONE', *, *, #238, .F. ) ;
#3638 = ADVANCED_FACE ( 'NONE', ( #75 ), #3240, .T. ) ;
#3639 = LINE ( 'NONE', #3183, #1744 ) ;
#3640 = EDGE_LOOP ( 'NONE', ( #5470, #4230, #5500, #6477 ) ) ;
#3641 = CARTESIAN_POINT ( 'NONE',  ( -45.00000000000000000, 9.199999999999999289, 36.49999999999972999 ) ) ;
#3642 = LINE ( 'NONE', #6806, #1827 ) ;
#3643 = CARTESIAN_POINT ( 'NONE',  ( -37.00000000000002842, 9.199999999999999289, -36.49999999999972999 ) ) ;
#3644 = ORIENTED_EDGE ( 'NONE', *, *, #432, .F. ) ;
#3645 = EDGE_CURVE ( 'NONE', #2126, #3000, #5343, .T. ) ;
#3646 = ORIENTED_EDGE ( 'NONE', *, *, #3398, .T. ) ;
#3647 = VERTEX_POINT ( 'NONE', #3699 ) ;
#3648 = FACE_OUTER_BOUND ( 'NONE', #5878, .T. ) ;
#3649 = DIRECTION ( 'NONE',  ( 0.7071067811865500152, -0.7071067811865451302, -0.000000000000000000 ) ) ;
#3650 = ORIENTED_EDGE ( 'NONE', *, *, #6797, .F. ) ;
#3651 = CARTESIAN_POINT ( 'NONE',  ( 45.00000000000000711, 3.800000000000001155, 38.50000000000000711 ) ) ;
#3652 = ORIENTED_EDGE ( 'NONE', *, *, #3645, .T. ) ;
#3653 = LINE ( 'NONE', #5299, #4714 ) ;
#3654 = DIRECTION ( 'NONE',  ( 0.7071067811865451302, 0.000000000000000000, 0.7071067811865500152 ) ) ;
#3655 = CARTESIAN_POINT ( 'NONE',  ( -3.999999999999996447, 8.199999999999985079, -38.50000000000000711 ) ) ;
#3656 = DIRECTION ( 'NONE',  ( -1.000000000000000000, 0.000000000000000000, 0.000000000000000000 ) ) ;
#3657 = DIRECTION ( 'NONE',  ( 1.734723475976805319E-15, 0.000000000000000000, -1.000000000000000000 ) ) ;
#3658 = VERTEX_POINT ( 'NONE', #1690 ) ;
#3659 = EDGE_CURVE ( 'NONE', #2319, #6095, #3283, .T. ) ;
#3660 = CARTESIAN_POINT ( 'NONE',  ( -64.99999999999998579, 7.199999999999984190, 36.49999999999958789 ) ) ;
#3661 = PLANE ( 'NONE',  #5298 ) ;
#3662 = PLANE ( 'NONE',  #3924 ) ;
#3663 = LINE ( 'NONE', #974, #5138 ) ;
#3664 = CARTESIAN_POINT ( 'NONE',  ( 66.99999999999994316, -0.0009999999999992653654, 38.50000000000000711 ) ) ;
#3665 = ORIENTED_EDGE ( 'NONE', *, *, #6123, .F. ) ;
#3666 = LINE ( 'NONE', #627, #4067 ) ;
#3667 = ORIENTED_EDGE ( 'NONE', *, *, #606, .T. ) ;
#3668 = DIRECTION ( 'NONE',  ( -1.000000000000000000, 0.000000000000000000, 0.000000000000000000 ) ) ;
#3669 = FACE_OUTER_BOUND ( 'NONE', #1194, .T. ) ;
#3670 = DIRECTION ( 'NONE',  ( 0.000000000000000000, 0.000000000000000000, -1.000000000000000000 ) ) ;
#3672 = EDGE_CURVE ( 'NONE', #5419, #3295, #6453, .T. ) ;
#3671 = ADVANCED_FACE ( 'NONE', ( #4884 ), #3179, .T. ) ;
#3673 = ORIENTED_EDGE ( 'NONE', *, *, #66, .T. ) ;
#3674 = ORIENTED_EDGE ( 'NONE', *, *, #2189, .T. ) ;
#3675 = ORIENTED_EDGE ( 'NONE', *, *, #893, .F. ) ;
#3676 = CARTESIAN_POINT ( 'NONE',  ( 15.00000000000000533, 3.800000000000001155, -36.50000000000002132 ) ) ;
#3677 = EDGE_CURVE ( 'NONE', #4463, #1046, #5280, .T. ) ;
#3678 = EDGE_CURVE ( 'NONE', #4222, #5266, #206, .T. ) ;
#3679 = ADVANCED_FACE ( 'NONE', ( #1901 ), #2308, .F. ) ;
#3680 = CARTESIAN_POINT ( 'NONE',  ( 62.99999999999997158, 9.199999999999999289, 38.50000000000000711 ) ) ;
#3681 = EDGE_LOOP ( 'NONE', ( #6469, #3260, #2547, #4528 ) ) ;
#3682 = LINE ( 'NONE', #5783, #190 ) ;
#3683 = ORIENTED_EDGE ( 'NONE', *, *, #985, .F. ) ;
#3684 = FACE_OUTER_BOUND ( 'NONE', #740, .T. ) ;
#3685 = VECTOR ( 'NONE', #6034, 999.9999999999998863 ) ;
#3686 = CARTESIAN_POINT ( 'NONE',  ( -70.09999999999998010, 3.800000000000001155, -35.50000000000000711 ) ) ;
#3687 = FACE_OUTER_BOUND ( 'NONE', #2633, .T. ) ;
#3688 = EDGE_CURVE ( 'NONE', #916, #317, #6049, .T. ) ;
#3689 = CARTESIAN_POINT ( 'NONE',  ( 45.00000000000000711, 7.199999999999984190, 38.50000000000000711 ) ) ;
#3690 = LINE ( 'NONE', #3729, #629 ) ;
#3691 = VECTOR ( 'NONE', #2965, 1000.000000000000000 ) ;
#3692 = ORIENTED_EDGE ( 'NONE', *, *, #3127, .F. ) ;
#3693 = DIRECTION ( 'NONE',  ( -0.7071067811865524577, 0.000000000000000000, 0.7071067811865426878 ) ) ;
#3694 = CARTESIAN_POINT ( 'NONE',  ( -14.99999999999999645, 7.199999999999984190, -38.49999999999986500 ) ) ;
#3695 = FACE_OUTER_BOUND ( 'NONE', #4507, .T. ) ;
#3696 = VECTOR ( 'NONE', #1184, 1000.000000000000000 ) ;
#3697 = ADVANCED_FACE ( 'NONE', ( #4414 ), #4955, .T. ) ;
#3698 = DIRECTION ( 'NONE',  ( 0.000000000000000000, -0.7071067811865446862, 0.7071067811865503483 ) ) ;
#3699 = CARTESIAN_POINT ( 'NONE',  ( 25.00000000000000355, 7.199999999999984190, 36.50000000000000711 ) ) ;
#3700 = VECTOR ( 'NONE', #3232, 1000.000000000000000 ) ;
#3701 = ORIENTED_EDGE ( 'NONE', *, *, #2245, .F. ) ;
#3702 = VECTOR ( 'NONE', #1109, 1000.000000000000000 ) ;
#3703 = DIRECTION ( 'NONE',  ( -1.000000000000000000, 0.000000000000000000, -3.469446951953610639E-15 ) ) ;
#3704 = ORIENTED_EDGE ( 'NONE', *, *, #3094, .F. ) ;
#3705 = CARTESIAN_POINT ( 'NONE',  ( -75.09999999999995168, 2.000000000000000000, -35.30000000000000426 ) ) ;
#3706 = CARTESIAN_POINT ( 'NONE',  ( -4.999999999999995559, 9.199999999999999289, 36.50000000000000711 ) ) ;
#3707 = DIRECTION ( 'NONE',  ( 0.000000000000000000, -1.000000000000000000, 0.000000000000000000 ) ) ;
#3708 = AXIS2_PLACEMENT_3D ( 'NONE', #3550, #400, #4098 ) ;
#3709 = AXIS2_PLACEMENT_3D ( 'NONE', #4190, #6197, #6296 ) ;
#3710 = VERTEX_POINT ( 'NONE', #4446 ) ;
#3711 = VECTOR ( 'NONE', #1829, 1000.000000000000000 ) ;
#3712 = VERTEX_POINT ( 'NONE', #6522 ) ;
#3714 = EDGE_CURVE ( 'NONE', #5668, #4278, #1382, .T. ) ;
#3713 = EDGE_CURVE ( 'NONE', #284, #2253, #4924, .T. ) ;
#3715 = VECTOR ( 'NONE', #410, 1000.000000000000000 ) ;
#3716 = ORIENTED_EDGE ( 'NONE', *, *, #4228, .T. ) ;
#3717 = CARTESIAN_POINT ( 'NONE',  ( -12.99999999999990052, -0.0009999999999992653654, 38.50000000000000711 ) ) ;
#3718 = FACE_OUTER_BOUND ( 'NONE', #5049, .T. ) ;
#3719 = AXIS2_PLACEMENT_3D ( 'NONE', #5264, #544, #4229 ) ;
#3720 = ORIENTED_EDGE ( 'NONE', *, *, #4194, .T. ) ;
#3721 = DIRECTION ( 'NONE',  ( 1.000000000000000000, 0.000000000000000000, -1.387778780781444492E-15 ) ) ;
#3722 = ORIENTED_EDGE ( 'NONE', *, *, #578, .T. ) ;
#3723 = ADVANCED_FACE ( 'NONE', ( #6115 ), #6005, .F. ) ;
#3724 = VECTOR ( 'NONE', #2461, 1000.000000000000000 ) ;
#3725 = PLANE ( 'NONE',  #4876 ) ;
#3726 = FACE_OUTER_BOUND ( 'NONE', #6781, .T. ) ;
#3727 = CARTESIAN_POINT ( 'NONE',  ( -27.00000000000017764, -0.0009999999999992653654, 38.50000000000000711 ) ) ;
#3728 = DIRECTION ( 'NONE',  ( 0.000000000000000000, -1.000000000000000000, 0.000000000000000000 ) ) ;
#3729 = CARTESIAN_POINT ( 'NONE',  ( -73.09999999999978115, 9.199999999999999289, -22.99999999999997513 ) ) ;
#3730 = AXIS2_PLACEMENT_3D ( 'NONE', #3500, #6726, #5601 ) ;
#3731 = EDGE_CURVE ( 'NONE', #2786, #5111, #5598, .T. ) ;
#3732 = VERTEX_POINT ( 'NONE', #3939 ) ;
#3733 = EDGE_CURVE ( 'NONE', #3118, #5632, #1168, .T. ) ;
#3734 = CARTESIAN_POINT ( 'NONE',  ( 71.09999999999978115, 3.800000000000001155, -15.00000000000000000 ) ) ;
#3735 = VECTOR ( 'NONE', #5229, 1000.000000000000000 ) ;
#3736 = DIRECTION ( 'NONE',  ( -1.000000000000000000, 0.000000000000000000, -0.000000000000000000 ) ) ;
#3737 = CARTESIAN_POINT ( 'NONE',  ( 55.00000000000000000, 7.199999999999984190, 36.50000000000000711 ) ) ;
#3738 = FACE_OUTER_BOUND ( 'NONE', #6398, .T. ) ;
#3739 = DIRECTION ( 'NONE',  ( 0.000000000000000000, 0.000000000000000000, -1.000000000000000000 ) ) ;
#3740 = ORIENTED_EDGE ( 'NONE', *, *, #4236, .T. ) ;
#3741 = EDGE_CURVE ( 'NONE', #1751, #1038, #6595, .T. ) ;
#3742 = DIRECTION ( 'NONE',  ( 1.000000000000000000, 0.000000000000000000, 0.000000000000000000 ) ) ;
#3743 = ORIENTED_EDGE ( 'NONE', *, *, #105, .T. ) ;
#3744 = CARTESIAN_POINT ( 'NONE',  ( 45.00000000000000711, 3.800000000000001155, -36.50000000000002132 ) ) ;
#3745 = LINE ( 'NONE', #6158, #4898 ) ;
#3746 = DIRECTION ( 'NONE',  ( 0.7071067811865451302, 0.7071067811865500152, 0.000000000000000000 ) ) ;
#3747 = ORIENTED_EDGE ( 'NONE', *, *, #2610, .T. ) ;
#3748 = VERTEX_POINT ( 'NONE', #5974 ) ;
#3749 = EDGE_CURVE ( 'NONE', #1639, #3118, #1312, .T. ) ;
#3750 = ORIENTED_EDGE ( 'NONE', *, *, #496, .F. ) ;
#3751 = CARTESIAN_POINT ( 'NONE',  ( -71.10000000000005116, 3.800000000000001155, 25.00000000000000000 ) ) ;
#3752 = DIRECTION ( 'NONE',  ( 0.000000000000000000, 1.000000000000000000, 0.000000000000000000 ) ) ;
#3753 = DIRECTION ( 'NONE',  ( -0.000000000000000000, 0.000000000000000000, -1.000000000000000000 ) ) ;
#3754 = ORIENTED_EDGE ( 'NONE', *, *, #1532, .T. ) ;
#3755 = ORIENTED_EDGE ( 'NONE', *, *, #678, .F. ) ;
#3756 = DIRECTION ( 'NONE',  ( 0.000000000000000000, -1.000000000000000000, 0.000000000000000000 ) ) ;
#3757 = DIRECTION ( 'NONE',  ( 0.000000000000000000, -1.000000000000000000, 0.000000000000000000 ) ) ;
#3758 = CARTESIAN_POINT ( 'NONE',  ( 38.99999999999995737, 13.19999999999998863, 38.50000000000000711 ) ) ;
#3759 = EDGE_CURVE ( 'NONE', #5366, #3058, #3973, .T. ) ;
#3760 = CARTESIAN_POINT ( 'NONE',  ( -36.00000000000000711, 8.199999999999985079, -36.49999999999972999 ) ) ;
#3761 = ORIENTED_EDGE ( 'NONE', *, *, #1681, .T. ) ;
#3762 = DIRECTION ( 'NONE',  ( 0.000000000000000000, -1.000000000000000000, 0.000000000000000000 ) ) ;
#3763 = DIRECTION ( 'NONE',  ( 0.000000000000000000, 0.000000000000000000, 1.000000000000000000 ) ) ;
#3764 = CARTESIAN_POINT ( 'NONE',  ( 65.00000000000000000, 3.800000000000001155, 38.50000000000000711 ) ) ;
#3765 = AXIS2_PLACEMENT_3D ( 'NONE', #4920, #4411, #6519 ) ;
#3766 = EDGE_CURVE ( 'NONE', #6635, #4462, #239, .T. ) ;
#3767 = DIRECTION ( 'NONE',  ( 0.000000000000000000, 1.000000000000000000, 0.000000000000000000 ) ) ;
#3768 = LINE ( 'NONE', #4285, #6143 ) ;
#3769 = EDGE_LOOP ( 'NONE', ( #119, #823, #643, #4508 ) ) ;
#3770 = CARTESIAN_POINT ( 'NONE',  ( 42.99999999999997868, 9.199999999999999289, -38.50000000000002132 ) ) ;
#3771 = VERTEX_POINT ( 'NONE', #764 ) ;
#3772 = FACE_OUTER_BOUND ( 'NONE', #1610, .T. ) ;
#3773 = CARTESIAN_POINT ( 'NONE',  ( -14.99999999999999645, 9.199999999999999289, -38.49999999999986500 ) ) ;
#3774 = EDGE_CURVE ( 'NONE', #1132, #2396, #3426, .T. ) ;
#3775 = ORIENTED_EDGE ( 'NONE', *, *, #2830, .F. ) ;
#3776 = ORIENTED_EDGE ( 'NONE', *, *, #2829, .T. ) ;
#3777 = ORIENTED_EDGE ( 'NONE', *, *, #1256, .T. ) ;
#3778 = DIRECTION ( 'NONE',  ( -1.802310104910968394E-16, 0.000000000000000000, 1.000000000000000000 ) ) ;
#3779 = ORIENTED_EDGE ( 'NONE', *, *, #3308, .F. ) ;
#3780 = CARTESIAN_POINT ( 'NONE',  ( -34.99999999999999289, 7.199999999999984190, 38.49999999999972999 ) ) ;
#3781 = ORIENTED_EDGE ( 'NONE', *, *, #1867, .T. ) ;
#3782 = CARTESIAN_POINT ( 'NONE',  ( -38.99999999999996447, 13.19999999999998863, -36.49999999999972999 ) ) ;
#3783 = ORIENTED_EDGE ( 'NONE', *, *, #1775, .T. ) ;
#3784 = EDGE_LOOP ( 'NONE', ( #2499, #1291, #6132, #2016, #785, #4896 ) ) ;
#3785 = LINE ( 'NONE', #1752, #2799 ) ;
#3786 = CARTESIAN_POINT ( 'NONE',  ( 55.00000000000000000, 9.199999999999999289, 36.50000000000000711 ) ) ;
#3787 = CARTESIAN_POINT ( 'NONE',  ( -7.000000000000033751, -0.0009999999999992653654, 38.50000000000000711 ) ) ;
#3788 = DIRECTION ( 'NONE',  ( -0.7071067811865484609, -0.7071067811865465735, -0.000000000000000000 ) ) ;
#3789 = ORIENTED_EDGE ( 'NONE', *, *, #1606, .T. ) ;
#3791 = ADVANCED_FACE ( 'NONE', ( #4008 ), #274, .F. ) ;
#3790 = EDGE_CURVE ( 'NONE', #6501, #4969, #3390, .T. ) ;
#3792 = DIRECTION ( 'NONE',  ( 1.000000000000000000, 0.000000000000000000, -1.734723475976805319E-15 ) ) ;
#3793 = DIRECTION ( 'NONE',  ( -0.7071067811865500152, 0.7071067811865451302, -0.000000000000000000 ) ) ;
#3794 = DIRECTION ( 'NONE',  ( 1.000000000000000000, 0.000000000000000000, 0.000000000000000000 ) ) ;
#3795 = CARTESIAN_POINT ( 'NONE',  ( 46.99999999999997158, 3.800000000000001155, -38.50000000000000711 ) ) ;
#3796 = AXIS2_PLACEMENT_3D ( 'NONE', #1635, #3147, #1176 ) ;
#3797 = CARTESIAN_POINT ( 'NONE',  ( 70.09999999999998010, 3.800000000000001155, -38.50000000000000711 ) ) ;
#3798 = ORIENTED_EDGE ( 'NONE', *, *, #3180, .T. ) ;
#3799 = VECTOR ( 'NONE', #4991, 1000.000000000000000 ) ;
#3800 = FACE_OUTER_BOUND ( 'NONE', #3553, .T. ) ;
#3801 = VERTEX_POINT ( 'NONE', #316 ) ;
#3802 = LINE ( 'NONE', #4755, #3133 ) ;
#3803 = DIRECTION ( 'NONE',  ( 0.000000000000000000, 1.000000000000000000, 0.000000000000000000 ) ) ;
#3804 = VECTOR ( 'NONE', #6420, 1000.000000000000000 ) ;
#3805 = ORIENTED_EDGE ( 'NONE', *, *, #5272, .F. ) ;
#3806 = VECTOR ( 'NONE', #2606, 1000.000000000000000 ) ;
#3807 = ORIENTED_EDGE ( 'NONE', *, *, #565, .T. ) ;
#3808 = ORIENTED_EDGE ( 'NONE', *, *, #450, .F. ) ;
#3809 = VECTOR ( 'NONE', #819, 1000.000000000000000 ) ;
#3810 = AXIS2_PLACEMENT_3D ( 'NONE', #4986, #2864, #4412 ) ;
#3811 = CARTESIAN_POINT ( 'NONE',  ( -75.04974746830579591, 14.00000000000000000, 35.50000000000000711 ) ) ;
#3812 = EDGE_LOOP ( 'NONE', ( #5376, #414, #2429, #3650 ) ) ;
#3813 = ORIENTED_EDGE ( 'NONE', *, *, #1140, .F. ) ;
#3814 = LINE ( 'NONE', #1851, #6589 ) ;
#3815 = VECTOR ( 'NONE', #4429, 1000.000000000000000 ) ;
#3816 = AXIS2_PLACEMENT_3D ( 'NONE', #2617, #187, #2679 ) ;
#3817 = ORIENTED_EDGE ( 'NONE', *, *, #3919, .F. ) ;
#3818 = ORIENTED_EDGE ( 'NONE', *, *, #1099, .F. ) ;
#3819 = EDGE_CURVE ( 'NONE', #3190, #1730, #2418, .T. ) ;
#3820 = FACE_OUTER_BOUND ( 'NONE', #2025, .T. ) ;
#3821 = DIRECTION ( 'NONE',  ( 0.000000000000000000, -1.000000000000000000, 0.000000000000000000 ) ) ;
#3822 = VECTOR ( 'NONE', #1027, 1000.000000000000000 ) ;
#3823 = DIRECTION ( 'NONE',  ( 1.000000000000000000, 0.000000000000000000, 0.000000000000000000 ) ) ;
#3824 = DIRECTION ( 'NONE',  ( 0.000000000000000000, -1.000000000000000000, -0.000000000000000000 ) ) ;
#3825 = EDGE_CURVE ( 'NONE', #3154, #1955, #2451, .T. ) ;
#3826 = VECTOR ( 'NONE', #6236, 1000.000000000000000 ) ;
#3827 = VERTEX_POINT ( 'NONE', #4077 ) ;
#3828 = LINE ( 'NONE', #2207, #1530 ) ;
#3829 = FACE_OUTER_BOUND ( 'NONE', #3146, .T. ) ;
#3830 = DIRECTION ( 'NONE',  ( 1.000000000000000000, 0.000000000000000000, 1.734723475976805319E-15 ) ) ;
#3831 = DIRECTION ( 'NONE',  ( -1.000000000000000000, 0.000000000000000000, 0.000000000000000000 ) ) ;
#3832 = VECTOR ( 'NONE', #2400, 1000.000000000000000 ) ;
#3833 = CARTESIAN_POINT ( 'NONE',  ( -71.10000000000005116, 9.199999999999999289, 25.00000000000000000 ) ) ;
#3835 = EDGE_CURVE ( 'NONE', #6231, #6103, #855, .T. ) ;
#3834 = EDGE_CURVE ( 'NONE', #3448, #3748, #5630, .T. ) ;
#3836 = EDGE_LOOP ( 'NONE', ( #3228, #1323, #902, #1383, #2427, #1245 ) ) ;
#3837 = VECTOR ( 'NONE', #6286, 1000.000000000000000 ) ;
#3838 = LINE ( 'NONE', #1278, #3622 ) ;
#3839 = VERTEX_POINT ( 'NONE', #4176 ) ;
#3840 = CARTESIAN_POINT ( 'NONE',  ( -75.09999999999993747, 14.00000000000000000, 42.50000000000000000 ) ) ;
#3841 = LINE ( 'NONE', #770, #2727 ) ;
#3842 = LINE ( 'NONE', #6324, #5024 ) ;
#3843 = VECTOR ( 'NONE', #5726, 1000.000000000000000 ) ;
#3844 = ORIENTED_EDGE ( 'NONE', *, *, #603, .T. ) ;
#3845 = EDGE_CURVE ( 'NONE', #5203, #4301, #478, .T. ) ;
#3846 = ORIENTED_EDGE ( 'NONE', *, *, #1785, .T. ) ;
#3847 = ORIENTED_EDGE ( 'NONE', *, *, #6533, .F. ) ;
#3848 = CARTESIAN_POINT ( 'NONE',  ( 70.09999999999999432, 14.00000000000000000, -42.50000000000000000 ) ) ;
#3849 = CARTESIAN_POINT ( 'NONE',  ( 73.10000000000000853, 3.800000000000001155, -38.50000000000000711 ) ) ;
#3850 = ORIENTED_EDGE ( 'NONE', *, *, #81, .T. ) ;
#3851 = EDGE_CURVE ( 'NONE', #3392, #87, #4549, .T. ) ;
#3852 =( NAMED_UNIT ( * ) SI_UNIT ( $, .STERADIAN. ) SOLID_ANGLE_UNIT ( ) );
#3853 = VERTEX_POINT ( 'NONE', #6693 ) ;
#3854 = CARTESIAN_POINT ( 'NONE',  ( 0.000000000000000000, 9.199999999999999289, 0.000000000000000000 ) ) ;
#3855 = VERTEX_POINT ( 'NONE', #6653 ) ;
#3856 = ORIENTED_EDGE ( 'NONE', *, *, #3485, .F. ) ;
#3857 = CARTESIAN_POINT ( 'NONE',  ( -73.09999999999978115, 9.199999999999999289, -14.99999999999999645 ) ) ;
#3858 = DIRECTION ( 'NONE',  ( -1.000000000000000000, 0.000000000000000000, 0.000000000000000000 ) ) ;
#3859 = LINE ( 'NONE', #2367, #4785 ) ;
#3860 = LINE ( 'NONE', #3966, #1959 ) ;
#3861 = ORIENTED_EDGE ( 'NONE', *, *, #1365, .F. ) ;
#3862 = CARTESIAN_POINT ( 'NONE',  ( -75.04974746830579591, 14.00000000000000000, -36.22604597891263012 ) ) ;
#3863 = DIRECTION ( 'NONE',  ( 0.000000000000000000, 0.000000000000000000, 1.000000000000000000 ) ) ;
#3864 = LINE ( 'NONE', #236, #1393 ) ;
#3865 = DIRECTION ( 'NONE',  ( -0.7071067811865500152, -0.7071067811865451302, 9.813077866773628010E-16 ) ) ;
#3866 = CARTESIAN_POINT ( 'NONE',  ( 46.99999999999997158, 2.000000000000000000, -38.50000000000000711 ) ) ;
#3867 = VERTEX_POINT ( 'NONE', #3558 ) ;
#3868 = ADVANCED_FACE ( 'NONE', ( #375 ), #3102, .F. ) ;
#3869 = VECTOR ( 'NONE', #6551, 1000.000000000000000 ) ;
#3870 = CARTESIAN_POINT ( 'NONE',  ( -14.99999999999999645, 7.199999999999984190, -36.49999999999986500 ) ) ;
#3871 = VERTEX_POINT ( 'NONE', #5659 ) ;
#3872 = CARTESIAN_POINT ( 'NONE',  ( -77.09999999999998010, 2.000000000000015543, -42.50000000000000000 ) ) ;
#3873 = PLANE ( 'NONE',  #6694 ) ;
#3874 = CARTESIAN_POINT ( 'NONE',  ( -4.999999999999995559, 3.800000000000001155, 36.50000000000000711 ) ) ;
#3875 = VERTEX_POINT ( 'NONE', #1521 ) ;
#3876 = ORIENTED_EDGE ( 'NONE', *, *, #6008, .F. ) ;
#3877 = ORIENTED_EDGE ( 'NONE', *, *, #3940, .T. ) ;
#3879 = EDGE_CURVE ( 'NONE', #2061, #3460, #447, .T. ) ;
#3878 = ADVANCED_FACE ( 'NONE', ( #1422 ), #3035, .T. ) ;
#3880 = LINE ( 'NONE', #5323, #2483 ) ;
#3881 = PLANE ( 'NONE',  #3930 ) ;
#3882 = ORIENTED_EDGE ( 'NONE', *, *, #706, .T. ) ;
#3883 = DIRECTION ( 'NONE',  ( 0.7071067811865402453, 0.000000000000000000, 0.7071067811865549002 ) ) ;
#3884 = ORIENTED_EDGE ( 'NONE', *, *, #4069, .F. ) ;
#3885 = FACE_OUTER_BOUND ( 'NONE', #2910, .T. ) ;
#3886 = ORIENTED_EDGE ( 'NONE', *, *, #2438, .F. ) ;
#3887 = ORIENTED_EDGE ( 'NONE', *, *, #450, .T. ) ;
#3888 = FACE_OUTER_BOUND ( 'NONE', #191, .T. ) ;
#3889 = EDGE_CURVE ( 'NONE', #5565, #4497, #347, .T. ) ;
#3890 = DIRECTION ( 'NONE',  ( 0.000000000000000000, -1.000000000000000000, 0.000000000000000000 ) ) ;
#3891 = LINE ( 'NONE', #4335, #5124 ) ;
#3892 = CARTESIAN_POINT ( 'NONE',  ( -34.99999999999999289, 9.199999999999999289, 36.49999999999972999 ) ) ;
#3893 = ORIENTED_EDGE ( 'NONE', *, *, #3262, .T. ) ;
#3894 = LINE ( 'NONE', #6591, #5823 ) ;
#3895 = ADVANCED_FACE ( 'NONE', ( #997 ), #5696, .T. ) ;
#3896 = LINE ( 'NONE', #4878, #5856 ) ;
#3897 = DIRECTION ( 'NONE',  ( -3.469446951953610639E-15, 0.000000000000000000, -1.000000000000000000 ) ) ;
#3898 = CARTESIAN_POINT ( 'NONE',  ( -37.00000000000002842, 9.199999999999999289, -38.49999999999972999 ) ) ;
#3899 = DIRECTION ( 'NONE',  ( 0.000000000000000000, 0.000000000000000000, 1.000000000000000000 ) ) ;
#3900 = VERTEX_POINT ( 'NONE', #5760 ) ;
#3901 = DIRECTION ( 'NONE',  ( 0.7071067811865474617, 0.000000000000000000, -0.7071067811865474617 ) ) ;
#3902 = CARTESIAN_POINT ( 'NONE',  ( -58.80000000000022453, 14.00000000000000000, 58.79999999999982663 ) ) ;
#3903 = CARTESIAN_POINT ( 'NONE',  ( -24.99999999999999289, 3.800000000000001155, 36.49999999999986500 ) ) ;
#3904 = CARTESIAN_POINT ( 'NONE',  ( -73.09999999999999432, 2.000000000000000000, 38.50000000000000711 ) ) ;
#3905 = VECTOR ( 'NONE', #3998, 1000.000000000000000 ) ;
#3906 = DIRECTION ( 'NONE',  ( 0.000000000000000000, -1.000000000000000000, 0.000000000000000000 ) ) ;
#3907 = ORIENTED_EDGE ( 'NONE', *, *, #3749, .T. ) ;
#3908 = VECTOR ( 'NONE', #3098, 1000.000000000000000 ) ;
#3909 = VERTEX_POINT ( 'NONE', #6248 ) ;
#3910 = ORIENTED_EDGE ( 'NONE', *, *, #4437, .T. ) ;
#3911 = CARTESIAN_POINT ( 'NONE',  ( -75.09999999999996589, 2.000000000000000000, 42.50000000000000000 ) ) ;
#3912 = DIRECTION ( 'NONE',  ( 1.000000000000000000, 0.000000000000000000, 0.000000000000000000 ) ) ;
#3913 = VECTOR ( 'NONE', #2493, 1000.000000000000000 ) ;
#3914 = VECTOR ( 'NONE', #4802, 1000.000000000000000 ) ;
#3915 = VERTEX_POINT ( 'NONE', #4617 ) ;
#3916 = CARTESIAN_POINT ( 'NONE',  ( -73.09999999999978115, 9.199999999999999289, -14.99999999999999645 ) ) ;
#3917 = ORIENTED_EDGE ( 'NONE', *, *, #5871, .T. ) ;
#3918 = CARTESIAN_POINT ( 'NONE',  ( -77.09999999999998010, 14.00000000000000000, 40.49999999999995737 ) ) ;
#3920 = EDGE_CURVE ( 'NONE', #3712, #19, #2555, .T. ) ;
#3919 = EDGE_CURVE ( 'NONE', #2126, #3871, #6152, .T. ) ;
#3921 = ORIENTED_EDGE ( 'NONE', *, *, #1646, .T. ) ;
#3922 = VECTOR ( 'NONE', #159, 1000.000000000000000 ) ;
#3923 = ORIENTED_EDGE ( 'NONE', *, *, #2623, .F. ) ;
#3924 = AXIS2_PLACEMENT_3D ( 'NONE', #5800, #6316, #6288 ) ;
#3925 = ORIENTED_EDGE ( 'NONE', *, *, #4545, .T. ) ;
#3926 = LINE ( 'NONE', #5742, #4994 ) ;
#3927 = DIRECTION ( 'NONE',  ( 1.000000000000000000, 0.000000000000000000, 0.000000000000000000 ) ) ;
#3928 = PLANE ( 'NONE',  #845 ) ;
#3929 = AXIS2_PLACEMENT_3D ( 'NONE', #3375, #2784, #2263 ) ;
#3930 = AXIS2_PLACEMENT_3D ( 'NONE', #1774, #3513, #2848 ) ;
#3931 = DIRECTION ( 'NONE',  ( 0.000000000000000000, 0.7071067811865451302, 0.7071067811865500152 ) ) ;
#3932 = ORIENTED_EDGE ( 'NONE', *, *, #5383, .F. ) ;
#3933 = VECTOR ( 'NONE', #2342, 1000.000000000000114 ) ;
#3934 = VECTOR ( 'NONE', #6700, 1000.000000000000114 ) ;
#3935 = CARTESIAN_POINT ( 'NONE',  ( 25.74999999999856470, 3.800000000000001155, 60.35000000000054143 ) ) ;
#3936 = CARTESIAN_POINT ( 'NONE',  ( -3.989863994746626025E-14, 9.199999999999999289, -22.99999999999985079 ) ) ;
#3937 = CYLINDRICAL_SURFACE ( 'NONE', #3810, 3.000000000000002665 ) ;
#3938 = DIRECTION ( 'NONE',  ( 0.7071067811865500152, -0.7071067811865451302, -0.000000000000000000 ) ) ;
#3939 = CARTESIAN_POINT ( 'NONE',  ( 75.04974746830581012, 3.800000000000001155, 35.50000000000000711 ) ) ;
#3940 = EDGE_CURVE ( 'NONE', #5632, #4301, #3531, .T. ) ;
#3941 = VECTOR ( 'NONE', #3721, 1000.000000000000000 ) ;
#3942 = EDGE_LOOP ( 'NONE', ( #4744, #6192, #348, #3276 ) ) ;
#3943 = CARTESIAN_POINT ( 'NONE',  ( 61.00000000000002132, 13.19999999999998863, 36.50000000000000711 ) ) ;
#3944 = FACE_OUTER_BOUND ( 'NONE', #3640, .T. ) ;
#3945 = VECTOR ( 'NONE', #6562, 1000.000000000000000 ) ;
#3946 = CARTESIAN_POINT ( 'NONE',  ( -70.09999999999996589, 14.00000000000000000, -35.50000000000000711 ) ) ;
#3947 = CARTESIAN_POINT ( 'NONE',  ( -73.09999999999978115, 8.199999999999985079, -16.00000000000000355 ) ) ;
#3948 = LINE ( 'NONE', #2944, #76 ) ;
#3949 = ORIENTED_EDGE ( 'NONE', *, *, #3162, .T. ) ;
#3950 = VECTOR ( 'NONE', #2836, 1000.000000000000000 ) ;
#3951 = ORIENTED_EDGE ( 'NONE', *, *, #6543, .T. ) ;
#3952 = ORIENTED_EDGE ( 'NONE', *, *, #2402, .T. ) ;
#3953 = CARTESIAN_POINT ( 'NONE',  ( 75.09999999999998010, 0.000000000000000000, -35.29999999999999716 ) ) ;
#3954 = CARTESIAN_POINT ( 'NONE',  ( -73.10000000000005116, 9.199999999999999289, 17.00000000000002487 ) ) ;
#3955 = VECTOR ( 'NONE', #5127, 1000.000000000000000 ) ;
#3956 = ORIENTED_EDGE ( 'NONE', *, *, #2031, .T. ) ;
#3957 = FACE_OUTER_BOUND ( 'NONE', #2666, .T. ) ;
#3958 = ORIENTED_EDGE ( 'NONE', *, *, #3759, .T. ) ;
#3959 = LINE ( 'NONE', #2810, #2178 ) ;
#3960 = ORIENTED_EDGE ( 'NONE', *, *, #2317, .F. ) ;
#3961 = ORIENTED_EDGE ( 'NONE', *, *, #874, .F. ) ;
#3962 = EDGE_LOOP ( 'NONE', ( #1288, #4950, #3119, #6498 ) ) ;
#3963 = DIRECTION ( 'NONE',  ( 0.000000000000000000, 0.000000000000000000, -1.000000000000000000 ) ) ;
#3964 = DIRECTION ( 'NONE',  ( 0.000000000000000000, 0.000000000000000000, -1.000000000000000000 ) ) ;
#3965 = LINE ( 'NONE', #6071, #727 ) ;
#3966 = CARTESIAN_POINT ( 'NONE',  ( -71.10000000000005116, 13.19999999999998685, 18.99999999999995381 ) ) ;
#3967 = ORIENTED_EDGE ( 'NONE', *, *, #3919, .T. ) ;
#3968 = CARTESIAN_POINT ( 'NONE',  ( -45.00000000000000711, 7.199999999999984190, 38.49999999999972999 ) ) ;
#3969 = DIRECTION ( 'NONE',  ( 0.000000000000000000, 0.000000000000000000, 1.000000000000000000 ) ) ;
#3970 = DIRECTION ( 'NONE',  ( 0.000000000000000000, -1.000000000000000000, 0.000000000000000000 ) ) ;
#3971 = ADVANCED_FACE ( 'NONE', ( #1482 ), #3593, .F. ) ;
#3972 = CARTESIAN_POINT ( 'NONE',  ( 25.00000000000000355, 2.000000000000000000, -36.50000000000002132 ) ) ;
#3973 = LINE ( 'NONE', #1346, #6792 ) ;
#3974 = ORIENTED_EDGE ( 'NONE', *, *, #5719, .T. ) ;
#3975 = DIRECTION ( 'NONE',  ( 0.000000000000000000, -1.000000000000000000, 0.000000000000000000 ) ) ;
#3976 = EDGE_CURVE ( 'NONE', #661, #5274, #4677, .T. ) ;
#3977 = DIRECTION ( 'NONE',  ( 0.000000000000000000, -1.000000000000000000, 0.000000000000000000 ) ) ;
#3978 = LINE ( 'NONE', #695, #2104 ) ;
#3979 = CARTESIAN_POINT ( 'NONE',  ( 77.10000000000000853, 14.00000000000000000, -42.50000000000000000 ) ) ;
#3980 = EDGE_CURVE ( 'NONE', #1046, #5255, #5891, .T. ) ;
#3981 = PLANE ( 'NONE',  #4780 ) ;
#3982 = VERTEX_POINT ( 'NONE', #1062 ) ;
#3983 = AXIS2_PLACEMENT_3D ( 'NONE', #3872, #799, #5528 ) ;
#3984 = VERTEX_POINT ( 'NONE', #1584 ) ;
#3985 = LINE ( 'NONE', #358, #966 ) ;
#3986 = ADVANCED_FACE ( 'NONE', ( #5334 ), #2171, .F. ) ;
#3987 = ORIENTED_EDGE ( 'NONE', *, *, #1561, .T. ) ;
#3988 = LINE ( 'NONE', #2466, #4037 ) ;
#3989 = LINE ( 'NONE', #2880, #513 ) ;
#3990 = VECTOR ( 'NONE', #6287, 1000.000000000000000 ) ;
#3991 = ORIENTED_EDGE ( 'NONE', *, *, #4593, .F. ) ;
#3992 = DIRECTION ( 'NONE',  ( -0.000000000000000000, -1.000000000000000000, 0.000000000000000000 ) ) ;
#3993 = ORIENTED_EDGE ( 'NONE', *, *, #5001, .F. ) ;
#3994 = PLANE ( 'NONE',  #3395 ) ;
#3995 = ORIENTED_EDGE ( 'NONE', *, *, #2926, .F. ) ;
#3996 = ORIENTED_EDGE ( 'NONE', *, *, #606, .F. ) ;
#3997 = VERTEX_POINT ( 'NONE', #515 ) ;
#3998 = DIRECTION ( 'NONE',  ( 0.000000000000000000, -1.000000000000000000, 0.000000000000000000 ) ) ;
#3999 = ADVANCED_FACE ( 'NONE', ( #4814 ), #5374, .F. ) ;
#4000 = CARTESIAN_POINT ( 'NONE',  ( 25.00000000000000355, 7.199999999999984190, 38.50000000000000711 ) ) ;
#4001 = DIRECTION ( 'NONE',  ( 1.000000000000000000, 0.000000000000000000, 0.000000000000000000 ) ) ;
#4002 = DIRECTION ( 'NONE',  ( 0.000000000000000000, 0.000000000000000000, -1.000000000000000000 ) ) ;
#4003 = VERTEX_POINT ( 'NONE', #1159 ) ;
#4004 = CARTESIAN_POINT ( 'NONE',  ( 73.09999999999978115, 9.199999999999999289, -14.99999999999999645 ) ) ;
#4005 =( NAMED_UNIT ( * ) SI_UNIT ( $, .STERADIAN. ) SOLID_ANGLE_UNIT ( ) );
#4006 = CARTESIAN_POINT ( 'NONE',  ( -73.09999999999998010, 2.000000000000000000, -38.50000000000000711 ) ) ;
#4007 = LINE ( 'NONE', #5132, #1500 ) ;
#4008 = FACE_OUTER_BOUND ( 'NONE', #4488, .T. ) ;
#4009 = VERTEX_POINT ( 'NONE', #2681 ) ;
#4011 = EDGE_CURVE ( 'NONE', #494, #2390, #6383, .T. ) ;
#4010 = EDGE_CURVE ( 'NONE', #805, #6641, #2203, .T. ) ;
#4012 = PLANE ( 'NONE',  #5040 ) ;
#4013 = CARTESIAN_POINT ( 'NONE',  ( -34.99999999999999289, 3.800000000000001155, 38.49999999999972999 ) ) ;
#4014 = CARTESIAN_POINT ( 'NONE',  ( 42.99999999999997868, 9.199999999999999289, -38.50000000000002132 ) ) ;
#4015 = CARTESIAN_POINT ( 'NONE',  ( -6.999999999999964473, -0.0009999999999992653654, -38.50000000000000711 ) ) ;
#4016 = VERTEX_POINT ( 'NONE', #3170 ) ;
#4017 = VERTEX_POINT ( 'NONE', #4305 ) ;
#4018 = AXIS2_PLACEMENT_3D ( 'NONE', #4960, #4888, #2346 ) ;
#4019 = DIRECTION ( 'NONE',  ( 1.226634733346694183E-15, 0.7071067811865496822, -0.7071067811865453523 ) ) ;
#4020 = VERTEX_POINT ( 'NONE', #1683 ) ;
#4021 = PLANE ( 'NONE',  #5575 ) ;
#4022 = DIRECTION ( 'NONE',  ( 0.7071067811865496822, 0.7071067811865453523, -0.000000000000000000 ) ) ;
#4023 = ORIENTED_EDGE ( 'NONE', *, *, #5364, .F. ) ;
#4024 = PLANE ( 'NONE',  #4583 ) ;
#4025 = EDGE_LOOP ( 'NONE', ( #2173, #1112, #4944, #6555, #889, #3447, #1152, #5257 ) ) ;
#4026 = VECTOR ( 'NONE', #6395, 1000.000000000000000 ) ;
#4027 = CARTESIAN_POINT ( 'NONE',  ( -73.09999999999999432, 3.800000000000001155, 38.50000000000000711 ) ) ;
#4028 = EDGE_CURVE ( 'NONE', #1246, #1257, #3690, .T. ) ;
#4029 = EDGE_CURVE ( 'NONE', #1491, #184, #552, .T. ) ;
#4030 = VERTEX_POINT ( 'NONE', #5273 ) ;
#4031 = ORIENTED_EDGE ( 'NONE', *, *, #4186, .F. ) ;
#4032 = CLOSED_SHELL ( 'NONE', ( #1481, #2752, #924, #1402, #6285, #4601, #5961, #1821, #6532, #5993, #2288, #371, #821, #4408, #6255, #2976, #5771, #2128, #3999, #5684, #1524, #6329, #3511, #6747, #2121, #6701, #1169, #6808, #5633, #2286, #6677, #2041, #1216, #5344, #2690, #3679, #5356, #4121, #226, #1411, #6789, #5288, #3215, #2158, #5000, #3242, #2088, #651, #4421, #3791, #5435, #1025, #2462, #865, #3163, #6187, #932, #2749, #1680, #3009, #318, #2869, #5689, #4479, #6384, #5076, #422, #3611, #5666, #185, #3638, #3878, #2436, #2205, #3214, #5914, #5052, #3189, #4213, #2962, #5345, #6145, #6636, #4383, #4167, #3263, #4964, #3437, #820, #4487, #2270, #6292, #4760, #3209, #1904, #6577, #758, #4630, #1466, #4945, #4610, #1792, #6445, #3344, #2571, #5191, #4525, #4038, #6333, #2741, #4873, #5104, #4917, #1516, #174, #6446, #6777, #264, #3697, #88, #491, #4349, #3476, #6284, #2106, #446, #1170, #104, #3895, #3986, #1921, #5737, #6326, #2024, #6816, #5652, #3671, #2, #1874, #5236, #4512, #3723, #130, #3868, #1100, #301, #1066, #829, #4384, #803, #4270, #715, #725, #5189, #6722, #5393, #3121, #4341, #3510, #5913, #4128, #5981, #55, #5449, #1348, #549, #3389, #2419, #3971, #784, #4193, #6196, #4982, #1302, #5970, #5097, #2653, #1748, #2454, #2997, #4401, #1233, #4752, #5524, #1576, #5872, #4901, #2412, #4129, #4315, #6134, #4262, #1548, #2457, #1814, #1896, #5585, #3588, #225, #2487, #714, #6664, #679, #5402, #2053, #3038, #10, #4641, #6578, #3400, #1984, #1784, #1102, #528, #5305, #4795, #6392, #434, #1016 ) ) ;
#4033 = LINE ( 'NONE', #5682, #2038 ) ;
#4034 = DIRECTION ( 'NONE',  ( 4.336808689942013003E-15, 0.000000000000000000, 1.000000000000000000 ) ) ;
#4035 = CARTESIAN_POINT ( 'NONE',  ( 42.99999999999997868, 9.199999999999999289, 36.50000000000000711 ) ) ;
#4036 = VECTOR ( 'NONE', #5029, 1000.000000000000000 ) ;
#4037 = VECTOR ( 'NONE', #4088, 1000.000000000000000 ) ;
#4038 = ADVANCED_FACE ( 'NONE', ( #3132 ), #2755, .T. ) ;
#4039 = ORIENTED_EDGE ( 'NONE', *, *, #5022, .T. ) ;
#4040 = LINE ( 'NONE', #3491, #6598 ) ;
#4041 = PLANE ( 'NONE',  #5019 ) ;
#4042 = LINE ( 'NONE', #345, #4353 ) ;
#4043 = CARTESIAN_POINT ( 'NONE',  ( -25.00000000000000355, 9.199999999999999289, 38.49999999999986500 ) ) ;
#4044 = VECTOR ( 'NONE', #4105, 1000.000000000000114 ) ;
#4045 = ORIENTED_EDGE ( 'NONE', *, *, #3082, .F. ) ;
#4046 = AXIS2_PLACEMENT_3D ( 'NONE', #6766, #3572, #6670 ) ;
#4047 = LINE ( 'NONE', #3533, #2844 ) ;
#4048 = DIRECTION ( 'NONE',  ( 1.000000000000000000, -0.000000000000000000, -0.000000000000000000 ) ) ;
#4049 = CARTESIAN_POINT ( 'NONE',  ( -71.09999999999978115, 2.000000000000000000, -25.00000000000000000 ) ) ;
#4050 = LINE ( 'NONE', #1942, #6232 ) ;
#4051 = AXIS2_PLACEMENT_3D ( 'NONE', #3454, #822, #6778 ) ;
#4052 = EDGE_CURVE ( 'NONE', #641, #5421, #4237, .T. ) ;
#4053 = ORIENTED_EDGE ( 'NONE', *, *, #4678, .F. ) ;
#4054 = AXIS2_PLACEMENT_3D ( 'NONE', #6496, #1766, #2386 ) ;
#4055 = ORIENTED_EDGE ( 'NONE', *, *, #2707, .F. ) ;
#4056 = DIRECTION ( 'NONE',  ( 0.000000000000000000, -1.000000000000000000, 0.000000000000000000 ) ) ;
#4057 = ORIENTED_EDGE ( 'NONE', *, *, #1189, .T. ) ;
#4058 = CARTESIAN_POINT ( 'NONE',  ( 73.10000000000000853, 2.000000000000000000, 7.000000000000089706 ) ) ;
#4059 = CARTESIAN_POINT ( 'NONE',  ( 73.10000000000005116, 3.800000000000001155, 14.99999999999999645 ) ) ;
#4060 = EDGE_CURVE ( 'NONE', #4292, #4222, #129, .T. ) ;
#4061 = ORIENTED_EDGE ( 'NONE', *, *, #6767, .T. ) ;
#4062 = LINE ( 'NONE', #6800, #6357 ) ;
#4063 = AXIS2_PLACEMENT_3D ( 'NONE', #5870, #2182, #3742 ) ;
#4064 = ORIENTED_EDGE ( 'NONE', *, *, #6166, .T. ) ;
#4065 = ORIENTED_EDGE ( 'NONE', *, *, #978, .T. ) ;
#4066 = ORIENTED_EDGE ( 'NONE', *, *, #2544, .T. ) ;
#4067 = VECTOR ( 'NONE', #1106, 1000.000000000000000 ) ;
#4068 = DIRECTION ( 'NONE',  ( 0.000000000000000000, 0.000000000000000000, 1.000000000000000000 ) ) ;
#4069 = EDGE_CURVE ( 'NONE', #2477, #3196, #1094, .T. ) ;
#4070 = CARTESIAN_POINT ( 'NONE',  ( -45.00000000000000000, 9.199999999999999289, -36.49999999999972999 ) ) ;
#4071 = DIRECTION ( 'NONE',  ( 0.000000000000000000, 0.7071067811865451302, -0.7071067811865500152 ) ) ;
#4072 = ORIENTED_EDGE ( 'NONE', *, *, #5947, .T. ) ;
#4073 = CARTESIAN_POINT ( 'NONE',  ( -24.99999999999999289, 3.800000000000001155, 36.49999999999986500 ) ) ;
#4074 = DIRECTION ( 'NONE',  ( 0.000000000000000000, 1.000000000000000000, 0.000000000000000000 ) ) ;
#4075 = CARTESIAN_POINT ( 'NONE',  ( -4.999999999999995559, 2.000000000000000000, -36.50000000000000711 ) ) ;
#4076 = DIRECTION ( 'NONE',  ( -1.000000000000000000, 0.000000000000000000, -0.000000000000000000 ) ) ;
#4077 = CARTESIAN_POINT ( 'NONE',  ( 65.00000000000000000, 7.199999999999984190, 38.50000000000000711 ) ) ;
#4078 = EDGE_LOOP ( 'NONE', ( #1547, #2293, #1804, #3036, #560, #4327 ) ) ;
#4079 = PLANE ( 'NONE',  #416 ) ;
#4080 = LINE ( 'NONE', #4620, #2650 ) ;
#4081 = CARTESIAN_POINT ( 'NONE',  ( -73.09999999999998010, 2.000000000000000000, -38.50000000000000711 ) ) ;
#4082 = EDGE_CURVE ( 'NONE', #458, #2253, #6442, .T. ) ;
#4083 = PLANE ( 'NONE',  #607 ) ;
#4084 = ORIENTED_EDGE ( 'NONE', *, *, #6465, .T. ) ;
#4085 = VERTEX_POINT ( 'NONE', #6823 ) ;
#4086 = DIRECTION ( 'NONE',  ( 0.000000000000000000, 0.000000000000000000, -1.000000000000000000 ) ) ;
#4087 = VERTEX_POINT ( 'NONE', #2103 ) ;
#4088 = DIRECTION ( 'NONE',  ( 0.000000000000000000, -1.000000000000000000, 0.000000000000000000 ) ) ;
#4089 = LINE ( 'NONE', #6168, #4907 ) ;
#4090 = ORIENTED_EDGE ( 'NONE', *, *, #1714, .T. ) ;
#4091 = VERTEX_POINT ( 'NONE', #4206 ) ;
#4092 = VECTOR ( 'NONE', #2006, 1000.000000000000000 ) ;
#4093 = ORIENTED_EDGE ( 'NONE', *, *, #158, .F. ) ;
#4095 = EDGE_CURVE ( 'NONE', #3900, #4268, #5303, .T. ) ;
#4094 = EDGE_CURVE ( 'NONE', #2809, #5991, #2134, .T. ) ;
#4096 = ORIENTED_EDGE ( 'NONE', *, *, #5738, .F. ) ;
#4097 = LINE ( 'NONE', #6584, #5005 ) ;
#4098 = DIRECTION ( 'NONE',  ( 0.000000000000000000, 0.000000000000000000, 1.000000000000000000 ) ) ;
#4099 = LINE ( 'NONE', #3027, #5922 ) ;
#4100 = EDGE_LOOP ( 'NONE', ( #6811, #666, #275, #1444 ) ) ;
#4101 = LINE ( 'NONE', #6748, #268 ) ;
#4102 = DIRECTION ( 'NONE',  ( 0.000000000000000000, -1.000000000000000000, 0.000000000000000000 ) ) ;
#4103 = CARTESIAN_POINT ( 'NONE',  ( -3.989863994746624763E-14, 9.199999999999999289, 22.99999999999984368 ) ) ;
#4104 = FACE_OUTER_BOUND ( 'NONE', #6702, .T. ) ;
#4105 = DIRECTION ( 'NONE',  ( 0.000000000000000000, 0.7071067811865451302, -0.7071067811865500152 ) ) ;
#4106 = EDGE_CURVE ( 'NONE', #5436, #1863, #1654, .T. ) ;
#4107 = ORIENTED_EDGE ( 'NONE', *, *, #6432, .T. ) ;
#4108 = EDGE_CURVE ( 'NONE', #3519, #458, #3380, .T. ) ;
#4109 = FACE_OUTER_BOUND ( 'NONE', #5918, .T. ) ;
#4110 = CARTESIAN_POINT ( 'NONE',  ( -69.89999999999996305, 0.000000000000000000, -40.50000000000000000 ) ) ;
#4111 = CARTESIAN_POINT ( 'NONE',  ( -73.09999999999978115, 7.199999999999984190, -14.99999999999999645 ) ) ;
#4112 = CARTESIAN_POINT ( 'NONE',  ( -64.99999999999998579, 3.800000000000001155, 36.49999999999958789 ) ) ;
#4113 = ORIENTED_EDGE ( 'NONE', *, *, #3749, .F. ) ;
#4114 = ORIENTED_EDGE ( 'NONE', *, *, #4115, .T. ) ;
#4115 = EDGE_CURVE ( 'NONE', #1639, #698, #4874, .T. ) ;
#4116 = DIRECTION ( 'NONE',  ( 0.000000000000000000, -0.000000000000000000, -1.000000000000000000 ) ) ;
#4117 = VERTEX_POINT ( 'NONE', #1755 ) ;
#4118 = DIRECTION ( 'NONE',  ( -1.000000000000000000, 0.000000000000000000, -6.938893903907221278E-15 ) ) ;
#4119 = CARTESIAN_POINT ( 'NONE',  ( -33.05000000000027427, 3.800000000000001155, 1.549999999999968070 ) ) ;
#4120 = CARTESIAN_POINT ( 'NONE',  ( 22.99999999999997513, 9.199999999999999289, 0.000000000000000000 ) ) ;
#4121 = ADVANCED_FACE ( 'NONE', ( #2368 ), #6041, .T. ) ;
#4122 = ORIENTED_EDGE ( 'NONE', *, *, #4115, .F. ) ;
#4123 = ORIENTED_EDGE ( 'NONE', *, *, #1044, .F. ) ;
#4124 = ORIENTED_EDGE ( 'NONE', *, *, #4551, .T. ) ;
#4125 = DIRECTION ( 'NONE',  ( 0.000000000000000000, 1.000000000000000000, 0.000000000000000000 ) ) ;
#4126 = VECTOR ( 'NONE', #229, 1000.000000000000000 ) ;
#4127 = LINE ( 'NONE', #6107, #3044 ) ;
#4129 = ADVANCED_FACE ( 'NONE', ( #3311 ), #2928, .T. ) ;
#4128 = ADVANCED_FACE ( 'NONE', ( #6072 ), #1231, .F. ) ;
#4130 = LINE ( 'NONE', #1513, #2614 ) ;
#4131 = ORIENTED_EDGE ( 'NONE', *, *, #4712, .T. ) ;
#4132 = AXIS2_PLACEMENT_3D ( 'NONE', #3686, #6309, #2578 ) ;
#4133 = DIRECTION ( 'NONE',  ( 1.000000000000000000, 0.000000000000000000, 0.000000000000000000 ) ) ;
#4134 = CARTESIAN_POINT ( 'NONE',  ( 71.09999999999998010, 3.800000000000001155, -5.000000000000000000 ) ) ;
#4135 = DIRECTION ( 'NONE',  ( -1.000000000000000000, 0.000000000000000000, 4.336808689942013003E-15 ) ) ;
#4136 = CARTESIAN_POINT ( 'NONE',  ( 73.10000000000005116, 13.19999999999998863, 21.00000000000003908 ) ) ;
#4137 = VECTOR ( 'NONE', #906, 1000.000000000000000 ) ;
#4138 = EDGE_CURVE ( 'NONE', #1190, #2091, #5441, .T. ) ;
#4139 = VECTOR ( 'NONE', #5182, 1000.000000000000000 ) ;
#4140 = CARTESIAN_POINT ( 'NONE',  ( 71.10000000000005116, 9.199999999999999289, 15.00000000000000000 ) ) ;
#4141 = ORIENTED_EDGE ( 'NONE', *, *, #1731, .F. ) ;
#4142 = VECTOR ( 'NONE', #3728, 1000.000000000000000 ) ;
#4143 = VECTOR ( 'NONE', #492, 1000.000000000000000 ) ;
#4144 = CARTESIAN_POINT ( 'NONE',  ( -5.000000000000004441, 9.199999999999999289, 38.50000000000000711 ) ) ;
#4145 = DIRECTION ( 'NONE',  ( -2.168404344971006501E-15, 0.000000000000000000, 1.000000000000000000 ) ) ;
#4146 = DIRECTION ( 'NONE',  ( 0.000000000000000000, -1.000000000000000000, 0.000000000000000000 ) ) ;
#4147 = EDGE_CURVE ( 'NONE', #6172, #3839, #4981, .T. ) ;
#4148 = CARTESIAN_POINT ( 'NONE',  ( 75.09999999999998010, 0.000000000000000000, -40.50000000000000000 ) ) ;
#4149 = CIRCLE ( 'NONE', #1830, 3.000000000000002665 ) ;
#4150 = AXIS2_PLACEMENT_3D ( 'NONE', #6708, #5744, #4599 ) ;
#4151 = ORIENTED_EDGE ( 'NONE', *, *, #874, .T. ) ;
#4152 = PLANE ( 'NONE',  #6373 ) ;
#4153 = ORIENTED_EDGE ( 'NONE', *, *, #557, .F. ) ;
#4154 = AXIS2_PLACEMENT_3D ( 'NONE', #691, #2240, #4344 ) ;
#4155 = CARTESIAN_POINT ( 'NONE',  ( 15.00000000000000533, 9.199999999999999289, 36.50000000000000711 ) ) ;
#4156 = VECTOR ( 'NONE', #83, 1000.000000000000114 ) ;
#4157 = DIRECTION ( 'NONE',  ( 0.000000000000000000, 0.000000000000000000, -1.000000000000000000 ) ) ;
#4158 = DIRECTION ( 'NONE',  ( -1.000000000000000000, 0.000000000000000000, 0.000000000000000000 ) ) ;
#4159 = VERTEX_POINT ( 'NONE', #1263 ) ;
#4160 = VECTOR ( 'NONE', #5730, 1000.000000000000000 ) ;
#4161 = ORIENTED_EDGE ( 'NONE', *, *, #4847, .F. ) ;
#4162 = ORIENTED_EDGE ( 'NONE', *, *, #2885, .T. ) ;
#4163 = CARTESIAN_POINT ( 'NONE',  ( -1.000000000000042633, 13.19999999999998863, -38.50000000000001421 ) ) ;
#4164 = VECTOR ( 'NONE', #939, 1000.000000000000000 ) ;
#4165 = SURFACE_STYLE_FILL_AREA ( #2059 ) ;
#4166 = ORIENTED_EDGE ( 'NONE', *, *, #2326, .F. ) ;
#4167 = ADVANCED_FACE ( 'NONE', ( #6483 ), #2336, .T. ) ;
#4168 = DIRECTION ( 'NONE',  ( 0.7071067811865416886, 0.000000000000000000, 0.7071067811865533459 ) ) ;
#4169 = CIRCLE ( 'NONE', #5932, 5.002713540019556149 ) ;
#4170 = ORIENTED_EDGE ( 'NONE', *, *, #2539, .T. ) ;
#4171 = DIRECTION ( 'NONE',  ( 1.000000000000000000, 0.000000000000000000, 1.734723475976805319E-15 ) ) ;
#4172 = CARTESIAN_POINT ( 'NONE',  ( -48.54999999999941451, 3.800000000000001155, -57.05000000000035243 ) ) ;
#4173 = LINE ( 'NONE', #2806, #1398 ) ;
#4174 = DIRECTION ( 'NONE',  ( -1.000000000000000000, 0.000000000000000000, 0.000000000000000000 ) ) ;
#4175 = VECTOR ( 'NONE', #5337, 1000.000000000000000 ) ;
#4176 = CARTESIAN_POINT ( 'NONE',  ( -73.09999999999999432, 3.800000000000001155, 13.00000000000006040 ) ) ;
#4177 = EDGE_LOOP ( 'NONE', ( #4816, #1287, #6162, #3479 ) ) ;
#4178 = EDGE_CURVE ( 'NONE', #5847, #2390, #2785, .T. ) ;
#4179 = PLANE ( 'NONE',  #5375 ) ;
#4180 = DIRECTION ( 'NONE',  ( 0.000000000000000000, -0.7071067811865453523, -0.7071067811865496822 ) ) ;
#4181 = DIRECTION ( 'NONE',  ( 0.000000000000000000, 0.000000000000000000, 1.000000000000000000 ) ) ;
#4182 = CARTESIAN_POINT ( 'NONE',  ( -71.10000000000005116, 9.199999999999999289, 25.00000000000000000 ) ) ;
#4183 = DIRECTION ( 'NONE',  ( 0.000000000000000000, 1.000000000000000000, 0.000000000000000000 ) ) ;
#4184 = ORIENTED_EDGE ( 'NONE', *, *, #2190, .F. ) ;
#4185 = EDGE_CURVE ( 'NONE', #1423, #3875, #3860, .T. ) ;
#4186 = EDGE_CURVE ( 'NONE', #4292, #1055, #3418, .T. ) ;
#4187 = PLANE ( 'NONE',  #4063 ) ;
#4188 = ORIENTED_EDGE ( 'NONE', *, *, #4545, .F. ) ;
#4189 = FACE_OUTER_BOUND ( 'NONE', #5093, .T. ) ;
#4190 = CARTESIAN_POINT ( 'NONE',  ( 77.10000000000000853, 2.000000000000015543, -42.50000000000000000 ) ) ;
#4191 = CARTESIAN_POINT ( 'NONE',  ( -71.09999999999978115, 8.199999999999985079, -23.99999999999999289 ) ) ;
#4192 = ORIENTED_EDGE ( 'NONE', *, *, #5278, .F. ) ;
#4193 = ADVANCED_FACE ( 'NONE', ( #5516 ), #2410, .F. ) ;
#4194 = EDGE_CURVE ( 'NONE', #5533, #570, #2822, .T. ) ;
#4195 = VERTEX_POINT ( 'NONE', #4514 ) ;
#4196 = ORIENTED_EDGE ( 'NONE', *, *, #4759, .T. ) ;
#4197 = CARTESIAN_POINT ( 'NONE',  ( 26.99999999999999645, -0.0009999999999992653654, 38.50000000000000711 ) ) ;
#4198 = LINE ( 'NONE', #572, #288 ) ;
#4199 = CARTESIAN_POINT ( 'NONE',  ( 14.99999999999999645, 9.199999999999999289, -38.50000000000002132 ) ) ;
#4200 = ORIENTED_EDGE ( 'NONE', *, *, #1226, .T. ) ;
#4201 = VECTOR ( 'NONE', #904, 1000.000000000000000 ) ;
#4202 = CARTESIAN_POINT ( 'NONE',  ( -73.09999999999999432, 2.000000000000000000, 13.00000000000005329 ) ) ;
#4203 = CARTESIAN_POINT ( 'NONE',  ( 75.09999999999996589, 14.00000000000000000, 42.50000000000000000 ) ) ;
#4204 = DIRECTION ( 'NONE',  ( -1.000000000000000000, -0.000000000000000000, -0.000000000000000000 ) ) ;
#4205 = PLANE ( 'NONE',  #6346 ) ;
#4206 = CARTESIAN_POINT ( 'NONE',  ( 75.09999999999999432, 2.000000000000000000, 42.50000000000000000 ) ) ;
#4207 = ORIENTED_EDGE ( 'NONE', *, *, #5653, .T. ) ;
#4208 = DIRECTION ( 'NONE',  ( 0.000000000000000000, -1.000000000000000000, 0.000000000000000000 ) ) ;
#4209 = CARTESIAN_POINT ( 'NONE',  ( -25.00000000000000355, 9.199999999999999289, -38.49999999999986500 ) ) ;
#4210 = DIRECTION ( 'NONE',  ( 0.000000000000000000, -1.000000000000000000, 0.000000000000000000 ) ) ;
#4211 = DIRECTION ( 'NONE',  ( -1.000000000000000000, 0.000000000000000000, -2.168404344971006501E-15 ) ) ;
#4212 = DIRECTION ( 'NONE',  ( 0.000000000000000000, 1.000000000000000000, 0.000000000000000000 ) ) ;
#4214 = EDGE_CURVE ( 'NONE', #853, #5934, #2860, .T. ) ;
#4213 = ADVANCED_FACE ( 'NONE', ( #1787 ), #1338, .T. ) ;
#4215 = ORIENTED_EDGE ( 'NONE', *, *, #5137, .F. ) ;
#4216 = DIRECTION ( 'NONE',  ( 0.000000000000000000, 1.000000000000000000, 0.000000000000000000 ) ) ;
#4217 = VERTEX_POINT ( 'NONE', #5549 ) ;
#4218 = CARTESIAN_POINT ( 'NONE',  ( -73.09999999999999432, -0.0009999999999992653654, 38.50000000000000711 ) ) ;
#4219 = PLANE ( 'NONE',  #3709 ) ;
#4220 = LINE ( 'NONE', #2665, #3054 ) ;
#4221 = ORIENTED_EDGE ( 'NONE', *, *, #5016, .T. ) ;
#4222 = VERTEX_POINT ( 'NONE', #1818 ) ;
#4223 = EDGE_LOOP ( 'NONE', ( #2324, #153, #6529, #4777 ) ) ;
#4224 = CARTESIAN_POINT ( 'NONE',  ( 73.10000000000000853, -0.0009999999999992653654, 13.00000000000008171 ) ) ;
#4226 = EDGE_CURVE ( 'NONE', #5392, #5643, #1286, .T. ) ;
#4225 = DIRECTION ( 'NONE',  ( 0.000000000000000000, 0.000000000000000000, -1.000000000000000000 ) ) ;
#4227 = ORIENTED_EDGE ( 'NONE', *, *, #3631, .T. ) ;
#4228 = EDGE_CURVE ( 'NONE', #1578, #3982, #4130, .T. ) ;
#4229 = DIRECTION ( 'NONE',  ( 1.000000000000000000, 0.000000000000000000, -1.734723475976805319E-15 ) ) ;
#4230 = ORIENTED_EDGE ( 'NONE', *, *, #5573, .T. ) ;
#4231 = CARTESIAN_POINT ( 'NONE',  ( 15.00000000000000533, 7.199999999999984190, 36.50000000000000711 ) ) ;
#4232 = VECTOR ( 'NONE', #6495, 1000.000000000000000 ) ;
#4233 = DIRECTION ( 'NONE',  ( 1.000000000000000000, 0.000000000000000000, -2.168404344971006501E-15 ) ) ;
#4234 = CARTESIAN_POINT ( 'NONE',  ( 71.10000000000005116, 3.800000000000001155, 25.00000000000000000 ) ) ;
#4235 = LINE ( 'NONE', #6345, #164 ) ;
#4236 = EDGE_CURVE ( 'NONE', #6754, #6368, #471, .T. ) ;
#4237 = LINE ( 'NONE', #2649, #1064 ) ;
#4238 = VECTOR ( 'NONE', #798, 1000.000000000000000 ) ;
#4239 = ORIENTED_EDGE ( 'NONE', *, *, #5541, .F. ) ;
#4240 = CARTESIAN_POINT ( 'NONE',  ( -45.00000000000000000, 7.199999999999984190, 36.49999999999972999 ) ) ;
#4241 = DIRECTION ( 'NONE',  ( -0.000000000000000000, -0.000000000000000000, -1.000000000000000000 ) ) ;
#4242 = CARTESIAN_POINT ( 'NONE',  ( 53.00000000000002132, -0.0009999999999992653654, 38.50000000000000711 ) ) ;
#4243 = VECTOR ( 'NONE', #6372, 1000.000000000000000 ) ;
#4244 = DIRECTION ( 'NONE',  ( -1.000000000000000000, -0.000000000000000000, -0.000000000000000000 ) ) ;
#4245 = FACE_OUTER_BOUND ( 'NONE', #6062, .T. ) ;
#4246 = EDGE_CURVE ( 'NONE', #857, #1641, #341, .T. ) ;
#4247 = VECTOR ( 'NONE', #1817, 1000.000000000000000 ) ;
#4248 = VERTEX_POINT ( 'NONE', #369 ) ;
#4249 = VECTOR ( 'NONE', #3897, 1000.000000000000000 ) ;
#4250 = CARTESIAN_POINT ( 'NONE',  ( -70.09999999999998010, 3.800000000000001155, -35.50000000000000711 ) ) ;
#4251 = VERTEX_POINT ( 'NONE', #1474 ) ;
#4252 = DIRECTION ( 'NONE',  ( 1.000000000000000000, 0.000000000000000000, 0.000000000000000000 ) ) ;
#4253 = CARTESIAN_POINT ( 'NONE',  ( -17.00000000000002487, 9.199999999999999289, -38.49999999999986500 ) ) ;
#4254 = DIRECTION ( 'NONE',  ( 0.7071067811865469066, 0.7071067811865482389, -0.000000000000000000 ) ) ;
#4255 = VECTOR ( 'NONE', #1715, 1000.000000000000114 ) ;
#4256 = VECTOR ( 'NONE', #2579, 1000.000000000000000 ) ;
#4257 = ORIENTED_EDGE ( 'NONE', *, *, #2069, .T. ) ;
#4258 = AXIS2_PLACEMENT_3D ( 'NONE', #2916, #5007, #293 ) ;
#4259 = EDGE_LOOP ( 'NONE', ( #4031, #4402, #1252, #3925 ) ) ;
#4260 = AXIS2_PLACEMENT_3D ( 'NONE', #1389, #6528, #2283 ) ;
#4261 = ORIENTED_EDGE ( 'NONE', *, *, #3081, .T. ) ;
#4262 = ADVANCED_FACE ( 'NONE', ( #3581 ), #2999, .F. ) ;
#4263 = CARTESIAN_POINT ( 'NONE',  ( -98.54999999999975557, 3.800000000000001155, -7.050000000000441247 ) ) ;
#4264 = PLANE ( 'NONE',  #5466 ) ;
#4265 = AXIS2_PLACEMENT_3D ( 'NONE', #789, #6587, #5407 ) ;
#4266 = ORIENTED_EDGE ( 'NONE', *, *, #1419, .F. ) ;
#4267 = CYLINDRICAL_SURFACE ( 'NONE', #4804, 4.949747468305801590 ) ;
#4268 = VERTEX_POINT ( 'NONE', #892 ) ;
#4269 = EDGE_CURVE ( 'NONE', #5761, #1434, #6647, .T. ) ;
#4270 = ADVANCED_FACE ( 'NONE', ( #5092 ), #5591, .F. ) ;
#4271 = VECTOR ( 'NONE', #2328, 1000.000000000000000 ) ;
#4272 = CARTESIAN_POINT ( 'NONE',  ( 73.10000000000000853, 2.000000000000000000, 26.99999999999999645 ) ) ;
#4273 = LINE ( 'NONE', #6380, #2478 ) ;
#4274 = LINE ( 'NONE', #4741, #6351 ) ;
#4275 = CARTESIAN_POINT ( 'NONE',  ( -71.10000000000005116, 2.000000000000000000, 25.00000000000000000 ) ) ;
#4276 = DIRECTION ( 'NONE',  ( 1.000000000000000000, -0.000000000000000000, -0.000000000000000000 ) ) ;
#4277 = VECTOR ( 'NONE', #1424, 1000.000000000000000 ) ;
#4278 = VERTEX_POINT ( 'NONE', #5724 ) ;
#4279 = LINE ( 'NONE', #3633, #3292 ) ;
#4280 = EDGE_CURVE ( 'NONE', #3647, #3548, #3065, .T. ) ;
#4281 = VECTOR ( 'NONE', #3001, 1000.000000000000000 ) ;
#4282 = LINE ( 'NONE', #72, #346 ) ;
#4283 = CARTESIAN_POINT ( 'NONE',  ( -73.09999999999978115, 9.199999999999999289, -22.99999999999997513 ) ) ;
#4284 = PLANE ( 'NONE',  #3595 ) ;
#4285 = CARTESIAN_POINT ( 'NONE',  ( -73.09999999999999432, 3.800000000000001155, 38.50000000000000711 ) ) ;
#4286 = ORIENTED_EDGE ( 'NONE', *, *, #2506, .T. ) ;
#4287 = FACE_OUTER_BOUND ( 'NONE', #3942, .T. ) ;
#4288 = VERTEX_POINT ( 'NONE', #4035 ) ;
#4289 = LINE ( 'NONE', #5284, #4026 ) ;
#4290 = CARTESIAN_POINT ( 'NONE',  ( 12.99999999999999822, 2.000000000000000000, 38.50000000000000711 ) ) ;
#4291 = EDGE_LOOP ( 'NONE', ( #1662, #2371, #5461, #3404 ) ) ;
#4292 = VERTEX_POINT ( 'NONE', #5624 ) ;
#4293 = ORIENTED_EDGE ( 'NONE', *, *, #550, .F. ) ;
#4294 = DIRECTION ( 'NONE',  ( 1.533293416683367137E-15, -0.7071067811865500152, -0.7071067811865451302 ) ) ;
#4295 = LINE ( 'NONE', #2254, #3602 ) ;
#4296 = ORIENTED_EDGE ( 'NONE', *, *, #1211, .F. ) ;
#4297 = LINE ( 'NONE', #3782, #1842 ) ;
#4299 = EDGE_CURVE ( 'NONE', #4217, #5989, #4099, .T. ) ;
#4298 = EDGE_CURVE ( 'NONE', #87, #5592, #6146, .T. ) ;
#4300 = ORIENTED_EDGE ( 'NONE', *, *, #4334, .T. ) ;
#4301 = VERTEX_POINT ( 'NONE', #6205 ) ;
#4302 = FACE_OUTER_BOUND ( 'NONE', #3361, .T. ) ;
#4303 = LINE ( 'NONE', #5439, #6124 ) ;
#4304 = LINE ( 'NONE', #3787, #613 ) ;
#4305 = CARTESIAN_POINT ( 'NONE',  ( 70.09999999999999432, 0.000000000000000000, -40.49999999999997158 ) ) ;
#4306 = AXIS2_PLACEMENT_3D ( 'NONE', #4209, #1097, #3736 ) ;
#4307 = EDGE_LOOP ( 'NONE', ( #4830, #2216, #4061, #3537 ) ) ;
#4308 = CARTESIAN_POINT ( 'NONE',  ( 73.09999999999978115, 7.199999999999984190, -25.00000000000000355 ) ) ;
#4309 = CARTESIAN_POINT ( 'NONE',  ( -70.09999999999999432, 14.00000000000000000, 38.50000000000000711 ) ) ;
#4310 = DIRECTION ( 'NONE',  ( 0.000000000000000000, -1.000000000000000000, 0.000000000000000000 ) ) ;
#4311 = STYLED_ITEM ( 'NONE', ( #6690 ), #6073 ) ;
#4312 = DIRECTION ( 'NONE',  ( -1.000000000000000000, 0.000000000000000000, 0.000000000000000000 ) ) ;
#4313 = CARTESIAN_POINT ( 'NONE',  ( 73.10000000000005116, 7.199999999999984190, 14.99999999999999645 ) ) ;
#4314 = EDGE_CURVE ( 'NONE', #5041, #3118, #1414, .T. ) ;
#4315 = ADVANCED_FACE ( 'NONE', ( #5123 ), #2967, .F. ) ;
#4316 = ORIENTED_EDGE ( 'NONE', *, *, #6111, .T. ) ;
#4317 = LINE ( 'NONE', #2764, #2626 ) ;
#4318 = ORIENTED_EDGE ( 'NONE', *, *, #4106, .F. ) ;
#4319 = DIRECTION ( 'NONE',  ( 0.7071067811865402453, 0.000000000000000000, 0.7071067811865549002 ) ) ;
#4320 = CARTESIAN_POINT ( 'NONE',  ( 73.10000000000000853, 14.00000000000000000, 35.49999999999999289 ) ) ;
#4321 = VERTEX_POINT ( 'NONE', #4611 ) ;
#4322 = EDGE_CURVE ( 'NONE', #4288, #5569, #1373, .T. ) ;
#4323 = VERTEX_POINT ( 'NONE', #2546 ) ;
#4324 = ORIENTED_EDGE ( 'NONE', *, *, #942, .F. ) ;
#4325 = FACE_OUTER_BOUND ( 'NONE', #856, .T. ) ;
#4326 = ORIENTED_EDGE ( 'NONE', *, *, #3251, .F. ) ;
#4327 = ORIENTED_EDGE ( 'NONE', *, *, #6478, .F. ) ;
#4328 = CARTESIAN_POINT ( 'NONE',  ( 73.09999999999978115, 9.199999999999999289, -14.99999999999999645 ) ) ;
#4329 = VERTEX_POINT ( 'NONE', #3524 ) ;
#4330 = ORIENTED_EDGE ( 'NONE', *, *, #2079, .F. ) ;
#4331 = CARTESIAN_POINT ( 'NONE',  ( -71.09999999999998010, 7.199999999999984190, 5.000000000000000000 ) ) ;
#4332 = DIRECTION ( 'NONE',  ( 0.000000000000000000, -1.000000000000000000, 0.000000000000000000 ) ) ;
#4334 = EDGE_CURVE ( 'NONE', #4017, #5632, #440, .T. ) ;
#4333 = EDGE_CURVE ( 'NONE', #6531, #5533, #6717, .T. ) ;
#4335 = CARTESIAN_POINT ( 'NONE',  ( 75.09999999999999432, 2.000000000000000000, 42.50000000000000000 ) ) ;
#4336 = CARTESIAN_POINT ( 'NONE',  ( 71.09999999999978115, 7.199999999999984190, -15.00000000000000000 ) ) ;
#4337 = ORIENTED_EDGE ( 'NONE', *, *, #6787, .F. ) ;
#4338 = LINE ( 'NONE', #3935, #1081 ) ;
#4339 = DIRECTION ( 'NONE',  ( 1.000000000000000000, 0.000000000000000000, -1.672022627447524747E-16 ) ) ;
#4340 = DIRECTION ( 'NONE',  ( 0.7071067811865500152, -0.7071067811865451302, -0.000000000000000000 ) ) ;
#4341 = ADVANCED_FACE ( 'NONE', ( #6176 ), #3551, .F. ) ;
#4342 = DIRECTION ( 'NONE',  ( 1.000000000000000000, 0.000000000000000000, 0.000000000000000000 ) ) ;
#4343 = VECTOR ( 'NONE', #4708, 1000.000000000000000 ) ;
#4344 = DIRECTION ( 'NONE',  ( 0.000000000000000000, 0.000000000000000000, 1.000000000000000000 ) ) ;
#4345 = VERTEX_POINT ( 'NONE', #3195 ) ;
#4346 = VECTOR ( 'NONE', #6749, 1000.000000000000000 ) ;
#4347 = DIRECTION ( 'NONE',  ( 0.000000000000000000, 0.000000000000000000, 1.000000000000000000 ) ) ;
#4348 = EDGE_CURVE ( 'NONE', #6307, #4902, #602, .T. ) ;
#4349 = ADVANCED_FACE ( 'NONE', ( #56 ), #1149, .T. ) ;
#4350 = ORIENTED_EDGE ( 'NONE', *, *, #3420, .F. ) ;
#4351 = LINE ( 'NONE', #6561, #5331 ) ;
#4352 = DIRECTION ( 'NONE',  ( 0.000000000000000000, 0.000000000000000000, 1.000000000000000000 ) ) ;
#4353 = VECTOR ( 'NONE', #3033, 1000.000000000000000 ) ;
#4354 = ORIENTED_EDGE ( 'NONE', *, *, #5198, .F. ) ;
#4355 = VECTOR ( 'NONE', #389, 1000.000000000000000 ) ;
#4356 = EDGE_LOOP ( 'NONE', ( #3505, #3996, #1877, #6262 ) ) ;
#4357 = ORIENTED_EDGE ( 'NONE', *, *, #5434, .T. ) ;
#4358 = AXIS2_PLACEMENT_3D ( 'NONE', #2607, #3752, #4225 ) ;
#4359 = VECTOR ( 'NONE', #5, 1000.000000000000000 ) ;
#4360 = CARTESIAN_POINT ( 'NONE',  ( 73.10000000000005116, 9.199999999999999289, 14.99999999999999645 ) ) ;
#4361 = ORIENTED_EDGE ( 'NONE', *, *, #6623, .F. ) ;
#4362 = DIRECTION ( 'NONE',  ( 0.000000000000000000, 1.000000000000000000, 0.000000000000000000 ) ) ;
#4363 = EDGE_LOOP ( 'NONE', ( #5386, #1950, #4860, #604 ) ) ;
#4364 = DIRECTION ( 'NONE',  ( 0.000000000000000000, -1.000000000000000000, 0.000000000000000000 ) ) ;
#4365 = VECTOR ( 'NONE', #4565, 1000.000000000000114 ) ;
#4366 = VECTOR ( 'NONE', #2395, 1000.000000000000000 ) ;
#4367 = ORIENTED_EDGE ( 'NONE', *, *, #378, .T. ) ;
#4368 = VERTEX_POINT ( 'NONE', #3261 ) ;
#4369 = LINE ( 'NONE', #1650, #2918 ) ;
#4370 = DIRECTION ( 'NONE',  ( 0.000000000000000000, -1.000000000000000000, 0.000000000000000000 ) ) ;
#4371 = VECTOR ( 'NONE', #485, 1000.000000000000000 ) ;
#4372 = PLANE ( 'NONE',  #3929 ) ;
#4373 = CARTESIAN_POINT ( 'NONE',  ( -95.85000000000005116, 3.800000000000001155, -9.750000000000303757 ) ) ;
#4374 = VECTOR ( 'NONE', #6213, 1000.000000000000000 ) ;
#4375 = ORIENTED_EDGE ( 'NONE', *, *, #5830, .T. ) ;
#4376 = DIRECTION ( 'NONE',  ( 0.000000000000000000, 0.000000000000000000, 1.000000000000000000 ) ) ;
#4377 = FACE_OUTER_BOUND ( 'NONE', #2241, .T. ) ;
#4378 = DIRECTION ( 'NONE',  ( -0.7071067811865496822, -0.7071067811865453523, -0.000000000000000000 ) ) ;
#4379 = LINE ( 'NONE', #5554, #3255 ) ;
#4380 = AXIS2_PLACEMENT_3D ( 'NONE', #813, #4431, #4364 ) ;
#4381 = DIRECTION ( 'NONE',  ( 0.000000000000000000, -1.000000000000000000, 0.000000000000000000 ) ) ;
#4382 = ORIENTED_EDGE ( 'NONE', *, *, #1126, .F. ) ;
#4384 = ADVANCED_FACE ( 'NONE', ( #5367 ), #5820, .F. ) ;
#4383 = ADVANCED_FACE ( 'NONE', ( #4838 ), #6406, .T. ) ;
#4385 = VECTOR ( 'NONE', #4745, 1000.000000000000000 ) ;
#4386 = CARTESIAN_POINT ( 'NONE',  ( 71.10000000000005116, 9.199999999999999289, 25.00000000000000000 ) ) ;
#4387 = ORIENTED_EDGE ( 'NONE', *, *, #2676, .F. ) ;
#4388 = FACE_OUTER_BOUND ( 'NONE', #5153, .T. ) ;
#4389 = CARTESIAN_POINT ( 'NONE',  ( -21.55000000000021387, 3.800000000000001155, 13.05000000000009663 ) ) ;
#4390 = LINE ( 'NONE', #1767, #297 ) ;
#4391 = VERTEX_POINT ( 'NONE', #3651 ) ;
#4392 = EDGE_CURVE ( 'NONE', #4020, #4999, #5754, .T. ) ;
#4393 = ORIENTED_EDGE ( 'NONE', *, *, #3339, .F. ) ;
#4394 = EDGE_LOOP ( 'NONE', ( #2034, #1138, #1014, #1746 ) ) ;
#4395 = FACE_OUTER_BOUND ( 'NONE', #4837, .T. ) ;
#4396 = CARTESIAN_POINT ( 'NONE',  ( 73.10000000000000853, 2.000000000000000000, -35.50000000000000711 ) ) ;
#4397 = ORIENTED_EDGE ( 'NONE', *, *, #4226, .T. ) ;
#4398 = FACE_OUTER_BOUND ( 'NONE', #2887, .T. ) ;
#4399 = ORIENTED_EDGE ( 'NONE', *, *, #2667, .T. ) ;
#4400 = CARTESIAN_POINT ( 'NONE',  ( -25.00000000000000355, 7.199999999999984190, -38.49999999999986500 ) ) ;
#4401 = ADVANCED_FACE ( 'NONE', ( #4737 ), #23, .F. ) ;
#4402 = ORIENTED_EDGE ( 'NONE', *, *, #4060, .T. ) ;
#4403 = ORIENTED_EDGE ( 'NONE', *, *, #4348, .T. ) ;
#4404 = DIRECTION ( 'NONE',  ( 1.000000000000000000, 0.000000000000000000, 0.000000000000000000 ) ) ;
#4405 = CARTESIAN_POINT ( 'NONE',  ( -73.09999999999998010, -0.0009999999999992653654, -38.50000000000000711 ) ) ;
#4406 = DIRECTION ( 'NONE',  ( -0.000000000000000000, -0.7071067811865453523, -0.7071067811865496822 ) ) ;
#4407 = DIRECTION ( 'NONE',  ( 0.7071067811865465735, 0.000000000000000000, 0.7071067811865484609 ) ) ;
#4408 = ADVANCED_FACE ( 'NONE', ( #1645 ), #1087, .F. ) ;
#4409 = ORIENTED_EDGE ( 'NONE', *, *, #3835, .T. ) ;
#4410 = DIRECTION ( 'NONE',  ( 0.000000000000000000, 0.000000000000000000, 1.000000000000000000 ) ) ;
#4411 = DIRECTION ( 'NONE',  ( -1.000000000000000000, 0.000000000000000000, -1.672022627447524747E-16 ) ) ;
#4412 = DIRECTION ( 'NONE',  ( 0.000000000000000000, 0.000000000000000000, -1.000000000000000000 ) ) ;
#4413 = CARTESIAN_POINT ( 'NONE',  ( -75.09999999999995168, 2.000000000000000000, -40.50000000000000000 ) ) ;
#4414 = FACE_OUTER_BOUND ( 'NONE', #4177, .T. ) ;
#4415 = ORIENTED_EDGE ( 'NONE', *, *, #2779, .T. ) ;
#4416 = LINE ( 'NONE', #5385, #1185 ) ;
#4417 = DIRECTION ( 'NONE',  ( -0.000000000000000000, -0.7071067811865451302, -0.7071067811865500152 ) ) ;
#4418 = DIRECTION ( 'NONE',  ( 0.000000000000000000, -1.000000000000000000, 0.000000000000000000 ) ) ;
#4419 = FACE_OUTER_BOUND ( 'NONE', #6609, .T. ) ;
#4420 = LINE ( 'NONE', #2387, #2946 ) ;
#4422 = EDGE_CURVE ( 'NONE', #6605, #2886, #2612, .T. ) ;
#4421 = ADVANCED_FACE ( 'NONE', ( #2709 ), #4267, .F. ) ;
#4423 = EDGE_LOOP ( 'NONE', ( #3576, #1916, #3126, #1199 ) ) ;
#4424 = ORIENTED_EDGE ( 'NONE', *, *, #2975, .F. ) ;
#4425 = ORIENTED_EDGE ( 'NONE', *, *, #5675, .F. ) ;
#4426 = CARTESIAN_POINT ( 'NONE',  ( -73.09999999999998010, 3.800000000000001155, -38.50000000000000711 ) ) ;
#4427 = CARTESIAN_POINT ( 'NONE',  ( -70.09999999999996589, 14.00000000000000000, -42.50000000000000000 ) ) ;
#4428 = ORIENTED_EDGE ( 'NONE', *, *, #1647, .F. ) ;
#4429 = DIRECTION ( 'NONE',  ( 1.000000000000000000, 0.000000000000000000, 0.000000000000000000 ) ) ;
#4430 = ORIENTED_EDGE ( 'NONE', *, *, #53, .T. ) ;
#4431 = DIRECTION ( 'NONE',  ( 0.7071067811865536790, 0.000000000000000000, -0.7071067811865414665 ) ) ;
#4432 = ORIENTED_EDGE ( 'NONE', *, *, #5096, .T. ) ;
#4433 = VERTEX_POINT ( 'NONE', #6817 ) ;
#4434 = LINE ( 'NONE', #4471, #4126 ) ;
#4435 = CARTESIAN_POINT ( 'NONE',  ( 25.00000000000000355, 3.800000000000001155, -36.50000000000002132 ) ) ;
#4436 = EDGE_CURVE ( 'NONE', #125, #2796, #4297, .T. ) ;
#4437 = EDGE_CURVE ( 'NONE', #1224, #2434, #573, .T. ) ;
#4438 = LINE ( 'NONE', #3342, #5686 ) ;
#4439 = CARTESIAN_POINT ( 'NONE',  ( -73.09999999999999432, 3.800000000000001155, 38.50000000000000711 ) ) ;
#4440 = ORIENTED_EDGE ( 'NONE', *, *, #2149, .F. ) ;
#4441 = DIRECTION ( 'NONE',  ( -0.7071067811865469066, 0.000000000000000000, 0.7071067811865482389 ) ) ;
#4442 = FACE_OUTER_BOUND ( 'NONE', #4943, .T. ) ;
#4443 = FACE_OUTER_BOUND ( 'NONE', #928, .T. ) ;
#4444 = EDGE_CURVE ( 'NONE', #3853, #1493, #2746, .T. ) ;
#4445 = DIRECTION ( 'NONE',  ( 0.000000000000000000, -1.000000000000000000, -0.000000000000000000 ) ) ;
#4446 = CARTESIAN_POINT ( 'NONE',  ( -14.99999999999999645, 7.199999999999984190, -36.49999999999986500 ) ) ;
#4447 = ORIENTED_EDGE ( 'NONE', *, *, #5708, .T. ) ;
#4448 = LINE ( 'NONE', #3943, #2516 ) ;
#4449 = PLANE ( 'NONE',  #51 ) ;
#4450 = CARTESIAN_POINT ( 'NONE',  ( 45.00000000000000711, 9.199999999999999289, -38.50000000000002132 ) ) ;
#4451 = CARTESIAN_POINT ( 'NONE',  ( 73.10000000000000853, 3.800000000000001155, -38.50000000000000711 ) ) ;
#4452 = VECTOR ( 'NONE', #2645, 1000.000000000000000 ) ;
#4453 = CARTESIAN_POINT ( 'NONE',  ( 0.000000000000000000, 0.000000000000000000, 0.000000000000000000 ) ) ;
#4454 = EDGE_LOOP ( 'NONE', ( #2651, #1143, #2958, #1969, #188, #5304, #3480, #1772 ) ) ;
#4455 = VECTOR ( 'NONE', #4102, 1000.000000000000000 ) ;
#4456 = EDGE_LOOP ( 'NONE', ( #3412, #1996, #1710, #5608 ) ) ;
#4457 = ORIENTED_EDGE ( 'NONE', *, *, #3048, .T. ) ;
#4458 = CARTESIAN_POINT ( 'NONE',  ( 55.00000000000000000, 9.199999999999999289, 36.50000000000000711 ) ) ;
#4459 = LINE ( 'NONE', #883, #2271 ) ;
#4460 = VECTOR ( 'NONE', #3010, 1000.000000000000000 ) ;
#4461 = AXIS2_PLACEMENT_3D ( 'NONE', #4967, #849, #6607 ) ;
#4462 = VERTEX_POINT ( 'NONE', #5853 ) ;
#4463 = VERTEX_POINT ( 'NONE', #4806 ) ;
#4464 = LINE ( 'NONE', #1747, #4915 ) ;
#4465 = ORIENTED_EDGE ( 'NONE', *, *, #1992, .T. ) ;
#4466 = VECTOR ( 'NONE', #6047, 1000.000000000000000 ) ;
#4467 = ORIENTED_EDGE ( 'NONE', *, *, #4082, .F. ) ;
#4468 = EDGE_CURVE ( 'NONE', #1467, #6371, #1577, .T. ) ;
#4469 = AXIS2_PLACEMENT_3D ( 'NONE', #107, #1165, #4781 ) ;
#4470 = ORIENTED_EDGE ( 'NONE', *, *, #3338, .F. ) ;
#4471 = CARTESIAN_POINT ( 'NONE',  ( -9.749999999998628653, 3.800000000000001155, -95.85000000000010800 ) ) ;
#4472 = DIRECTION ( 'NONE',  ( -3.469446951953610639E-15, 0.000000000000000000, 1.000000000000000000 ) ) ;
#4473 = DIRECTION ( 'NONE',  ( 0.000000000000000000, 1.000000000000000000, -0.000000000000000000 ) ) ;
#4474 = AXIS2_PLACEMENT_3D ( 'NONE', #5965, #1230, #3823 ) ;
#4475 = VECTOR ( 'NONE', #1024, 1000.000000000000000 ) ;
#4476 = DIRECTION ( 'NONE',  ( 0.000000000000000000, 0.000000000000000000, 1.000000000000000000 ) ) ;
#4477 = EDGE_CURVE ( 'NONE', #4345, #4003, #3682, .T. ) ;
#4478 = ORIENTED_EDGE ( 'NONE', *, *, #1099, .T. ) ;
#4479 = ADVANCED_FACE ( 'NONE', ( #2674 ), #6376, .T. ) ;
#4480 = VECTOR ( 'NONE', #2974, 1000.000000000000000 ) ;
#4481 = VECTOR ( 'NONE', #5908, 1000.000000000000000 ) ;
#4482 = DIRECTION ( 'NONE',  ( 1.000000000000000000, 0.000000000000000000, 0.000000000000000000 ) ) ;
#4483 = FACE_OUTER_BOUND ( 'NONE', #545, .T. ) ;
#4484 = CARTESIAN_POINT ( 'NONE',  ( -57.05000000000004690, 3.800000000000001155, -48.54999999999985505 ) ) ;
#4485 = DIRECTION ( 'NONE',  ( 0.000000000000000000, 0.000000000000000000, -1.000000000000000000 ) ) ;
#4486 = VECTOR ( 'NONE', #2720, 1000.000000000000114 ) ;
#4487 = ADVANCED_FACE ( 'NONE', ( #6435 ), #2256, .F. ) ;
#4488 = EDGE_LOOP ( 'NONE', ( #3173, #2445, #5145, #1961 ) ) ;
#4489 = PLANE ( 'NONE',  #3521 ) ;
#4490 = DIRECTION ( 'NONE',  ( 0.000000000000000000, -1.000000000000000000, 0.000000000000000000 ) ) ;
#4491 = AXIS2_PLACEMENT_3D ( 'NONE', #2313, #5498, #733 ) ;
#4492 = LINE ( 'NONE', #4929, #6729 ) ;
#4493 = CARTESIAN_POINT ( 'NONE',  ( -70.09999999999996589, 0.000000000000000000, -35.50000000000000711 ) ) ;
#4494 = DIRECTION ( 'NONE',  ( -0.000000000000000000, 1.000000000000000000, -0.000000000000000000 ) ) ;
#4495 = VERTEX_POINT ( 'NONE', #3918 ) ;
#4496 = AXIS2_PLACEMENT_3D ( 'NONE', #2594, #4347, #4927 ) ;
#4497 = VERTEX_POINT ( 'NONE', #1707 ) ;
#4498 = VERTEX_POINT ( 'NONE', #5473 ) ;
#4499 = CARTESIAN_POINT ( 'NONE',  ( -71.09999999999998010, 9.199999999999999289, 2.999999999999970690 ) ) ;
#4500 = CARTESIAN_POINT ( 'NONE',  ( -14.99999999999999645, 3.800000000000001155, -36.49999999999986500 ) ) ;
#4501 = AXIS2_PLACEMENT_3D ( 'NONE', #4144, #582, #6252 ) ;
#4502 = ORIENTED_EDGE ( 'NONE', *, *, #3171, .F. ) ;
#4503 = CARTESIAN_POINT ( 'NONE',  ( 71.09999999999998010, 2.000000000000000000, -5.000000000000000000 ) ) ;
#4504 = ORIENTED_EDGE ( 'NONE', *, *, #565, .F. ) ;
#4505 = LINE ( 'NONE', #2905, #1629 ) ;
#4506 = EDGE_LOOP ( 'NONE', ( #2922, #3617, #2994, #2875, #6195, #2135 ) ) ;
#4507 = EDGE_LOOP ( 'NONE', ( #4698, #5600, #256, #48 ) ) ;
#4508 = ORIENTED_EDGE ( 'NONE', *, *, #5563, .F. ) ;
#4509 = DIRECTION ( 'NONE',  ( 0.000000000000000000, -1.000000000000000000, 0.000000000000000000 ) ) ;
#4510 = LINE ( 'NONE', #6617, #4782 ) ;
#4511 = PLANE ( 'NONE',  #1275 ) ;
#4513 = EDGE_CURVE ( 'NONE', #2985, #5668, #4464, .T. ) ;
#4512 = ADVANCED_FACE ( 'NONE', ( #3302 ), #6575, .F. ) ;
#4514 = CARTESIAN_POINT ( 'NONE',  ( 71.10000000000005116, 2.000000000000000000, 25.00000000000000000 ) ) ;
#4515 = EDGE_LOOP ( 'NONE', ( #4976, #1922, #5812, #3560 ) ) ;
#4516 = CARTESIAN_POINT ( 'NONE',  ( 70.09999999999999432, 2.000000000000015543, -42.50000000000000000 ) ) ;
#4517 = LINE ( 'NONE', #2521, #5131 ) ;
#4518 = UNCERTAINTY_MEASURE_WITH_UNIT (LENGTH_MEASURE( 1.000000000000000082E-05 ), #4836, 'distance_accuracy_value', 'NONE');
#4519 = CARTESIAN_POINT ( 'NONE',  ( 15.00000000000000533, 7.199999999999984190, 36.50000000000000711 ) ) ;
#4520 = DIRECTION ( 'NONE',  ( 0.000000000000000000, 0.000000000000000000, -1.000000000000000000 ) ) ;
#4521 = ORIENTED_EDGE ( 'NONE', *, *, #3082, .T. ) ;
#4522 = FACE_OUTER_BOUND ( 'NONE', #2878, .T. ) ;
#4523 = FACE_OUTER_BOUND ( 'NONE', #1854, .T. ) ;
#4524 = DIRECTION ( 'NONE',  ( 0.000000000000000000, 0.000000000000000000, -1.000000000000000000 ) ) ;
#4525 = ADVANCED_FACE ( 'NONE', ( #748 ), #2919, .T. ) ;
#4526 = CARTESIAN_POINT ( 'NONE',  ( -70.09999999999999432, 2.000000000000000000, 38.50000000000000711 ) ) ;
#4527 = EDGE_CURVE ( 'NONE', #5954, #6510, #5540, .T. ) ;
#4528 = ORIENTED_EDGE ( 'NONE', *, *, #2689, .T. ) ;
#4529 = VECTOR ( 'NONE', #6727, 1000.000000000000000 ) ;
#4530 = ORIENTED_EDGE ( 'NONE', *, *, #4028, .F. ) ;
#4531 = LINE ( 'NONE', #387, #200 ) ;
#4532 = ORIENTED_EDGE ( 'NONE', *, *, #3714, .F. ) ;
#4533 = FACE_OUTER_BOUND ( 'NONE', #5106, .T. ) ;
#4534 = FACE_OUTER_BOUND ( 'NONE', #5615, .T. ) ;
#4535 = ORIENTED_EDGE ( 'NONE', *, *, #5200, .T. ) ;
#4536 = DIRECTION ( 'NONE',  ( -0.000000000000000000, 0.000000000000000000, -1.000000000000000000 ) ) ;
#4537 = EDGE_LOOP ( 'NONE', ( #6361, #1250, #864, #3783 ) ) ;
#4538 = CARTESIAN_POINT ( 'NONE',  ( -52.99999999999961631, -0.0009999999999992653654, 38.50000000000000711 ) ) ;
#4539 = ORIENTED_EDGE ( 'NONE', *, *, #4551, .F. ) ;
#4540 = ORIENTED_EDGE ( 'NONE', *, *, #2198, .F. ) ;
#4541 = FACE_OUTER_BOUND ( 'NONE', #3329, .T. ) ;
#4542 = LINE ( 'NONE', #2927, #4578 ) ;
#4543 = DIRECTION ( 'NONE',  ( -0.7071067811865389130, -0.000000000000000000, -0.7071067811865561215 ) ) ;
#4544 = EDGE_LOOP ( 'NONE', ( #455, #1314, #3371, #5325 ) ) ;
#4545 = EDGE_CURVE ( 'NONE', #3013, #1055, #3814, .T. ) ;
#4546 = DIRECTION ( 'NONE',  ( 0.000000000000000000, 0.000000000000000000, -1.000000000000000000 ) ) ;
#4547 = CARTESIAN_POINT ( 'NONE',  ( -4.999999999999995559, 7.199999999999984190, 36.50000000000000711 ) ) ;
#4548 = CARTESIAN_POINT ( 'NONE',  ( 73.10000000000000853, -0.0009999999999992653654, -38.50000000000000711 ) ) ;
#4549 = LINE ( 'NONE', #2484, #2608 ) ;
#4550 = EDGE_LOOP ( 'NONE', ( #2392, #1107, #1429, #3227 ) ) ;
#4551 = EDGE_CURVE ( 'NONE', #1148, #4972, #6028, .T. ) ;
#4552 = DIRECTION ( 'NONE',  ( 0.000000000000000000, -0.000000000000000000, -1.000000000000000000 ) ) ;
#4553 = CARTESIAN_POINT ( 'NONE',  ( 75.09999999999999432, 2.000000000000000000, 42.50000000000000000 ) ) ;
#4554 = DIRECTION ( 'NONE',  ( 0.000000000000000000, 0.000000000000000000, 1.000000000000000000 ) ) ;
#4555 = LINE ( 'NONE', #1458, #3934 ) ;
#4556 = VERTEX_POINT ( 'NONE', #5924 ) ;
#4557 = EDGE_CURVE ( 'NONE', #5567, #2556, #3959, .T. ) ;
#4558 = ORIENTED_EDGE ( 'NONE', *, *, #5463, .T. ) ;
#4559 = AXIS2_PLACEMENT_3D ( 'NONE', #4218, #1695, #5907 ) ;
#4560 = CARTESIAN_POINT ( 'NONE',  ( -24.99999999999999289, 9.199999999999999289, 36.49999999999986500 ) ) ;
#4561 = VERTEX_POINT ( 'NONE', #2884 ) ;
#4562 = CARTESIAN_POINT ( 'NONE',  ( -27.00000000000012079, 2.000000000000000000, -38.50000000000000711 ) ) ;
#4563 = DIRECTION ( 'NONE',  ( -0.7071067811865549002, 0.000000000000000000, 0.7071067811865402453 ) ) ;
#4564 = ORIENTED_EDGE ( 'NONE', *, *, #812, .F. ) ;
#4565 = DIRECTION ( 'NONE',  ( -0.7071067811865500152, 0.7071067811865451302, -0.000000000000000000 ) ) ;
#4566 = EDGE_LOOP ( 'NONE', ( #6154, #4659, #3296, #5118 ) ) ;
#4567 = VECTOR ( 'NONE', #6174, 1000.000000000000000 ) ;
#4568 = ORIENTED_EDGE ( 'NONE', *, *, #5278, .T. ) ;
#4569 = ORIENTED_EDGE ( 'NONE', *, *, #6342, .T. ) ;
#4570 = VECTOR ( 'NONE', #6234, 1000.000000000000114 ) ;
#4571 = CARTESIAN_POINT ( 'NONE',  ( -73.10000000000005116, 9.199999999999999289, 25.00000000000000355 ) ) ;
#4572 = DIRECTION ( 'NONE',  ( 1.000000000000000000, 0.000000000000000000, 2.168404344971006501E-15 ) ) ;
#4573 = DIRECTION ( 'NONE',  ( 0.7071067811865482389, -0.7071067811865469066, 4.906538933386797242E-15 ) ) ;
#4574 = VECTOR ( 'NONE', #6311, 1000.000000000000114 ) ;
#4575 = VECTOR ( 'NONE', #5340, 1000.000000000000000 ) ;
#4576 = ORIENTED_EDGE ( 'NONE', *, *, #6500, .F. ) ;
#4577 = CARTESIAN_POINT ( 'NONE',  ( 70.10000000000000853, 3.800000000000001155, -35.50000000000000711 ) ) ;
#4578 = VECTOR ( 'NONE', #306, 1000.000000000000114 ) ;
#4579 = CARTESIAN_POINT ( 'NONE',  ( -24.99999999999999289, 9.199999999999999289, -36.49999999999986500 ) ) ;
#4580 = VECTOR ( 'NONE', #6552, 1000.000000000000000 ) ;
#4581 = DIRECTION ( 'NONE',  ( 1.000000000000000000, -0.000000000000000000, -0.000000000000000000 ) ) ;
#4582 = CARTESIAN_POINT ( 'NONE',  ( -70.09999999999996589, 0.000000000000000000, -40.49999999999997158 ) ) ;
#4583 = AXIS2_PLACEMENT_3D ( 'NONE', #809, #6610, #852 ) ;
#4584 = VERTEX_POINT ( 'NONE', #1191 ) ;
#4585 = VECTOR ( 'NONE', #6113, 1000.000000000000000 ) ;
#4586 = FACE_OUTER_BOUND ( 'NONE', #2983, .T. ) ;
#4587 = CARTESIAN_POINT ( 'NONE',  ( 14.99999999999999645, 7.199999999999984190, -38.50000000000002132 ) ) ;
#4588 = LINE ( 'NONE', #4049, #6347 ) ;
#4589 = DIRECTION ( 'NONE',  ( -0.7071067811865500152, 0.7071067811865451302, 0.000000000000000000 ) ) ;
#4590 = VECTOR ( 'NONE', #29, 1000.000000000000000 ) ;
#4591 = VERTEX_POINT ( 'NONE', #5009 ) ;
#4593 = EDGE_CURVE ( 'NONE', #3982, #5755, #3446, .T. ) ;
#4592 = EDGE_CURVE ( 'NONE', #24, #5203, #2957, .T. ) ;
#4594 = AXIS2_PLACEMENT_3D ( 'NONE', #4653, #3014, #6126 ) ;
#4595 = VERTEX_POINT ( 'NONE', #1811 ) ;
#4596 = FACE_OUTER_BOUND ( 'NONE', #6444, .T. ) ;
#4597 = ORIENTED_EDGE ( 'NONE', *, *, #4422, .F. ) ;
#4598 = DIRECTION ( 'NONE',  ( 0.000000000000000000, -1.000000000000000000, 0.000000000000000000 ) ) ;
#4599 = DIRECTION ( 'NONE',  ( -1.000000000000000000, 0.000000000000000000, 1.734723475976805319E-15 ) ) ;
#4600 = EDGE_LOOP ( 'NONE', ( #1043, #3993, #4893, #324 ) ) ;
#4601 = ADVANCED_FACE ( 'NONE', ( #1254 ), #4905, .F. ) ;
#4602 = VECTOR ( 'NONE', #2732, 1000.000000000000000 ) ;
#4603 = ORIENTED_EDGE ( 'NONE', *, *, #6206, .F. ) ;
#4604 = EDGE_CURVE ( 'NONE', #5544, #3473, #2296, .T. ) ;
#4605 = VERTEX_POINT ( 'NONE', #6509 ) ;
#4606 = ORIENTED_EDGE ( 'NONE', *, *, #595, .F. ) ;
#4607 = VECTOR ( 'NONE', #1549, 1000.000000000000000 ) ;
#4608 = DIRECTION ( 'NONE',  ( 0.000000000000000000, 1.000000000000000000, 0.000000000000000000 ) ) ;
#4609 = DIRECTION ( 'NONE',  ( 0.000000000000000000, -1.000000000000000000, 0.000000000000000000 ) ) ;
#4610 = ADVANCED_FACE ( 'NONE', ( #3885 ), #3368, .T. ) ;
#4611 = CARTESIAN_POINT ( 'NONE',  ( -64.99999999999998579, 2.000000000000000000, 36.49999999999958789 ) ) ;
#4612 = ORIENTED_EDGE ( 'NONE', *, *, #4891, .T. ) ;
#4613 = PLANE ( 'NONE',  #1862 ) ;
#4614 = CARTESIAN_POINT ( 'NONE',  ( -71.09999999999978115, 9.199999999999999289, -25.00000000000000000 ) ) ;
#4615 = LINE ( 'NONE', #867, #2382 ) ;
#4616 = DIRECTION ( 'NONE',  ( -0.000000000000000000, -0.000000000000000000, -1.000000000000000000 ) ) ;
#4617 = CARTESIAN_POINT ( 'NONE',  ( -2.999999999999975131, 9.199999999999999289, 38.50000000000000711 ) ) ;
#4618 = ORIENTED_EDGE ( 'NONE', *, *, #668, .T. ) ;
#4619 = CARTESIAN_POINT ( 'NONE',  ( 42.99999999999997868, 9.199999999999999289, -36.50000000000002132 ) ) ;
#4620 = CARTESIAN_POINT ( 'NONE',  ( -34.99999999999999289, 9.199999999999999289, 36.49999999999972999 ) ) ;
#4621 = DIRECTION ( 'NONE',  ( 0.7071067811865465735, 0.000000000000000000, -0.7071067811865484609 ) ) ;
#4622 = CARTESIAN_POINT ( 'NONE',  ( -25.00000000000000711, 3.800000000000001155, 38.50000000000000711 ) ) ;
#4623 = EDGE_LOOP ( 'NONE', ( #3507, #207, #1462, #1321, #3490, #2289 ) ) ;
#4624 = ORIENTED_EDGE ( 'NONE', *, *, #5110, .T. ) ;
#4625 = ORIENTED_EDGE ( 'NONE', *, *, #1273, .T. ) ;
#4626 = CARTESIAN_POINT ( 'NONE',  ( 65.00000000000000000, 7.199999999999984190, 36.50000000000000711 ) ) ;
#4627 = ORIENTED_EDGE ( 'NONE', *, *, #5786, .T. ) ;
#4628 = FACE_OUTER_BOUND ( 'NONE', #772, .T. ) ;
#4630 = ADVANCED_FACE ( 'NONE', ( #257 ), #2360, .T. ) ;
#4629 = EDGE_CURVE ( 'NONE', #5421, #5327, #3411, .T. ) ;
#4631 = CARTESIAN_POINT ( 'NONE',  ( -18.99999999999995026, 13.19999999999998330, -36.49999999999986500 ) ) ;
#4632 = LINE ( 'NONE', #2049, #3155 ) ;
#4633 = ORIENTED_EDGE ( 'NONE', *, *, #1596, .F. ) ;
#4634 = VECTOR ( 'NONE', #3598, 1000.000000000000000 ) ;
#4635 = ORIENTED_EDGE ( 'NONE', *, *, #5022, .F. ) ;
#4636 = ORIENTED_EDGE ( 'NONE', *, *, #5859, .F. ) ;
#4637 = LINE ( 'NONE', #3122, #3144 ) ;
#4638 = LINE ( 'NONE', #955, #1161 ) ;
#4639 = DIRECTION ( 'NONE',  ( -0.7071067811865524577, 0.000000000000000000, 0.7071067811865426878 ) ) ;
#4640 = ORIENTED_EDGE ( 'NONE', *, *, #6543, .F. ) ;
#4641 = ADVANCED_FACE ( 'NONE', ( #5087 ), #3994, .T. ) ;
#4642 = DIRECTION ( 'NONE',  ( -0.000000000000000000, 1.000000000000000000, -0.000000000000000000 ) ) ;
#4643 = LINE ( 'NONE', #3394, #4455 ) ;
#4644 = LINE ( 'NONE', #3493, #618 ) ;
#4645 = CARTESIAN_POINT ( 'NONE',  ( 65.00000000000000000, 7.199999999999984190, 38.50000000000000711 ) ) ;
#4646 = CARTESIAN_POINT ( 'NONE',  ( 35.00000000000000000, 9.199999999999999289, -36.50000000000002132 ) ) ;
#4647 = ORIENTED_EDGE ( 'NONE', *, *, #527, .F. ) ;
#4648 = DIRECTION ( 'NONE',  ( 0.000000000000000000, 0.000000000000000000, -1.000000000000000000 ) ) ;
#4649 = LINE ( 'NONE', #5603, #2991 ) ;
#4650 = DIRECTION ( 'NONE',  ( 0.000000000000000000, 0.000000000000000000, -1.000000000000000000 ) ) ;
#4651 = DIRECTION ( 'NONE',  ( -1.000000000000000000, 0.000000000000000000, -0.000000000000000000 ) ) ;
#4652 = ORIENTED_EDGE ( 'NONE', *, *, #137, .F. ) ;
#4653 = CARTESIAN_POINT ( 'NONE',  ( 25.00000000000000355, 9.199999999999999289, -38.50000000000002132 ) ) ;
#4654 = EDGE_LOOP ( 'NONE', ( #5534, #1213, #2154, #5831 ) ) ;
#4655 = LINE ( 'NONE', #6105, #5669 ) ;
#4656 = EDGE_CURVE ( 'NONE', #1781, #1603, #1364, .T. ) ;
#4657 = LINE ( 'NONE', #2048, #2489 ) ;
#4658 = CARTESIAN_POINT ( 'NONE',  ( -42.99999999999984368, 9.199999999999999289, -1.491862189340047285E-13 ) ) ;
#4659 = ORIENTED_EDGE ( 'NONE', *, *, #3677, .T. ) ;
#4660 = VERTEX_POINT ( 'NONE', #6101 ) ;
#4661 = ORIENTED_EDGE ( 'NONE', *, *, #6165, .T. ) ;
#4662 = CARTESIAN_POINT ( 'NONE',  ( -73.09999999999998010, 2.000000000000000000, -38.50000000000000711 ) ) ;
#4663 = VECTOR ( 'NONE', #3217, 1000.000000000000000 ) ;
#4664 = CYLINDRICAL_SURFACE ( 'NONE', #69, 5.002713540019556149 ) ;
#4665 = ORIENTED_EDGE ( 'NONE', *, *, #5837, .F. ) ;
#4666 = DIRECTION ( 'NONE',  ( 0.000000000000000000, -1.000000000000000000, -0.000000000000000000 ) ) ;
#4668 = EDGE_CURVE ( 'NONE', #4368, #2812, #3518, .T. ) ;
#4667 = EDGE_CURVE ( 'NONE', #1467, #598, #3478, .T. ) ;
#4669 = ORIENTED_EDGE ( 'NONE', *, *, #3733, .F. ) ;
#4670 = AXIS2_PLACEMENT_3D ( 'NONE', #1121, #61, #3230 ) ;
#4671 = LINE ( 'NONE', #6340, #927 ) ;
#4672 = DIRECTION ( 'NONE',  ( 0.000000000000000000, -0.000000000000000000, -1.000000000000000000 ) ) ;
#4673 = FACE_OUTER_BOUND ( 'NONE', #215, .T. ) ;
#4674 = LINE ( 'NONE', #3495, #1716 ) ;
#4675 = VECTOR ( 'NONE', #5499, 1000.000000000000000 ) ;
#4676 = AXIS2_PLACEMENT_3D ( 'NONE', #3452, #3549, #6106 ) ;
#4677 = LINE ( 'NONE', #6791, #6688 ) ;
#4678 = EDGE_CURVE ( 'NONE', #4329, #1742, #6612, .T. ) ;
#4679 = VERTEX_POINT ( 'NONE', #2959 ) ;
#4680 = VECTOR ( 'NONE', #2133, 1000.000000000000000 ) ;
#4681 = AXIS2_PLACEMENT_3D ( 'NONE', #3008, #5174, #931 ) ;
#4682 = DIRECTION ( 'NONE',  ( -1.000000000000000000, 0.000000000000000000, 2.168404344971006501E-15 ) ) ;
#4683 = FACE_OUTER_BOUND ( 'NONE', #1920, .T. ) ;
#4684 = LINE ( 'NONE', #3737, #723 ) ;
#4685 = CARTESIAN_POINT ( 'NONE',  ( 70.09999999999998010, 3.800000000000001155, -35.50000000000000711 ) ) ;
#4686 = DIRECTION ( 'NONE',  ( -0.7071067811865449082, 0.7071067811865501263, 3.679904200040080971E-15 ) ) ;
#4687 = EDGE_CURVE ( 'NONE', #3058, #4965, #5050, .T. ) ;
#4688 = VECTOR ( 'NONE', #5651, 1000.000000000000000 ) ;
#4689 = VECTOR ( 'NONE', #4563, 1000.000000000000114 ) ;
#4690 = EDGE_CURVE ( 'NONE', #1051, #357, #4505, .T. ) ;
#4691 = ORIENTED_EDGE ( 'NONE', *, *, #2550, .F. ) ;
#4692 = CARTESIAN_POINT ( 'NONE',  ( 70.10000000000000853, 3.800000000000001155, -35.50000000000000711 ) ) ;
#4693 = ORIENTED_EDGE ( 'NONE', *, *, #37, .T. ) ;
#4694 = AXIS2_PLACEMENT_3D ( 'NONE', #2072, #2003, #1451 ) ;
#4695 = PLANE ( 'NONE',  #3477 ) ;
#4696 = DIRECTION ( 'NONE',  ( -0.000000000000000000, -0.000000000000000000, 1.000000000000000000 ) ) ;
#4697 = LINE ( 'NONE', #6807, #2711 ) ;
#4698 = ORIENTED_EDGE ( 'NONE', *, *, #5550, .F. ) ;
#4699 = AXIS2_PLACEMENT_3D ( 'NONE', #5194, #1926, #1443 ) ;
#4700 = VERTEX_POINT ( 'NONE', #2943 ) ;
#4701 = ORIENTED_EDGE ( 'NONE', *, *, #2998, .F. ) ;
#4702 = CARTESIAN_POINT ( 'NONE',  ( -73.09999999999999432, 2.000000000000000000, 38.50000000000000711 ) ) ;
#4703 = VECTOR ( 'NONE', #644, 1000.000000000000000 ) ;
#4704 = DIRECTION ( 'NONE',  ( -1.000000000000000000, 0.000000000000000000, -0.000000000000000000 ) ) ;
#4705 = VERTEX_POINT ( 'NONE', #2282 ) ;
#4706 = DIRECTION ( 'NONE',  ( 1.000000000000000000, 0.000000000000000000, 0.000000000000000000 ) ) ;
#4707 = ORIENTED_EDGE ( 'NONE', *, *, #3171, .T. ) ;
#4708 = DIRECTION ( 'NONE',  ( 0.000000000000000000, -1.000000000000000000, 0.000000000000000000 ) ) ;
#4709 = LINE ( 'NONE', #4172, #1703 ) ;
#4710 = DIRECTION ( 'NONE',  ( 1.000000000000000000, 0.000000000000000000, 1.734723475976805319E-15 ) ) ;
#4712 = EDGE_CURVE ( 'NONE', #4017, #1639, #5146, .T. ) ;
#4711 = EDGE_CURVE ( 'NONE', #2091, #4345, #3841, .T. ) ;
#4713 = DIRECTION ( 'NONE',  ( 1.000000000000000000, 0.000000000000000000, -1.734723475976805319E-15 ) ) ;
#4714 = VECTOR ( 'NONE', #4642, 1000.000000000000000 ) ;
#4715 = DIRECTION ( 'NONE',  ( -0.000000000000000000, 0.000000000000000000, -1.000000000000000000 ) ) ;
#4716 = ORIENTED_EDGE ( 'NONE', *, *, #6300, .T. ) ;
#4717 = PLANE ( 'NONE',  #319 ) ;
#4718 = LINE ( 'NONE', #5308, #3435 ) ;
#4719 = DIRECTION ( 'NONE',  ( 1.000000000000000000, -0.000000000000000000, -0.000000000000000000 ) ) ;
#4720 = EDGE_CURVE ( 'NONE', #2012, #4591, #1799, .T. ) ;
#4721 = LINE ( 'NONE', #74, #3488 ) ;
#4722 = PLANE ( 'NONE',  #1729 ) ;
#4723 = ORIENTED_EDGE ( 'NONE', *, *, #5287, .T. ) ;
#4724 = DIRECTION ( 'NONE',  ( 1.000000000000000000, 0.000000000000000000, -1.734723475976805319E-15 ) ) ;
#4725 = EDGE_CURVE ( 'NONE', #4972, #5551, #863, .T. ) ;
#4726 = ORIENTED_EDGE ( 'NONE', *, *, #137, .T. ) ;
#4727 = PLANE ( 'NONE',  #3796 ) ;
#4728 = EDGE_CURVE ( 'NONE', #3517, #2673, #3432, .T. ) ;
#4729 = CARTESIAN_POINT ( 'NONE',  ( -73.09999999999998010, 7.199999999999984190, 5.000000000000004441 ) ) ;
#4730 = DIRECTION ( 'NONE',  ( -0.000000000000000000, 0.000000000000000000, -1.000000000000000000 ) ) ;
#4731 = ORIENTED_EDGE ( 'NONE', *, *, #1256, .F. ) ;
#4732 = ORIENTED_EDGE ( 'NONE', *, *, #605, .T. ) ;
#4733 = ORIENTED_EDGE ( 'NONE', *, *, #2570, .F. ) ;
#4734 = DIRECTION ( 'NONE',  ( 0.000000000000000000, 1.000000000000000000, 0.000000000000000000 ) ) ;
#4735 = FACE_OUTER_BOUND ( 'NONE', #3060, .T. ) ;
#4736 = ORIENTED_EDGE ( 'NONE', *, *, #5525, .T. ) ;
#4737 = FACE_OUTER_BOUND ( 'NONE', #6397, .T. ) ;
#4738 = VERTEX_POINT ( 'NONE', #1873 ) ;
#4739 = LINE ( 'NONE', #2066, #3239 ) ;
#4740 = FACE_OUTER_BOUND ( 'NONE', #2977, .T. ) ;
#4741 = CARTESIAN_POINT ( 'NONE',  ( 14.99999999999999645, 9.199999999999999289, 38.50000000000000711 ) ) ;
#4742 = DIRECTION ( 'NONE',  ( 0.7071067811865500152, -0.7071067811865451302, 0.000000000000000000 ) ) ;
#4743 = DIRECTION ( 'NONE',  ( 0.7071067811865549002, 0.000000000000000000, -0.7071067811865401342 ) ) ;
#4744 = ORIENTED_EDGE ( 'NONE', *, *, #4725, .T. ) ;
#4745 = DIRECTION ( 'NONE',  ( 0.000000000000000000, 0.000000000000000000, -1.000000000000000000 ) ) ;
#4746 = DIRECTION ( 'NONE',  ( 0.000000000000000000, 1.000000000000000000, 0.000000000000000000 ) ) ;
#4747 = LINE ( 'NONE', #1129, #5348 ) ;
#4748 = CARTESIAN_POINT ( 'NONE',  ( 73.10000000000005116, 3.800000000000001155, 14.99999999999999645 ) ) ;
#4749 = PLANE ( 'NONE',  #3271 ) ;
#4750 = ORIENTED_EDGE ( 'NONE', *, *, #5136, .T. ) ;
#4752 = ADVANCED_FACE ( 'NONE', ( #5945 ), #3873, .F. ) ;
#4751 = EDGE_CURVE ( 'NONE', #5649, #6349, #4889, .T. ) ;
#4753 = CARTESIAN_POINT ( 'NONE',  ( -42.99999999999997868, 9.199999999999999289, 38.49999999999972999 ) ) ;
#4754 = ORIENTED_EDGE ( 'NONE', *, *, #516, .T. ) ;
#4755 = CARTESIAN_POINT ( 'NONE',  ( 71.09999999999998010, 7.199999999999984190, -5.000000000000000000 ) ) ;
#4756 = FACE_OUTER_BOUND ( 'NONE', #1206, .T. ) ;
#4757 = CARTESIAN_POINT ( 'NONE',  ( -45.00000000000000000, 3.800000000000001155, 36.49999999999972999 ) ) ;
#4758 = ORIENTED_EDGE ( 'NONE', *, *, #4513, .T. ) ;
#4759 = EDGE_CURVE ( 'NONE', #240, #5841, #322, .T. ) ;
#4760 = ADVANCED_FACE ( 'NONE', ( #696 ), #3323, .T. ) ;
#4761 = PRODUCT_DEFINITION_FORMATION_WITH_SPECIFIED_SOURCE ( 'ÈÎºÎ', '', #6040, .NOT_KNOWN. ) ;
#4762 = ORIENTED_EDGE ( 'NONE', *, *, #1011, .F. ) ;
#4763 = EDGE_LOOP ( 'NONE', ( #6687, #3538, #1850, #1172, #1542, #4732 ) ) ;
#4764 = CARTESIAN_POINT ( 'NONE',  ( 71.09999999999998010, 9.199999999999999289, 5.000000000000000000 ) ) ;
#4765 = DIRECTION ( 'NONE',  ( -0.7071067811865431318, 0.000000000000000000, -0.7071067811865520136 ) ) ;
#4766 = ORIENTED_EDGE ( 'NONE', *, *, #3094, .T. ) ;
#4767 = DIRECTION ( 'NONE',  ( -0.7071067811865493491, -0.7071067811865456854, 0.000000000000000000 ) ) ;
#4768 = EDGE_CURVE ( 'NONE', #6200, #2439, #2873, .T. ) ;
#4769 = ORIENTED_EDGE ( 'NONE', *, *, #1740, .T. ) ;
#4770 = DIRECTION ( 'NONE',  ( 0.000000000000000000, -1.000000000000000000, 0.000000000000000000 ) ) ;
#4771 = VECTOR ( 'NONE', #5150, 1000.000000000000000 ) ;
#4772 = LINE ( 'NONE', #5858, #2924 ) ;
#4773 = DIRECTION ( 'NONE',  ( -0.000000000000000000, 0.000000000000000000, -1.000000000000000000 ) ) ;
#4774 = CARTESIAN_POINT ( 'NONE',  ( -47.00000000000026290, 2.000000000000000000, -38.50000000000000711 ) ) ;
#4775 = DIRECTION ( 'NONE',  ( -1.000000000000000000, 0.000000000000000000, -1.734723475976805319E-15 ) ) ;
#4776 = VECTOR ( 'NONE', #5826, 1000.000000000000114 ) ;
#4777 = ORIENTED_EDGE ( 'NONE', *, *, #6300, .F. ) ;
#4778 = LINE ( 'NONE', #449, #1421 ) ;
#4779 = DIRECTION ( 'NONE',  ( 0.7071067811865451302, 0.7071067811865500152, 0.000000000000000000 ) ) ;
#4780 = AXIS2_PLACEMENT_3D ( 'NONE', #6563, #6090, #4931 ) ;
#4781 = DIRECTION ( 'NONE',  ( 0.000000000000000000, 0.000000000000000000, 1.000000000000000000 ) ) ;
#4782 = VECTOR ( 'NONE', #1891, 1000.000000000000000 ) ;
#4783 = CARTESIAN_POINT ( 'NONE',  ( -73.09999999999999432, 2.000000000000000000, 13.00000000000006040 ) ) ;
#4784 = DIRECTION ( 'NONE',  ( 0.000000000000000000, -1.000000000000000000, 0.000000000000000000 ) ) ;
#4785 = VECTOR ( 'NONE', #4406, 1000.000000000000000 ) ;
#4786 = VERTEX_POINT ( 'NONE', #1210 ) ;
#4787 = VECTOR ( 'NONE', #1498, 1000.000000000000000 ) ;
#4788 = CARTESIAN_POINT ( 'NONE',  ( 12.99999999999999822, -0.0009999999999992653654, 38.50000000000000711 ) ) ;
#4789 = VERTEX_POINT ( 'NONE', #5423 ) ;
#4790 = CARTESIAN_POINT ( 'NONE',  ( 45.00000000000000711, 2.000000000000000000, -36.50000000000002132 ) ) ;
#4791 = CARTESIAN_POINT ( 'NONE',  ( 70.10000000000000853, 3.800000000000001155, 40.44974746830580159 ) ) ;
#4792 = CARTESIAN_POINT ( 'NONE',  ( 75.09999999999996589, 14.00000000000000000, 42.50000000000000000 ) ) ;
#4793 = VECTOR ( 'NONE', #989, 1000.000000000000000 ) ;
#4795 = ADVANCED_FACE ( 'NONE', ( #4419 ), #6156, .T. ) ;
#4794 = EDGE_CURVE ( 'NONE', #1983, #641, #1243, .T. ) ;
#4796 = VECTOR ( 'NONE', #1499, 1000.000000000000000 ) ;
#4797 = ORIENTED_EDGE ( 'NONE', *, *, #578, .F. ) ;
#4798 = VECTOR ( 'NONE', #4784, 1000.000000000000000 ) ;
#4799 = VERTEX_POINT ( 'NONE', #2841 ) ;
#4800 = AXIS2_PLACEMENT_3D ( 'NONE', #2726, #3238, #1070 ) ;
#4801 = ORIENTED_EDGE ( 'NONE', *, *, #3298, .F. ) ;
#4802 = DIRECTION ( 'NONE',  ( 0.000000000000000000, -1.000000000000000000, 0.000000000000000000 ) ) ;
#4803 = PLANE ( 'NONE',  #1053 ) ;
#4804 = AXIS2_PLACEMENT_3D ( 'NONE', #5226, #3161, #504 ) ;
#4805 = ORIENTED_EDGE ( 'NONE', *, *, #2374, .F. ) ;
#4806 = CARTESIAN_POINT ( 'NONE',  ( -17.00000000000002487, 9.199999999999999289, -36.49999999999986500 ) ) ;
#4807 = ORIENTED_EDGE ( 'NONE', *, *, #4095, .F. ) ;
#4808 = ORIENTED_EDGE ( 'NONE', *, *, #460, .F. ) ;
#4809 = VECTOR ( 'NONE', #1949, 1000.000000000000000 ) ;
#4810 = CARTESIAN_POINT ( 'NONE',  ( -47.00000000000026290, 3.800000000000001155, -38.50000000000000711 ) ) ;
#4811 = DIRECTION ( 'NONE',  ( 0.7071067811865505703, 0.7071067811865444641, 0.000000000000000000 ) ) ;
#4812 = EDGE_CURVE ( 'NONE', #4323, #2854, #244, .T. ) ;
#4813 = CARTESIAN_POINT ( 'NONE',  ( 2.999999999999975131, 9.199999999999999289, -38.50000000000002132 ) ) ;
#4814 = FACE_OUTER_BOUND ( 'NONE', #5283, .T. ) ;
#4815 = VECTOR ( 'NONE', #970, 1000.000000000000000 ) ;
#4816 = ORIENTED_EDGE ( 'NONE', *, *, #1179, .F. ) ;
#4817 = PLANE ( 'NONE',  #1973 ) ;
#4818 = VECTOR ( 'NONE', #2895, 1000.000000000000000 ) ;
#4819 = CARTESIAN_POINT ( 'NONE',  ( 70.10000000000000853, 3.800000000000001155, 40.44974746830580159 ) ) ;
#4820 = DIRECTION ( 'NONE',  ( 0.000000000000000000, -1.000000000000000000, 0.000000000000000000 ) ) ;
#4821 = CARTESIAN_POINT ( 'NONE',  ( 35.00000000000000000, 3.800000000000001155, -36.50000000000002132 ) ) ;
#4822 = CARTESIAN_POINT ( 'NONE',  ( -73.09999999999998010, 9.199999999999999289, -5.000000000000004441 ) ) ;
#4823 = ORIENTED_EDGE ( 'NONE', *, *, #1217, .T. ) ;
#4824 = EDGE_CURVE ( 'NONE', #3439, #3366, #4930, .T. ) ;
#4825 = FACE_OUTER_BOUND ( 'NONE', #4600, .T. ) ;
#4826 = ORIENTED_EDGE ( 'NONE', *, *, #2765, .T. ) ;
#4827 = CARTESIAN_POINT ( 'NONE',  ( -2.999999999999966249, 9.199999999999999289, -36.50000000000000711 ) ) ;
#4828 = DIRECTION ( 'NONE',  ( 1.000000000000000000, 0.000000000000000000, 0.000000000000000000 ) ) ;
#4829 = ORIENTED_EDGE ( 'NONE', *, *, #4751, .F. ) ;
#4830 = ORIENTED_EDGE ( 'NONE', *, *, #1646, .F. ) ;
#4832 = EDGE_CURVE ( 'NONE', #3771, #1571, #1353, .T. ) ;
#4831 = EDGE_CURVE ( 'NONE', #1990, #448, #177, .T. ) ;
#4833 = ORIENTED_EDGE ( 'NONE', *, *, #2947, .F. ) ;
#4834 = CARTESIAN_POINT ( 'NONE',  ( -34.99999999999999289, 9.199999999999999289, 36.49999999999972999 ) ) ;
#4835 = ORIENTED_EDGE ( 'NONE', *, *, #5822, .T. ) ;
#4836 =( LENGTH_UNIT ( ) NAMED_UNIT ( * ) SI_UNIT ( .MILLI., .METRE. ) );
#4837 = EDGE_LOOP ( 'NONE', ( #2901, #910, #1852, #4393 ) ) ;
#4838 = FACE_OUTER_BOUND ( 'NONE', #1869, .T. ) ;
#4839 = ORIENTED_EDGE ( 'NONE', *, *, #5503, .T. ) ;
#4840 = ORIENTED_EDGE ( 'NONE', *, *, #6787, .T. ) ;
#4841 = EDGE_CURVE ( 'NONE', #1083, #5221, #1837, .T. ) ;
#4842 = DIRECTION ( 'NONE',  ( 0.000000000000000000, -1.000000000000000000, 0.000000000000000000 ) ) ;
#4843 = DIRECTION ( 'NONE',  ( 0.000000000000000000, -1.000000000000000000, 0.000000000000000000 ) ) ;
#4844 = DIRECTION ( 'NONE',  ( -0.7071067811865426878, 0.000000000000000000, -0.7071067811865524577 ) ) ;
#4845 = DIRECTION ( 'NONE',  ( 1.000000000000000000, 0.000000000000000000, -0.000000000000000000 ) ) ;
#4846 = VECTOR ( 'NONE', #1527, 1000.000000000000000 ) ;
#4847 = EDGE_CURVE ( 'NONE', #5677, #5421, #2984, .T. ) ;
#4848 = ORIENTED_EDGE ( 'NONE', *, *, #5171, .T. ) ;
#4849 = DIRECTION ( 'NONE',  ( 0.000000000000000000, -1.000000000000000000, 0.000000000000000000 ) ) ;
#4850 = CARTESIAN_POINT ( 'NONE',  ( 12.99999999999999822, 2.000000000000000000, 38.50000000000000711 ) ) ;
#4851 = CARTESIAN_POINT ( 'NONE',  ( -47.04999999999989768, 3.800000000000001155, -58.54999999999991900 ) ) ;
#4852 = AXIS2_PLACEMENT_3D ( 'NONE', #3236, #5276, #555 ) ;
#4853 = CARTESIAN_POINT ( 'NONE',  ( 22.99999999999997513, 9.199999999999999289, -38.50000000000002132 ) ) ;
#4854 = DIRECTION ( 'NONE',  ( 0.000000000000000000, 1.000000000000000000, 0.000000000000000000 ) ) ;
#4855 = ORIENTED_EDGE ( 'NONE', *, *, #4468, .F. ) ;
#4856 = DIRECTION ( 'NONE',  ( 0.000000000000000000, -1.000000000000000000, 0.000000000000000000 ) ) ;
#4857 = VERTEX_POINT ( 'NONE', #4626 ) ;
#4858 = PLANE ( 'NONE',  #2318 ) ;
#4859 = DIRECTION ( 'NONE',  ( 0.7071067811865451302, 0.7071067811865500152, 0.000000000000000000 ) ) ;
#4860 = ORIENTED_EDGE ( 'NONE', *, *, #1502, .F. ) ;
#4861 = ORIENTED_EDGE ( 'NONE', *, *, #3231, .F. ) ;
#4862 = EDGE_CURVE ( 'NONE', #1813, #1460, #3985, .T. ) ;
#4863 = ORIENTED_EDGE ( 'NONE', *, *, #5718, .F. ) ;
#4864 = CARTESIAN_POINT ( 'NONE',  ( 25.00000000000000355, 7.199999999999984190, -38.50000000000002132 ) ) ;
#4865 = ORIENTED_EDGE ( 'NONE', *, *, #3162, .F. ) ;
#4866 = ORIENTED_EDGE ( 'NONE', *, *, #2465, .F. ) ;
#4867 = DIRECTION ( 'NONE',  ( 0.000000000000000000, -1.000000000000000000, -0.000000000000000000 ) ) ;
#4868 = VERTEX_POINT ( 'NONE', #5710 ) ;
#4869 = ORIENTED_EDGE ( 'NONE', *, *, #2526, .T. ) ;
#4870 = CARTESIAN_POINT ( 'NONE',  ( 16.00000000000000355, 8.199999999999983302, 38.50000000000000711 ) ) ;
#4871 = FACE_OUTER_BOUND ( 'NONE', #5648, .T. ) ;
#4872 = CARTESIAN_POINT ( 'NONE',  ( -40.34999999999999432, 3.800000000000001155, -5.749999999999297451 ) ) ;
#4873 = ADVANCED_FACE ( 'NONE', ( #426 ), #3508, .T. ) ;
#4874 = LINE ( 'NONE', #2266, #5599 ) ;
#4875 = ORIENTED_EDGE ( 'NONE', *, *, #1867, .F. ) ;
#4876 = AXIS2_PLACEMENT_3D ( 'NONE', #6409, #155, #97 ) ;
#4877 = DIRECTION ( 'NONE',  ( 0.000000000000000000, 0.7071067811865446862, -0.7071067811865503483 ) ) ;
#4878 = CARTESIAN_POINT ( 'NONE',  ( -1.000000000000042633, 13.19999999999998863, 38.50000000000000711 ) ) ;
#4879 = DIRECTION ( 'NONE',  ( -1.000000000000000000, 0.000000000000000000, -1.802310104910968394E-16 ) ) ;
#4880 = EDGE_CURVE ( 'NONE', #4009, #3855, #6705, .T. ) ;
#4881 = LINE ( 'NONE', #4413, #4036 ) ;
#4882 = EDGE_CURVE ( 'NONE', #1246, #5032, #6194, .T. ) ;
#4883 = AXIS2_PLACEMENT_3D ( 'NONE', #1835, #3069, #2871 ) ;
#4884 = FACE_OUTER_BOUND ( 'NONE', #6680, .T. ) ;
#4885 = ORIENTED_EDGE ( 'NONE', *, *, #2689, .F. ) ;
#4886 = CARTESIAN_POINT ( 'NONE',  ( -75.04974746830579591, 3.800000000000001155, 35.50000000000000711 ) ) ;
#4887 = EDGE_LOOP ( 'NONE', ( #5949, #6283, #2160, #3974 ) ) ;
#4888 = DIRECTION ( 'NONE',  ( -1.000000000000000000, 0.000000000000000000, 3.469446951953610639E-15 ) ) ;
#4889 = LINE ( 'NONE', #213, #635 ) ;
#4890 = DIRECTION ( 'NONE',  ( -0.000000000000000000, 1.000000000000000000, -0.000000000000000000 ) ) ;
#4891 = EDGE_CURVE ( 'NONE', #4463, #2637, #880, .T. ) ;
#4892 = VECTOR ( 'NONE', #3938, 1000.000000000000114 ) ;
#4893 = ORIENTED_EDGE ( 'NONE', *, *, #4728, .F. ) ;
#4894 = VECTOR ( 'NONE', #329, 1000.000000000000114 ) ;
#4895 = ORIENTED_EDGE ( 'NONE', *, *, #1647, .T. ) ;
#4896 = ORIENTED_EDGE ( 'NONE', *, *, #4656, .T. ) ;
#4897 = VECTOR ( 'NONE', #3064, 1000.000000000000000 ) ;
#4898 = VECTOR ( 'NONE', #1426, 1000.000000000000000 ) ;
#4899 = PLANE ( 'NONE',  #2370 ) ;
#4900 = CARTESIAN_POINT ( 'NONE',  ( 71.09999999999978115, 3.800000000000001155, -15.00000000000000000 ) ) ;
#4901 = ADVANCED_FACE ( 'NONE', ( #3606 ), #6733, .T. ) ;
#4902 = VERTEX_POINT ( 'NONE', #843 ) ;
#4903 = DIRECTION ( 'NONE',  ( 0.000000000000000000, 0.000000000000000000, -1.000000000000000000 ) ) ;
#4904 = ORIENTED_EDGE ( 'NONE', *, *, #6550, .F. ) ;
#4905 = PLANE ( 'NONE',  #309 ) ;
#4906 = VECTOR ( 'NONE', #412, 1000.000000000000000 ) ;
#4907 = VECTOR ( 'NONE', #2090, 1000.000000000000000 ) ;
#4908 = ORIENTED_EDGE ( 'NONE', *, *, #6776, .F. ) ;
#4909 = ORIENTED_EDGE ( 'NONE', *, *, #6178, .T. ) ;
#4910 = LINE ( 'NONE', #4272, #5888 ) ;
#4911 = DIRECTION ( 'NONE',  ( 0.000000000000000000, 0.000000000000000000, -1.000000000000000000 ) ) ;
#4912 = VECTOR ( 'NONE', #2443, 1000.000000000000000 ) ;
#4913 = CARTESIAN_POINT ( 'NONE',  ( -73.09999999999999432, 2.000000000000000000, 38.50000000000000711 ) ) ;
#4914 = CARTESIAN_POINT ( 'NONE',  ( -17.04999999999999005, 3.800000000000001155, -88.54999999999998295 ) ) ;
#4915 = VECTOR ( 'NONE', #5990, 1000.000000000000000 ) ;
#4916 = ORIENTED_EDGE ( 'NONE', *, *, #6272, .T. ) ;
#4918 = EDGE_CURVE ( 'NONE', #6734, #4660, #5642, .T. ) ;
#4917 = ADVANCED_FACE ( 'NONE', ( #2428 ), #5670, .T. ) ;
#4919 = FACE_OUTER_BOUND ( 'NONE', #1569, .T. ) ;
#4920 = CARTESIAN_POINT ( 'NONE',  ( -75.09999999999996589, 2.000000000000000000, 42.50000000000000000 ) ) ;
#4921 = LINE ( 'NONE', #6450, #2496 ) ;
#4922 = CARTESIAN_POINT ( 'NONE',  ( -75.09999999999995168, 2.000000000000000000, -35.29999999999999716 ) ) ;
#4923 = VECTOR ( 'NONE', #6558, 1000.000000000000114 ) ;
#4924 = LINE ( 'NONE', #1794, #5474 ) ;
#4925 = ORIENTED_EDGE ( 'NONE', *, *, #4592, .T. ) ;
#4926 = VECTOR ( 'NONE', #4849, 1000.000000000000000 ) ;
#4927 = DIRECTION ( 'NONE',  ( 1.000000000000000000, 0.000000000000000000, -0.000000000000000000 ) ) ;
#4928 = LINE ( 'NONE', #2903, #3029 ) ;
#4929 = CARTESIAN_POINT ( 'NONE',  ( -73.09999999999998010, -0.0009999999999992653654, -27.00000000000022737 ) ) ;
#4930 = LINE ( 'NONE', #5560, #6153 ) ;
#4931 = DIRECTION ( 'NONE',  ( 0.000000000000000000, 0.000000000000000000, -1.000000000000000000 ) ) ;
#4932 = EDGE_LOOP ( 'NONE', ( #3813, #3312, #2164, #1403 ) ) ;
#4933 = EDGE_CURVE ( 'NONE', #448, #1531, #6479, .T. ) ;
#4934 = ORIENTED_EDGE ( 'NONE', *, *, #5171, .F. ) ;
#4935 = EDGE_CURVE ( 'NONE', #5274, #4556, #6094, .T. ) ;
#4936 = ORIENTED_EDGE ( 'NONE', *, *, #3200, .F. ) ;
#4937 = DIRECTION ( 'NONE',  ( 0.000000000000000000, -1.000000000000000000, 0.000000000000000000 ) ) ;
#4938 = CARTESIAN_POINT ( 'NONE',  ( -73.10000000000005116, 9.199999999999999289, 22.99999999999997158 ) ) ;
#4939 = ORIENTED_EDGE ( 'NONE', *, *, #5587, .T. ) ;
#4940 = CARTESIAN_POINT ( 'NONE',  ( 22.99999999999997513, 9.199999999999999289, -38.50000000000002132 ) ) ;
#4941 = ORIENTED_EDGE ( 'NONE', *, *, #6468, .T. ) ;
#4942 = DIRECTION ( 'NONE',  ( 1.000000000000000000, 0.000000000000000000, 0.000000000000000000 ) ) ;
#4943 = EDGE_LOOP ( 'NONE', ( #2206, #4447, #5154, #1989 ) ) ;
#4944 = ORIENTED_EDGE ( 'NONE', *, *, #5879, .T. ) ;
#4945 = ADVANCED_FACE ( 'NONE', ( #5148 ), #3084, .F. ) ;
#4946 = DIRECTION ( 'NONE',  ( -0.7071067811865505703, -0.7071067811865444641, -0.000000000000000000 ) ) ;
#4947 = CARTESIAN_POINT ( 'NONE',  ( 71.10000000000005116, 7.199999999999984190, 25.00000000000000000 ) ) ;
#4948 = CARTESIAN_POINT ( 'NONE',  ( -45.00000000000001421, 9.199999999999999289, -38.49999999999972999 ) ) ;
#4949 = CARTESIAN_POINT ( 'NONE',  ( -71.09999999999998010, 13.19999999999998685, -1.000000000000042633 ) ) ;
#4950 = ORIENTED_EDGE ( 'NONE', *, *, #6076, .T. ) ;
#4951 = DIRECTION ( 'NONE',  ( -0.7071067811865549002, 0.000000000000000000, 0.7071067811865402453 ) ) ;
#4952 = CARTESIAN_POINT ( 'NONE',  ( 73.09999999999998010, 9.199999999999999289, 2.999999999999975131 ) ) ;
#4953 = LINE ( 'NONE', #1759, #6238 ) ;
#4954 = DIRECTION ( 'NONE',  ( 0.000000000000000000, -1.000000000000000000, 0.000000000000000000 ) ) ;
#4955 = PLANE ( 'NONE',  #2268 ) ;
#4956 = ORIENTED_EDGE ( 'NONE', *, *, #6588, .F. ) ;
#4957 = AXIS2_PLACEMENT_3D ( 'NONE', #3347, #6045, #5414 ) ;
#4958 = CARTESIAN_POINT ( 'NONE',  ( 34.99999999999999289, 9.199999999999999289, -38.50000000000002132 ) ) ;
#4959 = CARTESIAN_POINT ( 'NONE',  ( -73.09999999999999432, 3.800000000000001155, 38.50000000000000711 ) ) ;
#4960 = CARTESIAN_POINT ( 'NONE',  ( 35.00000000000000000, 9.199999999999999289, -36.50000000000002132 ) ) ;
#4961 = DIRECTION ( 'NONE',  ( 0.000000000000000000, 0.000000000000000000, 1.000000000000000000 ) ) ;
#4962 = CARTESIAN_POINT ( 'NONE',  ( 71.09999999999978115, 3.800000000000001155, -25.00000000000000000 ) ) ;
#4963 = ORIENTED_EDGE ( 'NONE', *, *, #2676, .T. ) ;
#4964 = ADVANCED_FACE ( 'NONE', ( #6163 ), #3469, .T. ) ;
#4965 = VERTEX_POINT ( 'NONE', #5568 ) ;
#4966 = ORIENTED_EDGE ( 'NONE', *, *, #1731, .T. ) ;
#4967 = CARTESIAN_POINT ( 'NONE',  ( -14.99999999999999645, 9.199999999999999289, -36.49999999999986500 ) ) ;
#4968 = CARTESIAN_POINT ( 'NONE',  ( 73.09999999999998010, 9.199999999999999289, -2.999999999999975131 ) ) ;
#4969 = VERTEX_POINT ( 'NONE', #6762 ) ;
#4971 = EDGE_CURVE ( 'NONE', #5761, #2381, #3539, .T. ) ;
#4970 =( NAMED_UNIT ( * ) PLANE_ANGLE_UNIT ( ) SI_UNIT ( $, .RADIAN. ) );
#4972 = VERTEX_POINT ( 'NONE', #5109 ) ;
#4973 = DIRECTION ( 'NONE',  ( 1.000000000000000000, -0.000000000000000000, -0.000000000000000000 ) ) ;
#4974 = ORIENTED_EDGE ( 'NONE', *, *, #6325, .T. ) ;
#4975 = ORIENTED_EDGE ( 'NONE', *, *, #46, .T. ) ;
#4976 = ORIENTED_EDGE ( 'NONE', *, *, #6342, .F. ) ;
#4977 = DIRECTION ( 'NONE',  ( -1.000000000000000000, 0.000000000000000000, 0.000000000000000000 ) ) ;
#4978 = LINE ( 'NONE', #5929, #3243 ) ;
#4979 = CARTESIAN_POINT ( 'NONE',  ( -24.99999999999999289, 9.199999999999999289, -36.49999999999986500 ) ) ;
#4980 = EDGE_CURVE ( 'NONE', #6305, #5584, #4531, .T. ) ;
#4981 = LINE ( 'NONE', #4373, #1175 ) ;
#4982 = ADVANCED_FACE ( 'NONE', ( #4596 ), #1982, .F. ) ;
#4983 = VERTEX_POINT ( 'NONE', #4753 ) ;
#4984 = DIRECTION ( 'NONE',  ( -1.000000000000000000, 0.000000000000000000, 0.000000000000000000 ) ) ;
#4985 = PLANE ( 'NONE',  #4957 ) ;
#4986 = CARTESIAN_POINT ( 'NONE',  ( 70.10000000000000853, -0.0009999999999992653654, 35.49999999999999289 ) ) ;
#4987 = LINE ( 'NONE', #6553, #2599 ) ;
#4988 = CARTESIAN_POINT ( 'NONE',  ( 73.10000000000000853, 3.800000000000001155, -38.50000000000000711 ) ) ;
#4989 = EDGE_LOOP ( 'NONE', ( #5291, #4367, #4840, #3743 ) ) ;
#4990 = DIRECTION ( 'NONE',  ( 0.000000000000000000, 1.000000000000000000, 0.000000000000000000 ) ) ;
#4991 = DIRECTION ( 'NONE',  ( 0.000000000000000000, 0.000000000000000000, -1.000000000000000000 ) ) ;
#4992 = CARTESIAN_POINT ( 'NONE',  ( 70.09999999999998010, 2.000000000000000000, -35.50000000000000711 ) ) ;
#4993 = CARTESIAN_POINT ( 'NONE',  ( -54.99999999999999289, 7.199999999999984190, 38.49999999999958789 ) ) ;
#4994 = VECTOR ( 'NONE', #6069, 1000.000000000000000 ) ;
#4995 = CARTESIAN_POINT ( 'NONE',  ( -44.00000000000000711, 8.199999999999986855, -38.49999999999972999 ) ) ;
#4996 = ORIENTED_EDGE ( 'NONE', *, *, #1598, .T. ) ;
#4997 = VECTOR ( 'NONE', #5405, 1000.000000000000000 ) ;
#4998 = ORIENTED_EDGE ( 'NONE', *, *, #3659, .T. ) ;
#4999 = VERTEX_POINT ( 'NONE', #1037 ) ;
#5001 = EDGE_CURVE ( 'NONE', #2673, #2212, #1134, .T. ) ;
#5000 = ADVANCED_FACE ( 'NONE', ( #4287 ), #2144, .F. ) ;
#5002 = CARTESIAN_POINT ( 'NONE',  ( -24.99999999999999289, 3.800000000000001155, -36.49999999999986500 ) ) ;
#5003 = CARTESIAN_POINT ( 'NONE',  ( -5.000000000000004441, 3.800000000000001155, 38.50000000000000711 ) ) ;
#5004 = VECTOR ( 'NONE', #6121, 1000.000000000000000 ) ;
#5005 = VECTOR ( 'NONE', #1371, 1000.000000000000000 ) ;
#5006 = VERTEX_POINT ( 'NONE', #5806 ) ;
#5007 = DIRECTION ( 'NONE',  ( 0.000000000000000000, 0.000000000000000000, -1.000000000000000000 ) ) ;
#5008 = ORIENTED_EDGE ( 'NONE', *, *, #3449, .F. ) ;
#5009 = CARTESIAN_POINT ( 'NONE',  ( -47.00000000000029132, 3.800000000000001155, 38.50000000000000711 ) ) ;
#5010 = EDGE_LOOP ( 'NONE', ( #741, #6313, #811, #774 ) ) ;
#5011 = VECTOR ( 'NONE', #1653, 1000.000000000000000 ) ;
#5012 = ORIENTED_EDGE ( 'NONE', *, *, #5700, .F. ) ;
#5013 = AXIS2_PLACEMENT_3D ( 'NONE', #3208, #5309, #1687 ) ;
#5014 = ORIENTED_EDGE ( 'NONE', *, *, #5220, .T. ) ;
#5015 = LINE ( 'NONE', #303, #707 ) ;
#5016 = EDGE_CURVE ( 'NONE', #2319, #1641, #5314, .T. ) ;
#5017 = CARTESIAN_POINT ( 'NONE',  ( 77.10000000000000853, 14.00000000000000000, -35.50000000000000711 ) ) ;
#5018 = CARTESIAN_POINT ( 'NONE',  ( 69.89999999999999147, 2.000000000000000000, -40.50000000000000000 ) ) ;
#5019 = AXIS2_PLACEMENT_3D ( 'NONE', #4579, #5167, #373 ) ;
#5020 = CARTESIAN_POINT ( 'NONE',  ( 53.00000000000002132, 2.000000000000000000, 38.50000000000000711 ) ) ;
#5021 = ORIENTED_EDGE ( 'NONE', *, *, #538, .F. ) ;
#5022 = EDGE_CURVE ( 'NONE', #5221, #5032, #5249, .T. ) ;
#5023 = AXIS2_PLACEMENT_3D ( 'NONE', #1272, #2276, #3899 ) ;
#5024 = VECTOR ( 'NONE', #114, 1000.000000000000000 ) ;
#5025 = DIRECTION ( 'NONE',  ( -0.000000000000000000, 0.000000000000000000, -1.000000000000000000 ) ) ;
#5026 = EDGE_CURVE ( 'NONE', #497, #1284, #3639, .T. ) ;
#5027 = SURFACE_SIDE_STYLE ('',( #6112 ) ) ;
#5028 = DIRECTION ( 'NONE',  ( 4.336808689942013003E-15, 0.000000000000000000, 1.000000000000000000 ) ) ;
#5029 = DIRECTION ( 'NONE',  ( 1.000000000000000000, 0.000000000000000000, 0.000000000000000000 ) ) ;
#5030 = DIRECTION ( 'NONE',  ( 0.7071067811865451302, 0.000000000000000000, 0.7071067811865500152 ) ) ;
#5031 = VECTOR ( 'NONE', #3931, 1000.000000000000114 ) ;
#5032 = VERTEX_POINT ( 'NONE', #5840 ) ;
#5033 = CARTESIAN_POINT ( 'NONE',  ( -21.00000000000004263, 13.19999999999998863, 38.49999999999986500 ) ) ;
#5034 = EDGE_CURVE ( 'NONE', #425, #6066, #2076, .T. ) ;
#5035 = AXIS2_PLACEMENT_3D ( 'NONE', #1885, #2992, #1919 ) ;
#5036 = LINE ( 'NONE', #3007, #1105 ) ;
#5037 = DIRECTION ( 'NONE',  ( 1.000000000000000000, -0.000000000000000000, -0.000000000000000000 ) ) ;
#5038 = FACE_OUTER_BOUND ( 'NONE', #4537, .T. ) ;
#5039 = ORIENTED_EDGE ( 'NONE', *, *, #1063, .T. ) ;
#5040 = AXIS2_PLACEMENT_3D ( 'NONE', #6216, #6696, #5701 ) ;
#5041 = VERTEX_POINT ( 'NONE', #5282 ) ;
#5042 = CARTESIAN_POINT ( 'NONE',  ( 70.09999999999999432, 14.00000000000000000, -35.50000000000000711 ) ) ;
#5043 = ORIENTED_EDGE ( 'NONE', *, *, #588, .F. ) ;
#5044 = CARTESIAN_POINT ( 'NONE',  ( 5.000000000000004441, 3.800000000000001155, -36.50000000000002132 ) ) ;
#5045 = LINE ( 'NONE', #777, #2163 ) ;
#5046 = AXIS2_PLACEMENT_3D ( 'NONE', #6621, #6689, #4546 ) ;
#5047 = ORIENTED_EDGE ( 'NONE', *, *, #1965, .F. ) ;
#5048 = DIRECTION ( 'NONE',  ( 6.938893903907221278E-15, 0.000000000000000000, 1.000000000000000000 ) ) ;
#5049 = EDGE_LOOP ( 'NONE', ( #6301, #5320, #6050, #3160 ) ) ;
#5050 = LINE ( 'NONE', #4538, #2398 ) ;
#5052 = ADVANCED_FACE ( 'NONE', ( #1594 ), #4152, .T. ) ;
#5051 = EDGE_CURVE ( 'NONE', #570, #6742, #561, .T. ) ;
#5053 = VERTEX_POINT ( 'NONE', #5740 ) ;
#5054 = EDGE_LOOP ( 'NONE', ( #1756, #816, #508, #6173 ) ) ;
#5055 = CARTESIAN_POINT ( 'NONE',  ( -71.10000000000005116, 9.199999999999999289, 15.00000000000000000 ) ) ;
#5056 = DIRECTION ( 'NONE',  ( 0.000000000000000000, -1.000000000000000000, 0.000000000000000000 ) ) ;
#5057 = DIRECTION ( 'NONE',  ( 0.7071067811865500152, -0.7071067811865451302, -0.000000000000000000 ) ) ;
#5059 = EDGE_CURVE ( 'NONE', #3748, #2126, #1533, .T. ) ;
#5058 = EDGE_CURVE ( 'NONE', #77, #6734, #6260, .T. ) ;
#5060 = ORIENTED_EDGE ( 'NONE', *, *, #1285, .F. ) ;
#5061 = LINE ( 'NONE', #6649, #2968 ) ;
#5062 = CARTESIAN_POINT ( 'NONE',  ( 73.10000000000000853, 2.000000000000000000, 7.000000000000089706 ) ) ;
#5063 = DIRECTION ( 'NONE',  ( 1.672022627447524747E-16, 0.000000000000000000, 1.000000000000000000 ) ) ;
#5064 = UNCERTAINTY_MEASURE_WITH_UNIT (LENGTH_MEASURE( 1.000000000000000082E-05 ), #5595, 'distance_accuracy_value', 'NONE');
#5065 = LINE ( 'NONE', #3072, #6016 ) ;
#5066 = DIRECTION ( 'NONE',  ( 0.000000000000000000, 0.000000000000000000, -1.000000000000000000 ) ) ;
#5067 = EDGE_CURVE ( 'NONE', #5484, #420, #4169, .T. ) ;
#5068 = ORIENTED_EDGE ( 'NONE', *, *, #4147, .F. ) ;
#5069 = FACE_OUTER_BOUND ( 'NONE', #4763, .T. ) ;
#5070 = DIRECTION ( 'NONE',  ( 1.000000000000000000, 0.000000000000000000, 0.000000000000000000 ) ) ;
#5071 = CARTESIAN_POINT ( 'NONE',  ( -4.999999999999995559, 9.199999999999999289, -36.50000000000000711 ) ) ;
#5072 = VECTOR ( 'NONE', #2627, 1000.000000000000000 ) ;
#5073 = LINE ( 'NONE', #3636, #2929 ) ;
#5074 = ORIENTED_EDGE ( 'NONE', *, *, #4935, .F. ) ;
#5075 = EDGE_CURVE ( 'NONE', #5258, #1178, #5768, .T. ) ;
#5076 = ADVANCED_FACE ( 'NONE', ( #1633 ), #4187, .T. ) ;
#5077 = AXIS2_PLACEMENT_3D ( 'NONE', #2175, #6315, #2724 ) ;
#5078 = ORIENTED_EDGE ( 'NONE', *, *, #6419, .F. ) ;
#5079 = DIRECTION ( 'NONE',  ( 0.000000000000000000, 0.000000000000000000, 1.000000000000000000 ) ) ;
#5080 = ORIENTED_EDGE ( 'NONE', *, *, #1454, .T. ) ;
#5081 = CARTESIAN_POINT ( 'NONE',  ( -7.000000000000033751, -0.0009999999999992653654, 38.50000000000000711 ) ) ;
#5082 = PLANE ( 'NONE',  #5694 ) ;
#5083 = VECTOR ( 'NONE', #3863, 1000.000000000000000 ) ;
#5084 = EDGE_LOOP ( 'NONE', ( #1141, #4403, #12, #3481 ) ) ;
#5085 = LINE ( 'NONE', #3664, #518 ) ;
#5086 = ORIENTED_EDGE ( 'NONE', *, *, #6245, .F. ) ;
#5087 = FACE_OUTER_BOUND ( 'NONE', #6467, .T. ) ;
#5088 = ORIENTED_EDGE ( 'NONE', *, *, #5306, .T. ) ;
#5089 = EDGE_LOOP ( 'NONE', ( #3194, #1005, #532, #2468 ) ) ;
#5090 = LINE ( 'NONE', #367, #5898 ) ;
#5091 = PLANE ( 'NONE',  #3264 ) ;
#5092 = FACE_OUTER_BOUND ( 'NONE', #1409, .T. ) ;
#5093 = EDGE_LOOP ( 'NONE', ( #4123, #1981, #3012, #2990, #2349, #5336, #4633, #6611 ) ) ;
#5094 = LINE ( 'NONE', #3030, #3628 ) ;
#5095 = CARTESIAN_POINT ( 'NONE',  ( 6.999999999999978684, 2.000000000000000000, -38.50000000000000711 ) ) ;
#5097 = ADVANCED_FACE ( 'NONE', ( #4825 ), #3213, .F. ) ;
#5096 = EDGE_CURVE ( 'NONE', #6371, #6319, #3666, .T. ) ;
#5098 = CARTESIAN_POINT ( 'NONE',  ( 25.00000000000000355, 9.199999999999999289, 38.50000000000000711 ) ) ;
#5099 = CARTESIAN_POINT ( 'NONE',  ( -77.09999999999998010, 2.000000000000015543, -42.50000000000000000 ) ) ;
#5100 = ORIENTED_EDGE ( 'NONE', *, *, #1439, .F. ) ;
#5101 = CARTESIAN_POINT ( 'NONE',  ( 73.10000000000000853, 2.000000000000000000, -38.50000000000000711 ) ) ;
#5102 = PLANE ( 'NONE',  #1002 ) ;
#5103 = LINE ( 'NONE', #381, #3596 ) ;
#5104 = ADVANCED_FACE ( 'NONE', ( #488 ), #3110, .T. ) ;
#5105 = DIRECTION ( 'NONE',  ( 0.000000000000000000, 0.000000000000000000, 1.000000000000000000 ) ) ;
#5106 = EDGE_LOOP ( 'NONE', ( #3817, #3652, #4647, #2939 ) ) ;
#5107 = ORIENTED_EDGE ( 'NONE', *, *, #2611, .F. ) ;
#5108 = AXIS2_PLACEMENT_3D ( 'NONE', #2229, #5928, #3053 ) ;
#5109 = CARTESIAN_POINT ( 'NONE',  ( 75.10271354001957889, 14.00000000000000000, -35.50000000000000711 ) ) ;
#5110 = EDGE_CURVE ( 'NONE', #5266, #1284, #4317, .T. ) ;
#5111 = VERTEX_POINT ( 'NONE', #3393 ) ;
#5112 = EDGE_CURVE ( 'NONE', #2796, #6673, #662, .T. ) ;
#5113 = FACE_OUTER_BOUND ( 'NONE', #4456, .T. ) ;
#5114 = DIRECTION ( 'NONE',  ( 0.7071067811865444641, 0.000000000000000000, 0.7071067811865505703 ) ) ;
#5115 = ORIENTED_EDGE ( 'NONE', *, *, #4280, .F. ) ;
#5116 = ORIENTED_EDGE ( 'NONE', *, *, #4185, .F. ) ;
#5117 = AXIS2_PLACEMENT_3D ( 'NONE', #1617, #3757, #4911 ) ;
#5118 = ORIENTED_EDGE ( 'NONE', *, *, #98, .T. ) ;
#5119 = ORIENTED_EDGE ( 'NONE', *, *, #3566, .F. ) ;
#5120 = VECTOR ( 'NONE', #3778, 1000.000000000000000 ) ;
#5121 = CARTESIAN_POINT ( 'NONE',  ( -75.04974746830579591, 14.00000000000000000, -36.22604597891263012 ) ) ;
#5122 = CARTESIAN_POINT ( 'NONE',  ( -73.09999999999998010, 3.800000000000001155, -38.50000000000000711 ) ) ;
#5123 = FACE_OUTER_BOUND ( 'NONE', #6068, .T. ) ;
#5124 = VECTOR ( 'NONE', #6514, 1000.000000000000000 ) ;
#5125 = VECTOR ( 'NONE', #4378, 1000.000000000000000 ) ;
#5126 = ORIENTED_EDGE ( 'NONE', *, *, #1945, .T. ) ;
#5127 = DIRECTION ( 'NONE',  ( 0.000000000000000000, -1.000000000000000000, 0.000000000000000000 ) ) ;
#5128 = CARTESIAN_POINT ( 'NONE',  ( 14.99999999999999645, 3.800000000000001155, -38.50000000000002132 ) ) ;
#5129 = VECTOR ( 'NONE', #6204, 1000.000000000000000 ) ;
#5130 = LINE ( 'NONE', #6622, #737 ) ;
#5131 = VECTOR ( 'NONE', #6651, 1000.000000000000000 ) ;
#5132 = CARTESIAN_POINT ( 'NONE',  ( -73.09999999999998010, 3.800000000000001155, -5.000000000000004441 ) ) ;
#5133 = DIRECTION ( 'NONE',  ( -5.204170427930416550E-15, 0.000000000000000000, 1.000000000000000000 ) ) ;
#5134 = VECTOR ( 'NONE', #3350, 1000.000000000000000 ) ;
#5135 = VERTEX_POINT ( 'NONE', #797 ) ;
#5137 = EDGE_CURVE ( 'NONE', #2452, #5170, #6457, .T. ) ;
#5136 = EDGE_CURVE ( 'NONE', #5362, #2295, #111, .T. ) ;
#5138 = VECTOR ( 'NONE', #5175, 1000.000000000000000 ) ;
#5139 = DIRECTION ( 'NONE',  ( -0.000000000000000000, 0.000000000000000000, 1.000000000000000000 ) ) ;
#5140 = LINE ( 'NONE', #5173, #4092 ) ;
#5141 = DIRECTION ( 'NONE',  ( 1.000000000000000000, 0.000000000000000000, 0.000000000000000000 ) ) ;
#5142 = CARTESIAN_POINT ( 'NONE',  ( -77.09999999999998010, 14.00000000000000000, 40.49999999999995737 ) ) ;
#5143 = AXIS2_PLACEMENT_3D ( 'NONE', #1019, #1117, #3125 ) ;
#5144 = ORIENTED_EDGE ( 'NONE', *, *, #4668, .T. ) ;
#5145 = ORIENTED_EDGE ( 'NONE', *, *, #1217, .F. ) ;
#5146 = CIRCLE ( 'NONE', #5370, 4.999999999999976907 ) ;
#5147 = ORIENTED_EDGE ( 'NONE', *, *, #1401, .T. ) ;
#5148 = FACE_OUTER_BOUND ( 'NONE', #4566, .T. ) ;
#5149 = ORIENTED_EDGE ( 'NONE', *, *, #6245, .T. ) ;
#5150 = DIRECTION ( 'NONE',  ( 0.000000000000000000, -1.000000000000000000, 0.000000000000000000 ) ) ;
#5151 = CARTESIAN_POINT ( 'NONE',  ( 8.449999999999901590, 3.800000000000001155, 43.05000000000008953 ) ) ;
#5152 = CARTESIAN_POINT ( 'NONE',  ( 70.10000000000000853, 3.800000000000001155, -40.50271354001956325 ) ) ;
#5153 = EDGE_LOOP ( 'NONE', ( #6402, #3051, #796, #5556 ) ) ;
#5154 = ORIENTED_EDGE ( 'NONE', *, *, #6755, .F. ) ;
#5155 = EDGE_CURVE ( 'NONE', #894, #728, #210, .T. ) ;
#5156 = ORIENTED_EDGE ( 'NONE', *, *, #37, .F. ) ;
#5157 = ORIENTED_EDGE ( 'NONE', *, *, #1965, .T. ) ;
#5158 = VECTOR ( 'NONE', #3206, 1000.000000000000000 ) ;
#5159 = LINE ( 'NONE', #5222, #6010 ) ;
#5160 = CARTESIAN_POINT ( 'NONE',  ( 15.00000000000000533, 3.800000000000001155, 36.50000000000000711 ) ) ;
#5161 = CARTESIAN_POINT ( 'NONE',  ( 25.00000000000000355, 9.199999999999999289, 36.50000000000000711 ) ) ;
#5162 = VERTEX_POINT ( 'NONE', #6493 ) ;
#5163 = EDGE_CURVE ( 'NONE', #5006, #362, #4448, .T. ) ;
#5164 = DIRECTION ( 'NONE',  ( -0.000000000000000000, 1.000000000000000000, -0.000000000000000000 ) ) ;
#5165 = CARTESIAN_POINT ( 'NONE',  ( 73.10000000000005116, 7.199999999999984190, 14.99999999999999645 ) ) ;
#5166 = CARTESIAN_POINT ( 'NONE',  ( 0.000000000000000000, 0.000000000000000000, 0.000000000000000000 ) ) ;
#5167 = DIRECTION ( 'NONE',  ( -1.000000000000000000, 0.000000000000000000, 5.204170427930416550E-15 ) ) ;
#5168 = CARTESIAN_POINT ( 'NONE',  ( 71.10000000000005116, 9.199999999999999289, 15.00000000000000000 ) ) ;
#5169 = DIRECTION ( 'NONE',  ( 0.7071067811865451302, 0.000000000000000000, 0.7071067811865500152 ) ) ;
#5170 = VERTEX_POINT ( 'NONE', #2215 ) ;
#5171 = EDGE_CURVE ( 'NONE', #1778, #3450, #3429, .T. ) ;
#5172 = FACE_OUTER_BOUND ( 'NONE', #1440, .T. ) ;
#5173 = CARTESIAN_POINT ( 'NONE',  ( -65.00000000000000000, 9.199999999999999289, 38.49999999999958789 ) ) ;
#5174 = DIRECTION ( 'NONE',  ( 0.7071067811865500152, 0.000000000000000000, -0.7071067811865451302 ) ) ;
#5175 = DIRECTION ( 'NONE',  ( -1.000000000000000000, -0.000000000000000000, -0.000000000000000000 ) ) ;
#5176 = EDGE_CURVE ( 'NONE', #2295, #4321, #4416, .T. ) ;
#5177 = ORIENTED_EDGE ( 'NONE', *, *, #6790, .T. ) ;
#5178 = ORIENTED_EDGE ( 'NONE', *, *, #2353, .F. ) ;
#5179 = DIRECTION ( 'NONE',  ( 0.000000000000000000, 0.000000000000000000, -1.000000000000000000 ) ) ;
#5180 = EDGE_LOOP ( 'NONE', ( #3623, #2803, #3921, #1960, #686, #2191, #2046, #6604 ) ) ;
#5181 = LINE ( 'NONE', #459, #2032 ) ;
#5182 = DIRECTION ( 'NONE',  ( 1.000000000000000000, 0.000000000000000000, 0.000000000000000000 ) ) ;
#5183 = LINE ( 'NONE', #5645, #2940 ) ;
#5184 = EDGE_CURVE ( 'NONE', #2691, #4495, #3838, .T. ) ;
#5185 = ORIENTED_EDGE ( 'NONE', *, *, #550, .T. ) ;
#5186 = ORIENTED_EDGE ( 'NONE', *, *, #5184, .T. ) ;
#5187 = EDGE_LOOP ( 'NONE', ( #4504, #254, #3720, #248 ) ) ;
#5188 = PRESENTATION_LAYER_ASSIGNMENT (  '', '', ( #4311 ) ) ;
#5189 = ADVANCED_FACE ( 'NONE', ( #2242 ), #1692, .F. ) ;
#5190 = PLANE ( 'NONE',  #2807 ) ;
#5191 = ADVANCED_FACE ( 'NONE', ( #3800 ), #5905, .T. ) ;
#5192 = EDGE_CURVE ( 'NONE', #3392, #1493, #693, .T. ) ;
#5193 = CARTESIAN_POINT ( 'NONE',  ( 71.09999999999978115, 7.199999999999984190, -15.00000000000000000 ) ) ;
#5194 = CARTESIAN_POINT ( 'NONE',  ( -24.99999999999999289, 7.199999999999984190, 36.49999999999986500 ) ) ;
#5195 = ORIENTED_EDGE ( 'NONE', *, *, #2017, .T. ) ;
#5196 = DIRECTION ( 'NONE',  ( 0.000000000000000000, -1.000000000000000000, 0.000000000000000000 ) ) ;
#5197 = PLANE ( 'NONE',  #4670 ) ;
#5198 = EDGE_CURVE ( 'NONE', #240, #1667, #2278, .T. ) ;
#5199 = DIRECTION ( 'NONE',  ( 0.000000000000000000, 0.000000000000000000, -1.000000000000000000 ) ) ;
#5200 = EDGE_CURVE ( 'NONE', #5255, #3710, #3286, .T. ) ;
#5201 = FACE_OUTER_BOUND ( 'NONE', #3020, .T. ) ;
#5202 = CARTESIAN_POINT ( 'NONE',  ( -1.550000000000578693, 3.800000000000001155, 33.05000000000065086 ) ) ;
#5203 = VERTEX_POINT ( 'NONE', #3353 ) ;
#5204 = CARTESIAN_POINT ( 'NONE',  ( -6.505213034912621918E-15, 9.199999999999999289, -2.999999999999816591 ) ) ;
#5205 = LINE ( 'NONE', #106, #3101 ) ;
#5206 = PLANE ( 'NONE',  #6672 ) ;
#5207 = EDGE_CURVE ( 'NONE', #3519, #5297, #1315, .T. ) ;
#5208 = CARTESIAN_POINT ( 'NONE',  ( -34.99999999999999289, 9.199999999999999289, 36.49999999999972999 ) ) ;
#5209 = AXIS2_PLACEMENT_3D ( 'NONE', #5166, #3969, #2520 ) ;
#5210 = LINE ( 'NONE', #1956, #4371 ) ;
#5211 = ORIENTED_EDGE ( 'NONE', *, *, #81, .F. ) ;
#5212 = DIRECTION ( 'NONE',  ( 0.000000000000000000, 1.000000000000000000, 0.000000000000000000 ) ) ;
#5213 = ORIENTED_EDGE ( 'NONE', *, *, #1693, .F. ) ;
#5214 = CARTESIAN_POINT ( 'NONE',  ( -50.34999999999997300, 3.800000000000001155, -15.74999999999962519 ) ) ;
#5215 = LINE ( 'NONE', #43, #4787 ) ;
#5216 = DIRECTION ( 'NONE',  ( -3.469446951953610639E-15, 0.000000000000000000, 1.000000000000000000 ) ) ;
#5217 = VERTEX_POINT ( 'NONE', #6524 ) ;
#5218 = ORIENTED_EDGE ( 'NONE', *, *, #6178, .F. ) ;
#5220 = EDGE_CURVE ( 'NONE', #1531, #2064, #5526, .T. ) ;
#5219 = EDGE_CURVE ( 'NONE', #221, #1990, #5494, .T. ) ;
#5221 = VERTEX_POINT ( 'NONE', #6052 ) ;
#5222 = CARTESIAN_POINT ( 'NONE',  ( 65.00000000000000000, 9.199999999999999289, 36.50000000000000711 ) ) ;
#5223 = AXIS2_PLACEMENT_3D ( 'NONE', #2364, #5712, #2407 ) ;
#5224 = CARTESIAN_POINT ( 'NONE',  ( 75.10271354001957889, 3.800000000000001155, -35.50000000000000711 ) ) ;
#5225 = ORIENTED_EDGE ( 'NONE', *, *, #5718, .T. ) ;
#5226 = CARTESIAN_POINT ( 'NONE',  ( -70.09999999999999432, 3.800000000000001155, 35.50000000000000711 ) ) ;
#5227 = ORIENTED_EDGE ( 'NONE', *, *, #5075, .F. ) ;
#5228 = AXIS2_PLACEMENT_3D ( 'NONE', #3341, #6410, #1301 ) ;
#5229 = DIRECTION ( 'NONE',  ( -0.000000000000000000, -0.000000000000000000, -1.000000000000000000 ) ) ;
#5230 = CARTESIAN_POINT ( 'NONE',  ( 13.00000000000001066, 2.000000000000000000, -38.50000000000000711 ) ) ;
#5231 = CARTESIAN_POINT ( 'NONE',  ( -14.99999999999999645, 3.800000000000001155, 36.49999999999986500 ) ) ;
#5232 = CARTESIAN_POINT ( 'NONE',  ( -75.09999999999993747, 14.00000000000000000, 42.50000000000000000 ) ) ;
#5233 = AXIS2_PLACEMENT_3D ( 'NONE', #4645, #5729, #1480 ) ;
#5234 = VECTOR ( 'NONE', #4937, 1000.000000000000000 ) ;
#5235 = CARTESIAN_POINT ( 'NONE',  ( 0.000000000000000000, 9.199999999999999289, 0.000000000000000000 ) ) ;
#5236 = ADVANCED_FACE ( 'NONE', ( #4109 ), #4012, .T. ) ;
#5237 = ORIENTED_EDGE ( 'NONE', *, *, #4794, .F. ) ;
#5238 = EDGE_CURVE ( 'NONE', #692, #2909, #6599, .T. ) ;
#5239 = VECTOR ( 'NONE', #918, 1000.000000000000000 ) ;
#5240 = VECTOR ( 'NONE', #6323, 1000.000000000000114 ) ;
#5241 = DIRECTION ( 'NONE',  ( 3.469446951953610639E-15, 0.000000000000000000, -1.000000000000000000 ) ) ;
#5242 = CARTESIAN_POINT ( 'NONE',  ( -57.00000000000002132, 9.199999999999999289, 38.49999999999958789 ) ) ;
#5243 = CARTESIAN_POINT ( 'NONE',  ( 37.00000000000002842, 9.199999999999999289, 38.50000000000000711 ) ) ;
#5244 = LINE ( 'NONE', #3178, #5699 ) ;
#5245 = LINE ( 'NONE', #5577, #3052 ) ;
#5246 = VECTOR ( 'NONE', #1553, 1000.000000000000114 ) ;
#5247 = AXIS2_PLACEMENT_3D ( 'NONE', #5728, #5301, #995 ) ;
#5248 = VERTEX_POINT ( 'NONE', #415 ) ;
#5249 = LINE ( 'NONE', #2632, #3175 ) ;
#5250 = ORIENTED_EDGE ( 'NONE', *, *, #6790, .F. ) ;
#5251 = VECTOR ( 'NONE', #3343, 1000.000000000000000 ) ;
#5252 = LINE ( 'NONE', #13, #376 ) ;
#5253 = DIRECTION ( 'NONE',  ( 0.000000000000000000, 0.000000000000000000, 1.000000000000000000 ) ) ;
#5254 = CARTESIAN_POINT ( 'NONE',  ( 71.10000000000005116, 8.199999999999985079, 16.00000000000000711 ) ) ;
#5255 = VERTEX_POINT ( 'NONE', #1976 ) ;
#5256 = VECTOR ( 'NONE', #2233, 1000.000000000000000 ) ;
#5257 = ORIENTED_EDGE ( 'NONE', *, *, #3181, .T. ) ;
#5258 = VERTEX_POINT ( 'NONE', #4619 ) ;
#5259 = LINE ( 'NONE', #3717, #5681 ) ;
#5260 = AXIS2_PLACEMENT_3D ( 'NONE', #2563, #1357, #4116 ) ;
#5261 = DIRECTION ( 'NONE',  ( 0.000000000000000000, 0.000000000000000000, 1.000000000000000000 ) ) ;
#5262 = VERTEX_POINT ( 'NONE', #834 ) ;
#5263 = PRODUCT_RELATED_PRODUCT_CATEGORY ( 'part', '', ( #6040 ) ) ;
#5264 = CARTESIAN_POINT ( 'NONE',  ( -71.10000000000005116, 9.199999999999999289, 25.00000000000000000 ) ) ;
#5265 = VECTOR ( 'NONE', #140, 1000.000000000000000 ) ;
#5266 = VERTEX_POINT ( 'NONE', #2978 ) ;
#5267 = PLANE ( 'NONE',  #6703 ) ;
#5268 = LINE ( 'NONE', #576, #6443 ) ;
#5269 = LINE ( 'NONE', #6504, #4256 ) ;
#5270 = CARTESIAN_POINT ( 'NONE',  ( 5.000000000000004441, 9.199999999999999289, -36.50000000000002132 ) ) ;
#5272 = EDGE_CURVE ( 'NONE', #5668, #5565, #1485, .T. ) ;
#5271 = EDGE_CURVE ( 'NONE', #4679, #3997, #2941, .T. ) ;
#5273 = CARTESIAN_POINT ( 'NONE',  ( -47.00000000000029132, 2.000000000000000000, 38.50000000000000711 ) ) ;
#5274 = VERTEX_POINT ( 'NONE', #3597 ) ;
#5275 = PLANE ( 'NONE',  #639 ) ;
#5276 = DIRECTION ( 'NONE',  ( 1.226634733346693197E-15, -0.7071067811865503483, -0.7071067811865447972 ) ) ;
#5277 = DIRECTION ( 'NONE',  ( -0.000000000000000000, 0.000000000000000000, 1.000000000000000000 ) ) ;
#5278 = EDGE_CURVE ( 'NONE', #5111, #258, #4047, .T. ) ;
#5279 = PLANE ( 'NONE',  #2155 ) ;
#5280 = LINE ( 'NONE', #559, #5915 ) ;
#5281 = ORIENTED_EDGE ( 'NONE', *, *, #4720, .F. ) ;
#5282 = CARTESIAN_POINT ( 'NONE',  ( 77.10000000000000853, 2.000000000000015543, 40.49999999999997158 ) ) ;
#5283 = EDGE_LOOP ( 'NONE', ( #5576, #3667, #3567, #6580 ) ) ;
#5284 = CARTESIAN_POINT ( 'NONE',  ( -73.09999999999998010, 2.000000000000000000, -38.50000000000000711 ) ) ;
#5285 = CARTESIAN_POINT ( 'NONE',  ( -75.04974746830579591, 3.800000000000001155, 35.50000000000000711 ) ) ;
#5286 = CARTESIAN_POINT ( 'NONE',  ( -73.09999999999999432, 3.800000000000001155, 38.50000000000000711 ) ) ;
#5287 = EDGE_CURVE ( 'NONE', #6565, #1148, #3402, .T. ) ;
#5288 = ADVANCED_FACE ( 'NONE', ( #4522, #903 ), #4079, .F. ) ;
#5289 = ORIENTED_EDGE ( 'NONE', *, *, #2031, .F. ) ;
#5290 = ORIENTED_EDGE ( 'NONE', *, *, #3201, .T. ) ;
#5291 = ORIENTED_EDGE ( 'NONE', *, *, #247, .F. ) ;
#5292 = CARTESIAN_POINT ( 'NONE',  ( 66.99999999999994316, 3.800000000000001155, 38.50000000000000711 ) ) ;
#5293 = AXIS2_PLACEMENT_3D ( 'NONE', #3946, #176, #2767 ) ;
#5294 = CARTESIAN_POINT ( 'NONE',  ( 71.10000000000005116, 2.000000000000000000, 15.00000000000000000 ) ) ;
#5295 = EDGE_LOOP ( 'NONE', ( #3438, #1538, #4064, #2356, #2730, #5767, #454, #141 ) ) ;
#5296 = DIRECTION ( 'NONE',  ( 1.000000000000000000, 0.000000000000000000, 0.000000000000000000 ) ) ;
#5297 = VERTEX_POINT ( 'NONE', #3006 ) ;
#5298 = AXIS2_PLACEMENT_3D ( 'NONE', #1030, #4339, #1686 ) ;
#5299 = CARTESIAN_POINT ( 'NONE',  ( 70.10000000000000853, 3.800000000000001155, -40.50271354001956325 ) ) ;
#5300 = CARTESIAN_POINT ( 'NONE',  ( -5.000000000000004441, 7.199999999999984190, -38.50000000000001421 ) ) ;
#5301 = DIRECTION ( 'NONE',  ( 1.533293416683367137E-15, 0.7071067811865500152, 0.7071067811865451302 ) ) ;
#5302 = DIRECTION ( 'NONE',  ( -1.000000000000000000, 0.000000000000000000, 0.000000000000000000 ) ) ;
#5303 = LINE ( 'NONE', #67, #182 ) ;
#5304 = ORIENTED_EDGE ( 'NONE', *, *, #38, .F. ) ;
#5306 = EDGE_CURVE ( 'NONE', #2673, #2699, #1350, .T. ) ;
#5305 = ADVANCED_FACE ( 'NONE', ( #6658 ), #4489, .F. ) ;
#5307 = FACE_OUTER_BOUND ( 'NONE', #3784, .T. ) ;
#5308 = CARTESIAN_POINT ( 'NONE',  ( 77.10000000000000853, 14.00000000000000000, 40.49999999999997158 ) ) ;
#5309 = DIRECTION ( 'NONE',  ( 0.7071067811865426878, 0.000000000000000000, 0.7071067811865524577 ) ) ;
#5310 = CARTESIAN_POINT ( 'NONE',  ( -73.09999999999998010, 7.199999999999984190, -5.000000000000004441 ) ) ;
#5311 = DIRECTION ( 'NONE',  ( 0.000000000000000000, 0.000000000000000000, -1.000000000000000000 ) ) ;
#5312 = ORIENTED_EDGE ( 'NONE', *, *, #3774, .T. ) ;
#5313 = EDGE_CURVE ( 'NONE', #5745, #2220, #5557, .T. ) ;
#5314 = LINE ( 'NONE', #6320, #315 ) ;
#5315 = ORIENTED_EDGE ( 'NONE', *, *, #5398, .T. ) ;
#5316 = DIRECTION ( 'NONE',  ( -0.7071067811865500152, 0.7071067811865451302, 0.000000000000000000 ) ) ;
#5317 = CARTESIAN_POINT ( 'NONE',  ( -34.99999999999999289, 9.199999999999999289, -36.49999999999972999 ) ) ;
#5318 = CARTESIAN_POINT ( 'NONE',  ( -34.99999999999999289, 7.199999999999984190, -38.49999999999972999 ) ) ;
#5319 = ORIENTED_EDGE ( 'NONE', *, *, #439, .T. ) ;
#5320 = ORIENTED_EDGE ( 'NONE', *, *, #5112, .T. ) ;
#5321 = EDGE_CURVE ( 'NONE', #6793, #6812, #5661, .T. ) ;
#5322 = EDGE_LOOP ( 'NONE', ( #377, #1764, #2794, #1214 ) ) ;
#5323 = CARTESIAN_POINT ( 'NONE',  ( 38.99999999999995737, 13.19999999999998863, -38.50000000000002132 ) ) ;
#5324 = CARTESIAN_POINT ( 'NONE',  ( -70.09999999999999432, 2.000000000000000000, 35.50000000000000711 ) ) ;
#5325 = ORIENTED_EDGE ( 'NONE', *, *, #3298, .T. ) ;
#5326 = DIRECTION ( 'NONE',  ( -0.000000000000000000, 0.000000000000000000, -1.000000000000000000 ) ) ;
#5327 = VERTEX_POINT ( 'NONE', #6086 ) ;
#5328 = ORIENTED_EDGE ( 'NONE', *, *, #5034, .T. ) ;
#5329 = EDGE_CURVE ( 'NONE', #2194, #3616, #6627, .T. ) ;
#5330 = CARTESIAN_POINT ( 'NONE',  ( 26.99999999999998224, -0.0009999999999992653654, -38.50000000000000711 ) ) ;
#5331 = VECTOR ( 'NONE', #1209, 1000.000000000000000 ) ;
#5332 = CARTESIAN_POINT ( 'NONE',  ( 5.000000000000004441, 2.000000000000000000, 36.50000000000000711 ) ) ;
#5333 = CARTESIAN_POINT ( 'NONE',  ( -62.99999999999998579, 9.199999999999999289, 38.49999999999958789 ) ) ;
#5334 = FACE_OUTER_BOUND ( 'NONE', #6615, .T. ) ;
#5335 = AXIS2_PLACEMENT_3D ( 'NONE', #475, #2131, #4233 ) ;
#5336 = ORIENTED_EDGE ( 'NONE', *, *, #3136, .T. ) ;
#5337 = DIRECTION ( 'NONE',  ( 0.000000000000000000, 0.000000000000000000, 1.000000000000000000 ) ) ;
#5338 = CYLINDRICAL_SURFACE ( 'NONE', #17, 5.200000000000000178 ) ;
#5339 = VECTOR ( 'NONE', #5389, 1000.000000000000000 ) ;
#5340 = DIRECTION ( 'NONE',  ( 1.000000000000000000, 0.000000000000000000, 0.000000000000000000 ) ) ;
#5341 = AXIS2_PLACEMENT_3D ( 'NONE', #6534, #1702, #1805 ) ;
#5342 = DIRECTION ( 'NONE',  ( 0.000000000000000000, -1.000000000000000000, 0.000000000000000000 ) ) ;
#5343 = LINE ( 'NONE', #6421, #1397 ) ;
#5345 = ADVANCED_FACE ( 'NONE', ( #5069 ), #350, .T. ) ;
#5344 = ADVANCED_FACE ( 'NONE', ( #6117 ), #3040, .F. ) ;
#5346 = VECTOR ( 'NONE', #5973, 1000.000000000000114 ) ;
#5347 = ORIENTED_EDGE ( 'NONE', *, *, #1313, .T. ) ;
#5348 = VECTOR ( 'NONE', #3279, 1000.000000000000000 ) ;
#5349 = DIRECTION ( 'NONE',  ( 0.7071067811865512365, 0.000000000000000000, 0.7071067811865439090 ) ) ;
#5350 = VERTEX_POINT ( 'NONE', #2490 ) ;
#5351 = DIRECTION ( 'NONE',  ( -1.802310104910968394E-16, 0.000000000000000000, 1.000000000000000000 ) ) ;
#5352 = CARTESIAN_POINT ( 'NONE',  ( 73.10000000000000853, -0.0009999999999992653654, -38.50000000000000711 ) ) ;
#5353 = CIRCLE ( 'NONE', #2054, 5.200000000000000178 ) ;
#5354 = VECTOR ( 'NONE', #1915, 1000.000000000000000 ) ;
#5355 = ORIENTED_EDGE ( 'NONE', *, *, #1366, .T. ) ;
#5356 = ADVANCED_FACE ( 'NONE', ( #4586 ), #2005, .F. ) ;
#5357 = AXIS2_PLACEMENT_3D ( 'NONE', #3496, #1868, #169 ) ;
#5358 = ORIENTED_EDGE ( 'NONE', *, *, #5220, .F. ) ;
#5359 = VECTOR ( 'NONE', #567, 1000.000000000000114 ) ;
#5360 = ORIENTED_EDGE ( 'NONE', *, *, #3306, .T. ) ;
#5361 = DIRECTION ( 'NONE',  ( 0.000000000000000000, -1.000000000000000000, 0.000000000000000000 ) ) ;
#5362 = VERTEX_POINT ( 'NONE', #3660 ) ;
#5364 = EDGE_CURVE ( 'NONE', #2405, #5162, #2035, .T. ) ;
#5363 = LINE ( 'NONE', #3916, #2264 ) ;
#5365 = AXIS2_PLACEMENT_3D ( 'NONE', #5997, #1304, #684 ) ;
#5366 = VERTEX_POINT ( 'NONE', #1029 ) ;
#5367 = FACE_OUTER_BOUND ( 'NONE', #5322, .T. ) ;
#5368 = VERTEX_POINT ( 'NONE', #3174 ) ;
#5369 = EDGE_LOOP ( 'NONE', ( #4909, #287, #2801, #5501 ) ) ;
#5370 = AXIS2_PLACEMENT_3D ( 'NONE', #5458, #837, #1319 ) ;
#5371 = DIRECTION ( 'NONE',  ( -0.7071067811865482389, -0.000000000000000000, -0.7071067811865469066 ) ) ;
#5372 = DIRECTION ( 'NONE',  ( 1.000000000000000000, 0.000000000000000000, 2.168404344971006501E-15 ) ) ;
#5373 = CARTESIAN_POINT ( 'NONE',  ( -73.09999999999998010, 3.800000000000001155, -38.50000000000000711 ) ) ;
#5374 = PLANE ( 'NONE',  #3506 ) ;
#5375 = AXIS2_PLACEMENT_3D ( 'NONE', #5864, #999, #2584 ) ;
#5376 = ORIENTED_EDGE ( 'NONE', *, *, #216, .F. ) ;
#5377 = CARTESIAN_POINT ( 'NONE',  ( 6.999999999999964473, 3.800000000000001155, 38.50000000000000711 ) ) ;
#5378 = VECTOR ( 'NONE', #4441, 999.9999999999998863 ) ;
#5379 = DIRECTION ( 'NONE',  ( 0.5773502691896258421, -0.5773502691896217343, 0.5773502691896298389 ) ) ;
#5380 = DIRECTION ( 'NONE',  ( 0.000000000000000000, 0.000000000000000000, -1.000000000000000000 ) ) ;
#5381 = CARTESIAN_POINT ( 'NONE',  ( 25.00000000000000355, 7.199999999999984190, 38.50000000000000711 ) ) ;
#5382 = CARTESIAN_POINT ( 'NONE',  ( 73.10000000000000853, -0.0009999999999992653654, -27.00000000000019895 ) ) ;
#5383 = EDGE_CURVE ( 'NONE', #4085, #2699, #1067, .T. ) ;
#5384 = EDGE_LOOP ( 'NONE', ( #705, #540, #1119, #3949 ) ) ;
#5385 = CARTESIAN_POINT ( 'NONE',  ( -64.99999999999998579, 9.199999999999999289, 36.49999999999958789 ) ) ;
#5386 = ORIENTED_EDGE ( 'NONE', *, *, #3231, .T. ) ;
#5387 = CARTESIAN_POINT ( 'NONE',  ( 71.09999999999978115, 7.199999999999984190, -25.00000000000000000 ) ) ;
#5388 = EDGE_CURVE ( 'NONE', #1697, #3548, #2654, .T. ) ;
#5389 = DIRECTION ( 'NONE',  ( -0.000000000000000000, 1.000000000000000000, 0.000000000000000000 ) ) ;
#5390 = EDGE_LOOP ( 'NONE', ( #6568, #2495, #201, #3846, #674, #2287, #1706, #1691 ) ) ;
#5391 = ORIENTED_EDGE ( 'NONE', *, *, #4728, .T. ) ;
#5392 = VERTEX_POINT ( 'NONE', #481 ) ;
#5393 = ADVANCED_FACE ( 'NONE', ( #5172 ), #5275, .F. ) ;
#5394 = CARTESIAN_POINT ( 'NONE',  ( -73.09999999999998010, 2.000000000000000000, -7.000000000000026645 ) ) ;
#5395 = ORIENTED_EDGE ( 'NONE', *, *, #810, .F. ) ;
#5396 = LINE ( 'NONE', #5471, #2938 ) ;
#5397 = ORIENTED_EDGE ( 'NONE', *, *, #526, .T. ) ;
#5398 = EDGE_CURVE ( 'NONE', #3366, #6812, #4778, .T. ) ;
#5399 = CARTESIAN_POINT ( 'NONE',  ( 75.10271354001957889, 14.00000000000000000, -35.50000000000000711 ) ) ;
#5400 = ORIENTED_EDGE ( 'NONE', *, *, #5306, .F. ) ;
#5401 = ORIENTED_EDGE ( 'NONE', *, *, #4527, .T. ) ;
#5402 = ADVANCED_FACE ( 'NONE', ( #1555 ), #4179, .T. ) ;
#5403 = CARTESIAN_POINT ( 'NONE',  ( -45.00000000000000711, 9.199999999999999289, 38.49999999999972999 ) ) ;
#5404 = EDGE_CURVE ( 'NONE', #5649, #2781, #554, .T. ) ;
#5405 = DIRECTION ( 'NONE',  ( 0.000000000000000000, -1.000000000000000000, 0.000000000000000000 ) ) ;
#5406 = FACE_OUTER_BOUND ( 'NONE', #6476, .T. ) ;
#5407 = DIRECTION ( 'NONE',  ( -1.000000000000000000, 0.000000000000000000, -1.734723475976805319E-15 ) ) ;
#5408 = VECTOR ( 'NONE', #2528, 1000.000000000000114 ) ;
#5409 = ORIENTED_EDGE ( 'NONE', *, *, #633, .T. ) ;
#5410 = EDGE_CURVE ( 'NONE', #4368, #5426, #6352, .T. ) ;
#5411 = EDGE_CURVE ( 'NONE', #1570, #292, #5797, .T. ) ;
#5412 = LINE ( 'NONE', #132, #94 ) ;
#5413 = EDGE_CURVE ( 'NONE', #6098, #5847, #4279, .T. ) ;
#5414 = DIRECTION ( 'NONE',  ( 0.000000000000000000, -1.000000000000000000, 0.000000000000000000 ) ) ;
#5415 = DIRECTION ( 'NONE',  ( 0.7071067811865451302, 0.000000000000000000, 0.7071067811865500152 ) ) ;
#5416 = AXIS2_PLACEMENT_3D ( 'NONE', #720, #5895, #2896 ) ;
#5417 = LINE ( 'NONE', #4922, #6671 ) ;
#5418 = DIRECTION ( 'NONE',  ( -0.7071067811865474617, 0.000000000000000000, 0.7071067811865474617 ) ) ;
#5419 = VERTEX_POINT ( 'NONE', #6386 ) ;
#5420 = DIRECTION ( 'NONE',  ( -0.7071067811865505703, 0.000000000000000000, 0.7071067811865444641 ) ) ;
#5421 = VERTEX_POINT ( 'NONE', #1586 ) ;
#5422 = DIRECTION ( 'NONE',  ( -1.734723475976805319E-15, 0.000000000000000000, 1.000000000000000000 ) ) ;
#5423 = CARTESIAN_POINT ( 'NONE',  ( -34.99999999999999289, 2.000000000000000000, -36.49999999999972999 ) ) ;
#5424 = CARTESIAN_POINT ( 'NONE',  ( -32.99999999999972999, 2.000000000000000000, 38.50000000000000711 ) ) ;
#5425 = EDGE_LOOP ( 'NONE', ( #5926, #2808, #3789, #2153 ) ) ;
#5426 = VERTEX_POINT ( 'NONE', #6756 ) ;
#5427 = VERTEX_POINT ( 'NONE', #3135 ) ;
#5428 = LINE ( 'NONE', #2705, #1711 ) ;
#5429 = LINE ( 'NONE', #702, #6144 ) ;
#5430 = ORIENTED_EDGE ( 'NONE', *, *, #3200, .T. ) ;
#5431 = LINE ( 'NONE', #4940, #6462 ) ;
#5432 = ORIENTED_EDGE ( 'NONE', *, *, #3835, .F. ) ;
#5433 = DIRECTION ( 'NONE',  ( -3.469446951953610639E-15, 0.000000000000000000, 1.000000000000000000 ) ) ;
#5435 = ADVANCED_FACE ( 'NONE', ( #5307 ), #2625, .T. ) ;
#5434 = EDGE_CURVE ( 'NONE', #2151, #1113, #1657, .T. ) ;
#5436 = VERTEX_POINT ( 'NONE', #1525 ) ;
#5437 = ORIENTED_EDGE ( 'NONE', *, *, #3557, .F. ) ;
#5438 = LINE ( 'NONE', #711, #5443 ) ;
#5439 = CARTESIAN_POINT ( 'NONE',  ( -6.505213034912621918E-15, 9.199999999999999289, 2.999999999999816591 ) ) ;
#5440 = PLANE ( 'NONE',  #2820 ) ;
#5441 = LINE ( 'NONE', #5020, #5251 ) ;
#5442 = ORIENTED_EDGE ( 'NONE', *, *, #2908, .F. ) ;
#5443 = VECTOR ( 'NONE', #1712, 1000.000000000000000 ) ;
#5444 = CARTESIAN_POINT ( 'NONE',  ( -24.99999999999999289, 7.199999999999984190, -36.49999999999986500 ) ) ;
#5445 = DIRECTION ( 'NONE',  ( 0.000000000000000000, 1.000000000000000000, 0.000000000000000000 ) ) ;
#5446 = CARTESIAN_POINT ( 'NONE',  ( -71.10000000000005116, 7.199999999999984190, 15.00000000000000000 ) ) ;
#5447 = CARTESIAN_POINT ( 'NONE',  ( 36.00000000000000711, 8.199999999999985079, -38.50000000000002132 ) ) ;
#5448 = AXIS2_PLACEMENT_3D ( 'NONE', #5479, #1229, #753 ) ;
#5449 = ADVANCED_FACE ( 'NONE', ( #6314 ), #4717, .F. ) ;
#5450 = DIRECTION ( 'NONE',  ( 0.7071067811865500152, 0.7071067811865451302, 0.000000000000000000 ) ) ;
#5451 = EDGE_CURVE ( 'NONE', #1730, #3658, #3076, .T. ) ;
#5452 = EDGE_CURVE ( 'NONE', #757, #4705, #6794, .T. ) ;
#5453 = ORIENTED_EDGE ( 'NONE', *, *, #2150, .T. ) ;
#5454 = VECTOR ( 'NONE', #1015, 1000.000000000000114 ) ;
#5455 = CARTESIAN_POINT ( 'NONE',  ( -71.09999999999998010, 9.199999999999999289, -5.000000000000000000 ) ) ;
#5456 = CARTESIAN_POINT ( 'NONE',  ( 45.00000000000000711, 2.000000000000000000, 36.50000000000000711 ) ) ;
#5457 = LINE ( 'NONE', #1836, #895 ) ;
#5458 = CARTESIAN_POINT ( 'NONE',  ( 70.09999999999999432, 0.000000000000000000, -35.50000000000000711 ) ) ;
#5459 = FACE_OUTER_BOUND ( 'NONE', #3468, .T. ) ;
#5460 = VECTOR ( 'NONE', #3458, 1000.000000000000000 ) ;
#5461 = ORIENTED_EDGE ( 'NONE', *, *, #2793, .T. ) ;
#5462 = AXIS2_PLACEMENT_3D ( 'NONE', #5673, #2597, #5253 ) ;
#5463 = EDGE_CURVE ( 'NONE', #4301, #1595, #3407, .T. ) ;
#5464 = VERTEX_POINT ( 'NONE', #3862 ) ;
#5465 = ORIENTED_EDGE ( 'NONE', *, *, #1023, .T. ) ;
#5466 = AXIS2_PLACEMENT_3D ( 'NONE', #5224, #3224, #5851 ) ;
#5467 = VECTOR ( 'NONE', #4710, 1000.000000000000000 ) ;
#5468 = PLANE ( 'NONE',  #3592 ) ;
#5469 = LINE ( 'NONE', #291, #4366 ) ;
#5470 = ORIENTED_EDGE ( 'NONE', *, *, #5192, .F. ) ;
#5471 = CARTESIAN_POINT ( 'NONE',  ( 71.09999999999998010, 7.199999999999984190, 5.000000000000000000 ) ) ;
#5472 = ORIENTED_EDGE ( 'NONE', *, *, #1390, .T. ) ;
#5473 = CARTESIAN_POINT ( 'NONE',  ( -27.00000000000017764, 3.800000000000001155, 38.50000000000000711 ) ) ;
#5474 = VECTOR ( 'NONE', #4485, 1000.000000000000000 ) ;
#5475 = VECTOR ( 'NONE', #3707, 1000.000000000000000 ) ;
#5476 = ORIENTED_EDGE ( 'NONE', *, *, #6039, .F. ) ;
#5477 = ORIENTED_EDGE ( 'NONE', *, *, #2947, .T. ) ;
#5478 = FACE_OUTER_BOUND ( 'NONE', #4291, .T. ) ;
#5479 = CARTESIAN_POINT ( 'NONE',  ( -4.999999999999995559, 9.199999999999999289, -36.50000000000000711 ) ) ;
#5480 = AXIS2_PLACEMENT_3D ( 'NONE', #919, #4639, #6745 ) ;
#5481 = DIRECTION ( 'NONE',  ( 0.000000000000000000, -1.000000000000000000, 0.000000000000000000 ) ) ;
#5482 = DIRECTION ( 'NONE',  ( 0.000000000000000000, -1.000000000000000000, 0.000000000000000000 ) ) ;
#5483 = AXIS2_PLACEMENT_3D ( 'NONE', #1495, #1430, #909 ) ;
#5484 = VERTEX_POINT ( 'NONE', #3346 ) ;
#5485 = CARTESIAN_POINT ( 'NONE',  ( 25.00000000000000355, 7.199999999999984190, 38.50000000000000711 ) ) ;
#5486 = CARTESIAN_POINT ( 'NONE',  ( 34.99999999999999289, 9.199999999999999289, -38.50000000000002132 ) ) ;
#5487 = DIRECTION ( 'NONE',  ( -1.802310104910968394E-16, 0.000000000000000000, 1.000000000000000000 ) ) ;
#5488 = EDGE_CURVE ( 'NONE', #6517, #3460, #4338, .T. ) ;
#5489 = DIRECTION ( 'NONE',  ( 1.000000000000000000, 0.000000000000000000, -1.734723475976805319E-15 ) ) ;
#5490 = VECTOR ( 'NONE', #3244, 1000.000000000000000 ) ;
#5491 = CARTESIAN_POINT ( 'NONE',  ( -71.10000000000005116, 2.000000000000000000, 25.00000000000000000 ) ) ;
#5492 = ORIENTED_EDGE ( 'NONE', *, *, #2232, .F. ) ;
#5493 = AXIS2_PLACEMENT_3D ( 'NONE', #4004, #1341, #2479 ) ;
#5494 = LINE ( 'NONE', #1796, #4923 ) ;
#5495 = EDGE_CURVE ( 'NONE', #4857, #2920, #3277, .T. ) ;
#5496 = CARTESIAN_POINT ( 'NONE',  ( -54.99999999999999289, 9.199999999999999289, 36.49999999999958789 ) ) ;
#5497 = CARTESIAN_POINT ( 'NONE',  ( 71.10000000000005116, 9.199999999999999289, 25.00000000000000000 ) ) ;
#5498 = DIRECTION ( 'NONE',  ( 1.000000000000000000, 0.000000000000000000, -0.000000000000000000 ) ) ;
#5499 = DIRECTION ( 'NONE',  ( 0.7071067811865493491, 0.7071067811865456854, 0.000000000000000000 ) ) ;
#5500 = ORIENTED_EDGE ( 'NONE', *, *, #3575, .F. ) ;
#5501 = ORIENTED_EDGE ( 'NONE', *, *, #6399, .T. ) ;
#5502 = ORIENTED_EDGE ( 'NONE', *, *, #6370, .T. ) ;
#5503 = EDGE_CURVE ( 'NONE', #1436, #3359, #3828, .T. ) ;
#5504 = DIRECTION ( 'NONE',  ( -0.7071067811865409114, -0.000000000000000000, -0.7071067811865541231 ) ) ;
#5505 = LINE ( 'NONE', #4059, #4796 ) ;
#5506 = ORIENTED_EDGE ( 'NONE', *, *, #3048, .F. ) ;
#5507 = LINE ( 'NONE', #2294, #401 ) ;
#5508 = ORIENTED_EDGE ( 'NONE', *, *, #2570, .T. ) ;
#5509 = DIRECTION ( 'NONE',  ( -1.802310104910968394E-16, 0.000000000000000000, 1.000000000000000000 ) ) ;
#5510 = ORIENTED_EDGE ( 'NONE', *, *, #53, .F. ) ;
#5511 = ORIENTED_EDGE ( 'NONE', *, *, #405, .F. ) ;
#5512 = ORIENTED_EDGE ( 'NONE', *, *, #1860, .T. ) ;
#5513 = LINE ( 'NONE', #2565, #6548 ) ;
#5514 = LINE ( 'NONE', #3786, #273 ) ;
#5515 = DIRECTION ( 'NONE',  ( 1.000000000000000000, 0.000000000000000000, 0.000000000000000000 ) ) ;
#5516 = FACE_OUTER_BOUND ( 'NONE', #3962, .T. ) ;
#5517 = ORIENTED_EDGE ( 'NONE', *, *, #4333, .F. ) ;
#5518 = FACE_OUTER_BOUND ( 'NONE', #2845, .T. ) ;
#5519 = LINE ( 'NONE', #235, #1450 ) ;
#5520 = CARTESIAN_POINT ( 'NONE',  ( 3.999999999999996447, 8.199999999999985079, 36.50000000000000711 ) ) ;
#5521 = PLANE ( 'NONE',  #2375 ) ;
#5522 = DIRECTION ( 'NONE',  ( 3.469446951953610639E-15, 0.000000000000000000, 1.000000000000000000 ) ) ;
#5523 = ORIENTED_EDGE ( 'NONE', *, *, #2515, .T. ) ;
#5525 = EDGE_CURVE ( 'NONE', #5934, #4248, #3235, .T. ) ;
#5524 = ADVANCED_FACE ( 'NONE', ( #4919 ), #6000, .T. ) ;
#5526 = LINE ( 'NONE', #2870, #2964 ) ;
#5527 = LINE ( 'NONE', #6012, #3799 ) ;
#5528 = DIRECTION ( 'NONE',  ( -1.000000000000000000, 0.000000000000000000, 0.000000000000000000 ) ) ;
#5529 = DIRECTION ( 'NONE',  ( 1.000000000000000000, 0.000000000000000000, 0.000000000000000000 ) ) ;
#5530 = CARTESIAN_POINT ( 'NONE',  ( 5.000000000000004441, 9.199999999999999289, -38.50000000000002132 ) ) ;
#5531 = ORIENTED_EDGE ( 'NONE', *, *, #1419, .T. ) ;
#5532 = EDGE_CURVE ( 'NONE', #4251, #4117, #6447, .T. ) ;
#5533 = VERTEX_POINT ( 'NONE', #5377 ) ;
#5534 = ORIENTED_EDGE ( 'NONE', *, *, #2926, .T. ) ;
#5535 = CARTESIAN_POINT ( 'NONE',  ( 23.99999999999999645, 8.199999999999985079, 36.50000000000000711 ) ) ;
#5536 = PLANE ( 'NONE',  #5590 ) ;
#5537 = ORIENTED_EDGE ( 'NONE', *, *, #4668, .F. ) ;
#5538 = CARTESIAN_POINT ( 'NONE',  ( -25.00000000000000355, 7.199999999999984190, -38.49999999999986500 ) ) ;
#5539 = ORIENTED_EDGE ( 'NONE', *, *, #2975, .T. ) ;
#5540 = LINE ( 'NONE', #4328, #5602 ) ;
#5541 = EDGE_CURVE ( 'NONE', #4016, #1813, #5894, .T. ) ;
#5542 = EDGE_CURVE ( 'NONE', #1396, #5619, #423, .T. ) ;
#5543 = ORIENTED_EDGE ( 'NONE', *, *, #2829, .F. ) ;
#5544 = VERTEX_POINT ( 'NONE', #5444 ) ;
#5545 = ORIENTED_EDGE ( 'NONE', *, *, #1011, .T. ) ;
#5546 = CARTESIAN_POINT ( 'NONE',  ( 71.09999999999998010, 2.000000000000000000, 5.000000000000000000 ) ) ;
#5547 = CARTESIAN_POINT ( 'NONE',  ( -34.99999999999999289, 9.199999999999999289, -36.49999999999972999 ) ) ;
#5548 = PLANE ( 'NONE',  #2494 ) ;
#5549 = CARTESIAN_POINT ( 'NONE',  ( -71.09999999999978115, 3.800000000000001155, -15.00000000000000000 ) ) ;
#5550 = EDGE_CURVE ( 'NONE', #4003, #425, #1823, .T. ) ;
#5551 = VERTEX_POINT ( 'NONE', #1266 ) ;
#5552 = DIRECTION ( 'NONE',  ( 1.000000000000000000, 0.000000000000000000, 2.168404344971006501E-15 ) ) ;
#5553 = PLANE ( 'NONE',  #180 ) ;
#5554 = CARTESIAN_POINT ( 'NONE',  ( 25.00000000000000355, 7.199999999999984190, -36.50000000000002132 ) ) ;
#5555 = CARTESIAN_POINT ( 'NONE',  ( -75.04974746830579591, 3.800000000000001155, -36.22604597891263012 ) ) ;
#5556 = ORIENTED_EDGE ( 'NONE', *, *, #1452, .T. ) ;
#5557 = LINE ( 'NONE', #873, #6697 ) ;
#5558 = FACE_OUTER_BOUND ( 'NONE', #4454, .T. ) ;
#5559 = LINE ( 'NONE', #1387, #3204 ) ;
#5560 = CARTESIAN_POINT ( 'NONE',  ( -19.74999999999788614, 3.800000000000001155, -85.85000000000059117 ) ) ;
#5561 = VECTOR ( 'NONE', #6379, 1000.000000000000000 ) ;
#5562 = DIRECTION ( 'NONE',  ( 0.000000000000000000, 0.000000000000000000, -1.000000000000000000 ) ) ;
#5564 = EDGE_CURVE ( 'NONE', #5297, #4738, #5412, .T. ) ;
#5563 = EDGE_CURVE ( 'NONE', #3647, #441, #3384, .T. ) ;
#5565 = VERTEX_POINT ( 'NONE', #202 ) ;
#5566 = VECTOR ( 'NONE', #2678, 1000.000000000000000 ) ;
#5567 = VERTEX_POINT ( 'NONE', #2862 ) ;
#5568 = CARTESIAN_POINT ( 'NONE',  ( -52.99999999999961631, 3.800000000000001155, 38.50000000000000711 ) ) ;
#5569 = VERTEX_POINT ( 'NONE', #1724 ) ;
#5570 = CARTESIAN_POINT ( 'NONE',  ( 73.10000000000000853, 3.800000000000001155, -35.50000000000000711 ) ) ;
#5571 = CARTESIAN_POINT ( 'NONE',  ( 45.00000000000000711, 7.199999999999984190, 38.50000000000000711 ) ) ;
#5572 = VECTOR ( 'NONE', #1529, 1000.000000000000000 ) ;
#5574 = EDGE_CURVE ( 'NONE', #6305, #6613, #1127, .T. ) ;
#5573 = EDGE_CURVE ( 'NONE', #3392, #4789, #162, .T. ) ;
#5575 = AXIS2_PLACEMENT_3D ( 'NONE', #5081, #6096, #3440 ) ;
#5576 = ORIENTED_EDGE ( 'NONE', *, *, #3672, .F. ) ;
#5577 = CARTESIAN_POINT ( 'NONE',  ( 70.10000000000000853, 2.000000000000000000, 38.50000000000000711 ) ) ;
#5578 = ORIENTED_EDGE ( 'NONE', *, *, #953, .T. ) ;
#5579 = CARTESIAN_POINT ( 'NONE',  ( -4.999999999999995559, 7.199999999999984190, -36.50000000000000711 ) ) ;
#5580 = ORIENTED_EDGE ( 'NONE', *, *, #4094, .T. ) ;
#5581 = VECTOR ( 'NONE', #690, 1000.000000000000114 ) ;
#5582 = ORIENTED_EDGE ( 'NONE', *, *, #3851, .F. ) ;
#5583 = AXIS2_PLACEMENT_3D ( 'NONE', #3635, #5636, #2492 ) ;
#5584 = VERTEX_POINT ( 'NONE', #1200 ) ;
#5585 = ADVANCED_FACE ( 'NONE', ( #3313 ), #4817, .F. ) ;
#5586 = DIRECTION ( 'NONE',  ( -1.802310104910968394E-16, 0.000000000000000000, 1.000000000000000000 ) ) ;
#5587 = EDGE_CURVE ( 'NONE', #458, #853, #2826, .T. ) ;
#5588 = CARTESIAN_POINT ( 'NONE',  ( -25.00000000000000355, 9.199999999999999289, 38.49999999999986500 ) ) ;
#5589 = VECTOR ( 'NONE', #5515, 1000.000000000000000 ) ;
#5590 = AXIS2_PLACEMENT_3D ( 'NONE', #1400, #6535, #3364 ) ;
#5591 = PLANE ( 'NONE',  #6799 ) ;
#5592 = VERTEX_POINT ( 'NONE', #6486 ) ;
#5593 = VECTOR ( 'NONE', #5522, 1000.000000000000000 ) ;
#5594 = CARTESIAN_POINT ( 'NONE',  ( 25.00000000000000355, 9.199999999999999289, 38.50000000000000711 ) ) ;
#5595 =( LENGTH_UNIT ( ) NAMED_UNIT ( * ) SI_UNIT ( .MILLI., .METRE. ) );
#5596 = LINE ( 'NONE', #5095, #951 ) ;
#5597 = DIRECTION ( 'NONE',  ( 0.7071067811865426878, 0.000000000000000000, 0.7071067811865524577 ) ) ;
#5598 = LINE ( 'NONE', #5491, #3933 ) ;
#5599 = VECTOR ( 'NONE', #4476, 1000.000000000000000 ) ;
#5600 = ORIENTED_EDGE ( 'NONE', *, *, #3485, .T. ) ;
#5601 = DIRECTION ( 'NONE',  ( -1.802310104910968394E-16, 0.000000000000000000, 1.000000000000000000 ) ) ;
#5602 = VECTOR ( 'NONE', #5957, 1000.000000000000000 ) ;
#5603 = CARTESIAN_POINT ( 'NONE',  ( 46.99999999999997158, -0.0009999999999992653654, -38.50000000000000711 ) ) ;
#5604 = DIRECTION ( 'NONE',  ( 1.000000000000000000, -0.000000000000000000, -0.000000000000000000 ) ) ;
#5605 = PLANE ( 'NONE',  #6358 ) ;
#5606 = ORIENTED_EDGE ( 'NONE', *, *, #3920, .T. ) ;
#5607 = AXIS2_PLACEMENT_3D ( 'NONE', #589, #2045, #1006 ) ;
#5608 = ORIENTED_EDGE ( 'NONE', *, *, #2660, .T. ) ;
#5609 = EDGE_CURVE ( 'NONE', #2220, #1132, #3894, .T. ) ;
#5610 = CARTESIAN_POINT ( 'NONE',  ( -73.10000000000005116, 9.199999999999999289, 14.99999999999999645 ) ) ;
#5611 = EDGE_LOOP ( 'NONE', ( #2303, #3434, #6626, #2963 ) ) ;
#5612 = FACE_OUTER_BOUND ( 'NONE', #4025, .T. ) ;
#5613 = DIRECTION ( 'NONE',  ( 1.000000000000000000, 0.000000000000000000, 0.000000000000000000 ) ) ;
#5614 = AXIS2_PLACEMENT_3D ( 'NONE', #103, #2338, #4410 ) ;
#5615 = EDGE_LOOP ( 'NONE', ( #3427, #5510, #1505, #6404 ) ) ;
#5616 = PLANE ( 'NONE',  #2945 ) ;
#5617 = ORIENTED_EDGE ( 'NONE', *, *, #3825, .T. ) ;
#5618 = DIRECTION ( 'NONE',  ( 0.000000000000000000, 1.000000000000000000, 0.000000000000000000 ) ) ;
#5619 = VERTEX_POINT ( 'NONE', #5656 ) ;
#5620 = EDGE_CURVE ( 'NONE', #4556, #2363, #1897, .T. ) ;
#5621 = ORIENTED_EDGE ( 'NONE', *, *, #5321, .T. ) ;
#5622 = CARTESIAN_POINT ( 'NONE',  ( -45.00000000000000000, 9.199999999999999289, -36.49999999999972999 ) ) ;
#5623 = LINE ( 'NONE', #1994, #1612 ) ;
#5624 = CARTESIAN_POINT ( 'NONE',  ( 34.99999999999999289, 7.199999999999984190, 38.50000000000000711 ) ) ;
#5625 = EDGE_CURVE ( 'NONE', #1460, #5761, #1307, .T. ) ;
#5626 = ORIENTED_EDGE ( 'NONE', *, *, #2335, .T. ) ;
#5627 = PLANE ( 'NONE',  #5721 ) ;
#5628 = PLANE ( 'NONE',  #6786 ) ;
#5629 = DIRECTION ( 'NONE',  ( 0.000000000000000000, 0.000000000000000000, -1.000000000000000000 ) ) ;
#5630 = LINE ( 'NONE', #6184, #2167 ) ;
#5631 = EDGE_CURVE ( 'NONE', #1232, #6185, #5094, .T. ) ;
#5632 = VERTEX_POINT ( 'NONE', #4516 ) ;
#5633 = ADVANCED_FACE ( 'NONE', ( #1446, #1864 ), #2414, .T. ) ;
#5634 = DIRECTION ( 'NONE',  ( -0.000000000000000000, 1.000000000000000000, 0.000000000000000000 ) ) ;
#5635 = DIRECTION ( 'NONE',  ( 0.000000000000000000, -1.000000000000000000, 0.000000000000000000 ) ) ;
#5636 = DIRECTION ( 'NONE',  ( 0.7071067811865500152, 0.000000000000000000, -0.7071067811865451302 ) ) ;
#5637 = VECTOR ( 'NONE', #2036, 1000.000000000000000 ) ;
#5638 = CARTESIAN_POINT ( 'NONE',  ( 5.000000000000004441, 9.199999999999999289, 36.50000000000000711 ) ) ;
#5639 = ORIENTED_EDGE ( 'NONE', *, *, #2552, .F. ) ;
#5640 = VECTOR ( 'NONE', #6487, 1000.000000000000000 ) ;
#5641 = VERTEX_POINT ( 'NONE', #3554 ) ;
#5642 = LINE ( 'NONE', #457, #4164 ) ;
#5643 = VERTEX_POINT ( 'NONE', #6719 ) ;
#5644 = CARTESIAN_POINT ( 'NONE',  ( -45.00000000000000000, 9.199999999999999289, -36.49999999999972999 ) ) ;
#5645 = CARTESIAN_POINT ( 'NONE',  ( -14.99999999999999645, 2.000000000000000000, 36.49999999999989342 ) ) ;
#5646 = ORIENTED_EDGE ( 'NONE', *, *, #2998, .T. ) ;
#5647 = EDGE_LOOP ( 'NONE', ( #3910, #328, #3917, #6215, #4337, #563 ) ) ;
#5648 = EDGE_LOOP ( 'NONE', ( #356, #4540, #6239, #2756 ) ) ;
#5649 = VERTEX_POINT ( 'NONE', #3968 ) ;
#5650 = DIRECTION ( 'NONE',  ( -1.000000000000000000, 0.000000000000000000, -3.469446951953610639E-15 ) ) ;
#5651 = DIRECTION ( 'NONE',  ( 1.000000000000000000, 0.000000000000000000, -2.168404344971006501E-15 ) ) ;
#5653 = EDGE_CURVE ( 'NONE', #4799, #1927, #1305, .T. ) ;
#5652 = ADVANCED_FACE ( 'NONE', ( #5518 ), #372, .T. ) ;
#5654 = CARTESIAN_POINT ( 'NONE',  ( -64.99999999999998579, 7.199999999999984190, 36.49999999999958789 ) ) ;
#5655 = ORIENTED_EDGE ( 'NONE', *, *, #4933, .T. ) ;
#5656 = CARTESIAN_POINT ( 'NONE',  ( 73.10000000000000853, 3.800000000000001155, 35.49999999999999289 ) ) ;
#5657 = CARTESIAN_POINT ( 'NONE',  ( -70.09999999999998010, 3.800000000000001155, -40.50271354001955615 ) ) ;
#5658 = CARTESIAN_POINT ( 'NONE',  ( -22.99999999999996447, 9.199999999999999289, -36.49999999999986500 ) ) ;
#5659 = CARTESIAN_POINT ( 'NONE',  ( -7.000000000000033751, 3.800000000000001155, 38.50000000000000711 ) ) ;
#5660 = ORIENTED_EDGE ( 'NONE', *, *, #3467, .T. ) ;
#5661 = LINE ( 'NONE', #379, #4277 ) ;
#5662 = DIRECTION ( 'NONE',  ( 0.000000000000000000, 0.000000000000000000, -1.000000000000000000 ) ) ;
#5663 = PLANE ( 'NONE',  #285 ) ;
#5664 = EDGE_CURVE ( 'NONE', #441, #1697, #343, .T. ) ;
#5665 = CARTESIAN_POINT ( 'NONE',  ( 73.09999999999978115, 9.199999999999999289, -14.99999999999999645 ) ) ;
#5666 = ADVANCED_FACE ( 'NONE', ( #3456 ), #1929, .T. ) ;
#5667 = ORIENTED_EDGE ( 'NONE', *, *, #4824, .F. ) ;
#5668 = VERTEX_POINT ( 'NONE', #407 ) ;
#5669 = VECTOR ( 'NONE', #1889, 1000.000000000000114 ) ;
#5670 = PLANE ( 'NONE',  #4594 ) ;
#5671 = ORIENTED_EDGE ( 'NONE', *, *, #1997, .T. ) ;
#5672 = CARTESIAN_POINT ( 'NONE',  ( 15.74999999999916689, 3.800000000000001155, 50.35000000000015774 ) ) ;
#5673 = CARTESIAN_POINT ( 'NONE',  ( -70.09999999999999432, 14.00000000000000000, 35.50000000000000711 ) ) ;
#5674 = CARTESIAN_POINT ( 'NONE',  ( 5.000000000000004441, 2.000000000000000000, 36.50000000000000711 ) ) ;
#5675 = EDGE_CURVE ( 'NONE', #5170, #2601, #896, .T. ) ;
#5676 = ORIENTED_EDGE ( 'NONE', *, *, #3420, .T. ) ;
#5677 = VERTEX_POINT ( 'NONE', #4073 ) ;
#5678 = AXIS2_PLACEMENT_3D ( 'NONE', #6544, #3270, #3927 ) ;
#5679 = ORIENTED_EDGE ( 'NONE', *, *, #5238, .F. ) ;
#5680 = ORIENTED_EDGE ( 'NONE', *, *, #138, .F. ) ;
#5681 = VECTOR ( 'NONE', #4734, 1000.000000000000000 ) ;
#5682 = CARTESIAN_POINT ( 'NONE',  ( 14.99999999999999645, 7.199999999999984190, -38.50000000000002842 ) ) ;
#5683 = CARTESIAN_POINT ( 'NONE',  ( 77.10000000000000853, 2.000000000000015543, -35.50000000000000711 ) ) ;
#5684 = ADVANCED_FACE ( 'NONE', ( #6044 ), #4613, .F. ) ;
#5685 = CARTESIAN_POINT ( 'NONE',  ( 44.00000000000000000, 8.199999999999985079, 36.50000000000000711 ) ) ;
#5686 = VECTOR ( 'NONE', #128, 1000.000000000000000 ) ;
#5687 = VECTOR ( 'NONE', #5772, 1000.000000000000000 ) ;
#5688 = ORIENTED_EDGE ( 'NONE', *, *, #4667, .T. ) ;
#5689 = ADVANCED_FACE ( 'NONE', ( #1970 ), #5627, .T. ) ;
#5690 = DIRECTION ( 'NONE',  ( -1.000000000000000000, 0.000000000000000000, 1.387778780781445676E-15 ) ) ;
#5691 = CARTESIAN_POINT ( 'NONE',  ( -32.99999999999972999, -0.0009999999999992653654, -38.50000000000000711 ) ) ;
#5692 = COLOUR_RGB ( '',1.000000000000000000, 1.000000000000000000, 1.000000000000000000 ) ;
#5693 = CARTESIAN_POINT ( 'NONE',  ( 0.000000000000000000, 0.000000000000000000, 0.000000000000000000 ) ) ;
#5694 = AXIS2_PLACEMENT_3D ( 'NONE', #361, #1290, #3406 ) ;
#5695 = PLANE ( 'NONE',  #6454 ) ;
#5696 = PLANE ( 'NONE',  #1951 ) ;
#5697 = AXIS2_PLACEMENT_3D ( 'NONE', #1777, #3883, #222 ) ;
#5698 = ORIENTED_EDGE ( 'NONE', *, *, #4095, .T. ) ;
#5699 = VECTOR ( 'NONE', #2139, 1000.000000000000000 ) ;
#5700 = EDGE_CURVE ( 'NONE', #5350, #3519, #4040, .T. ) ;
#5701 = DIRECTION ( 'NONE',  ( 0.000000000000000000, -0.000000000000000000, 1.000000000000000000 ) ) ;
#5702 = LINE ( 'NONE', #6253, #4846 ) ;
#5703 = LINE ( 'NONE', #1941, #3494 ) ;
#5704 = CARTESIAN_POINT ( 'NONE',  ( -6.999999999999964473, 2.000000000000000000, -38.50000000000000711 ) ) ;
#5705 = AXIS2_PLACEMENT_3D ( 'NONE', #1893, #232, #4002 ) ;
#5706 = ORIENTED_EDGE ( 'NONE', *, *, #5026, .F. ) ;
#5707 = ORIENTED_EDGE ( 'NONE', *, *, #1966, .F. ) ;
#5708 = EDGE_CURVE ( 'NONE', #1232, #1361, #6271, .T. ) ;
#5709 = VECTOR ( 'NONE', #6634, 1000.000000000000000 ) ;
#5710 = CARTESIAN_POINT ( 'NONE',  ( -75.09999999999996589, 2.000000000000000000, 42.50000000000000000 ) ) ;
#5711 = EDGE_LOOP ( 'NONE', ( #568, #888, #5824, #6713 ) ) ;
#5712 = DIRECTION ( 'NONE',  ( 0.000000000000000000, 1.000000000000000000, -0.000000000000000000 ) ) ;
#5713 = DIRECTION ( 'NONE',  ( 0.7071067811865500152, 0.000000000000000000, -0.7071067811865450192 ) ) ;
#5714 = DIRECTION ( 'NONE',  ( 0.000000000000000000, 0.7071067811865453523, 0.7071067811865496822 ) ) ;
#5715 = VECTOR ( 'NONE', #4216, 1000.000000000000000 ) ;
#5716 = ORIENTED_EDGE ( 'NONE', *, *, #1721, .T. ) ;
#5717 = ORIENTED_EDGE ( 'NONE', *, *, #1769, .F. ) ;
#5718 = EDGE_CURVE ( 'NONE', #1983, #2405, #6179, .T. ) ;
#5719 = EDGE_CURVE ( 'NONE', #4159, #3569, #5061, .T. ) ;
#5720 = ORIENTED_EDGE ( 'NONE', *, *, #2833, .F. ) ;
#5721 = AXIS2_PLACEMENT_3D ( 'NONE', #1377, #4482, #6077 ) ;
#5722 = DIRECTION ( 'NONE',  ( 6.938893903907221278E-15, 0.000000000000000000, -1.000000000000000000 ) ) ;
#5723 = DIRECTION ( 'NONE',  ( -1.000000000000000000, 0.000000000000000000, 1.387778780781445676E-15 ) ) ;
#5724 = CARTESIAN_POINT ( 'NONE',  ( -14.99999999999999645, 3.800000000000001155, 38.49999999999986500 ) ) ;
#5725 = ORIENTED_EDGE ( 'NONE', *, *, #1985, .T. ) ;
#5726 = DIRECTION ( 'NONE',  ( 4.336808689942013003E-15, 0.000000000000000000, 1.000000000000000000 ) ) ;
#5727 = LINE ( 'NONE', #1057, #3908 ) ;
#5728 = CARTESIAN_POINT ( 'NONE',  ( -71.09999999999998010, 7.199999999999984190, 5.000000000000000000 ) ) ;
#5729 = DIRECTION ( 'NONE',  ( -0.7071067811865451302, -0.7071067811865500152, 0.000000000000000000 ) ) ;
#5730 = DIRECTION ( 'NONE',  ( 1.000000000000000000, -0.000000000000000000, -0.000000000000000000 ) ) ;
#5731 = ORIENTED_EDGE ( 'NONE', *, *, #5933, .F. ) ;
#5732 = CARTESIAN_POINT ( 'NONE',  ( 25.00000000000000355, 9.199999999999999289, 36.50000000000000711 ) ) ;
#5733 = CARTESIAN_POINT ( 'NONE',  ( -3.999999999999996447, 8.199999999999985079, 38.50000000000000711 ) ) ;
#5734 = CARTESIAN_POINT ( 'NONE',  ( -73.10000000000005116, 9.199999999999999289, 25.00000000000000355 ) ) ;
#5735 = CARTESIAN_POINT ( 'NONE',  ( 73.10000000000005116, 7.199999999999984190, 25.00000000000000355 ) ) ;
#5736 = CARTESIAN_POINT ( 'NONE',  ( -45.00000000000000000, 3.800000000000001155, -36.49999999999972999 ) ) ;
#5738 = EDGE_CURVE ( 'NONE', #1224, #5053, #2130, .T. ) ;
#5737 = ADVANCED_FACE ( 'NONE', ( #3684 ), #5267, .T. ) ;
#5739 = ORIENTED_EDGE ( 'NONE', *, *, #1349, .F. ) ;
#5740 = CARTESIAN_POINT ( 'NONE',  ( 17.00000000000003553, 9.199999999999999289, -36.50000000000002132 ) ) ;
#5741 = ORIENTED_EDGE ( 'NONE', *, *, #3834, .T. ) ;
#5742 = CARTESIAN_POINT ( 'NONE',  ( 73.10000000000000853, 3.800000000000001155, -38.50000000000000711 ) ) ;
#5743 = LINE ( 'NONE', #3087, #1153 ) ;
#5744 = DIRECTION ( 'NONE',  ( -1.734723475976805319E-15, 0.000000000000000000, -1.000000000000000000 ) ) ;
#5745 = VERTEX_POINT ( 'NONE', #5756 ) ;
#5746 = VECTOR ( 'NONE', #351, 1000.000000000000000 ) ;
#5747 = EDGE_LOOP ( 'NONE', ( #146, #581, #5671, #3573, #1114, #842 ) ) ;
#5748 = EDGE_LOOP ( 'NONE', ( #3574, #2740, #370, #2595 ) ) ;
#5749 = PLANE ( 'NONE',  #1820 ) ;
#5751 = EDGE_CURVE ( 'NONE', #3268, #3565, #575, .T. ) ;
#5750 = CARTESIAN_POINT ( 'NONE',  ( 0.000000000000000000, 9.199999999999999289, 0.000000000000000000 ) ) ;
#5752 = EDGE_LOOP ( 'NONE', ( #6327, #4875, #2605, #6199, #3644 ) ) ;
#5753 = EDGE_CURVE ( 'NONE', #6020, #6221, #1579, .T. ) ;
#5754 = LINE ( 'NONE', #92, #6362 ) ;
#5755 = VERTEX_POINT ( 'NONE', #6782 ) ;
#5756 = CARTESIAN_POINT ( 'NONE',  ( 73.10000000000005116, 9.199999999999999289, 22.99999999999997158 ) ) ;
#5757 = CARTESIAN_POINT ( 'NONE',  ( 0.000000000000000000, 9.199999999999999289, 0.000000000000000000 ) ) ;
#5758 = CARTESIAN_POINT ( 'NONE',  ( -77.09999999999998010, 2.000000000000015543, -35.50000000000000711 ) ) ;
#5759 = LINE ( 'NONE', #2618, #3700 ) ;
#5760 = CARTESIAN_POINT ( 'NONE',  ( -45.00000000000000000, 2.000000000000000000, 36.49999999999972999 ) ) ;
#5761 = VERTEX_POINT ( 'NONE', #2026 ) ;
#5762 = DIRECTION ( 'NONE',  ( 0.000000000000000000, 1.000000000000000000, 0.000000000000000000 ) ) ;
#5763 = LINE ( 'NONE', #5865, #3990 ) ;
#5764 = CARTESIAN_POINT ( 'NONE',  ( -71.09999999999978115, 9.199999999999999289, -22.99999999999997158 ) ) ;
#5765 = FACE_OUTER_BOUND ( 'NONE', #3681, .T. ) ;
#5766 = FACE_OUTER_BOUND ( 'NONE', #672, .T. ) ;
#5767 = ORIENTED_EDGE ( 'NONE', *, *, #2317, .T. ) ;
#5768 = LINE ( 'NONE', #3770, #3066 ) ;
#5769 = ORIENTED_EDGE ( 'NONE', *, *, #1615, .T. ) ;
#5770 = DIRECTION ( 'NONE',  ( 0.000000000000000000, 0.000000000000000000, 1.000000000000000000 ) ) ;
#5771 = ADVANCED_FACE ( 'NONE', ( #6308 ), #5825, .F. ) ;
#5772 = DIRECTION ( 'NONE',  ( 0.000000000000000000, -1.000000000000000000, 0.000000000000000000 ) ) ;
#5773 = CARTESIAN_POINT ( 'NONE',  ( 5.000000000000004441, 2.000000000000000000, -36.50000000000002132 ) ) ;
#5774 = ORIENTED_EDGE ( 'NONE', *, *, #1714, .F. ) ;
#5775 = VECTOR ( 'NONE', #1782, 1000.000000000000000 ) ;
#5776 = ORIENTED_EDGE ( 'NONE', *, *, #2961, .T. ) ;
#5777 = ORIENTED_EDGE ( 'NONE', *, *, #6515, .F. ) ;
#5778 = EDGE_CURVE ( 'NONE', #1927, #5551, #3653, .T. ) ;
#5779 = CARTESIAN_POINT ( 'NONE',  ( -73.09999999999999432, 3.800000000000001155, 38.50000000000000711 ) ) ;
#5780 = VECTOR ( 'NONE', #3462, 1000.000000000000000 ) ;
#5781 = DIRECTION ( 'NONE',  ( 6.938893903907221278E-15, 0.000000000000000000, 1.000000000000000000 ) ) ;
#5782 = ORIENTED_EDGE ( 'NONE', *, *, #4971, .F. ) ;
#5783 = CARTESIAN_POINT ( 'NONE',  ( 65.00000000000000000, 2.000000000000000000, 36.50000000000003553 ) ) ;
#5784 = ORIENTED_EDGE ( 'NONE', *, *, #5272, .T. ) ;
#5785 = VECTOR ( 'NONE', #6765, 1000.000000000000000 ) ;
#5786 = EDGE_CURVE ( 'NONE', #4248, #77, #5787, .T. ) ;
#5787 = LINE ( 'NONE', #2677, #1750 ) ;
#5788 = LINE ( 'NONE', #2715, #4776 ) ;
#5789 = LINE ( 'NONE', #3655, #3499 ) ;
#5790 = CARTESIAN_POINT ( 'NONE',  ( 5.749999999998922640, 3.800000000000001155, 40.34999999999995879 ) ) ;
#5791 = AXIS2_PLACEMENT_3D ( 'NONE', #2111, #3767, #5867 ) ;
#5792 = AXIS2_PLACEMENT_3D ( 'NONE', #3023, #4608, #4068 ) ;
#5793 = CARTESIAN_POINT ( 'NONE',  ( -36.00000000000000711, 8.199999999999985079, 36.49999999999972999 ) ) ;
#5794 = ORIENTED_EDGE ( 'NONE', *, *, #4010, .F. ) ;
#5795 = VECTOR ( 'NONE', #5481, 1000.000000000000000 ) ;
#5796 = VECTOR ( 'NONE', #5380, 1000.000000000000000 ) ;
#5797 = LINE ( 'NONE', #3734, #869 ) ;
#5798 = EDGE_CURVE ( 'NONE', #3855, #4999, #3166, .T. ) ;
#5799 = FACE_OUTER_BOUND ( 'NONE', #5747, .T. ) ;
#5800 = CARTESIAN_POINT ( 'NONE',  ( -73.09999999999999432, -0.0009999999999992653654, 38.50000000000000711 ) ) ;
#5801 = FACE_OUTER_BOUND ( 'NONE', #299, .T. ) ;
#5802 = DIRECTION ( 'NONE',  ( 1.000000000000000000, 0.000000000000000000, 0.000000000000000000 ) ) ;
#5803 = VECTOR ( 'NONE', #5418, 1000.000000000000114 ) ;
#5804 = AXIS2_PLACEMENT_3D ( 'NONE', #3099, #4773, #2101 ) ;
#5805 = ORIENTED_EDGE ( 'NONE', *, *, #4194, .F. ) ;
#5806 = CARTESIAN_POINT ( 'NONE',  ( 55.00000000000000000, 7.199999999999984190, 36.50000000000000711 ) ) ;
#5807 = ORIENTED_EDGE ( 'NONE', *, *, #6264, .F. ) ;
#5808 = AXIS2_PLACEMENT_3D ( 'NONE', #3629, #5169, #2581 ) ;
#5809 = FACE_OUTER_BOUND ( 'NONE', #2471, .T. ) ;
#5810 = DIRECTION ( 'NONE',  ( -1.000000000000000000, 0.000000000000000000, -4.336808689942013003E-15 ) ) ;
#5811 = CARTESIAN_POINT ( 'NONE',  ( 71.10000000000005116, 7.199999999999984190, 15.00000000000000000 ) ) ;
#5812 = ORIENTED_EDGE ( 'NONE', *, *, #6499, .T. ) ;
#5813 = VECTOR ( 'NONE', #6055, 1000.000000000000114 ) ;
#5814 = ORIENTED_EDGE ( 'NONE', *, *, #1540, .F. ) ;
#5815 = ORIENTED_EDGE ( 'NONE', *, *, #6075, .T. ) ;
#5816 = DIRECTION ( 'NONE',  ( 0.000000000000000000, -1.000000000000000000, 0.000000000000000000 ) ) ;
#5817 = VECTOR ( 'NONE', #1173, 1000.000000000000000 ) ;
#5818 = CARTESIAN_POINT ( 'NONE',  ( -70.09999999999998010, 14.00000000000000000, -40.50271354001955615 ) ) ;
#5819 = ORIENTED_EDGE ( 'NONE', *, *, #1325, .F. ) ;
#5820 = PLANE ( 'NONE',  #2507 ) ;
#5822 = EDGE_CURVE ( 'NONE', #6746, #2556, #3197, .T. ) ;
#5821 = EDGE_CURVE ( 'NONE', #916, #626, #4101, .T. ) ;
#5823 = VECTOR ( 'NONE', #2373, 1000.000000000000000 ) ;
#5824 = ORIENTED_EDGE ( 'NONE', *, *, #353, .F. ) ;
#5825 = PLANE ( 'NONE',  #1638 ) ;
#5826 = DIRECTION ( 'NONE',  ( 0.7071067811865549002, 0.000000000000000000, -0.7071067811865402453 ) ) ;
#5827 = CARTESIAN_POINT ( 'NONE',  ( -14.99999999999999645, 9.199999999999999289, -36.49999999999986500 ) ) ;
#5828 = DIRECTION ( 'NONE',  ( 0.000000000000000000, -1.000000000000000000, 0.000000000000000000 ) ) ;
#5829 = DIRECTION ( 'NONE',  ( -1.000000000000000000, 0.000000000000000000, -2.168404344971006501E-15 ) ) ;
#5830 = EDGE_CURVE ( 'NONE', #2459, #4584, #3624, .T. ) ;
#5831 = ORIENTED_EDGE ( 'NONE', *, *, #5837, .T. ) ;
#5832 = DIRECTION ( 'NONE',  ( -0.7071067811865451302, 0.000000000000000000, -0.7071067811865500152 ) ) ;
#5833 = FACE_OUTER_BOUND ( 'NONE', #4550, .T. ) ;
#5834 = FACE_OUTER_BOUND ( 'NONE', #1160, .T. ) ;
#5835 = CARTESIAN_POINT ( 'NONE',  ( 15.00000000000000533, 7.199999999999984190, 36.50000000000000711 ) ) ;
#5836 = DIRECTION ( 'NONE',  ( 1.226634733346694183E-15, -0.7071067811865496822, 0.7071067811865453523 ) ) ;
#5837 = EDGE_CURVE ( 'NONE', #1751, #1918, #961, .T. ) ;
#5838 = EDGE_CURVE ( 'NONE', #6673, #5592, #3128, .T. ) ;
#5839 = EDGE_LOOP ( 'NONE', ( #6193, #22, #4805, #1831 ) ) ;
#5840 = CARTESIAN_POINT ( 'NONE',  ( -71.09999999999978115, 9.199999999999999289, -17.00000000000003197 ) ) ;
#5841 = VERTEX_POINT ( 'NONE', #1056 ) ;
#5842 = LINE ( 'NONE', #2117, #1810 ) ;
#5843 = LINE ( 'NONE', #3218, #2704 ) ;
#5844 = DIRECTION ( 'NONE',  ( 0.000000000000000000, 0.000000000000000000, -1.000000000000000000 ) ) ;
#5845 = EDGE_LOOP ( 'NONE', ( #2413, #260, #4934, #3152 ) ) ;
#5846 = EDGE_CURVE ( 'NONE', #4679, #4556, #509, .T. ) ;
#5847 = VERTEX_POINT ( 'NONE', #3097 ) ;
#5848 = ORIENTED_EDGE ( 'NONE', *, *, #5933, .T. ) ;
#5849 = LINE ( 'NONE', #4263, #5454 ) ;
#5850 = VECTOR ( 'NONE', #2840, 1000.000000000000114 ) ;
#5851 = DIRECTION ( 'NONE',  ( 0.0007460008024717533536, 0.000000000000000000, -0.9999997217413625350 ) ) ;
#5852 = ORIENTED_EDGE ( 'NONE', *, *, #6206, .T. ) ;
#5853 = CARTESIAN_POINT ( 'NONE',  ( 45.00000000000000711, 2.000000000000000000, -36.50000000000002132 ) ) ;
#5854 = VERTEX_POINT ( 'NONE', #4231 ) ;
#5855 = ORIENTED_EDGE ( 'NONE', *, *, #4437, .F. ) ;
#5856 = VECTOR ( 'NONE', #3793, 1000.000000000000114 ) ;
#5857 = CARTESIAN_POINT ( 'NONE',  ( -71.09999999999978115, 3.800000000000001155, -25.00000000000000000 ) ) ;
#5858 = CARTESIAN_POINT ( 'NONE',  ( -73.09999999999978115, 3.800000000000001155, -25.00000000000000355 ) ) ;
#5860 = EDGE_CURVE ( 'NONE', #3268, #6510, #4671, .T. ) ;
#5859 = EDGE_CURVE ( 'NONE', #2012, #3900, #4739, .T. ) ;
#5861 = DIRECTION ( 'NONE',  ( -1.000000000000000000, 0.000000000000000000, -3.469446951953610639E-15 ) ) ;
#5862 = CARTESIAN_POINT ( 'NONE',  ( 35.00000000000000000, 3.800000000000001155, -36.50000000000002132 ) ) ;
#5863 = ORIENTED_EDGE ( 'NONE', *, *, #4513, .F. ) ;
#5864 = CARTESIAN_POINT ( 'NONE',  ( 35.00000000000000000, 7.199999999999984190, -36.50000000000002132 ) ) ;
#5865 = CARTESIAN_POINT ( 'NONE',  ( -34.99999999999999289, 9.199999999999999289, 36.49999999999972999 ) ) ;
#5866 = CARTESIAN_POINT ( 'NONE',  ( -73.09999999999999432, 3.800000000000001155, 38.50000000000000711 ) ) ;
#5867 = DIRECTION ( 'NONE',  ( 0.000000000000000000, 0.000000000000000000, 1.000000000000000000 ) ) ;
#5868 = LINE ( 'NONE', #1103, #6029 ) ;
#5869 = ORIENTED_EDGE ( 'NONE', *, *, #4604, .F. ) ;
#5870 = CARTESIAN_POINT ( 'NONE',  ( 54.99999999999999289, 9.199999999999999289, 38.50000000000000711 ) ) ;
#5871 = EDGE_CURVE ( 'NONE', #4605, #3061, #6278, .T. ) ;
#5872 = ADVANCED_FACE ( 'NONE', ( #1616 ), #3725, .T. ) ;
#5873 = ORIENTED_EDGE ( 'NONE', *, *, #3251, .T. ) ;
#5874 = PLANE ( 'NONE',  #4559 ) ;
#5875 = CARTESIAN_POINT ( 'NONE',  ( 73.10000000000005116, 9.199999999999999289, 14.99999999999999645 ) ) ;
#5876 = EDGE_LOOP ( 'NONE', ( #6302, #1475, #2743, #2642 ) ) ;
#5877 = ORIENTED_EDGE ( 'NONE', *, *, #4557, .F. ) ;
#5878 = EDGE_LOOP ( 'NONE', ( #3245, #2852, #2180, #2009, #6508 ) ) ;
#5879 = EDGE_CURVE ( 'NONE', #757, #1888, #4369, .T. ) ;
#5880 = FACE_OUTER_BOUND ( 'NONE', #601, .T. ) ;
#5881 = EDGE_LOOP ( 'NONE', ( #6428, #4045, #3779, #718 ) ) ;
#5882 = CARTESIAN_POINT ( 'NONE',  ( -73.09999999999998010, 2.000000000000000000, -38.50000000000000711 ) ) ;
#5883 = ORIENTED_EDGE ( 'NONE', *, *, #2652, .T. ) ;
#5884 = CARTESIAN_POINT ( 'NONE',  ( -73.09999999999998010, 3.800000000000001155, -38.50000000000000711 ) ) ;
#5885 = ORIENTED_EDGE ( 'NONE', *, *, #216, .T. ) ;
#5886 = EDGE_LOOP ( 'NONE', ( #6394, #804, #6606, #1007 ) ) ;
#5887 = FACE_OUTER_BOUND ( 'NONE', #2772, .T. ) ;
#5888 = VECTOR ( 'NONE', #5960, 1000.000000000000000 ) ;
#5889 = CARTESIAN_POINT ( 'NONE',  ( 45.00000000000000711, 9.199999999999999289, -36.50000000000002132 ) ) ;
#5890 = LINE ( 'NONE', #5373, #5011 ) ;
#5891 = LINE ( 'NONE', #5931, #4486 ) ;
#5892 = VECTOR ( 'NONE', #2511, 1000.000000000000000 ) ;
#5893 = ORIENTED_EDGE ( 'NONE', *, *, #3766, .T. ) ;
#5894 = LINE ( 'NONE', #6415, #2411 ) ;
#5895 = DIRECTION ( 'NONE',  ( 1.387778780781445676E-15, 0.000000000000000000, 1.000000000000000000 ) ) ;
#5896 = VECTOR ( 'NONE', #3088, 1000.000000000000000 ) ;
#5897 = CARTESIAN_POINT ( 'NONE',  ( 53.00000000000002132, 2.000000000000000000, 38.50000000000000711 ) ) ;
#5898 = VECTOR ( 'NONE', #1470, 1000.000000000000000 ) ;
#5899 = LINE ( 'NONE', #1166, #2717 ) ;
#5900 = CARTESIAN_POINT ( 'NONE',  ( 32.99999999999995737, 2.000000000000000000, 38.50000000000000711 ) ) ;
#5901 = VECTOR ( 'NONE', #5828, 1000.000000000000000 ) ;
#5902 = VERTEX_POINT ( 'NONE', #681 ) ;
#5903 = EDGE_CURVE ( 'NONE', #5368, #4251, #2856, .T. ) ;
#5904 = AXIS2_PLACEMENT_3D ( 'NONE', #6002, #762, #3970 ) ;
#5905 = PLANE ( 'NONE',  #6484 ) ;
#5906 = ORIENTED_EDGE ( 'NONE', *, *, #5463, .F. ) ;
#5907 = DIRECTION ( 'NONE',  ( 1.000000000000000000, 0.000000000000000000, 0.000000000000000000 ) ) ;
#5908 = DIRECTION ( 'NONE',  ( -0.000000000000000000, 1.000000000000000000, -0.000000000000000000 ) ) ;
#5909 = MECHANICAL_DESIGN_GEOMETRIC_PRESENTATION_REPRESENTATION (  '', ( #170 ), #617 ) ;
#5910 = AXIS2_PLACEMENT_3D ( 'NONE', #1010, #390, #3116 ) ;
#5911 = ORIENTED_EDGE ( 'NONE', *, *, #5912, .T. ) ;
#5912 = EDGE_CURVE ( 'NONE', #1083, #2854, #1195, .T. ) ;
#5913 = ADVANCED_FACE ( 'NONE', ( #5887 ), #2816, .F. ) ;
#5914 = ADVANCED_FACE ( 'NONE', ( #6480 ), #2299, .T. ) ;
#5915 = VECTOR ( 'NONE', #4520, 1000.000000000000000 ) ;
#5916 = ORIENTED_EDGE ( 'NONE', *, *, #2069, .F. ) ;
#5917 = VECTOR ( 'NONE', #4352, 1000.000000000000000 ) ;
#5918 = EDGE_LOOP ( 'NONE', ( #519, #393, #884, #1771 ) ) ;
#5919 = LINE ( 'NONE', #3953, #167 ) ;
#5920 = ORIENTED_EDGE ( 'NONE', *, *, #1701, .T. ) ;
#5921 = CARTESIAN_POINT ( 'NONE',  ( 26.99999999999999645, 2.000000000000000000, 38.50000000000000711 ) ) ;
#5922 = VECTOR ( 'NONE', #2476, 1000.000000000000000 ) ;
#5923 = ORIENTED_EDGE ( 'NONE', *, *, #208, .T. ) ;
#5924 = CARTESIAN_POINT ( 'NONE',  ( 54.99999999999999289, 3.800000000000001155, 38.50000000000000711 ) ) ;
#5925 = ORIENTED_EDGE ( 'NONE', *, *, #1365, .T. ) ;
#5926 = ORIENTED_EDGE ( 'NONE', *, *, #6657, .F. ) ;
#5927 = VECTOR ( 'NONE', #2347, 1000.000000000000114 ) ;
#5928 = DIRECTION ( 'NONE',  ( 0.000000000000000000, 0.000000000000000000, -1.000000000000000000 ) ) ;
#5929 = CARTESIAN_POINT ( 'NONE',  ( 35.00000000000000000, 2.000000000000000000, -36.50000000000002132 ) ) ;
#5930 = CARTESIAN_POINT ( 'NONE',  ( 5.000000000000004441, 7.199999999999984190, 38.50000000000000711 ) ) ;
#5931 = CARTESIAN_POINT ( 'NONE',  ( -21.00000000000004263, 13.19999999999998863, -38.49999999999986500 ) ) ;
#5932 = AXIS2_PLACEMENT_3D ( 'NONE', #4250, #2661, #6360 ) ;
#5933 = EDGE_CURVE ( 'NONE', #5248, #5984, #2782, .T. ) ;
#5934 = VERTEX_POINT ( 'NONE', #4331 ) ;
#5935 = DIRECTION ( 'NONE',  ( 0.000000000000000000, -1.000000000000000000, 0.000000000000000000 ) ) ;
#5936 = VECTOR ( 'NONE', #4682, 1000.000000000000000 ) ;
#5937 = CARTESIAN_POINT ( 'NONE',  ( 73.10000000000000853, -0.0009999999999992653654, 26.99999999999999645 ) ) ;
#5938 = FACE_OUTER_BOUND ( 'NONE', #1465, .T. ) ;
#5939 = CARTESIAN_POINT ( 'NONE',  ( 73.09999999999978115, 7.199999999999984190, -14.99999999999999645 ) ) ;
#5940 = CARTESIAN_POINT ( 'NONE',  ( 25.00000000000000355, 3.800000000000001155, 36.50000000000000711 ) ) ;
#5941 = ORIENTED_EDGE ( 'NONE', *, *, #5155, .T. ) ;
#5942 = DIRECTION ( 'NONE',  ( 0.000000000000000000, 0.000000000000000000, -1.000000000000000000 ) ) ;
#5943 = ORIENTED_EDGE ( 'NONE', *, *, #734, .T. ) ;
#5944 = DIRECTION ( 'NONE',  ( 0.000000000000000000, 0.000000000000000000, -1.000000000000000000 ) ) ;
#5945 = FACE_OUTER_BOUND ( 'NONE', #1012, .T. ) ;
#5946 = DIRECTION ( 'NONE',  ( -1.734723475976805319E-15, 0.000000000000000000, -1.000000000000000000 ) ) ;
#5948 = EDGE_CURVE ( 'NONE', #5902, #4195, #4910, .T. ) ;
#5947 = EDGE_CURVE ( 'NONE', #765, #5436, #3785, .T. ) ;
#5949 = ORIENTED_EDGE ( 'NONE', *, *, #3011, .F. ) ;
#5950 = ORIENTED_EDGE ( 'NONE', *, *, #4060, .F. ) ;
#5951 = ORIENTED_EDGE ( 'NONE', *, *, #6478, .T. ) ;
#5952 = CARTESIAN_POINT ( 'NONE',  ( 13.00000000000001066, -0.0009999999999992653654, -38.50000000000000711 ) ) ;
#5953 = CARTESIAN_POINT ( 'NONE',  ( -73.09999999999998010, 2.000000000000000000, -12.99999999999982414 ) ) ;
#5954 = VERTEX_POINT ( 'NONE', #6438 ) ;
#5955 = DIRECTION ( 'NONE',  ( -4.336808689942013003E-15, 0.000000000000000000, 1.000000000000000000 ) ) ;
#5956 = VERTEX_POINT ( 'NONE', #1227 ) ;
#5957 = DIRECTION ( 'NONE',  ( -0.000000000000000000, -0.000000000000000000, 1.000000000000000000 ) ) ;
#5958 = ORIENTED_EDGE ( 'NONE', *, *, #1187, .F. ) ;
#5959 = ORIENTED_EDGE ( 'NONE', *, *, #4841, .F. ) ;
#5960 = DIRECTION ( 'NONE',  ( -0.7071067811865414665, 0.000000000000000000, -0.7071067811865536790 ) ) ;
#5961 = ADVANCED_FACE ( 'NONE', ( #5478 ), #2200, .F. ) ;
#5962 = CARTESIAN_POINT ( 'NONE',  ( -73.09999999999998010, 9.199999999999999289, 2.999999999999975131 ) ) ;
#5963 = EDGE_CURVE ( 'NONE', #3473, #6104, #610, .T. ) ;
#5964 = EDGE_CURVE ( 'NONE', #4969, #2894, #5438, .T. ) ;
#5965 = CARTESIAN_POINT ( 'NONE',  ( -73.09999999999999432, -0.0009999999999992653654, 38.50000000000000711 ) ) ;
#5966 = CARTESIAN_POINT ( 'NONE',  ( -71.09999999999998010, 8.199999999999985079, -3.999999999999992450 ) ) ;
#5967 = ORIENTED_EDGE ( 'NONE', *, *, #5860, .F. ) ;
#5968 = CARTESIAN_POINT ( 'NONE',  ( -12.99999999999984546, 2.000000000000000000, -38.50000000000000711 ) ) ;
#5969 = CARTESIAN_POINT ( 'NONE',  ( 73.10000000000000853, 2.000000000000000000, 13.00000000000008171 ) ) ;
#5970 = ADVANCED_FACE ( 'NONE', ( #3820 ), #196, .F. ) ;
#5971 = LINE ( 'NONE', #6488, #3256 ) ;
#5972 = VECTOR ( 'NONE', #2863, 1000.000000000000000 ) ;
#5973 = DIRECTION ( 'NONE',  ( 0.7071067811865505703, 0.7071067811865444641, -0.000000000000000000 ) ) ;
#5974 = CARTESIAN_POINT ( 'NONE',  ( -4.999999999999995559, 7.199999999999984190, 36.50000000000000711 ) ) ;
#5975 = VERTEX_POINT ( 'NONE', #5857 ) ;
#5976 = DIRECTION ( 'NONE',  ( 0.000000000000000000, 0.000000000000000000, 1.000000000000000000 ) ) ;
#5977 = LINE ( 'NONE', #1279, #3482 ) ;
#5978 = LINE ( 'NONE', #2904, #6190 ) ;
#5979 = DIRECTION ( 'NONE',  ( 0.7071067811865487940, 0.000000000000000000, -0.7071067811865463515 ) ) ;
#5980 = CARTESIAN_POINT ( 'NONE',  ( 73.10000000000000853, 3.800000000000001155, -7.000000000000006217 ) ) ;
#5981 = ADVANCED_FACE ( 'NONE', ( #3888 ), #3373, .F. ) ;
#5982 = ORIENTED_EDGE ( 'NONE', *, *, #759, .T. ) ;
#5983 = ORIENTED_EDGE ( 'NONE', *, *, #5388, .F. ) ;
#5984 = VERTEX_POINT ( 'NONE', #3229 ) ;
#5985 = DIRECTION ( 'NONE',  ( 0.000000000000000000, 0.000000000000000000, -1.000000000000000000 ) ) ;
#5986 = DIRECTION ( 'NONE',  ( -1.000000000000000000, 0.000000000000000000, 0.000000000000000000 ) ) ;
#5987 = EDGE_LOOP ( 'NONE', ( #3284, #1640, #6330, #6017 ) ) ;
#5988 = CARTESIAN_POINT ( 'NONE',  ( -34.99999999999999289, 3.800000000000001155, -36.49999999999972999 ) ) ;
#5989 = VERTEX_POINT ( 'NONE', #2714 ) ;
#5990 = DIRECTION ( 'NONE',  ( 0.000000000000000000, 0.000000000000000000, 1.000000000000000000 ) ) ;
#5991 = VERTEX_POINT ( 'NONE', #4810 ) ;
#5992 = ORIENTED_EDGE ( 'NONE', *, *, #6006, .T. ) ;
#5993 = ADVANCED_FACE ( 'NONE', ( #4302 ), #126, .F. ) ;
#5994 = DIRECTION ( 'NONE',  ( 0.000000000000000000, -1.000000000000000000, 0.000000000000000000 ) ) ;
#5995 = LINE ( 'NONE', #1753, #4997 ) ;
#5996 = FACE_OUTER_BOUND ( 'NONE', #6471, .T. ) ;
#5997 = CARTESIAN_POINT ( 'NONE',  ( 6.999999999999978684, -0.0009999999999992653654, -38.50000000000000711 ) ) ;
#5998 = VERTEX_POINT ( 'NONE', #2889 ) ;
#5999 = VECTOR ( 'NONE', #3112, 1000.000000000000000 ) ;
#6000 = PLANE ( 'NONE',  #2849 ) ;
#6001 = CARTESIAN_POINT ( 'NONE',  ( -73.09999999999998010, 7.199999999999984190, 5.000000000000004441 ) ) ;
#6002 = CARTESIAN_POINT ( 'NONE',  ( -73.09999999999998010, -0.0009999999999992653654, -7.000000000000026645 ) ) ;
#6003 = DIRECTION ( 'NONE',  ( 0.000000000000000000, 1.000000000000000000, 0.000000000000000000 ) ) ;
#6004 = VECTOR ( 'NONE', #2262, 1000.000000000000000 ) ;
#6005 = PLANE ( 'NONE',  #5357 ) ;
#6006 = EDGE_CURVE ( 'NONE', #6746, #284, #4655, .T. ) ;
#6007 = ORIENTED_EDGE ( 'NONE', *, *, #2620, .T. ) ;
#6008 = EDGE_CURVE ( 'NONE', #1847, #6531, #6764, .T. ) ;
#6009 = EDGE_CURVE ( 'NONE', #5619, #700, #3926, .T. ) ;
#6010 = VECTOR ( 'NONE', #2543, 1000.000000000000000 ) ;
#6011 = CARTESIAN_POINT ( 'NONE',  ( -53.04999999999986215, 3.800000000000001155, -18.44999999999987850 ) ) ;
#6012 = CARTESIAN_POINT ( 'NONE',  ( 42.99999999999997868, 9.199999999999999289, 0.000000000000000000 ) ) ;
#6013 = CARTESIAN_POINT ( 'NONE',  ( -77.09999999999998010, 14.00000000000000000, 42.50000000000000000 ) ) ;
#6014 = DIRECTION ( 'NONE',  ( 0.000000000000000000, -1.000000000000000000, 0.000000000000000000 ) ) ;
#6015 = CYLINDRICAL_SURFACE ( 'NONE', #2389, 4.949747468305801590 ) ;
#6016 = VECTOR ( 'NONE', #477, 1000.000000000000000 ) ;
#6017 = ORIENTED_EDGE ( 'NONE', *, *, #1274, .T. ) ;
#6018 = VECTOR ( 'NONE', #4719, 1000.000000000000000 ) ;
#6019 = EDGE_LOOP ( 'NONE', ( #2877, #3781, #5626, #2010 ) ) ;
#6020 = VERTEX_POINT ( 'NONE', #428 ) ;
#6021 = AXIS2_PLACEMENT_3D ( 'NONE', #5750, #1017, #1050 ) ;
#6022 = VECTOR ( 'NONE', #5986, 1000.000000000000000 ) ;
#6023 = CARTESIAN_POINT ( 'NONE',  ( 73.10000000000000853, 3.800000000000001155, 26.99999999999999645 ) ) ;
#6024 = PLANE ( 'NONE',  #289 ) ;
#6025 = EDGE_LOOP ( 'NONE', ( #79, #4707, #2098, #3594, #1174, #670 ) ) ;
#6026 = LINE ( 'NONE', #5882, #1722 ) ;
#6027 = ORIENTED_EDGE ( 'NONE', *, *, #969, .T. ) ;
#6028 = LINE ( 'NONE', #5399, #2073 ) ;
#6029 = VECTOR ( 'NONE', #6356, 1000.000000000000000 ) ;
#6030 = VECTOR ( 'NONE', #5342, 1000.000000000000000 ) ;
#6031 = ORIENTED_EDGE ( 'NONE', *, *, #2315, .T. ) ;
#6032 = EDGE_LOOP ( 'NONE', ( #149, #6407, #5855, #2712 ) ) ;
#6033 = ORIENTED_EDGE ( 'NONE', *, *, #4477, .T. ) ;
#6034 = DIRECTION ( 'NONE',  ( -0.7071067811865516806, 0.000000000000000000, 0.7071067811865434649 ) ) ;
#6035 = LINE ( 'NONE', #2753, #495 ) ;
#6036 = VECTOR ( 'NONE', #615, 1000.000000000000000 ) ;
#6037 = PLANE ( 'NONE',  #4474 ) ;
#6039 = EDGE_CURVE ( 'NONE', #1570, #4085, #4434, .T. ) ;
#6038 = EDGE_CURVE ( 'NONE', #317, #2601, #1535, .T. ) ;
#6040 = PRODUCT ( 'RGB\X2\6846\X0\2', 'RGB\X2\6846\X0\2', '', ( #6078 ) ) ;
#6041 = CYLINDRICAL_SURFACE ( 'NONE', #5705, 6.999999999999999112 ) ;
#6042 = VECTOR ( 'NONE', #6306, 1000.000000000000000 ) ;
#6043 = ORIENTED_EDGE ( 'NONE', *, *, #4656, .F. ) ;
#6044 = FACE_OUTER_BOUND ( 'NONE', #1844, .T. ) ;
#6045 = DIRECTION ( 'NONE',  ( -0.7071067811865500152, 0.000000000000000000, 0.7071067811865450192 ) ) ;
#6046 = LINE ( 'NONE', #4851, #65 ) ;
#6047 = DIRECTION ( 'NONE',  ( 0.000000000000000000, 0.000000000000000000, -1.000000000000000000 ) ) ;
#6048 = AXIS2_PLACEMENT_3D ( 'NONE', #3568, #5349, #3145 ) ;
#6049 = LINE ( 'NONE', #870, #1839 ) ;
#6050 = ORIENTED_EDGE ( 'NONE', *, *, #5838, .T. ) ;
#6051 = AXIS2_PLACEMENT_3D ( 'NONE', #6149, #825, #866 ) ;
#6052 = CARTESIAN_POINT ( 'NONE',  ( -73.09999999999978115, 9.199999999999999289, -17.00000000000002842 ) ) ;
#6053 = ORIENTED_EDGE ( 'NONE', *, *, #2070, .T. ) ;
#6054 = FACE_OUTER_BOUND ( 'NONE', #6408, .T. ) ;
#6055 = DIRECTION ( 'NONE',  ( 0.000000000000000000, 0.7071067811865446862, -0.7071067811865503483 ) ) ;
#6056 = DIRECTION ( 'NONE',  ( -1.000000000000000000, 0.000000000000000000, -0.000000000000000000 ) ) ;
#6057 = ORIENTED_EDGE ( 'NONE', *, *, #5388, .T. ) ;
#6058 = ORIENTED_EDGE ( 'NONE', *, *, #2793, .F. ) ;
#6059 = EDGE_LOOP ( 'NONE', ( #117, #5472, #1104, #3958, #2776, #3089, #5698, #5923, #1118, #6424, #6581, #1392, #1468, #3443, #3241, #2675, #3807, #5725, #486, #5676, #1408, #1459, #5606, #3893, #5149, #2823, #3532, #6033, #590, #5328, #5195, #1042, #2911, #6663, #5621, #16, #2086, #5391, #5088, #5039, #4457, #2639, #4221, #4716, #3520, #5893, #6366, #259, #6007, #1803, #2432, #3722, #4754, #3987, #3798, #2921, #2329, #2644, #915, #4090, #2540, #398, #3253, #112, #3117, #5873, #2745, #4399, #1514, #667, #2129, #4618, #5545, #647, #1077, #4375, #5177, #6511, #3951, #3156 ) ) ;
#6060 = PLANE ( 'NONE',  #3365 ) ;
#6061 = CARTESIAN_POINT ( 'NONE',  ( -24.99999999999999289, 7.199999999999984190, 36.49999999999986500 ) ) ;
#6062 = EDGE_LOOP ( 'NONE', ( #2701, #3750, #4387, #6738 ) ) ;
#6063 = CARTESIAN_POINT ( 'NONE',  ( -45.00000000000000000, 2.000000000000000000, -36.49999999999972999 ) ) ;
#6064 = ORIENTED_EDGE ( 'NONE', *, *, #5786, .F. ) ;
#6065 = DIRECTION ( 'NONE',  ( 0.000000000000000000, 0.000000000000000000, 1.000000000000000000 ) ) ;
#6066 = VERTEX_POINT ( 'NONE', #1370 ) ;
#6067 = ORIENTED_EDGE ( 'NONE', *, *, #3136, .F. ) ;
#6068 = EDGE_LOOP ( 'NONE', ( #5213, #5537, #5047, #2568 ) ) ;
#6069 = DIRECTION ( 'NONE',  ( 0.000000000000000000, 0.000000000000000000, -1.000000000000000000 ) ) ;
#6070 = DIRECTION ( 'NONE',  ( 0.000000000000000000, -1.000000000000000000, 0.000000000000000000 ) ) ;
#6071 = CARTESIAN_POINT ( 'NONE',  ( 71.09999999999998010, 3.800000000000001155, -5.000000000000000000 ) ) ;
#6072 = FACE_OUTER_BOUND ( 'NONE', #2122, .T. ) ;
#6073 = ADVANCED_BREP_SHAPE_REPRESENTATION ( 'RGB\X2\6846\X0\2', ( #3294, #5209 ), #1668 ) ;
#6074 = ORIENTED_EDGE ( 'NONE', *, *, #2334, .F. ) ;
#6076 = EDGE_CURVE ( 'NONE', #3154, #4329, #1856, .T. ) ;
#6075 = EDGE_CURVE ( 'NONE', #1776, #5368, #2047, .T. ) ;
#6077 = DIRECTION ( 'NONE',  ( 0.000000000000000000, 0.000000000000000000, -1.000000000000000000 ) ) ;
#6078 = PRODUCT_CONTEXT ( 'NONE', #480, 'mechanical' ) ;
#6079 = LINE ( 'NONE', #204, #6456 ) ;
#6080 = LINE ( 'NONE', #3349, #1384 ) ;
#6081 = AXIS2_PLACEMENT_3D ( 'NONE', #3694, #4779, #3105 ) ;
#6082 = CARTESIAN_POINT ( 'NONE',  ( -70.09999999999999432, 3.800000000000001155, 40.44974746830580159 ) ) ;
#6083 = ORIENTED_EDGE ( 'NONE', *, *, #3632, .T. ) ;
#6084 = EDGE_CURVE ( 'NONE', #4705, #1603, #6263, .T. ) ;
#6085 = AXIS2_PLACEMENT_3D ( 'NONE', #3586, #4074, #3070 ) ;
#6086 = CARTESIAN_POINT ( 'NONE',  ( -14.99999999999999645, 2.000000000000000000, 36.49999999999986500 ) ) ;
#6087 = DIRECTION ( 'NONE',  ( 1.000000000000000000, 0.000000000000000000, 1.734723475976805319E-15 ) ) ;
#6088 = DIRECTION ( 'NONE',  ( 1.000000000000000000, 0.000000000000000000, 1.734723475976805319E-15 ) ) ;
#6089 = CARTESIAN_POINT ( 'NONE',  ( -73.09999999999998010, 3.800000000000001155, -38.50000000000000711 ) ) ;
#6090 = DIRECTION ( 'NONE',  ( 0.000000000000000000, -1.000000000000000000, -0.000000000000000000 ) ) ;
#6091 = EDGE_LOOP ( 'NONE', ( #3182, #331, #3466, #984 ) ) ;
#6092 = EDGE_CURVE ( 'NONE', #2212, #181, #6583, .T. ) ;
#6093 = ORIENTED_EDGE ( 'NONE', *, *, #2320, .F. ) ;
#6094 = LINE ( 'NONE', #1395, #413 ) ;
#6095 = VERTEX_POINT ( 'NONE', #1334 ) ;
#6096 = DIRECTION ( 'NONE',  ( 0.7071067811865411334, 0.000000000000000000, 0.7071067811865540120 ) ) ;
#6097 = FACE_OUTER_BOUND ( 'NONE', #6678, .T. ) ;
#6098 = VERTEX_POINT ( 'NONE', #2536 ) ;
#6099 = LINE ( 'NONE', #1404, #4365 ) ;
#6100 = ORIENTED_EDGE ( 'NONE', *, *, #1833, .T. ) ;
#6101 = CARTESIAN_POINT ( 'NONE',  ( -73.09999999999999432, 3.800000000000001155, 6.999999999999971578 ) ) ;
#6102 = ORIENTED_EDGE ( 'NONE', *, *, #4108, .T. ) ;
#6103 = VERTEX_POINT ( 'NONE', #261 ) ;
#6104 = VERTEX_POINT ( 'NONE', #6542 ) ;
#6105 = CARTESIAN_POINT ( 'NONE',  ( -73.09999999999998010, 8.199999999999985079, 3.999999999999996447 ) ) ;
#6106 = DIRECTION ( 'NONE',  ( -0.000000000000000000, 0.000000000000000000, 1.000000000000000000 ) ) ;
#6107 = CARTESIAN_POINT ( 'NONE',  ( 5.000000000000004441, 2.000000000000000000, -36.50000000000002132 ) ) ;
#6108 = CARTESIAN_POINT ( 'NONE',  ( -73.09999999999998010, 3.800000000000001155, -38.50000000000000711 ) ) ;
#6109 = ORIENTED_EDGE ( 'NONE', *, *, #923, .F. ) ;
#6110 = CARTESIAN_POINT ( 'NONE',  ( 77.10000000000000853, 14.00000000000000000, -42.50000000000000000 ) ) ;
#6111 = EDGE_CURVE ( 'NONE', #2781, #2012, #1497, .T. ) ;
#6112 = SURFACE_STYLE_FILL_AREA ( #1447 ) ;
#6113 = DIRECTION ( 'NONE',  ( -1.802310104910968394E-16, 0.000000000000000000, 1.000000000000000000 ) ) ;
#6114 = DIRECTION ( 'NONE',  ( -1.000000000000000000, 0.000000000000000000, -2.168404344971006501E-15 ) ) ;
#6115 = FACE_OUTER_BOUND ( 'NONE', #1700, .T. ) ;
#6116 = ORIENTED_EDGE ( 'NONE', *, *, #6214, .F. ) ;
#6117 = FACE_OUTER_BOUND ( 'NONE', #1322, .T. ) ;
#6118 = LINE ( 'NONE', #417, #5408 ) ;
#6119 = CARTESIAN_POINT ( 'NONE',  ( 45.00000000000000711, 3.800000000000001155, -38.50000000000002132 ) ) ;
#6120 = AXIS2_PLACEMENT_3D ( 'NONE', #4992, #1280, #5944 ) ;
#6121 = DIRECTION ( 'NONE',  ( 0.000000000000000000, 1.000000000000000000, 0.000000000000000000 ) ) ;
#6122 = ORIENTED_EDGE ( 'NONE', *, *, #4725, .F. ) ;
#6123 = EDGE_CURVE ( 'NONE', #1776, #2362, #5513, .T. ) ;
#6124 = VECTOR ( 'NONE', #5372, 1000.000000000000000 ) ;
#6125 = ORIENTED_EDGE ( 'NONE', *, *, #4768, .T. ) ;
#6126 = DIRECTION ( 'NONE',  ( -0.000000000000000000, 0.000000000000000000, -1.000000000000000000 ) ) ;
#6127 = ORIENTED_EDGE ( 'NONE', *, *, #5903, .F. ) ;
#6128 = DIRECTION ( 'NONE',  ( -0.000000000000000000, 0.000000000000000000, 1.000000000000000000 ) ) ;
#6129 = FACE_OUTER_BOUND ( 'NONE', #2888, .T. ) ;
#6130 = VECTOR ( 'NONE', #4616, 1000.000000000000000 ) ;
#6131 = VECTOR ( 'NONE', #5722, 1000.000000000000000 ) ;
#6132 = ORIENTED_EDGE ( 'NONE', *, *, #2352, .T. ) ;
#6134 = ADVANCED_FACE ( 'NONE', ( #3451 ), #1008, .F. ) ;
#6133 = CARTESIAN_POINT ( 'NONE',  ( -73.09999999999998010, 2.000000000000000000, -7.000000000000033751 ) ) ;
#6135 = ORIENTED_EDGE ( 'NONE', *, *, #1273, .F. ) ;
#6136 = CARTESIAN_POINT ( 'NONE',  ( -27.05000000000010019, 3.800000000000001155, -78.55000000000001137 ) ) ;
#6137 = VECTOR ( 'NONE', #3649, 1000.000000000000114 ) ;
#6138 = VERTEX_POINT ( 'NONE', #5546 ) ;
#6139 = VECTOR ( 'NONE', #4310, 1000.000000000000000 ) ;
#6140 = ORIENTED_EDGE ( 'NONE', *, *, #3436, .F. ) ;
#6141 = FACE_OUTER_BOUND ( 'NONE', #3605, .T. ) ;
#6142 = LINE ( 'NONE', #891, #4688 ) ;
#6143 = VECTOR ( 'NONE', #5802, 1000.000000000000000 ) ;
#6144 = VECTOR ( 'NONE', #6381, 1000.000000000000000 ) ;
#6145 = ADVANCED_FACE ( 'NONE', ( #4628 ), #6735, .T. ) ;
#6146 = LINE ( 'NONE', #6108, #2280 ) ;
#6147 = ORIENTED_EDGE ( 'NONE', *, *, #2079, .T. ) ;
#6148 = VECTOR ( 'NONE', #3203, 1000.000000000000000 ) ;
#6149 = CARTESIAN_POINT ( 'NONE',  ( -70.09999999999999432, 3.800000000000001155, 35.50000000000000711 ) ) ;
#6150 = CARTESIAN_POINT ( 'NONE',  ( -71.09999999999978115, 7.199999999999984190, -25.00000000000000000 ) ) ;
#6151 = LINE ( 'NONE', #4136, #1605 ) ;
#6152 = LINE ( 'NONE', #5202, #6585 ) ;
#6153 = VECTOR ( 'NONE', #6527, 1000.000000000000000 ) ;
#6154 = ORIENTED_EDGE ( 'NONE', *, *, #4891, .F. ) ;
#6155 = DIRECTION ( 'NONE',  ( 0.000000000000000000, 0.000000000000000000, 1.000000000000000000 ) ) ;
#6156 = CONICAL_SURFACE ( 'NONE', #2839, 4.999999999999969802, 0.7853981633974520538 ) ;
#6157 = LINE ( 'NONE', #1456, #4201 ) ;
#6158 = CARTESIAN_POINT ( 'NONE',  ( 73.10000000000000853, 2.000000000000000000, -12.99999999999971934 ) ) ;
#6159 = DIRECTION ( 'NONE',  ( 0.7071067811865549002, 0.000000000000000000, -0.7071067811865402453 ) ) ;
#6160 = ORIENTED_EDGE ( 'NONE', *, *, #2508, .F. ) ;
#6161 = VECTOR ( 'NONE', #929, 1000.000000000000000 ) ;
#6162 = ORIENTED_EDGE ( 'NONE', *, *, #4880, .T. ) ;
#6163 = FACE_OUTER_BOUND ( 'NONE', #3090, .T. ) ;
#6164 = ORIENTED_EDGE ( 'NONE', *, *, #1583, .F. ) ;
#6166 = EDGE_CURVE ( 'NONE', #626, #5053, #5015, .T. ) ;
#6165 = EDGE_CURVE ( 'NONE', #3450, #4497, #786, .T. ) ;
#6167 = PLANE ( 'NONE',  #6339 ) ;
#6168 = CARTESIAN_POINT ( 'NONE',  ( -23.05000000000041638, 3.800000000000001155, 11.54999999999997051 ) ) ;
#6169 = ORIENTED_EDGE ( 'NONE', *, *, #3018, .F. ) ;
#6170 = DIRECTION ( 'NONE',  ( 0.000000000000000000, -1.000000000000000000, 0.000000000000000000 ) ) ;
#6171 = EDGE_LOOP ( 'NONE', ( #4939, #1239, #4736, #4627, #4762, #1095, #3225, #6102 ) ) ;
#6172 = VERTEX_POINT ( 'NONE', #6225 ) ;
#6173 = ORIENTED_EDGE ( 'NONE', *, *, #421, .F. ) ;
#6174 = DIRECTION ( 'NONE',  ( 0.000000000000000000, 0.000000000000000000, -1.000000000000000000 ) ) ;
#6175 = FACE_OUTER_BOUND ( 'NONE', #4544, .T. ) ;
#6176 = FACE_OUTER_BOUND ( 'NONE', #1886, .T. ) ;
#6177 = ORIENTED_EDGE ( 'NONE', *, *, #5563, .T. ) ;
#6178 = EDGE_CURVE ( 'NONE', #1749, #5464, #6761, .T. ) ;
#6179 = LINE ( 'NONE', #2932, #2082 ) ;
#6180 = EDGE_CURVE ( 'NONE', #1055, #4391, #5181, .T. ) ;
#6181 = FILL_AREA_STYLE_COLOUR ( '', #2554 ) ;
#6182 = PLANE ( 'NONE',  #2604 ) ;
#6183 = CARTESIAN_POINT ( 'NONE',  ( -14.99999999999999645, 3.800000000000001155, 38.49999999999986500 ) ) ;
#6184 = CARTESIAN_POINT ( 'NONE',  ( -4.999999999999995559, 7.199999999999984190, 36.50000000000000711 ) ) ;
#6185 = VERTEX_POINT ( 'NONE', #2184 ) ;
#6186 = CARTESIAN_POINT ( 'NONE',  ( 70.10000000000000853, 14.00000000000000000, 35.50000000000000711 ) ) ;
#6187 = ADVANCED_FACE ( 'NONE', ( #1039 ), #4727, .T. ) ;
#6188 = LINE ( 'NONE', #1977, #3319 ) ;
#6189 = LINE ( 'NONE', #1457, #2156 ) ;
#6190 = VECTOR ( 'NONE', #280, 1000.000000000000000 ) ;
#6191 = DIRECTION ( 'NONE',  ( 0.000000000000000000, 0.000000000000000000, -1.000000000000000000 ) ) ;
#6192 = ORIENTED_EDGE ( 'NONE', *, *, #5778, .F. ) ;
#6193 = ORIENTED_EDGE ( 'NONE', *, *, #2885, .F. ) ;
#6194 = LINE ( 'NONE', #1461, #4809 ) ;
#6195 = ORIENTED_EDGE ( 'NONE', *, *, #5838, .F. ) ;
#6196 = ADVANCED_FACE ( 'NONE', ( #113 ), #2217, .F. ) ;
#6197 = DIRECTION ( 'NONE',  ( -0.7071067811865451302, 0.7071067811865500152, 0.000000000000000000 ) ) ;
#6198 = FACE_OUTER_BOUND ( 'NONE', #676, .T. ) ;
#6199 = ORIENTED_EDGE ( 'NONE', *, *, #439, .F. ) ;
#6200 = VERTEX_POINT ( 'NONE', #3744 ) ;
#6201 = ORIENTED_EDGE ( 'NONE', *, *, #6344, .F. ) ;
#6202 = EDGE_LOOP ( 'NONE', ( #2255, #3287, #5400, #2780 ) ) ;
#6203 = PLANE ( 'NONE',  #1494 ) ;
#6204 = DIRECTION ( 'NONE',  ( 0.000000000000000000, -1.000000000000000000, 0.000000000000000000 ) ) ;
#6205 = CARTESIAN_POINT ( 'NONE',  ( -70.09999999999996589, 2.000000000000015543, -42.50000000000000000 ) ) ;
#6206 = EDGE_CURVE ( 'NONE', #3710, #4463, #5842, .T. ) ;
#6207 = ORIENTED_EDGE ( 'NONE', *, *, #496, .T. ) ;
#6208 = DIRECTION ( 'NONE',  ( 0.000000000000000000, -1.000000000000000000, 0.000000000000000000 ) ) ;
#6209 = LINE ( 'NONE', #4959, #4346 ) ;
#6210 = CARTESIAN_POINT ( 'NONE',  ( -4.999999999999995559, 2.000000000000000000, -36.50000000000000711 ) ) ;
#6211 = CARTESIAN_POINT ( 'NONE',  ( -77.09999999999998010, 14.00000000000000000, -35.50000000000000711 ) ) ;
#6212 = EDGE_CURVE ( 'NONE', #4868, #6231, #5252, .T. ) ;
#6213 = DIRECTION ( 'NONE',  ( -1.000000000000000000, 0.000000000000000000, 0.000000000000000000 ) ) ;
#6214 = EDGE_CURVE ( 'NONE', #3408, #4159, #591, .T. ) ;
#6215 = ORIENTED_EDGE ( 'NONE', *, *, #3120, .T. ) ;
#6216 = CARTESIAN_POINT ( 'NONE',  ( 0.000000000000000000, 9.199999999999999289, 0.000000000000000000 ) ) ;
#6217 = CARTESIAN_POINT ( 'NONE',  ( 6.999999999999964473, 2.000000000000000000, 38.50000000000000711 ) ) ;
#6218 = CARTESIAN_POINT ( 'NONE',  ( -71.10000000000005116, 8.199999999999985079, 16.00000000000000711 ) ) ;
#6219 = DIRECTION ( 'NONE',  ( 0.000000000000000000, -1.000000000000000000, 0.000000000000000000 ) ) ;
#6220 = VERTEX_POINT ( 'NONE', #1078 ) ;
#6221 = VERTEX_POINT ( 'NONE', #4827 ) ;
#6222 = AXIS2_PLACEMENT_3D ( 'NONE', #3322, #769, #3396 ) ;
#6223 = CARTESIAN_POINT ( 'NONE',  ( -14.99999999999999645, 9.199999999999999289, -36.49999999999986500 ) ) ;
#6224 = ORIENTED_EDGE ( 'NONE', *, *, #6299, .T. ) ;
#6225 = CARTESIAN_POINT ( 'NONE',  ( -71.10000000000005116, 3.800000000000001155, 15.00000000000000000 ) ) ;
#6226 = DIRECTION ( 'NONE',  ( 1.000000000000000000, 0.000000000000000000, 0.000000000000000000 ) ) ;
#6227 = CARTESIAN_POINT ( 'NONE',  ( -71.10000000000005116, 9.199999999999999289, 15.00000000000000000 ) ) ;
#6228 = ORIENTED_EDGE ( 'NONE', *, *, #6039, .T. ) ;
#6229 = VECTOR ( 'NONE', #3858, 1000.000000000000000 ) ;
#6230 = ORIENTED_EDGE ( 'NONE', *, *, #5532, .F. ) ;
#6231 = VERTEX_POINT ( 'NONE', #3705 ) ;
#6232 = VECTOR ( 'NONE', #6219, 1000.000000000000000 ) ;
#6233 = AXIS2_PLACEMENT_3D ( 'NONE', #1986, #5504, #3405 ) ;
#6234 = DIRECTION ( 'NONE',  ( 0.7071067811865500152, -0.7071067811865451302, -9.813077866773618150E-16 ) ) ;
#6235 = DIRECTION ( 'NONE',  ( -0.7071067811865444641, 0.7071067811865505703, 3.066586833366731513E-15 ) ) ;
#6236 = DIRECTION ( 'NONE',  ( 0.000000000000000000, -1.000000000000000000, 0.000000000000000000 ) ) ;
#6237 = VECTOR ( 'NONE', #4581, 1000.000000000000000 ) ;
#6238 = VECTOR ( 'NONE', #3457, 1000.000000000000000 ) ;
#6239 = ORIENTED_EDGE ( 'NONE', *, *, #1489, .F. ) ;
#6240 = CARTESIAN_POINT ( 'NONE',  ( -4.999999999999995559, 3.800000000000001155, -36.50000000000000711 ) ) ;
#6241 = FACE_OUTER_BOUND ( 'NONE', #4423, .T. ) ;
#6242 = VECTOR ( 'NONE', #6815, 1000.000000000000000 ) ;
#6243 = FACE_OUTER_BOUND ( 'NONE', #4989, .T. ) ;
#6245 = EDGE_CURVE ( 'NONE', #4595, #1190, #6322, .T. ) ;
#6244 = EDGE_CURVE ( 'NONE', #4462, #5427, #3246, .T. ) ;
#6246 = VECTOR ( 'NONE', #1551, 1000.000000000000000 ) ;
#6247 = DIRECTION ( 'NONE',  ( 0.000000000000000000, -1.000000000000000000, 0.000000000000000000 ) ) ;
#6248 = CARTESIAN_POINT ( 'NONE',  ( -73.10000000000005116, 3.800000000000001155, 25.00000000000000355 ) ) ;
#6249 = VECTOR ( 'NONE', #109, 1000.000000000000000 ) ;
#6250 = ORIENTED_EDGE ( 'NONE', *, *, #3976, .F. ) ;
#6251 = VECTOR ( 'NONE', #801, 1000.000000000000000 ) ;
#6252 = DIRECTION ( 'NONE',  ( 1.000000000000000000, 0.000000000000000000, 0.000000000000000000 ) ) ;
#6253 = CARTESIAN_POINT ( 'NONE',  ( 73.09999999999998010, 9.199999999999999289, -5.000000000000004441 ) ) ;
#6254 = LINE ( 'NONE', #6119, #1158 ) ;
#6255 = ADVANCED_FACE ( 'NONE', ( #5809 ), #5874, .F. ) ;
#6256 = CARTESIAN_POINT ( 'NONE',  ( -15.00000000000000000, 3.800000000000001155, -38.50000000000000711 ) ) ;
#6257 = VECTOR ( 'NONE', #266, 1000.000000000000000 ) ;
#6258 = ORIENTED_EDGE ( 'NONE', *, *, #685, .F. ) ;
#6259 = VECTOR ( 'NONE', #1281, 1000.000000000000114 ) ;
#6260 = LINE ( 'NONE', #78, #4602 ) ;
#6261 = EDGE_CURVE ( 'NONE', #5956, #3190, #3802, .T. ) ;
#6262 = ORIENTED_EDGE ( 'NONE', *, *, #2506, .F. ) ;
#6263 = LINE ( 'NONE', #6616, #3905 ) ;
#6264 = EDGE_CURVE ( 'NONE', #2809, #3191, #4289, .T. ) ;
#6265 = PLANE ( 'NONE',  #2930 ) ;
#6266 = DIRECTION ( 'NONE',  ( 0.000000000000000000, -1.000000000000000000, 0.000000000000000000 ) ) ;
#6267 = VECTOR ( 'NONE', #5634, 1000.000000000000000 ) ;
#6268 = ORIENTED_EDGE ( 'NONE', *, *, #6419, .T. ) ;
#6269 = ORIENTED_EDGE ( 'NONE', *, *, #4593, .T. ) ;
#6270 = VERTEX_POINT ( 'NONE', #2146 ) ;
#6271 = CIRCLE ( 'NONE', #6051, 3.000000000000002665 ) ;
#6272 = EDGE_CURVE ( 'NONE', #4660, #4248, #2734, .T. ) ;
#6273 = LINE ( 'NONE', #4662, #1602 ) ;
#6274 = CARTESIAN_POINT ( 'NONE',  ( 45.00000000000000711, 2.000000000000000000, 36.50000000000003553 ) ) ;
#6275 = VERTEX_POINT ( 'NONE', #533 ) ;
#6276 = DIRECTION ( 'NONE',  ( -0.000000000000000000, 0.000000000000000000, 1.000000000000000000 ) ) ;
#6277 = ORIENTED_EDGE ( 'NONE', *, *, #2372, .F. ) ;
#6278 = LINE ( 'NONE', #2615, #4343 ) ;
#6279 = DIRECTION ( 'NONE',  ( 0.000000000000000000, 1.000000000000000000, -0.000000000000000000 ) ) ;
#6280 = CARTESIAN_POINT ( 'NONE',  ( 45.00000000000000711, 9.199999999999999289, 38.50000000000000711 ) ) ;
#6281 = CARTESIAN_POINT ( 'NONE',  ( -71.09999999999978115, 7.199999999999984190, -15.00000000000000000 ) ) ;
#6282 = CARTESIAN_POINT ( 'NONE',  ( -24.99999999999999289, 9.199999999999999289, 36.49999999999986500 ) ) ;
#6283 = ORIENTED_EDGE ( 'NONE', *, *, #588, .T. ) ;
#6285 = ADVANCED_FACE ( 'NONE', ( #2663 ), #1597, .F. ) ;
#6284 = ADVANCED_FACE ( 'NONE', ( #3772 ), #4695, .T. ) ;
#6286 = DIRECTION ( 'NONE',  ( 1.000000000000000000, -0.000000000000000000, -0.000000000000000000 ) ) ;
#6287 = DIRECTION ( 'NONE',  ( 0.000000000000000000, -1.000000000000000000, 0.000000000000000000 ) ) ;
#6288 = DIRECTION ( 'NONE',  ( 1.000000000000000000, 0.000000000000000000, 0.000000000000000000 ) ) ;
#6289 = CARTESIAN_POINT ( 'NONE',  ( 73.10000000000000853, 2.000000000000000000, -27.00000000000019895 ) ) ;
#6290 = LINE ( 'NONE', #3474, #3153 ) ;
#6291 = ORIENTED_EDGE ( 'NONE', *, *, #2876, .T. ) ;
#6292 = ADVANCED_FACE ( 'NONE', ( #4189 ), #6295, .T. ) ;
#6293 = DIRECTION ( 'NONE',  ( 0.000000000000000000, 0.000000000000000000, -1.000000000000000000 ) ) ;
#6294 = VERTEX_POINT ( 'NONE', #564 ) ;
#6295 = PLANE ( 'NONE',  #1376 ) ;
#6296 = DIRECTION ( 'NONE',  ( 0.000000000000000000, 0.000000000000000000, -1.000000000000000000 ) ) ;
#6297 = CARTESIAN_POINT ( 'NONE',  ( 55.00000000000000000, 7.199999999999984190, 36.50000000000000711 ) ) ;
#6298 = ORIENTED_EDGE ( 'NONE', *, *, #4147, .T. ) ;
#6299 = EDGE_CURVE ( 'NONE', #6375, #221, #42, .T. ) ;
#6300 = EDGE_CURVE ( 'NONE', #1641, #2194, #1590, .T. ) ;
#6301 = ORIENTED_EDGE ( 'NONE', *, *, #468, .F. ) ;
#6302 = ORIENTED_EDGE ( 'NONE', *, *, #2018, .F. ) ;
#6303 = DIRECTION ( 'NONE',  ( 0.000000000000000000, -1.000000000000000000, 0.000000000000000000 ) ) ;
#6304 = CARTESIAN_POINT ( 'NONE',  ( -45.00000000000000000, 9.199999999999999289, -36.49999999999972999 ) ) ;
#6305 = VERTEX_POINT ( 'NONE', #6601 ) ;
#6306 = DIRECTION ( 'NONE',  ( -1.000000000000000000, 0.000000000000000000, 0.000000000000000000 ) ) ;
#6307 = VERTEX_POINT ( 'NONE', #5387 ) ;
#6308 = FACE_OUTER_BOUND ( 'NONE', #4887, .T. ) ;
#6309 = DIRECTION ( 'NONE',  ( 0.000000000000000000, 1.000000000000000000, -0.000000000000000000 ) ) ;
#6310 = LINE ( 'NONE', #6785, #1506 ) ;
#6311 = DIRECTION ( 'NONE',  ( -0.7071067811865500152, 0.7071067811865451302, -0.000000000000000000 ) ) ;
#6312 = DIRECTION ( 'NONE',  ( 0.7071067811865500152, -0.7071067811865451302, -0.000000000000000000 ) ) ;
#6313 = ORIENTED_EDGE ( 'NONE', *, *, #4069, .T. ) ;
#6314 = FACE_OUTER_BOUND ( 'NONE', #3381, .T. ) ;
#6315 = DIRECTION ( 'NONE',  ( 1.000000000000000000, 0.000000000000000000, 0.000000000000000000 ) ) ;
#6316 = DIRECTION ( 'NONE',  ( -0.000000000000000000, 0.000000000000000000, 1.000000000000000000 ) ) ;
#6317 = CARTESIAN_POINT ( 'NONE',  ( 5.000000000000004441, 9.199999999999999289, 38.50000000000000711 ) ) ;
#6318 = LINE ( 'NONE', #36, #5803 ) ;
#6319 = VERTEX_POINT ( 'NONE', #2797 ) ;
#6320 = CARTESIAN_POINT ( 'NONE',  ( 73.10000000000000853, 2.000000000000000000, -38.50000000000000711 ) ) ;
#6321 = ORIENTED_EDGE ( 'NONE', *, *, #6272, .F. ) ;
#6322 = LINE ( 'NONE', #490, #2582 ) ;
#6323 = DIRECTION ( 'NONE',  ( -0.7071067811865484609, 0.000000000000000000, 0.7071067811865465735 ) ) ;
#6324 = CARTESIAN_POINT ( 'NONE',  ( -14.99999999999999645, 9.199999999999999289, 36.49999999999986500 ) ) ;
#6326 = ADVANCED_FACE ( 'NONE', ( #4388 ), #1872, .T. ) ;
#6325 = EDGE_CURVE ( 'NONE', #3080, #125, #4351, .T. ) ;
#6327 = ORIENTED_EDGE ( 'NONE', *, *, #6740, .F. ) ;
#6328 = VECTOR ( 'NONE', #3668, 1000.000000000000000 ) ;
#6329 = ADVANCED_FACE ( 'NONE', ( #2244 ), #243, .F. ) ;
#6330 = ORIENTED_EDGE ( 'NONE', *, *, #2833, .T. ) ;
#6331 = ORIENTED_EDGE ( 'NONE', *, *, #3889, .T. ) ;
#6332 = FACE_OUTER_BOUND ( 'NONE', #6523, .T. ) ;
#6333 = ADVANCED_FACE ( 'NONE', ( #2312 ), #3355, .T. ) ;
#6334 = VECTOR ( 'NONE', #3430, 1000.000000000000000 ) ;
#6335 = LINE ( 'NONE', #3193, #3150 ) ;
#6336 = VERTEX_POINT ( 'NONE', #664 ) ;
#6337 = CARTESIAN_POINT ( 'NONE',  ( -5.000000000000004441, 9.199999999999999289, -38.50000000000000711 ) ) ;
#6338 = ORIENTED_EDGE ( 'NONE', *, *, #1349, .T. ) ;
#6339 = AXIS2_PLACEMENT_3D ( 'NONE', #1359, #806, #3541 ) ;
#6340 = CARTESIAN_POINT ( 'NONE',  ( 2.949029909160596042E-14, 9.199999999999999289, -17.00000000000015632 ) ) ;
#6341 = CYLINDRICAL_SURFACE ( 'NONE', #5117, 6.999999999999999112 ) ;
#6342 = EDGE_CURVE ( 'NONE', #4700, #131, #6459, .T. ) ;
#6343 = LINE ( 'NONE', #3168, #6246 ) ;
#6344 = EDGE_CURVE ( 'NONE', #3460, #4786, #3978, .T. ) ;
#6345 = CARTESIAN_POINT ( 'NONE',  ( -73.09999999999998010, 3.800000000000001155, -38.50000000000000711 ) ) ;
#6346 = AXIS2_PLACEMENT_3D ( 'NONE', #1026, #5861, #612 ) ;
#6347 = VECTOR ( 'NONE', #4554, 1000.000000000000000 ) ;
#6348 = CARTESIAN_POINT ( 'NONE',  ( -47.00000000000026290, -0.0009999999999992653654, -38.50000000000000711 ) ) ;
#6349 = VERTEX_POINT ( 'NONE', #6526 ) ;
#6350 = AXIS2_PLACEMENT_3D ( 'NONE', #1086, #4704, #2159 ) ;
#6351 = VECTOR ( 'NONE', #4204, 1000.000000000000000 ) ;
#6352 = LINE ( 'NONE', #1625, #3837 ) ;
#6353 = CARTESIAN_POINT ( 'NONE',  ( -34.99999999999999289, 7.199999999999984190, 36.49999999999972999 ) ) ;
#6354 = DIRECTION ( 'NONE',  ( 0.000000000000000000, -1.000000000000000000, 0.000000000000000000 ) ) ;
#6355 = LINE ( 'NONE', #523, #3804 ) ;
#6356 = DIRECTION ( 'NONE',  ( 0.000000000000000000, 0.000000000000000000, 1.000000000000000000 ) ) ;
#6357 = VECTOR ( 'NONE', #2956, 1000.000000000000000 ) ;
#6358 = AXIS2_PLACEMENT_3D ( 'NONE', #3503, #1800, #6631 ) ;
#6359 = ORIENTED_EDGE ( 'NONE', *, *, #773, .F. ) ;
#6360 = DIRECTION ( 'NONE',  ( 0.000000000000000000, 0.000000000000000000, -1.000000000000000000 ) ) ;
#6361 = ORIENTED_EDGE ( 'NONE', *, *, #4862, .F. ) ;
#6362 = VECTOR ( 'NONE', #4168, 1000.000000000000000 ) ;
#6363 = DIRECTION ( 'NONE',  ( 0.000000000000000000, -1.000000000000000000, 0.000000000000000000 ) ) ;
#6364 = CARTESIAN_POINT ( 'NONE',  ( 5.000000000000004441, 7.199999999999984190, -38.50000000000002132 ) ) ;
#6365 = LINE ( 'NONE', #3773, #5475 ) ;
#6366 = ORIENTED_EDGE ( 'NONE', *, *, #6244, .T. ) ;
#6367 = VECTOR ( 'NONE', #295, 1000.000000000000000 ) ;
#6368 = VERTEX_POINT ( 'NONE', #3288 ) ;
#6370 = EDGE_CURVE ( 'NONE', #6200, #4462, #5457, .T. ) ;
#6369 = EDGE_CURVE ( 'NONE', #2064, #2691, #2110, .T. ) ;
#6371 = VERTEX_POINT ( 'NONE', #1736 ) ;
#6372 = DIRECTION ( 'NONE',  ( 0.000000000000000000, 1.000000000000000000, 0.000000000000000000 ) ) ;
#6373 = AXIS2_PLACEMENT_3D ( 'NONE', #1663, #3703, #1076 ) ;
#6374 = LINE ( 'NONE', #5294, #6242 ) ;
#6375 = VERTEX_POINT ( 'NONE', #3840 ) ;
#6376 = PLANE ( 'NONE',  #530 ) ;
#6377 = VECTOR ( 'NONE', #1757, 1000.000000000000000 ) ;
#6378 = ORIENTED_EDGE ( 'NONE', *, *, #5058, .F. ) ;
#6379 = DIRECTION ( 'NONE',  ( 0.000000000000000000, -1.000000000000000000, 0.000000000000000000 ) ) ;
#6380 = CARTESIAN_POINT ( 'NONE',  ( 16.00000000000000355, 8.199999999999983302, -38.50000000000002132 ) ) ;
#6381 = DIRECTION ( 'NONE',  ( 0.000000000000000000, -1.000000000000000000, 0.000000000000000000 ) ) ;
#6382 = DIRECTION ( 'NONE',  ( -0.000000000000000000, 0.7071067811865451302, -0.7071067811865500152 ) ) ;
#6383 = LINE ( 'NONE', #5862, #6036 ) ;
#6384 = ADVANCED_FACE ( 'NONE', ( #6054 ), #4858, .T. ) ;
#6385 = EDGE_LOOP ( 'NONE', ( #3301, #4758, #2243, #2351 ) ) ;
#6386 = CARTESIAN_POINT ( 'NONE',  ( -12.99999999999990052, 2.000000000000000000, 38.50000000000000711 ) ) ;
#6387 = LINE ( 'NONE', #4819, #5072 ) ;
#6388 = LINE ( 'NONE', #6796, #3151 ) ;
#6389 = DIRECTION ( 'NONE',  ( 0.000000000000000000, 0.000000000000000000, -1.000000000000000000 ) ) ;
#6390 = CARTESIAN_POINT ( 'NONE',  ( 71.09999999999978115, 9.199999999999999289, -22.99999999999997513 ) ) ;
#6391 = ORIENTED_EDGE ( 'NONE', *, *, #3436, .T. ) ;
#6392 = ADVANCED_FACE ( 'NONE', ( #3431 ), #2872, .F. ) ;
#6393 = DIRECTION ( 'NONE',  ( 0.000000000000000000, -1.000000000000000000, 0.000000000000000000 ) ) ;
#6394 = ORIENTED_EDGE ( 'NONE', *, *, #2970, .F. ) ;
#6395 = DIRECTION ( 'NONE',  ( -1.000000000000000000, 0.000000000000000000, 0.000000000000000000 ) ) ;
#6396 = LINE ( 'NONE', #1212, #4481 ) ;
#6397 = EDGE_LOOP ( 'NONE', ( #2350, #3818, #3805, #5863 ) ) ;
#6398 = EDGE_LOOP ( 'NONE', ( #5731, #424, #3164, #4866 ) ) ;
#6399 = EDGE_CURVE ( 'NONE', #5484, #1749, #5978, .T. ) ;
#6400 = EDGE_LOOP ( 'NONE', ( #4833, #1298, #2960, #1841 ) ) ;
#6401 = CARTESIAN_POINT ( 'NONE',  ( 75.09999999999998010, 0.000000000000000000, -35.29999999999999716 ) ) ;
#6402 = ORIENTED_EDGE ( 'NONE', *, *, #5609, .F. ) ;
#6403 = FILL_AREA_STYLE_COLOUR ( '', #5692 ) ;
#6404 = ORIENTED_EDGE ( 'NONE', *, *, #2040, .F. ) ;
#6405 = EDGE_CURVE ( 'NONE', #5053, #3337, #732, .T. ) ;
#6406 = PLANE ( 'NONE',  #1623 ) ;
#6407 = ORIENTED_EDGE ( 'NONE', *, *, #3378, .T. ) ;
#6408 = EDGE_LOOP ( 'NONE', ( #5706, #4430, #396, #4624 ) ) ;
#6409 = CARTESIAN_POINT ( 'NONE',  ( -71.09999999999978115, 7.199999999999984190, -15.00000000000000000 ) ) ;
#6410 = DIRECTION ( 'NONE',  ( 1.000000000000000000, 0.000000000000000000, -0.000000000000000000 ) ) ;
#6411 = DIRECTION ( 'NONE',  ( -0.7071067811865524577, 0.000000000000000000, 0.7071067811865426878 ) ) ;
#6412 = EDGE_CURVE ( 'NONE', #2909, #1331, #4492, .T. ) ;
#6413 = DIRECTION ( 'NONE',  ( 1.000000000000000000, 0.000000000000000000, 0.000000000000000000 ) ) ;
#6414 = ORIENTED_EDGE ( 'NONE', *, *, #2792, .F. ) ;
#6415 = CARTESIAN_POINT ( 'NONE',  ( -73.10000000000005116, 8.199999999999985079, 23.99999999999999645 ) ) ;
#6416 = CARTESIAN_POINT ( 'NONE',  ( -79.76666666666658045, 4.666666666666600349, 37.83333333333333570 ) ) ;
#6417 = CARTESIAN_POINT ( 'NONE',  ( 73.09999999999978115, 3.800000000000001155, -25.00000000000000355 ) ) ;
#6418 = EDGE_CURVE ( 'NONE', #5677, #2223, #1798, .T. ) ;
#6419 = EDGE_CURVE ( 'NONE', #2439, #6635, #4649, .T. ) ;
#6420 = DIRECTION ( 'NONE',  ( -1.000000000000000000, 0.000000000000000000, 0.000000000000000000 ) ) ;
#6421 = CARTESIAN_POINT ( 'NONE',  ( -4.999999999999995559, 9.199999999999999289, 36.50000000000000711 ) ) ;
#6422 = ORIENTED_EDGE ( 'NONE', *, *, #4269, .T. ) ;
#6423 = DIRECTION ( 'NONE',  ( 0.000000000000000000, -1.000000000000000000, 0.000000000000000000 ) ) ;
#6424 = ORIENTED_EDGE ( 'NONE', *, *, #4052, .T. ) ;
#6425 = CARTESIAN_POINT ( 'NONE',  ( -73.09999999999999432, 3.800000000000001155, 38.50000000000000711 ) ) ;
#6426 = CARTESIAN_POINT ( 'NONE',  ( -58.99999999999999289, 13.19999999999999041, 36.49999999999958789 ) ) ;
#6427 = EDGE_CURVE ( 'NONE', #4091, #4868, #6659, .T. ) ;
#6428 = ORIENTED_EDGE ( 'NONE', *, *, #4226, .F. ) ;
#6429 = ORIENTED_EDGE ( 'NONE', *, *, #3181, .F. ) ;
#6430 = EDGE_LOOP ( 'NONE', ( #608, #2267, #3630, #6666 ) ) ;
#6431 = DIRECTION ( 'NONE',  ( 0.7071067811865451302, 0.7071067811865500152, 0.000000000000000000 ) ) ;
#6432 = EDGE_CURVE ( 'NONE', #6103, #2120, #6757, .T. ) ;
#6433 = ORIENTED_EDGE ( 'NONE', *, *, #2401, .F. ) ;
#6434 = ORIENTED_EDGE ( 'NONE', *, *, #2550, .T. ) ;
#6435 = FACE_OUTER_BOUND ( 'NONE', #5748, .T. ) ;
#6436 = VERTEX_POINT ( 'NONE', #4013 ) ;
#6437 = ORIENTED_EDGE ( 'NONE', *, *, #3980, .F. ) ;
#6438 = CARTESIAN_POINT ( 'NONE',  ( 73.09999999999978115, 9.199999999999999289, -22.99999999999997868 ) ) ;
#6439 = VECTOR ( 'NONE', #2331, 1000.000000000000000 ) ;
#6440 = LINE ( 'NONE', #3307, #2365 ) ;
#6441 = CARTESIAN_POINT ( 'NONE',  ( 0.000000000000000000, 9.199999999999999289, 0.000000000000000000 ) ) ;
#6442 = LINE ( 'NONE', #1718, #406 ) ;
#6443 = VECTOR ( 'NONE', #547, 1000.000000000000000 ) ;
#6444 = EDGE_LOOP ( 'NONE', ( #1704, #2345, #298, #5060 ) ) ;
#6446 = ADVANCED_FACE ( 'NONE', ( #972 ), #3534, .T. ) ;
#6445 = ADVANCED_FACE ( 'NONE', ( #3041 ), #5102, .T. ) ;
#6447 = LINE ( 'NONE', #5968, #5378 ) ;
#6448 = LINE ( 'NONE', #5937, #3869 ) ;
#6449 = VECTOR ( 'NONE', #5489, 1000.000000000000000 ) ;
#6450 = CARTESIAN_POINT ( 'NONE',  ( 71.10000000000005116, 3.800000000000001155, 25.00000000000000000 ) ) ;
#6451 = VECTOR ( 'NONE', #1079, 1000.000000000000000 ) ;
#6452 = CARTESIAN_POINT ( 'NONE',  ( 26.99999999999998224, 3.800000000000001155, -38.50000000000000711 ) ) ;
#6453 = LINE ( 'NONE', #1728, #1618 ) ;
#6454 = AXIS2_PLACEMENT_3D ( 'NONE', #5098, #964, #5629 ) ;
#6455 = ORIENTED_EDGE ( 'NONE', *, *, #1876, .F. ) ;
#6456 = VECTOR ( 'NONE', #2789, 1000.000000000000000 ) ;
#6457 = LINE ( 'NONE', #1834, #195 ) ;
#6458 = VERTEX_POINT ( 'NONE', #3463 ) ;
#6459 = LINE ( 'NONE', #4450, #4232 ) ;
#6460 = CARTESIAN_POINT ( 'NONE',  ( -13.05000000000020677, 3.800000000000001155, 21.54999999999997229 ) ) ;
#6461 = DIRECTION ( 'NONE',  ( 0.000000000000000000, 0.000000000000000000, -1.000000000000000000 ) ) ;
#6462 = VECTOR ( 'NONE', #4903, 1000.000000000000000 ) ;
#6463 = VECTOR ( 'NONE', #2934, 1000.000000000000000 ) ;
#6464 = ORIENTED_EDGE ( 'NONE', *, *, #633, .F. ) ;
#6465 = EDGE_CURVE ( 'NONE', #3196, #3268, #6118, .T. ) ;
#6466 = AXIS2_PLACEMENT_3D ( 'NONE', #4646, #1934, #2030 ) ;
#6467 = EDGE_LOOP ( 'NONE', ( #4691, #5442, #6164, #2020 ) ) ;
#6468 = EDGE_CURVE ( 'NONE', #404, #805, #4080, .T. ) ;
#6469 = ORIENTED_EDGE ( 'NONE', *, *, #5879, .F. ) ;
#6470 = LINE ( 'NONE', #5952, #6557 ) ;
#6471 = EDGE_LOOP ( 'NONE', ( #844, #2670, #144, #6695 ) ) ;
#6472 = CARTESIAN_POINT ( 'NONE',  ( 18.44999999999892637, 3.800000000000001155, 53.05000000000073612 ) ) ;
#6473 = VECTOR ( 'NONE', #3233, 1000.000000000000114 ) ;
#6474 = ORIENTED_EDGE ( 'NONE', *, *, #1615, .F. ) ;
#6475 = DIRECTION ( 'NONE',  ( 0.000000000000000000, 0.000000000000000000, -1.000000000000000000 ) ) ;
#6476 = EDGE_LOOP ( 'NONE', ( #4428, #5126, #553, #5147 ) ) ;
#6477 = ORIENTED_EDGE ( 'NONE', *, *, #3398, .F. ) ;
#6478 = EDGE_CURVE ( 'NONE', #5203, #2120, #5559, .T. ) ;
#6479 = CIRCLE ( 'NONE', #3516, 6.999999999999999112 ) ;
#6480 = FACE_OUTER_BOUND ( 'NONE', #503, .T. ) ;
#6481 = CARTESIAN_POINT ( 'NONE',  ( 5.000000000000004441, 7.199999999999984190, -36.50000000000002132 ) ) ;
#6482 = LINE ( 'NONE', #4913, #3497 ) ;
#6483 = FACE_OUTER_BOUND ( 'NONE', #2074, .T. ) ;
#6484 = AXIS2_PLACEMENT_3D ( 'NONE', #4958, #5942, #3320 ) ;
#6485 = VERTEX_POINT ( 'NONE', #875 ) ;
#6486 = CARTESIAN_POINT ( 'NONE',  ( -45.00000000000001421, 3.800000000000001155, -38.49999999999972999 ) ) ;
#6487 = DIRECTION ( 'NONE',  ( -1.000000000000000000, 0.000000000000000000, 1.734723475976805319E-15 ) ) ;
#6488 = CARTESIAN_POINT ( 'NONE',  ( 17.00000000000019540, 9.199999999999999289, 7.372574772901507144E-14 ) ) ;
#6489 = DIRECTION ( 'NONE',  ( -1.000000000000000000, 0.000000000000000000, -1.734723475976805319E-15 ) ) ;
#6490 = DIRECTION ( 'NONE',  ( -1.000000000000000000, 0.000000000000000000, 4.336808689942013003E-15 ) ) ;
#6491 = EDGE_CURVE ( 'NONE', #131, #494, #3562, .T. ) ;
#6492 = EDGE_LOOP ( 'NONE', ( #1329, #3755, #4797, #3960 ) ) ;
#6493 = CARTESIAN_POINT ( 'NONE',  ( -34.99999999999999289, 3.800000000000001155, 36.49999999999972999 ) ) ;
#6494 = ORIENTED_EDGE ( 'NONE', *, *, #1452, .F. ) ;
#6495 = DIRECTION ( 'NONE',  ( 0.000000000000000000, -1.000000000000000000, 0.000000000000000000 ) ) ;
#6496 = CARTESIAN_POINT ( 'NONE',  ( 70.10000000000000853, 14.00000000000000000, -35.50000000000000711 ) ) ;
#6497 = CARTESIAN_POINT ( 'NONE',  ( 57.00000000000014921, 9.199999999999999289, 1.977584762613563369E-13 ) ) ;
#6498 = ORIENTED_EDGE ( 'NONE', *, *, #5051, .F. ) ;
#6500 = EDGE_CURVE ( 'NONE', #3984, #805, #6157, .T. ) ;
#6499 = EDGE_CURVE ( 'NONE', #4561, #6200, #836, .T. ) ;
#6501 = VERTEX_POINT ( 'NONE', #2422 ) ;
#6502 = VERTEX_POINT ( 'NONE', #4587 ) ;
#6503 = DIRECTION ( 'NONE',  ( -1.000000000000000000, 0.000000000000000000, -2.168404344971006501E-15 ) ) ;
#6504 = CARTESIAN_POINT ( 'NONE',  ( 35.00000000000000000, 9.199999999999999289, -36.50000000000002132 ) ) ;
#6505 = ORIENTED_EDGE ( 'NONE', *, *, #4477, .F. ) ;
#6507 = EDGE_CURVE ( 'NONE', #4433, #364, #5140, .T. ) ;
#6506 = PLANE ( 'NONE',  #5697 ) ;
#6508 = ORIENTED_EDGE ( 'NONE', *, *, #1992, .F. ) ;
#6509 = CARTESIAN_POINT ( 'NONE',  ( 25.00000000000000355, 7.199999999999984190, -38.50000000000002132 ) ) ;
#6510 = VERTEX_POINT ( 'NONE', #2979 ) ;
#6511 = ORIENTED_EDGE ( 'NONE', *, *, #3731, .T. ) ;
#6512 = CARTESIAN_POINT ( 'NONE',  ( 71.10000000000005116, 9.199999999999999289, 15.00000000000000000 ) ) ;
#6513 = LINE ( 'NONE', #3374, #1260 ) ;
#6514 = DIRECTION ( 'NONE',  ( -0.000000000000000000, -1.000000000000000000, -0.000000000000000000 ) ) ;
#6515 = EDGE_CURVE ( 'NONE', #3473, #6458, #5036, .T. ) ;
#6516 = DIRECTION ( 'NONE',  ( 0.7071067811865474617, 0.000000000000000000, 0.7071067811865474617 ) ) ;
#6517 = VERTEX_POINT ( 'NONE', #321 ) ;
#6518 = DIRECTION ( 'NONE',  ( 0.000000000000000000, 1.000000000000000000, -0.000000000000000000 ) ) ;
#6519 = DIRECTION ( 'NONE',  ( -1.672022627447524747E-16, 0.000000000000000000, 1.000000000000000000 ) ) ;
#6520 = LINE ( 'NONE', #657, #841 ) ;
#6521 = LINE ( 'NONE', #3898, #4466 ) ;
#6522 = CARTESIAN_POINT ( 'NONE',  ( 35.00000000000000000, 2.000000000000000000, 36.50000000000000711 ) ) ;
#6523 = EDGE_LOOP ( 'NONE', ( #5068, #6704, #2694, #1694 ) ) ;
#6524 = CARTESIAN_POINT ( 'NONE',  ( 62.99999999999997158, 9.199999999999999289, 36.50000000000000711 ) ) ;
#6525 = LINE ( 'NONE', #242, #6334 ) ;
#6526 = CARTESIAN_POINT ( 'NONE',  ( -45.00000000000000711, 3.800000000000001155, 38.50000000000000711 ) ) ;
#6527 = DIRECTION ( 'NONE',  ( 0.7071067811865369146, 0.000000000000000000, 0.7071067811865581199 ) ) ;
#6528 = DIRECTION ( 'NONE',  ( -0.000000000000000000, 0.000000000000000000, -1.000000000000000000 ) ) ;
#6529 = ORIENTED_EDGE ( 'NONE', *, *, #5329, .F. ) ;
#6530 = ORIENTED_EDGE ( 'NONE', *, *, #1769, .T. ) ;
#6531 = VERTEX_POINT ( 'NONE', #6217 ) ;
#6533 = EDGE_CURVE ( 'NONE', #6436, #5162, #6188, .T. ) ;
#6532 = ADVANCED_FACE ( 'NONE', ( #4523 ), #6698, .F. ) ;
#6534 = CARTESIAN_POINT ( 'NONE',  ( -70.09999999999999432, 3.800000000000001155, 40.44974746830580159 ) ) ;
#6535 = DIRECTION ( 'NONE',  ( -0.7071067811865456854, 0.7071067811865493491, 4.906538933386779098E-15 ) ) ;
#6536 = ORIENTED_EDGE ( 'NONE', *, *, #5822, .F. ) ;
#6537 = CARTESIAN_POINT ( 'NONE',  ( -60.34999999999986642, 3.800000000000001155, -25.74999999999968736 ) ) ;
#6538 = ORIENTED_EDGE ( 'NONE', *, *, #1946, .T. ) ;
#6539 = DIRECTION ( 'NONE',  ( -1.802310104910968394E-16, 0.000000000000000000, 1.000000000000000000 ) ) ;
#6540 = ORIENTED_EDGE ( 'NONE', *, *, #3566, .T. ) ;
#6541 = ORIENTED_EDGE ( 'NONE', *, *, #2464, .F. ) ;
#6542 = CARTESIAN_POINT ( 'NONE',  ( -25.00000000000000355, 3.800000000000001155, -38.49999999999986500 ) ) ;
#6543 = EDGE_CURVE ( 'NONE', #5111, #6185, #930, .T. ) ;
#6544 = CARTESIAN_POINT ( 'NONE',  ( 34.99999999999999289, 9.199999999999999289, 38.50000000000000711 ) ) ;
#6545 = FACE_OUTER_BOUND ( 'NONE', #3327, .T. ) ;
#6546 = DIRECTION ( 'NONE',  ( 0.000000000000000000, -0.7071067811865451302, 0.7071067811865500152 ) ) ;
#6547 = ORIENTED_EDGE ( 'NONE', *, *, #432, .T. ) ;
#6548 = VECTOR ( 'NONE', #3963, 1000.000000000000000 ) ;
#6549 = DIRECTION ( 'NONE',  ( 1.000000000000000000, 0.000000000000000000, 0.000000000000000000 ) ) ;
#6550 = EDGE_CURVE ( 'NONE', #3190, #1571, #5702, .T. ) ;
#6551 = DIRECTION ( 'NONE',  ( 0.000000000000000000, -1.000000000000000000, 0.000000000000000000 ) ) ;
#6552 = DIRECTION ( 'NONE',  ( 0.000000000000000000, -1.000000000000000000, 0.000000000000000000 ) ) ;
#6553 = CARTESIAN_POINT ( 'NONE',  ( 71.09999999999998010, 9.199999999999999289, 5.000000000000000000 ) ) ;
#6554 = DIRECTION ( 'NONE',  ( 0.7071067811865496822, 0.7071067811865453523, -0.000000000000000000 ) ) ;
#6555 = ORIENTED_EDGE ( 'NONE', *, *, #2372, .T. ) ;
#6556 = AXIS2_PLACEMENT_3D ( 'NONE', #2348, #5562, #6056 ) ;
#6557 = VECTOR ( 'NONE', #2805, 1000.000000000000000 ) ;
#6558 = DIRECTION ( 'NONE',  ( 0.7071067811865474617, -0.000000000000000000, -0.7071067811865474617 ) ) ;
#6559 = EDGE_CURVE ( 'NONE', #1990, #5041, #4718, .T. ) ;
#6560 = CARTESIAN_POINT ( 'NONE',  ( -34.99999999999999289, 3.800000000000001155, -38.50000000000000711 ) ) ;
#6561 = CARTESIAN_POINT ( 'NONE',  ( -42.99999999999997868, 9.199999999999999289, -36.49999999999974420 ) ) ;
#6562 = DIRECTION ( 'NONE',  ( 0.000000000000000000, 0.000000000000000000, -1.000000000000000000 ) ) ;
#6563 = CARTESIAN_POINT ( 'NONE',  ( 0.000000000000000000, 9.199999999999999289, 0.000000000000000000 ) ) ;
#6564 = AXIS2_PLACEMENT_3D ( 'NONE', #2831, #794, #6489 ) ;
#6565 = VERTEX_POINT ( 'NONE', #1626 ) ;
#6566 = VECTOR ( 'NONE', #5713, 1000.000000000000000 ) ;
#6567 = ORIENTED_EDGE ( 'NONE', *, *, #1903, .F. ) ;
#6568 = ORIENTED_EDGE ( 'NONE', *, *, #506, .T. ) ;
#6569 = CIRCLE ( 'NONE', #3816, 5.200000000000000178 ) ;
#6570 = PLANE ( 'NONE',  #4461 ) ;
#6571 = LINE ( 'NONE', #2467, #4689 ) ;
#6572 = ORIENTED_EDGE ( 'NONE', *, *, #2914, .F. ) ;
#6573 = CARTESIAN_POINT ( 'NONE',  ( 73.10000000000000853, 3.800000000000001155, 7.000000000000089706 ) ) ;
#6574 = ORIENTED_EDGE ( 'NONE', *, *, #1895, .F. ) ;
#6575 = PLANE ( 'NONE',  #4380 ) ;
#6576 = VECTOR ( 'NONE', #3739, 1000.000000000000000 ) ;
#6578 = ADVANCED_FACE ( 'NONE', ( #4683 ), #4, .T. ) ;
#6577 = ADVANCED_FACE ( 'NONE', ( #5799 ), #521, .T. ) ;
#6579 = VECTOR ( 'NONE', #3803, 1000.000000000000000 ) ;
#6580 = ORIENTED_EDGE ( 'NONE', *, *, #2778, .T. ) ;
#6581 = ORIENTED_EDGE ( 'NONE', *, *, #4629, .T. ) ;
#6582 = ORIENTED_EDGE ( 'NONE', *, *, #2830, .T. ) ;
#6583 = LINE ( 'NONE', #5672, #3685 ) ;
#6584 = CARTESIAN_POINT ( 'NONE',  ( -71.10000000000005116, 9.199999999999999289, 15.00000000000000000 ) ) ;
#6585 = VECTOR ( 'NONE', #3074, 1000.000000000000114 ) ;
#6586 = DIRECTION ( 'NONE',  ( -0.7071067811865451302, -0.7071067811865500152, 0.000000000000000000 ) ) ;
#6587 = DIRECTION ( 'NONE',  ( 1.226634733346694183E-15, 0.7071067811865496822, -0.7071067811865453523 ) ) ;
#6588 = EDGE_CURVE ( 'NONE', #6138, #3517, #2585, .T. ) ;
#6589 = VECTOR ( 'NONE', #5433, 1000.000000000000000 ) ;
#6590 = ORIENTED_EDGE ( 'NONE', *, *, #3678, .T. ) ;
#6591 = CARTESIAN_POINT ( 'NONE',  ( 73.10000000000005116, 9.199999999999999289, 25.00000000000000355 ) ) ;
#6592 = CARTESIAN_POINT ( 'NONE',  ( -67.00000000000045475, 2.000000000000000000, 38.50000000000000711 ) ) ;
#6593 = CARTESIAN_POINT ( 'NONE',  ( -70.09999999999998010, 2.000000000000000000, -38.50000000000000711 ) ) ;
#6594 = VECTOR ( 'NONE', #4208, 1000.000000000000000 ) ;
#6595 = LINE ( 'NONE', #6082, #3711 ) ;
#6596 = EDGE_CURVE ( 'NONE', #5584, #3359, #2137, .T. ) ;
#6597 = ORIENTED_EDGE ( 'NONE', *, *, #669, .T. ) ;
#6598 = VECTOR ( 'NONE', #5552, 1000.000000000000000 ) ;
#6599 = LINE ( 'NONE', #1870, #4815 ) ;
#6600 = CARTESIAN_POINT ( 'NONE',  ( -71.09999999999998010, 2.000000000000000000, 5.000000000000000000 ) ) ;
#6601 = CARTESIAN_POINT ( 'NONE',  ( -54.99999999999999289, 7.199999999999984190, 38.49999999999958789 ) ) ;
#6602 = DIRECTION ( 'NONE',  ( -1.802310104910968394E-16, 0.000000000000000000, 1.000000000000000000 ) ) ;
#6603 = DIRECTION ( 'NONE',  ( 0.000000000000000000, -0.000000000000000000, 1.000000000000000000 ) ) ;
#6604 = ORIENTED_EDGE ( 'NONE', *, *, #2320, .T. ) ;
#6605 = VERTEX_POINT ( 'NONE', #3207 ) ;
#6606 = ORIENTED_EDGE ( 'NONE', *, *, #5963, .T. ) ;
#6607 = DIRECTION ( 'NONE',  ( 1.000000000000000000, 0.000000000000000000, -0.000000000000000000 ) ) ;
#6608 = DIRECTION ( 'NONE',  ( 0.7071067811865453523, -0.7071067811865496822, 2.453269466693388366E-15 ) ) ;
#6609 = EDGE_LOOP ( 'NONE', ( #3216, #5906, #93, #775 ) ) ;
#6610 = DIRECTION ( 'NONE',  ( 1.000000000000000000, 0.000000000000000000, -0.000000000000000000 ) ) ;
#6611 = ORIENTED_EDGE ( 'NONE', *, *, #5573, .F. ) ;
#6612 = LINE ( 'NONE', #2435, #3832 ) ;
#6613 = VERTEX_POINT ( 'NONE', #5242 ) ;
#6614 = ORIENTED_EDGE ( 'NONE', *, *, #3114, .F. ) ;
#6615 = EDGE_LOOP ( 'NONE', ( #1013, #4039, #938, #1296 ) ) ;
#6616 = CARTESIAN_POINT ( 'NONE',  ( 5.000000000000004441, 9.199999999999999289, 38.50000000000000711 ) ) ;
#6617 = CARTESIAN_POINT ( 'NONE',  ( 2.949029909160594780E-14, 9.199999999999999289, 17.00000000000014921 ) ) ;
#6618 = CARTESIAN_POINT ( 'NONE',  ( -34.99999999999999289, 9.199999999999999289, 38.49999999999972999 ) ) ;
#6619 = DIRECTION ( 'NONE',  ( -1.000000000000000000, 0.000000000000000000, 0.000000000000000000 ) ) ;
#6620 = VERTEX_POINT ( 'NONE', #3137 ) ;
#6621 = CARTESIAN_POINT ( 'NONE',  ( 0.000000000000000000, 2.000000000000000000, 0.000000000000000000 ) ) ;
#6622 = CARTESIAN_POINT ( 'NONE',  ( 75.09999999999998010, 2.000000000000000000, -40.50000000000000000 ) ) ;
#6623 = EDGE_CURVE ( 'NONE', #1257, #3334, #4282, .T. ) ;
#6624 = LINE ( 'NONE', #5447, #945 ) ;
#6625 = DIRECTION ( 'NONE',  ( 0.000000000000000000, 0.000000000000000000, -1.000000000000000000 ) ) ;
#6626 = ORIENTED_EDGE ( 'NONE', *, *, #3559, .T. ) ;
#6627 = LINE ( 'NONE', #1905, #6267 ) ;
#6628 = EDGE_CURVE ( 'NONE', #1038, #6565, #6387, .T. ) ;
#6629 = CARTESIAN_POINT ( 'NONE',  ( 73.10000000000000853, -0.0009999999999992653654, -38.50000000000000711 ) ) ;
#6630 = FACE_OUTER_BOUND ( 'NONE', #183, .T. ) ;
#6631 = DIRECTION ( 'NONE',  ( 1.000000000000000000, 0.000000000000000000, 0.000000000000000000 ) ) ;
#6632 = EDGE_LOOP ( 'NONE', ( #3545, #879, #6801, #6474 ) ) ;
#6633 = ORIENTED_EDGE ( 'NONE', *, *, #1539, .T. ) ;
#6634 = DIRECTION ( 'NONE',  ( -1.000000000000000000, 0.000000000000000000, 0.000000000000000000 ) ) ;
#6635 = VERTEX_POINT ( 'NONE', #1068 ) ;
#6636 = ADVANCED_FACE ( 'NONE', ( #5833 ), #1658, .T. ) ;
#6637 = LINE ( 'NONE', #5002, #3250 ) ;
#6638 = LINE ( 'NONE', #4427, #5354 ) ;
#6639 = ORIENTED_EDGE ( 'NONE', *, *, #308, .T. ) ;
#6640 = CARTESIAN_POINT ( 'NONE',  ( 71.10000000000005116, 3.800000000000001155, 15.00000000000000000 ) ) ;
#6641 = VERTEX_POINT ( 'NONE', #6353 ) ;
#6642 = DIRECTION ( 'NONE',  ( -0.7071067811865451302, 0.7071067811865500152, 3.066586833366734274E-15 ) ) ;
#6643 = ORIENTED_EDGE ( 'NONE', *, *, #526, .F. ) ;
#6644 = ORIENTED_EDGE ( 'NONE', *, *, #3113, .F. ) ;
#6645 = PLANE ( 'NONE',  #1928 ) ;
#6646 = DIRECTION ( 'NONE',  ( 0.000000000000000000, 0.000000000000000000, -1.000000000000000000 ) ) ;
#6647 = LINE ( 'NONE', #2063, #2391 ) ;
#6648 = ORIENTED_EDGE ( 'NONE', *, *, #5798, .F. ) ;
#6649 = CARTESIAN_POINT ( 'NONE',  ( 32.99999999999995737, -0.0009999999999992653654, 38.50000000000000711 ) ) ;
#6650 = APPLICATION_PROTOCOL_DEFINITION ( 'draft international standard', 'automotive_design', 1998, #1898 ) ;
#6651 = DIRECTION ( 'NONE',  ( -1.000000000000000000, -0.000000000000000000, -0.000000000000000000 ) ) ;
#6652 = DIRECTION ( 'NONE',  ( -0.000000000000000000, 0.000000000000000000, -1.000000000000000000 ) ) ;
#6653 = CARTESIAN_POINT ( 'NONE',  ( -5.000000000000004441, 3.800000000000001155, -38.50000000000000711 ) ) ;
#6654 = VECTOR ( 'NONE', #4946, 1000.000000000000114 ) ;
#6655 = ORIENTED_EDGE ( 'NONE', *, *, #5176, .T. ) ;
#6657 = EDGE_CURVE ( 'NONE', #6641, #5162, #5763, .T. ) ;
#6656 = EDGE_CURVE ( 'NONE', #4857, #3827, #2077, .T. ) ;
#6658 = FACE_OUTER_BOUND ( 'NONE', #5752, .T. ) ;
#6659 = LINE ( 'NONE', #4553, #5637 ) ;
#6660 = CARTESIAN_POINT ( 'NONE',  ( -17.00000000000002487, 9.199999999999999289, -0.000000000000000000 ) ) ;
#6661 = AXIS2_PLACEMENT_3D ( 'NONE', #4614, #1477, #1090 ) ;
#6662 = CARTESIAN_POINT ( 'NONE',  ( 73.10000000000000853, 3.800000000000001155, -38.50000000000000711 ) ) ;
#6663 = ORIENTED_EDGE ( 'NONE', *, *, #2213, .T. ) ;
#6664 = ADVANCED_FACE ( 'NONE', ( #1587 ), #1128, .F. ) ;
#6665 = VECTOR ( 'NONE', #3157, 1000.000000000000000 ) ;
#6666 = ORIENTED_EDGE ( 'NONE', *, *, #1335, .F. ) ;
#6667 = DIRECTION ( 'NONE',  ( 0.000000000000000000, -1.000000000000000000, 0.000000000000000000 ) ) ;
#6668 = EDGE_LOOP ( 'NONE', ( #1674, #710, #3345, #1258 ) ) ;
#6669 = LINE ( 'NONE', #5535, #4894 ) ;
#6670 = DIRECTION ( 'NONE',  ( 0.000000000000000000, 0.000000000000000000, -1.000000000000000000 ) ) ;
#6671 = VECTOR ( 'NONE', #1311, 1000.000000000000000 ) ;
#6672 = AXIS2_PLACEMENT_3D ( 'NONE', #3563, #4650, #2529 ) ;
#6673 = VERTEX_POINT ( 'NONE', #482 ) ;
#6674 = CARTESIAN_POINT ( 'NONE',  ( -24.99999999999999289, 7.199999999999984190, -36.49999999999986500 ) ) ;
#6675 = ORIENTED_EDGE ( 'NONE', *, *, #9, .F. ) ;
#6676 = EDGE_CURVE ( 'NONE', #6020, #2886, #5205, .T. ) ;
#6677 = ADVANCED_FACE ( 'NONE', ( #1556 ), #5338, .F. ) ;
#6678 = EDGE_LOOP ( 'NONE', ( #466, #6268, #6567, #3577 ) ) ;
#6679 = VECTOR ( 'NONE', #6354, 1000.000000000000000 ) ;
#6680 = EDGE_LOOP ( 'NONE', ( #920, #5477, #1565, #4357, #5506, #5819, #3692, #4084 ) ) ;
#6681 = DIRECTION ( 'NONE',  ( -1.000000000000000000, 0.000000000000000000, -0.000000000000000000 ) ) ;
#6682 = LINE ( 'NONE', #3620, #395 ) ;
#6683 = VECTOR ( 'NONE', #4854, 1000.000000000000000 ) ;
#6684 = VECTOR ( 'NONE', #1931, 1000.000000000000000 ) ;
#6685 = CARTESIAN_POINT ( 'NONE',  ( 6.999999999999964473, -0.0009999999999992653654, 38.50000000000000711 ) ) ;
#6686 = EDGE_CURVE ( 'NONE', #3915, #3448, #2208, .T. ) ;
#6687 = ORIENTED_EDGE ( 'NONE', *, *, #4980, .F. ) ;
#6688 = VECTOR ( 'NONE', #3788, 1000.000000000000000 ) ;
#6689 = DIRECTION ( 'NONE',  ( 0.000000000000000000, -1.000000000000000000, -0.000000000000000000 ) ) ;
#6690 = PRESENTATION_STYLE_ASSIGNMENT (( #3528 ) ) ;
#6691 = DIRECTION ( 'NONE',  ( -1.802310104910968394E-16, 0.000000000000000000, 1.000000000000000000 ) ) ;
#6692 = LINE ( 'NONE', #1380, #721 ) ;
#6693 = CARTESIAN_POINT ( 'NONE',  ( -27.00000000000012079, 3.800000000000001155, -38.50000000000000711 ) ) ;
#6694 = AXIS2_PLACEMENT_3D ( 'NONE', #4993, #3397, #281 ) ;
#6695 = ORIENTED_EDGE ( 'NONE', *, *, #1958, .T. ) ;
#6696 = DIRECTION ( 'NONE',  ( 0.000000000000000000, 1.000000000000000000, 0.000000000000000000 ) ) ;
#6697 = VECTOR ( 'NONE', #320, 1000.000000000000114 ) ;
#6698 = PLANE ( 'NONE',  #2763 ) ;
#6699 = DIRECTION ( 'NONE',  ( -1.802310104910968394E-16, 0.000000000000000000, 1.000000000000000000 ) ) ;
#6700 = DIRECTION ( 'NONE',  ( -0.000000000000000000, -0.7071067811865446862, 0.7071067811865503483 ) ) ;
#6701 = ADVANCED_FACE ( 'NONE', ( #6795 ), #3661, .F. ) ;
#6702 = EDGE_LOOP ( 'NONE', ( #5437, #6074, #4502, #489 ) ) ;
#6703 = AXIS2_PLACEMENT_3D ( 'NONE', #1021, #2099, #60 ) ;
#6704 = ORIENTED_EDGE ( 'NONE', *, *, #467, .T. ) ;
#6705 = LINE ( 'NONE', #3050, #3724 ) ;
#6706 = VERTEX_POINT ( 'NONE', #1824 ) ;
#6707 = LINE ( 'NONE', #3512, #277 ) ;
#6708 = CARTESIAN_POINT ( 'NONE',  ( 73.09999999999978115, 9.199999999999999289, -25.00000000000000355 ) ) ;
#6709 = EDGE_CURVE ( 'NONE', #3984, #4983, #5519, .T. ) ;
#6710 = EDGE_LOOP ( 'NONE', ( #6321, #594, #6378, #6064 ) ) ;
#6711 = ORIENTED_EDGE ( 'NONE', *, *, #2315, .F. ) ;
#6712 = ORIENTED_EDGE ( 'NONE', *, *, #3252, .T. ) ;
#6713 = ORIENTED_EDGE ( 'NONE', *, *, #253, .F. ) ;
#6714 = LINE ( 'NONE', #2366, #4567 ) ;
#6715 = EDGE_CURVE ( 'NONE', #5954, #3565, #3278, .T. ) ;
#6716 = CARTESIAN_POINT ( 'NONE',  ( 71.09999999999978115, 9.199999999999999289, -15.00000000000000000 ) ) ;
#6717 = LINE ( 'NONE', #6685, #4912 ) ;
#6718 = ORIENTED_EDGE ( 'NONE', *, *, #2232, .T. ) ;
#6719 = CARTESIAN_POINT ( 'NONE',  ( 75.09999999999998010, 2.000000000000000000, -35.29999999999999716 ) ) ;
#6720 = LINE ( 'NONE', #1351, #5780 ) ;
#6721 = CARTESIAN_POINT ( 'NONE',  ( 15.00000000000000533, 9.199999999999999289, -36.50000000000002132 ) ) ;
#6722 = ADVANCED_FACE ( 'NONE', ( #4377 ), #4985, .F. ) ;
#6723 = PLANE ( 'NONE',  #1157 ) ;
#6724 = CARTESIAN_POINT ( 'NONE',  ( 45.00000000000000711, 2.000000000000000000, 36.50000000000000711 ) ) ;
#6725 = ORIENTED_EDGE ( 'NONE', *, *, #2610, .F. ) ;
#6726 = DIRECTION ( 'NONE',  ( -1.000000000000000000, 0.000000000000000000, -1.802310104910968394E-16 ) ) ;
#6727 = DIRECTION ( 'NONE',  ( -1.000000000000000000, 0.000000000000000000, 0.000000000000000000 ) ) ;
#6728 = LINE ( 'NONE', #6218, #392 ) ;
#6729 = VECTOR ( 'NONE', #212, 1000.000000000000000 ) ;
#6730 = FACE_OUTER_BOUND ( 'NONE', #5881, .T. ) ;
#6731 = ORIENTED_EDGE ( 'NONE', *, *, #1574, .T. ) ;
#6732 = ORIENTED_EDGE ( 'NONE', *, *, #325, .F. ) ;
#6733 = PLANE ( 'NONE',  #746 ) ;
#6734 = VERTEX_POINT ( 'NONE', #1308 ) ;
#6735 = PLANE ( 'NONE',  #3024 ) ;
#6736 = CARTESIAN_POINT ( 'NONE',  ( 73.10000000000000853, -0.0009999999999992653654, -38.50000000000000711 ) ) ;
#6737 = CARTESIAN_POINT ( 'NONE',  ( 25.00000000000000355, 9.199999999999999289, 36.50000000000000711 ) ) ;
#6738 = ORIENTED_EDGE ( 'NONE', *, *, #1, .F. ) ;
#6739 = ORIENTED_EDGE ( 'NONE', *, *, #1111, .T. ) ;
#6741 = EDGE_CURVE ( 'NONE', #3732, #4799, #1164, .T. ) ;
#6740 = EDGE_CURVE ( 'NONE', #5998, #998, #3385, .T. ) ;
#6742 = VERTEX_POINT ( 'NONE', #4850 ) ;
#6743 = LINE ( 'NONE', #6814, #3034 ) ;
#6744 = CARTESIAN_POINT ( 'NONE',  ( 58.99999999999995737, 13.19999999999998863, 38.50000000000000711 ) ) ;
#6745 = DIRECTION ( 'NONE',  ( 0.000000000000000000, -1.000000000000000000, 0.000000000000000000 ) ) ;
#6746 = VERTEX_POINT ( 'NONE', #6001 ) ;
#6747 = ADVANCED_FACE ( 'NONE', ( #1790, #3423 ), #2305, .T. ) ;
#6748 = CARTESIAN_POINT ( 'NONE',  ( 23.99999999999999645, 8.199999999999985079, -36.50000000000002132 ) ) ;
#6749 = DIRECTION ( 'NONE',  ( 1.000000000000000000, 0.000000000000000000, 0.000000000000000000 ) ) ;
#6750 = PRODUCT_DEFINITION_SHAPE ( 'NONE', 'NONE',  #2735 ) ;
#6751 = CARTESIAN_POINT ( 'NONE',  ( -32.99999999999972999, 3.800000000000001155, -38.50000000000000711 ) ) ;
#6752 = PLANE ( 'NONE',  #3370 ) ;
#6753 = CARTESIAN_POINT ( 'NONE',  ( 73.09999999999998010, 13.19999999999998863, 1.000000000000041744 ) ) ;
#6754 = VERTEX_POINT ( 'NONE', #4952 ) ;
#6755 = EDGE_CURVE ( 'NONE', #2083, #1361, #1267, .T. ) ;
#6756 = CARTESIAN_POINT ( 'NONE',  ( -57.00000000000002132, 9.199999999999999289, 36.49999999999958789 ) ) ;
#6757 = LINE ( 'NONE', #4110, #3546 ) ;
#6758 = CARTESIAN_POINT ( 'NONE',  ( -71.09999999999978115, 9.199999999999999289, -15.00000000000000000 ) ) ;
#6759 = DIRECTION ( 'NONE',  ( 0.000000000000000000, 1.000000000000000000, 0.000000000000000000 ) ) ;
#6760 = EDGE_LOOP ( 'NONE', ( #5281, #986, #1809, #1186 ) ) ;
#6761 = CIRCLE ( 'NONE', #5223, 5.002713540019556149 ) ;
#6762 = CARTESIAN_POINT ( 'NONE',  ( 37.00000000000003553, 9.199999999999999289, -36.50000000000002132 ) ) ;
#6763 = ORIENTED_EDGE ( 'NONE', *, *, #1655, .F. ) ;
#6764 = LINE ( 'NONE', #3609, #6439 ) ;
#6765 = DIRECTION ( 'NONE',  ( -0.7071067811865501263, -0.7071067811865449082, 0.000000000000000000 ) ) ;
#6766 = CARTESIAN_POINT ( 'NONE',  ( 73.10000000000005116, 9.199999999999999289, 25.00000000000000355 ) ) ;
#6767 = EDGE_CURVE ( 'NONE', #2562, #494, #2788, .T. ) ;
#6768 = ORIENTED_EDGE ( 'NONE', *, *, #5753, .T. ) ;
#6769 = ORIENTED_EDGE ( 'NONE', *, *, #5112, .F. ) ;
#6770 = ORIENTED_EDGE ( 'NONE', *, *, #4011, .F. ) ;
#6771 = VECTOR ( 'NONE', #3140, 1000.000000000000000 ) ;
#6772 = AXIS2_PLACEMENT_3D ( 'NONE', #6736, #1567, #2014 ) ;
#6773 = LINE ( 'NONE', #2058, #2152 ) ;
#6774 = CARTESIAN_POINT ( 'NONE',  ( -24.99999999999999289, 7.199999999999984190, 36.49999999999986500 ) ) ;
#6775 = ORIENTED_EDGE ( 'NONE', *, *, #1316, .F. ) ;
#6777 = ADVANCED_FACE ( 'NONE', ( #3829 ), #133, .T. ) ;
#6776 = EDGE_CURVE ( 'NONE', #4705, #1491, #3896, .T. ) ;
#6778 = DIRECTION ( 'NONE',  ( 0.000000000000000000, 0.000000000000000000, -1.000000000000000000 ) ) ;
#6779 = VECTOR ( 'NONE', #4713, 1000.000000000000000 ) ;
#6780 = VECTOR ( 'NONE', #2376, 1000.000000000000000 ) ;
#6781 = EDGE_LOOP ( 'NONE', ( #5717, #4558, #1669, #2702 ) ) ;
#6782 = CARTESIAN_POINT ( 'NONE',  ( -73.09999999999998010, 3.800000000000001155, -7.000000000000033751 ) ) ;
#6783 = LINE ( 'NONE', #5332, #1488 ) ;
#6784 = AXIS2_PLACEMENT_3D ( 'NONE', #1848, #3409, #3333 ) ;
#6785 = CARTESIAN_POINT ( 'NONE',  ( -41.00000000000004263, 13.19999999999998863, 38.49999999999972999 ) ) ;
#6786 = AXIS2_PLACEMENT_3D ( 'NONE', #4547, #1379, #2000 ) ;
#6787 = EDGE_CURVE ( 'NONE', #6502, #41, #1725, .T. ) ;
#6788 = LINE ( 'NONE', #514, #2590 ) ;
#6790 = EDGE_CURVE ( 'NONE', #4584, #2786, #3314, .T. ) ;
#6789 = ADVANCED_FACE ( 'NONE', ( #4442 ), #1201, .F. ) ;
#6791 = CARTESIAN_POINT ( 'NONE',  ( 56.00000000000000000, 8.199999999999988631, 38.50000000000000711 ) ) ;
#6792 = VECTOR ( 'NONE', #5030, 1000.000000000000114 ) ;
#6793 = VERTEX_POINT ( 'NONE', #5969 ) ;
#6794 = LINE ( 'NONE', #2075, #4175 ) ;
#6795 = FACE_OUTER_BOUND ( 'NONE', #1734, .T. ) ;
#6796 = CARTESIAN_POINT ( 'NONE',  ( -75.04974746830579591, 3.800000000000001155, -36.22604597891263012 ) ) ;
#6797 = EDGE_CURVE ( 'NONE', #700, #5902, #6448, .T. ) ;
#6798 = CARTESIAN_POINT ( 'NONE',  ( 65.00000000000000000, 3.800000000000001155, 38.50000000000000711 ) ) ;
#6799 = AXIS2_PLACEMENT_3D ( 'NONE', #3621, #4543, #2575 ) ;
#6800 = CARTESIAN_POINT ( 'NONE',  ( 73.09999999999978115, 13.19999999999998863, -18.99999999999996092 ) ) ;
#6801 = ORIENTED_EDGE ( 'NONE', *, *, #4052, .F. ) ;
#6802 = VECTOR ( 'NONE', #1406, 1000.000000000000000 ) ;
#6803 = CARTESIAN_POINT ( 'NONE',  ( -4.999999999999995559, 9.199999999999999289, 36.50000000000000711 ) ) ;
#6804 = ORIENTED_EDGE ( 'NONE', *, *, #1205, .T. ) ;
#6805 = CARTESIAN_POINT ( 'NONE',  ( -73.10000000000005116, 9.199999999999999289, 14.99999999999999645 ) ) ;
#6806 = CARTESIAN_POINT ( 'NONE',  ( -71.09999999999998010, 2.000000000000000000, -5.000000000000000000 ) ) ;
#6807 = CARTESIAN_POINT ( 'NONE',  ( -77.09999999999998010, 2.000000000000015543, -42.50000000000000000 ) ) ;
#6808 = ADVANCED_FACE ( 'NONE', ( #1235 ), #2827, .F. ) ;
#6809 = AXIS2_PLACEMENT_3D ( 'NONE', #2557, #31, #4648 ) ;
#6810 = ORIENTED_EDGE ( 'NONE', *, *, #6427, .T. ) ;
#6811 = ORIENTED_EDGE ( 'NONE', *, *, #1801, .F. ) ;
#6812 = VERTEX_POINT ( 'NONE', #5062 ) ;
#6813 = VECTOR ( 'NONE', #6549, 1000.000000000000000 ) ;
#6814 = CARTESIAN_POINT ( 'NONE',  ( 15.00000000000000533, 2.000000000000000000, -36.50000000000002132 ) ) ;
#6815 = DIRECTION ( 'NONE',  ( -0.000000000000000000, -0.000000000000000000, -1.000000000000000000 ) ) ;
#6816 = ADVANCED_FACE ( 'NONE', ( #1478 ), #1378, .T. ) ;
#6817 = CARTESIAN_POINT ( 'NONE',  ( -65.00000000000000000, 7.199999999999984190, 38.49999999999958789 ) ) ;
#6818 = EDGE_LOOP ( 'NONE', ( #5186, #4693, #6224, #782, #2504, #5655, #5014, #2399 ) ) ;
#6819 = DIRECTION ( 'NONE',  ( 0.7071067811865425767, 0.000000000000000000, 0.7071067811865525687 ) ) ;
#6820 = DIRECTION ( 'NONE',  ( -0.7071067811865439090, 0.000000000000000000, -0.7071067811865512365 ) ) ;
#6821 = DIRECTION ( 'NONE',  ( 0.000000000000000000, -1.000000000000000000, 0.000000000000000000 ) ) ;
#6822 = LINE ( 'NONE', #5790, #391 ) ;
#6823 = CARTESIAN_POINT ( 'NONE',  ( 73.10000000000000853, 3.800000000000001155, -12.99999999999971934 ) ) ;
#6824 = VERTEX_POINT ( 'NONE', #1342 ) ;
ENDSEC;
END-ISO-10303-21;
