ISO-10303-21;
HEADER;
FILE_DESCRIPTION (( 'STEP AP214' ),
    '1' );
FILE_NAME ('µ×3.STEP',
    '2026-01-28T15:57:44',
    ( '' ),
    ( '' ),
    'SwSTEP 2.0',
    'SolidWorks 2022',
    '' );
FILE_SCHEMA (( 'AUTOMOTIVE_DESIGN' ));
ENDSEC;

DATA;
#1 = LINE ( 'NONE', #2634, #2577 ) ;
#2 = ORIENTED_EDGE ( 'NONE', *, *, #2569, .F. ) ;
#3 = ORIENTED_EDGE ( 'NONE', *, *, #4526, .T. ) ;
#4 = CARTESIAN_POINT ( 'NONE',  ( 109.2000000000000028, 7.381931190572101009, 49.99999999999992895 ) ) ;
#5 = ORIENTED_EDGE ( 'NONE', *, *, #5852, .F. ) ;
#6 = VECTOR ( 'NONE', #1293, 999.9999999999998863 ) ;
#7 = EDGE_CURVE ( 'NONE', #2499, #2781, #2174, .T. ) ;
#8 = ORIENTED_EDGE ( 'NONE', *, *, #4625, .T. ) ;
#9 = PLANE ( 'NONE',  #1139 ) ;
#10 = DIRECTION ( 'NONE',  ( 0.7071067811865475727, 0.000000000000000000, 0.7071067811865475727 ) ) ;
#11 = ORIENTED_EDGE ( 'NONE', *, *, #2786, .T. ) ;
#12 = DIRECTION ( 'NONE',  ( 0.000000000000000000, -0.8660254037844387076, 0.4999999999999998335 ) ) ;
#13 = DIRECTION ( 'NONE',  ( -2.612969163921255085E-16, -0.4999999999999947264, -0.8660254037844417052 ) ) ;
#14 = PLANE ( 'NONE',  #1131 ) ;
#15 = EDGE_CURVE ( 'NONE', #1510, #3111, #1430, .T. ) ;
#16 = ORIENTED_EDGE ( 'NONE', *, *, #6724, .F. ) ;
#17 = DIRECTION ( 'NONE',  ( 0.000000000000000000, 0.8660254037844425934, -0.4999999999999933942 ) ) ;
#18 = CIRCLE ( 'NONE', #4835, 3.000000000000002665 ) ;
#19 = CARTESIAN_POINT ( 'NONE',  ( -71.49999999999997158, 21.29999999999999361, -40.00000000000000000 ) ) ;
#20 = DIRECTION ( 'NONE',  ( 2.403703357979463522E-16, 0.4999999999999947820, 0.8660254037844418162 ) ) ;
#21 = ORIENTED_EDGE ( 'NONE', *, *, #2770, .T. ) ;
#22 = ADVANCED_FACE ( 'NONE', ( #8035, #7392, #1476, #4103 ), #6743, .F. ) ;
#23 = FACE_OUTER_BOUND ( 'NONE', #3952, .T. ) ;
#24 = VECTOR ( 'NONE', #7251, 1000.000000000000000 ) ;
#25 = ORIENTED_EDGE ( 'NONE', *, *, #2426, .T. ) ;
#26 = LINE ( 'NONE', #763, #6414 ) ;
#27 = VECTOR ( 'NONE', #4234, 1000.000000000000000 ) ;
#28 = DIRECTION ( 'NONE',  ( 0.000000000000000000, 1.000000000000000000, 0.000000000000000000 ) ) ;
#29 = DIRECTION ( 'NONE',  ( 0.5773502691896230665, 0.2113248654051872177, -0.7886751345948148639 ) ) ;
#30 = LINE ( 'NONE', #2667, #2852 ) ;
#31 = CARTESIAN_POINT ( 'NONE',  ( -26.50000000000002487, 26.20000000000000284, -47.99999999999999289 ) ) ;
#32 = ORIENTED_EDGE ( 'NONE', *, *, #6134, .F. ) ;
#33 = EDGE_CURVE ( 'NONE', #7523, #295, #916, .T. ) ;
#34 = EDGE_CURVE ( 'NONE', #3412, #1147, #7423, .T. ) ;
#35 = VECTOR ( 'NONE', #7300, 1000.000000000000000 ) ;
#36 = CARTESIAN_POINT ( 'NONE',  ( -46.51499999999998636, 11.92168035785550018, 50.84307621135332766 ) ) ;
#37 = ORIENTED_EDGE ( 'NONE', *, *, #8426, .F. ) ;
#38 = ORIENTED_EDGE ( 'NONE', *, *, #6104, .T. ) ;
#39 = CARTESIAN_POINT ( 'NONE',  ( -75.00000000000000000, 37.00000000000000711, 32.90000000000016200 ) ) ;
#40 = DIRECTION ( 'NONE',  ( -0.000000000000000000, 1.000000000000000000, -0.000000000000000000 ) ) ;
#41 = CARTESIAN_POINT ( 'NONE',  ( -66.00000000000001421, -24.24939431866607009, -36.00118301270214971 ) ) ;
#42 = VECTOR ( 'NONE', #954, 1000.000000000000000 ) ;
#43 = AXIS2_PLACEMENT_3D ( 'NONE', #683, #4611, #512 ) ;
#44 = ORIENTED_EDGE ( 'NONE', *, *, #46, .F. ) ;
#45 = VERTEX_POINT ( 'NONE', #6176 ) ;
#46 = EDGE_CURVE ( 'NONE', #7733, #5082, #7558, .T. ) ;
#47 = CYLINDRICAL_SURFACE ( 'NONE', #2655, 1.000000000000000222 ) ;
#48 = VECTOR ( 'NONE', #4232, 1000.000000000000114 ) ;
#49 = EDGE_LOOP ( 'NONE', ( #4922, #4047, #2022, #6162 ) ) ;
#50 = FACE_OUTER_BOUND ( 'NONE', #8456, .T. ) ;
#51 = VECTOR ( 'NONE', #7192, 1000.000000000000000 ) ;
#52 = CARTESIAN_POINT ( 'NONE',  ( 39.94999999999996732, 31.00000000000000711, -48.00000000000000000 ) ) ;
#53 = ORIENTED_EDGE ( 'NONE', *, *, #2046, .F. ) ;
#54 = DIRECTION ( 'NONE',  ( -1.000000000000000000, -0.000000000000000000, -0.000000000000000000 ) ) ;
#55 = CARTESIAN_POINT ( 'NONE',  ( 61.36396103067896490, 13.87938382346102628, 43.93929289659627102 ) ) ;
#56 = EDGE_CURVE ( 'NONE', #2749, #5815, #2864, .T. ) ;
#57 = DIRECTION ( 'NONE',  ( 1.000000000000000000, 0.000000000000000000, 0.000000000000000000 ) ) ;
#58 = AXIS2_PLACEMENT_3D ( 'NONE', #6745, #6782, #6013 ) ;
#59 = VECTOR ( 'NONE', #4035, 1000.000000000000000 ) ;
#60 = ORIENTED_EDGE ( 'NONE', *, *, #931, .F. ) ;
#61 = ADVANCED_FACE ( 'NONE', ( #4230 ), #5002, .T. ) ;
#62 = DIRECTION ( 'NONE',  ( -0.000000000000000000, 1.000000000000000000, 8.673617379884027583E-16 ) ) ;
#63 = VECTOR ( 'NONE', #2491, 1000.000000000000000 ) ;
#64 = CARTESIAN_POINT ( 'NONE',  ( -66.99999999999998579, 25.09419410360710856, 37.46441916244349812 ) ) ;
#65 = AXIS2_PLACEMENT_3D ( 'NONE', #5621, #8260, #4325 ) ;
#66 = FACE_OUTER_BOUND ( 'NONE', #6654, .T. ) ;
#67 = ORIENTED_EDGE ( 'NONE', *, *, #6660, .F. ) ;
#68 = VECTOR ( 'NONE', #5633, 1000.000000000000114 ) ;
#69 = DIRECTION ( 'NONE',  ( 2.403703357979464508E-16, 0.4999999999999947264, 0.8660254037844417052 ) ) ;
#70 = VECTOR ( 'NONE', #6144, 1000.000000000000000 ) ;
#71 = ORIENTED_EDGE ( 'NONE', *, *, #1499, .F. ) ;
#72 = ORIENTED_EDGE ( 'NONE', *, *, #2628, .F. ) ;
#73 = CARTESIAN_POINT ( 'NONE',  ( 61.99999999999995737, 31.00000000000000711, -47.99999999999999289 ) ) ;
#74 = CARTESIAN_POINT ( 'NONE',  ( -72.99999999999997158, 22.80000000000001847, -48.00000000000000000 ) ) ;
#75 = EDGE_CURVE ( 'NONE', #6118, #111, #4380, .T. ) ;
#76 = DIRECTION ( 'NONE',  ( -6.938893903907246521E-15, 0.8660254037844417052, -0.4999999999999948375 ) ) ;
#77 = LINE ( 'NONE', #2713, #632 ) ;
#78 = CARTESIAN_POINT ( 'NONE',  ( 72.99999999999997158, 2.000000000000001776, -45.00000000000000000 ) ) ;
#79 = LINE ( 'NONE', #31, #5292 ) ;
#80 = VECTOR ( 'NONE', #402, 1000.000000000000000 ) ;
#81 = ORIENTED_EDGE ( 'NONE', *, *, #4199, .T. ) ;
#82 = ADVANCED_FACE ( 'NONE', ( #2942 ), #4918, .F. ) ;
#83 = AXIS2_PLACEMENT_3D ( 'NONE', #8277, #4425, #2448 ) ;
#84 = DIRECTION ( 'NONE',  ( -0.000000000000000000, 1.000000000000000000, -0.000000000000000000 ) ) ;
#85 = ORIENTED_EDGE ( 'NONE', *, *, #3108, .F. ) ;
#86 = ORIENTED_EDGE ( 'NONE', *, *, #99, .F. ) ;
#87 = DIRECTION ( 'NONE',  ( -0.000000000000000000, -1.000000000000000000, -0.000000000000000000 ) ) ;
#88 = EDGE_CURVE ( 'NONE', #2850, #7091, #2245, .T. ) ;
#89 = LINE ( 'NONE', #3446, #1771 ) ;
#90 = CYLINDRICAL_SURFACE ( 'NONE', #5807, 0.9999999999999987788 ) ;
#91 = ORIENTED_EDGE ( 'NONE', *, *, #7403, .F. ) ;
#92 = VERTEX_POINT ( 'NONE', #1598 ) ;
#93 = LINE ( 'NONE', #4054, #7345 ) ;
#94 = AXIS2_PLACEMENT_3D ( 'NONE', #7676, #7070, #4258 ) ;
#95 = ORIENTED_EDGE ( 'NONE', *, *, #5120, .F. ) ;
#96 = MANIFOLD_SOLID_BREP ( 'Ô²½Ç8', #8523 ) ;
#97 = ORIENTED_EDGE ( 'NONE', *, *, #2440, .F. ) ;
#98 = EDGE_CURVE ( 'NONE', #3196, #8445, #7646, .T. ) ;
#99 = EDGE_CURVE ( 'NONE', #5759, #4304, #2373, .T. ) ;
#100 = LINE ( 'NONE', #2033, #5355 ) ;
#101 = DIRECTION ( 'NONE',  ( 9.860761315262647568E-32, -0.8660254037844417052, 0.4999999999999947264 ) ) ;
#102 = VERTEX_POINT ( 'NONE', #4359 ) ;
#103 = FACE_OUTER_BOUND ( 'NONE', #7140, .T. ) ;
#104 = CARTESIAN_POINT ( 'NONE',  ( -71.49999999999997158, 16.29999999999998650, -38.00000000000000000 ) ) ;
#105 = CARTESIAN_POINT ( 'NONE',  ( 71.49999999999997158, 16.29999999999999716, -40.00000000000003553 ) ) ;
#106 = ADVANCED_FACE ( 'NONE', ( #6999 ), #6137, .T. ) ;
#107 = ORIENTED_EDGE ( 'NONE', *, *, #7456, .T. ) ;
#108 = CARTESIAN_POINT ( 'NONE',  ( 12.89999999999997726, 21.30000000000000782, 52.59907621135331368 ) ) ;
#109 = DIRECTION ( 'NONE',  ( 0.000000000000000000, -1.000000000000000000, 4.336808689942006396E-16 ) ) ;
#110 = DIRECTION ( 'NONE',  ( 2.660590203048237496E-16, 0.4999999999999948930, 0.8660254037844415942 ) ) ;
#111 = VERTEX_POINT ( 'NONE', #7471 ) ;
#112 = CARTESIAN_POINT ( 'NONE',  ( -56.99999999999998579, 19.24214927615305015, 40.84309881888378158 ) ) ;
#113 = ORIENTED_EDGE ( 'NONE', *, *, #716, .T. ) ;
#114 = ORIENTED_EDGE ( 'NONE', *, *, #661, .T. ) ;
#115 = CARTESIAN_POINT ( 'NONE',  ( 62.00000000000002842, 26.09419410360712277, 39.19646997001229494 ) ) ;
#116 = DIRECTION ( 'NONE',  ( 0.000000000000000000, -0.8660254037844415942, 0.4999999999999951150 ) ) ;
#117 = LINE ( 'NONE', #1493, #4318 ) ;
#118 = LINE ( 'NONE', #2754, #5184 ) ;
#119 = CARTESIAN_POINT ( 'NONE',  ( 75.00000000000000000, 31.00000000000000711, -1.532606157515312262 ) ) ;
#120 = LINE ( 'NONE', #4852, #8344 ) ;
#121 = EDGE_LOOP ( 'NONE', ( #2483, #4781, #1815, #510 ) ) ;
#122 = CARTESIAN_POINT ( 'NONE',  ( 71.49999999999997158, 6.599999999999994316, 0.000000000000000000 ) ) ;
#123 = ADVANCED_FACE ( 'NONE', ( #4688 ), #556, .T. ) ;
#124 = EDGE_LOOP ( 'NONE', ( #1671, #2598, #6465, #3846 ) ) ;
#125 = ORIENTED_EDGE ( 'NONE', *, *, #7281, .F. ) ;
#126 = CARTESIAN_POINT ( 'NONE',  ( 72.99999999999997158, 21.27275866404783855, 35.28286389632266662 ) ) ;
#127 = DIRECTION ( 'NONE',  ( 0.7071067811865466846, 0.6123724356957953585, -0.3535533905932742860 ) ) ;
#128 = DIRECTION ( 'NONE',  ( -1.000000000000000000, 0.000000000000000000, 2.775557561562891351E-16 ) ) ;
#129 = CIRCLE ( 'NONE', #1917, 2.999999999999999112 ) ;
#130 = VERTEX_POINT ( 'NONE', #3115 ) ;
#131 = VERTEX_POINT ( 'NONE', #1250 ) ;
#132 = LINE ( 'NONE', #8154, #5689 ) ;
#133 = EDGE_CURVE ( 'NONE', #775, #8445, #4773, .T. ) ;
#134 = VERTEX_POINT ( 'NONE', #5745 ) ;
#135 = ORIENTED_EDGE ( 'NONE', *, *, #2740, .F. ) ;
#136 = LINE ( 'NONE', #7390, #4941 ) ;
#137 = CARTESIAN_POINT ( 'NONE',  ( -46.51499999999999346, 32.42050166543324963, 39.00807621135344050 ) ) ;
#138 = VERTEX_POINT ( 'NONE', #3881 ) ;
#139 = PLANE ( 'NONE',  #5169 ) ;
#140 = DIRECTION ( 'NONE',  ( -1.000000000000000000, -0.000000000000000000, -0.000000000000000000 ) ) ;
#141 = CARTESIAN_POINT ( 'NONE',  ( -72.99999999999997158, 14.79999999999997939, -39.00000000000000000 ) ) ;
#142 = EDGE_CURVE ( 'NONE', #4068, #3109, #5599, .T. ) ;
#143 = AXIS2_PLACEMENT_3D ( 'NONE', #1418, #4048, #3408 ) ;
#144 = EDGE_CURVE ( 'NONE', #4793, #5148, #2549, .T. ) ;
#145 = VERTEX_POINT ( 'NONE', #7688 ) ;
#146 = DIRECTION ( 'NONE',  ( 0.000000000000000000, -1.000000000000000000, 0.000000000000000000 ) ) ;
#147 = CARTESIAN_POINT ( 'NONE',  ( -55.00000000000000711, -17.32119108839050980, -40.00118301270212839 ) ) ;
#148 = DIRECTION ( 'NONE',  ( -0.7071067811865452413, 0.000000000000000000, -0.7071067811865497932 ) ) ;
#149 = DIRECTION ( 'NONE',  ( 0.000000000000000000, -0.8660254037844378194, 0.5000000000000016653 ) ) ;
#150 = EDGE_CURVE ( 'NONE', #8307, #1202, #5883, .T. ) ;
#151 = FACE_OUTER_BOUND ( 'NONE', #1874, .T. ) ;
#152 = ORIENTED_EDGE ( 'NONE', *, *, #931, .T. ) ;
#153 = CIRCLE ( 'NONE', #6771, 3.509999999999991793 ) ;
#154 = ORIENTED_EDGE ( 'NONE', *, *, #5798, .T. ) ;
#155 = CARTESIAN_POINT ( 'NONE',  ( 52.94999999999998153, 6.599999999999996980, 15.15000000000006253 ) ) ;
#156 = DIRECTION ( 'NONE',  ( -0.000000000000000000, 0.000000000000000000, 1.000000000000000000 ) ) ;
#157 = DIRECTION ( 'NONE',  ( 2.775557561562891351E-16, 0.000000000000000000, 1.000000000000000000 ) ) ;
#158 = DIRECTION ( 'NONE',  ( -1.000000000000000000, -0.000000000000000000, -0.000000000000000000 ) ) ;
#159 = DIRECTION ( 'NONE',  ( 0.7071067811865462405, 0.6123724356957978010, -0.3535533905932708443 ) ) ;
#160 = DIRECTION ( 'NONE',  ( 0.000000000000000000, 0.000000000000000000, 1.000000000000000000 ) ) ;
#161 = VERTEX_POINT ( 'NONE', #6515 ) ;
#162 = AXIS2_PLACEMENT_3D ( 'NONE', #4060, #4229, #3420 ) ;
#163 = VECTOR ( 'NONE', #7239, 999.9999999999998863 ) ;
#164 = CARTESIAN_POINT ( 'NONE',  ( 61.00000000000002842, 26.96021950739157091, 38.69646997001230204 ) ) ;
#165 = ORIENTED_EDGE ( 'NONE', *, *, #7435, .T. ) ;
#166 = ORIENTED_EDGE ( 'NONE', *, *, #6739, .F. ) ;
#167 = LINE ( 'NONE', #2851, #5791 ) ;
#168 = DIRECTION ( 'NONE',  ( 0.000000000000000000, 0.8660254037844425934, -0.4999999999999933942 ) ) ;
#169 = CARTESIAN_POINT ( 'NONE',  ( -71.49999999999997158, 21.29999999999999005, -38.00000000000000000 ) ) ;
#170 = VECTOR ( 'NONE', #8529, 1000.000000000000000 ) ;
#171 = EDGE_CURVE ( 'NONE', #8511, #5134, #8225, .T. ) ;
#172 = ORIENTED_EDGE ( 'NONE', *, *, #7081, .F. ) ;
#173 = CIRCLE ( 'NONE', #8163, 1.000000000000000222 ) ;
#174 = VERTEX_POINT ( 'NONE', #4397 ) ;
#175 = DIRECTION ( 'NONE',  ( 1.000000000000000000, 0.000000000000000000, -2.775557561562891351E-16 ) ) ;
#176 = VECTOR ( 'NONE', #391, 1000.000000000000227 ) ;
#177 = ORIENTED_EDGE ( 'NONE', *, *, #6748, .T. ) ;
#178 = CARTESIAN_POINT ( 'NONE',  ( -56.00000000000000711, -25.62272565862777540, -35.20828979388872426 ) ) ;
#179 = CARTESIAN_POINT ( 'NONE',  ( -60.99999999999998579, 20.89804168090044811, 42.19646997001227362 ) ) ;
#180 = ORIENTED_EDGE ( 'NONE', *, *, #1073, .T. ) ;
#181 = EDGE_CURVE ( 'NONE', #4034, #5976, #3153, .T. ) ;
#182 = CARTESIAN_POINT ( 'NONE',  ( -71.49999999999997158, 22.07179676972450366, 33.66683849253826821 ) ) ;
#183 = CARTESIAN_POINT ( 'NONE',  ( 55.29289321881348229, 28.07989787926464942, 38.05002336060558576 ) ) ;
#184 = AXIS2_PLACEMENT_3D ( 'NONE', #3030, #2247, #4876 ) ;
#185 = DIRECTION ( 'NONE',  ( 0.000000000000000000, -1.000000000000000000, 0.000000000000000000 ) ) ;
#186 = VECTOR ( 'NONE', #5107, 1000.000000000000000 ) ;
#187 = CIRCLE ( 'NONE', #7630, 1.000000000000000222 ) ;
#188 = ORIENTED_EDGE ( 'NONE', *, *, #4138, .T. ) ;
#189 = EDGE_CURVE ( 'NONE', #6024, #4637, #1121, .T. ) ;
#190 = CARTESIAN_POINT ( 'NONE',  ( 46.51499999999998636, -34.72575564171100382, -29.95265298271449694 ) ) ;
#191 = EDGE_CURVE ( 'NONE', #8005, #1363, #2988, .T. ) ;
#192 = LINE ( 'NONE', #2702, #70 ) ;
#193 = CARTESIAN_POINT ( 'NONE',  ( -46.51499999999999346, 35.46025083271663192, 37.25307621135345926 ) ) ;
#194 = VECTOR ( 'NONE', #308, 1000.000000000000000 ) ;
#195 = CARTESIAN_POINT ( 'NONE',  ( 56.07000000000000028, 0.000000000000000000, 12.99000000000000909 ) ) ;
#196 = DIRECTION ( 'NONE',  ( 0.7071067811865446862, 0.3535533905932756182, 0.6123724356957966908 ) ) ;
#197 = VERTEX_POINT ( 'NONE', #5332 ) ;
#198 = AXIS2_PLACEMENT_3D ( 'NONE', #3422, #2737, #832 ) ;
#199 = ORIENTED_EDGE ( 'NONE', *, *, #7466, .F. ) ;
#200 = DIRECTION ( 'NONE',  ( -0.7071067811865450192, -0.000000000000000000, 0.7071067811865500152 ) ) ;
#201 = PLANE ( 'NONE',  #8427 ) ;
#202 = CIRCLE ( 'NONE', #5016, 0.5000000000000004441 ) ;
#203 = CARTESIAN_POINT ( 'NONE',  ( -75.00000000000000000, 18.64833395016074746, 36.79807621135332596 ) ) ;
#204 = EDGE_CURVE ( 'NONE', #4013, #6829, #784, .T. ) ;
#205 = PLANE ( 'NONE',  #6015 ) ;
#206 = CARTESIAN_POINT ( 'NONE',  ( 72.99999999999997158, 31.00000000000000711, -36.00000000000004263 ) ) ;
#207 = ORIENTED_EDGE ( 'NONE', *, *, #6890, .T. ) ;
#208 = CARTESIAN_POINT ( 'NONE',  ( -18.30000000000002913, 6.899999999999999467, -49.99999999999999289 ) ) ;
#209 = VERTEX_POINT ( 'NONE', #4491 ) ;
#210 = ORIENTED_EDGE ( 'NONE', *, *, #1291, .T. ) ;
#211 = CARTESIAN_POINT ( 'NONE',  ( 55.00000000000004263, 18.52471034093874280, 41.25731238125681699 ) ) ;
#212 = VECTOR ( 'NONE', #7577, 1000.000000000000114 ) ;
#213 = EDGE_CURVE ( 'NONE', #7122, #6070, #5088, .T. ) ;
#214 = CARTESIAN_POINT ( 'NONE',  ( 75.00000000000000000, 16.29999999999998650, -39.00000000000004263 ) ) ;
#215 = DIRECTION ( 'NONE',  ( -1.000000000000000000, -0.000000000000000000, -0.000000000000000000 ) ) ;
#216 = ORIENTED_EDGE ( 'NONE', *, *, #7835, .T. ) ;
#217 = VERTEX_POINT ( 'NONE', #1806 ) ;
#218 = LINE ( 'NONE', #6130, #2932 ) ;
#219 = ORIENTED_EDGE ( 'NONE', *, *, #687, .F. ) ;
#220 = EDGE_CURVE ( 'NONE', #5477, #8089, #3708, .T. ) ;
#221 = ORIENTED_EDGE ( 'NONE', *, *, #4555, .F. ) ;
#222 = DIRECTION ( 'NONE',  ( -2.403703357979465494E-16, -0.4999999999999947264, -0.8660254037844417052 ) ) ;
#223 = LINE ( 'NONE', #4830, #7460 ) ;
#224 = CARTESIAN_POINT ( 'NONE',  ( 71.49999999999997158, 0.000000000000000000, 0.000000000000000000 ) ) ;
#225 = VECTOR ( 'NONE', #551, 1000.000000000000000 ) ;
#226 = FACE_BOUND ( 'NONE', #1652, .T. ) ;
#227 = VECTOR ( 'NONE', #767, 1000.000000000000000 ) ;
#228 = CARTESIAN_POINT ( 'NONE',  ( -17.80000000000002558, 21.10000000000000142, -49.99999999999999289 ) ) ;
#229 = AXIS2_PLACEMENT_3D ( 'NONE', #7756, #5768, #5810 ) ;
#230 = ADVANCED_FACE ( 'NONE', ( #8461, #7172 ), #7725, .T. ) ;
#231 =( BOUNDED_CURVE ( )  B_SPLINE_CURVE ( 3, ( #5187, #5961, #4667, #6572 ),
 .UNSPECIFIED., .F., .T. ) 
 B_SPLINE_CURVE_WITH_KNOTS ( ( 4, 4 ),
 ( 1.570796326794897224, 3.141592653589788675 ),
 .UNSPECIFIED. ) 
 CURVE ( )  GEOMETRIC_REPRESENTATION_ITEM ( )  RATIONAL_B_SPLINE_CURVE ( ( 1.000000000000000000, 0.8047378541243661587, 0.8047378541243661587, 1.000000000000000000 ) ) 
 REPRESENTATION_ITEM ( '' )  );
#232 = CIRCLE ( 'NONE', #7270, 1.900000000000002576 ) ;
#233 = ORIENTED_EDGE ( 'NONE', *, *, #7571, .F. ) ;
#234 = EDGE_CURVE ( 'NONE', #3761, #7208, #1169, .T. ) ;
#235 = LINE ( 'NONE', #2701, #714 ) ;
#236 = FACE_OUTER_BOUND ( 'NONE', #3930, .T. ) ;
#237 = DIRECTION ( 'NONE',  ( 0.000000000000000000, 1.000000000000000000, 0.000000000000000000 ) ) ;
#238 = FACE_OUTER_BOUND ( 'NONE', #2528, .T. ) ;
#239 = EDGE_CURVE ( 'NONE', #8072, #277, #8500, .T. ) ;
#240 = ORIENTED_EDGE ( 'NONE', *, *, #7222, .F. ) ;
#241 = ORIENTED_EDGE ( 'NONE', *, *, #3094, .T. ) ;
#242 = CYLINDRICAL_SURFACE ( 'NONE', #4488, 1.000000000000000222 ) ;
#243 = CARTESIAN_POINT ( 'NONE',  ( -49.80000000000002558, 26.20000000000000284, -49.99999999999999289 ) ) ;
#244 = LINE ( 'NONE', #5371, #2390 ) ;
#245 = CARTESIAN_POINT ( 'NONE',  ( -71.49999999999997158, 0.000000000000000000, 0.000000000000000000 ) ) ;
#246 = DIRECTION ( 'NONE',  ( 0.000000000000000000, -0.8660254037844397068, 0.4999999999999981681 ) ) ;
#247 = ORIENTED_EDGE ( 'NONE', *, *, #7827, .F. ) ;
#248 = CYLINDRICAL_SURFACE ( 'NONE', #7337, 1.900000000000005240 ) ;
#249 = EDGE_CURVE ( 'NONE', #924, #5070, #7771, .T. ) ;
#250 = EDGE_CURVE ( 'NONE', #823, #4789, #187, .T. ) ;
#251 = ORIENTED_EDGE ( 'NONE', *, *, #3830, .T. ) ;
#252 = DIRECTION ( 'NONE',  ( 4.625929269271487023E-17, 0.000000000000000000, -1.000000000000000000 ) ) ;
#253 = DIRECTION ( 'NONE',  ( -0.000000000000000000, 1.000000000000000000, 8.673617379884027583E-16 ) ) ;
#254 = CARTESIAN_POINT ( 'NONE',  ( -65.99999999999998579, 20.89804168090042324, 42.19646997001229494 ) ) ;
#255 = ORIENTED_EDGE ( 'NONE', *, *, #7374, .T. ) ;
#256 = ORIENTED_EDGE ( 'NONE', *, *, #3719, .T. ) ;
#257 = DIRECTION ( 'NONE',  ( -0.7071067811865489050, 0.6123724356957955806, -0.3535533905932691789 ) ) ;
#258 = ADVANCED_FACE ( 'NONE', ( #2879 ), #7367, .F. ) ;
#259 = VECTOR ( 'NONE', #1587, 1000.000000000000000 ) ;
#260 = ORIENTED_EDGE ( 'NONE', *, *, #8351, .T. ) ;
#261 = ORIENTED_EDGE ( 'NONE', *, *, #2144, .T. ) ;
#262 = CARTESIAN_POINT ( 'NONE',  ( 75.00000000000000000, 6.599999999999999645, 34.19999999999996732 ) ) ;
#263 = DIRECTION ( 'NONE',  ( 2.220446049250313081E-16, 0.4999999999999947820, 0.8660254037844417052 ) ) ;
#264 = CARTESIAN_POINT ( 'NONE',  ( 58.99999999999995737, 9.599999999999999645, -49.99999999999999289 ) ) ;
#265 = ORIENTED_EDGE ( 'NONE', *, *, #5607, .F. ) ;
#266 = CARTESIAN_POINT ( 'NONE',  ( 56.00000000000002132, -25.62272565862776830, -35.20828979388875979 ) ) ;
#267 = ORIENTED_EDGE ( 'NONE', *, *, #3120, .T. ) ;
#268 = FACE_OUTER_BOUND ( 'NONE', #7763, .T. ) ;
#269 = ORIENTED_EDGE ( 'NONE', *, *, #694, .T. ) ;
#270 = DIRECTION ( 'NONE',  ( -4.625929269271485791E-17, 0.000000000000000000, 1.000000000000000000 ) ) ;
#271 = LINE ( 'NONE', #2255, #80 ) ;
#272 = EDGE_CURVE ( 'NONE', #5723, #1583, #598, .T. ) ;
#273 = CARTESIAN_POINT ( 'NONE',  ( 34.94999999999996732, 32.00000000000000711, -46.50000000000000000 ) ) ;
#274 = CARTESIAN_POINT ( 'NONE',  ( -69.99999999999998579, 0.000000000000000000, 45.00000000000001421 ) ) ;
#275 = CARTESIAN_POINT ( 'NONE',  ( -27.00000000000002487, 25.69999999999999929, -47.99999999999999289 ) ) ;
#276 = VERTEX_POINT ( 'NONE', #280 ) ;
#277 = VERTEX_POINT ( 'NONE', #3397 ) ;
#278 = CARTESIAN_POINT ( 'NONE',  ( -72.99999999999997158, 21.29999999999999005, -38.00000000000000000 ) ) ;
#279 = FACE_OUTER_BOUND ( 'NONE', #7419, .T. ) ;
#280 = CARTESIAN_POINT ( 'NONE',  ( 61.99999999999997868, 21.30000000000000071, -46.50000000000000000 ) ) ;
#281 = LINE ( 'NONE', #7663, #5181 ) ;
#282 = ADVANCED_FACE ( 'NONE', ( #1533 ), #3561, .T. ) ;
#283 = CARTESIAN_POINT ( 'NONE',  ( 11.89999999999998082, 21.30000000000000782, -46.50000000000000000 ) ) ;
#284 = VERTEX_POINT ( 'NONE', #936 ) ;
#285 = DIRECTION ( 'NONE',  ( -1.000000000000000000, 7.288754100742888174E-17, 0.000000000000000000 ) ) ;
#286 = AXIS2_PLACEMENT_3D ( 'NONE', #698, #7268, #3373 ) ;
#287 = ORIENTED_EDGE ( 'NONE', *, *, #3613, .F. ) ;
#288 = LINE ( 'NONE', #982, #835 ) ;
#289 = DIRECTION ( 'NONE',  ( 1.000000000000000000, -0.000000000000000000, -0.000000000000000000 ) ) ;
#290 = DIRECTION ( 'NONE',  ( 0.000000000000000000, -0.8660254037844408170, 0.4999999999999962252 ) ) ;
#291 = DIRECTION ( 'NONE',  ( -0.000000000000000000, -1.734723475976805517E-15, 1.000000000000000000 ) ) ;
#292 = EDGE_CURVE ( 'NONE', #5423, #7940, #8101, .T. ) ;
#293 = ADVANCED_FACE ( 'NONE', ( #5416, #1449 ), #2264, .F. ) ;
#294 = CIRCLE ( 'NONE', #709, 1.900000000000004130 ) ;
#295 = VERTEX_POINT ( 'NONE', #8140 ) ;
#296 = VERTEX_POINT ( 'NONE', #203 ) ;
#297 = CARTESIAN_POINT ( 'NONE',  ( 72.99999999999997158, 2.000000000000000000, -45.00000000000000000 ) ) ;
#298 = VECTOR ( 'NONE', #4964, 1000.000000000000114 ) ;
#299 = ORIENTED_EDGE ( 'NONE', *, *, #6578, .T. ) ;
#300 = ORIENTED_EDGE ( 'NONE', *, *, #1434, .F. ) ;
#301 = VECTOR ( 'NONE', #6369, 1000.000000000000114 ) ;
#302 = CARTESIAN_POINT ( 'NONE',  ( 69.99999999999997158, 0.000000000000000000, -45.00000000000000000 ) ) ;
#303 = LINE ( 'NONE', #2197, #6491 ) ;
#304 = SURFACE_STYLE_USAGE ( .BOTH. , #997 ) ;
#305 = VECTOR ( 'NONE', #3033, 1000.000000000000000 ) ;
#306 = ADVANCED_FACE ( 'NONE', ( #2842 ), #2753, .F. ) ;
#307 = VERTEX_POINT ( 'NONE', #2178 ) ;
#308 = DIRECTION ( 'NONE',  ( -2.403703357979464508E-16, -0.4999999999999947264, -0.8660254037844417052 ) ) ;
#309 = ORIENTED_EDGE ( 'NONE', *, *, #4127, .T. ) ;
#310 = DIRECTION ( 'NONE',  ( -0.7071067811865483499, -0.6123724356957945814, 0.3535533905932720655 ) ) ;
#311 = AXIS2_PLACEMENT_3D ( 'NONE', #4578, #7863, #8467 ) ;
#312 = ORIENTED_EDGE ( 'NONE', *, *, #320, .F. ) ;
#313 = CARTESIAN_POINT ( 'NONE',  ( 69.99999999999997158, 37.00000000000000711, -45.00000000000000000 ) ) ;
#314 = EDGE_CURVE ( 'NONE', #4177, #5932, #2137, .T. ) ;
#315 = PLANE ( 'NONE',  #3378 ) ;
#316 = AXIS2_PLACEMENT_3D ( 'NONE', #274, #2258, #4888 ) ;
#317 = DIRECTION ( 'NONE',  ( 0.000000000000000000, 1.000000000000000000, 0.000000000000000000 ) ) ;
#318 = CARTESIAN_POINT ( 'NONE',  ( 57.29289321881350361, 19.62977684045722526, 42.92870301704589764 ) ) ;
#319 = ORIENTED_EDGE ( 'NONE', *, *, #5935, .F. ) ;
#320 = EDGE_CURVE ( 'NONE', #5226, #3079, #808, .T. ) ;
#321 = ORIENTED_EDGE ( 'NONE', *, *, #6365, .T. ) ;
#322 = DIRECTION ( 'NONE',  ( 0.000000000000000000, 0.8660254037844425934, -0.4999999999999933942 ) ) ;
#323 = DIRECTION ( 'NONE',  ( 0.000000000000000000, -1.000000000000000000, -1.084202172485503448E-16 ) ) ;
#324 = CARTESIAN_POINT ( 'NONE',  ( -60.65685424949240456, -13.64695647421573810, -42.12250335626173836 ) ) ;
#325 = AXIS2_PLACEMENT_3D ( 'NONE', #2267, #3049, #3646 ) ;
#326 = CARTESIAN_POINT ( 'NONE',  ( 60.65685424949242588, 32.36650492913521049, 35.57514962645270629 ) ) ;
#327 = CARTESIAN_POINT ( 'NONE',  ( 60.99999999999995026, 16.29999999999999716, -46.50000000000000000 ) ) ;
#328 = EDGE_LOOP ( 'NONE', ( #4704, #2418, #5434, #3632 ) ) ;
#329 = DIRECTION ( 'NONE',  ( 0.000000000000000000, 1.000000000000000000, 0.000000000000000000 ) ) ;
#330 = AXIS2_PLACEMENT_3D ( 'NONE', #8352, #2910, #7657 ) ;
#331 = VECTOR ( 'NONE', #7574, 1000.000000000000000 ) ;
#332 = ORIENTED_EDGE ( 'NONE', *, *, #1850, .T. ) ;
#333 = ADVANCED_FACE ( 'NONE', ( #6027 ), #6675, .F. ) ;
#334 = DIRECTION ( 'NONE',  ( -2.403703357979465987E-16, -0.4999999999999947820, -0.8660254037844417052 ) ) ;
#335 = CARTESIAN_POINT ( 'NONE',  ( -64.99999999999998579, 25.09419410360710145, 37.46441916244348391 ) ) ;
#336 = LINE ( 'NONE', #2929, #3016 ) ;
#337 = LINE ( 'NONE', #2277, #8088 ) ;
#338 = EDGE_CURVE ( 'NONE', #7301, #6697, #6115, .T. ) ;
#339 = LINE ( 'NONE', #4949, #3370 ) ;
#340 = VECTOR ( 'NONE', #3059, 1000.000000000000000 ) ;
#341 = ORIENTED_EDGE ( 'NONE', *, *, #3396, .F. ) ;
#342 = ORIENTED_EDGE ( 'NONE', *, *, #5760, .F. ) ;
#343 = DIRECTION ( 'NONE',  ( -4.625929269271486407E-17, -0.000000000000000000, 1.000000000000000000 ) ) ;
#344 = ORIENTED_EDGE ( 'NONE', *, *, #8521, .F. ) ;
#345 = EDGE_CURVE ( 'NONE', #7031, #823, #117, .T. ) ;
#346 = AXIS2_PLACEMENT_3D ( 'NONE', #8261, #7525, #6227 ) ;
#347 = EDGE_LOOP ( 'NONE', ( #2976, #7342, #7427, #493 ) ) ;
#348 = CYLINDRICAL_SURFACE ( 'NONE', #5548, 0.9999999999999987788 ) ;
#349 = CARTESIAN_POINT ( 'NONE',  ( 15.89999999999998970, 31.00000000000000711, -47.99999999999999289 ) ) ;
#350 = DIRECTION ( 'NONE',  ( -0.000000000000000000, -1.000000000000000000, -0.000000000000000000 ) ) ;
#351 = ORIENTED_EDGE ( 'NONE', *, *, #2461, .F. ) ;
#352 = CARTESIAN_POINT ( 'NONE',  ( 34.94999999999996732, 32.00000000000000711, -46.50000000000000000 ) ) ;
#353 = VECTOR ( 'NONE', #2434, 1000.000000000000000 ) ;
#354 = ORIENTED_EDGE ( 'NONE', *, *, #3922, .T. ) ;
#355 = LINE ( 'NONE', #1643, #2226 ) ;
#356 = VECTOR ( 'NONE', #2533, 1000.000000000000000 ) ;
#357 = EDGE_CURVE ( 'NONE', #1173, #6263, #4162, .T. ) ;
#358 = EDGE_CURVE ( 'NONE', #385, #5650, #244, .T. ) ;
#359 = ORIENTED_EDGE ( 'NONE', *, *, #6536, .F. ) ;
#360 = AXIS2_PLACEMENT_3D ( 'NONE', #6677, #2755, #5634 ) ;
#361 = CARTESIAN_POINT ( 'NONE',  ( 72.99999999999997158, 16.29999999999999716, -38.00000000000003553 ) ) ;
#362 = CARTESIAN_POINT ( 'NONE',  ( 60.99999999999995026, 21.30000000000000071, -46.50000000000000000 ) ) ;
#363 = CYLINDRICAL_SURFACE ( 'NONE', #4466, 0.9999999999999987788 ) ;
#364 = CIRCLE ( 'NONE', #3661, 2.999999999999999112 ) ;
#365 = LINE ( 'NONE', #6966, #2249 ) ;
#366 = CIRCLE ( 'NONE', #7674, 1.899999999999999023 ) ;
#367 = EDGE_CURVE ( 'NONE', #656, #6661, #3495, .T. ) ;
#368 = VERTEX_POINT ( 'NONE', #6847 ) ;
#369 = ORIENTED_EDGE ( 'NONE', *, *, #4585, .T. ) ;
#370 = DIRECTION ( 'NONE',  ( -4.625929269271485791E-17, 0.000000000000000000, 1.000000000000000000 ) ) ;
#371 = LINE ( 'NONE', #8182, #6903 ) ;
#372 = DIRECTION ( 'NONE',  ( 4.625929269271486407E-17, 0.000000000000000000, -1.000000000000000000 ) ) ;
#373 = PLANE ( 'NONE',  #6820 ) ;
#374 = DIRECTION ( 'NONE',  ( 2.403703357979463522E-16, 0.4999999999999947820, 0.8660254037844418162 ) ) ;
#375 = ORIENTED_EDGE ( 'NONE', *, *, #6709, .T. ) ;
#376 = CARTESIAN_POINT ( 'NONE',  ( 55.00000000000004263, 19.16599087333158380, 43.19646997001225941 ) ) ;
#377 = ORIENTED_EDGE ( 'NONE', *, *, #3805, .T. ) ;
#378 = CARTESIAN_POINT ( 'NONE',  ( 46.51500000000001478, 11.92168035785549307, 50.84307621135329924 ) ) ;
#379 = DIRECTION ( 'NONE',  ( -0.000000000000000000, 1.000000000000000000, -0.000000000000000000 ) ) ;
#380 = DIRECTION ( 'NONE',  ( 2.403703357979464508E-16, 0.4999999999999947264, 0.8660254037844417052 ) ) ;
#381 = DIRECTION ( 'NONE',  ( -2.403703357979464015E-16, -0.4999999999999947264, -0.8660254037844417052 ) ) ;
#382 = CARTESIAN_POINT ( 'NONE',  ( 39.94999999999996732, 30.00000000000000711, -46.50000000000000000 ) ) ;
#383 = ORIENTED_EDGE ( 'NONE', *, *, #2767, .T. ) ;
#384 = ADVANCED_FACE ( 'NONE', ( #2220 ), #6719, .F. ) ;
#385 = VERTEX_POINT ( 'NONE', #3686 ) ;
#386 = CARTESIAN_POINT ( 'NONE',  ( -72.99999999999997158, 30.00000000000001421, -6.532606157515309597 ) ) ;
#387 = ORIENTED_EDGE ( 'NONE', *, *, #678, .T. ) ;
#388 = ORIENTED_EDGE ( 'NONE', *, *, #75, .F. ) ;
#389 = CARTESIAN_POINT ( 'NONE',  ( 67.00000000000001421, 25.09419410360710501, 37.46441916244342707 ) ) ;
#390 = AXIS2_PLACEMENT_3D ( 'NONE', #5570, #2900, #8208 ) ;
#391 = DIRECTION ( 'NONE',  ( -0.7071067811865453523, -9.658541207454354473E-17, -0.7071067811865496822 ) ) ;
#392 = DIRECTION ( 'NONE',  ( 1.000000000000000000, 0.000000000000000000, 0.000000000000000000 ) ) ;
#393 = CARTESIAN_POINT ( 'NONE',  ( 58.00000000000004263, 19.24214927615304305, 40.84309881888375315 ) ) ;
#394 = ORIENTED_EDGE ( 'NONE', *, *, #3316, .T. ) ;
#395 = EDGE_CURVE ( 'NONE', #5226, #276, #3131, .T. ) ;
#396 = DIRECTION ( 'NONE',  ( 0.000000000000000000, 0.8660254037844425934, -0.4999999999999933942 ) ) ;
#397 = ORIENTED_EDGE ( 'NONE', *, *, #6354, .F. ) ;
#398 = AXIS2_PLACEMENT_3D ( 'NONE', #6037, #127, #4741 ) ;
#399 = DIRECTION ( 'NONE',  ( 1.000000000000000000, 0.000000000000000000, -0.000000000000000000 ) ) ;
#400 = ORIENTED_EDGE ( 'NONE', *, *, #2485, .T. ) ;
#401 = LINE ( 'NONE', #2433, #7922 ) ;
#402 = DIRECTION ( 'NONE',  ( -4.625929269271486407E-17, -3.421138828918010427E-49, 1.000000000000000000 ) ) ;
#403 = EDGE_CURVE ( 'NONE', #7940, #2109, #5673, .T. ) ;
#404 = LINE ( 'NONE', #4327, #6808 ) ;
#405 = ADVANCED_FACE ( 'NONE', ( #6323 ), #410, .F. ) ;
#406 = CARTESIAN_POINT ( 'NONE',  ( -65.99999999999998579, 26.96021950739153183, 38.69646997001235889 ) ) ;
#407 = EDGE_LOOP ( 'NONE', ( #4508, #2980, #166, #8203 ) ) ;
#408 = DIRECTION ( 'NONE',  ( 0.000000000000000000, 0.000000000000000000, -1.000000000000000000 ) ) ;
#409 = DIRECTION ( 'NONE',  ( 0.000000000000000000, -0.5000000000000001110, -0.8660254037844385966 ) ) ;
#410 = CYLINDRICAL_SURFACE ( 'NONE', #5471, 1.899999999999999023 ) ;
#411 = LINE ( 'NONE', #3562, #4338 ) ;
#412 = DIRECTION ( 'NONE',  ( -1.000000000000000000, -0.000000000000000000, 2.775557561562891844E-16 ) ) ;
#413 = ADVANCED_FACE ( 'NONE', ( #3045 ), #2395, .F. ) ;
#414 = VERTEX_POINT ( 'NONE', #2441 ) ;
#415 = CARTESIAN_POINT ( 'NONE',  ( 62.99999999999994316, 21.30000000000000071, -46.50000000000000000 ) ) ;
#416 = VECTOR ( 'NONE', #5028, 1000.000000000000000 ) ;
#417 = ORIENTED_EDGE ( 'NONE', *, *, #7913, .T. ) ;
#418 = CARTESIAN_POINT ( 'NONE',  ( 56.07000000000000028, 5.000000000000000000, 16.49000000000001620 ) ) ;
#419 = FACE_OUTER_BOUND ( 'NONE', #7383, .T. ) ;
#420 = CARTESIAN_POINT ( 'NONE',  ( -56.07000000000000028, 5.000000000000000000, -44.43999999999999062 ) ) ;
#421 = CARTESIAN_POINT ( 'NONE',  ( 12.89999999999997904, 21.30000000000000782, -46.50000000000000000 ) ) ;
#422 = DIRECTION ( 'NONE',  ( -1.000000000000000000, -0.000000000000000000, -4.625929269271485791E-17 ) ) ;
#423 = ORIENTED_EDGE ( 'NONE', *, *, #8052, .F. ) ;
#424 = ORIENTED_EDGE ( 'NONE', *, *, #1109, .F. ) ;
#425 = VECTOR ( 'NONE', #3756, 1000.000000000000000 ) ;
#426 = CARTESIAN_POINT ( 'NONE',  ( -70.00000000000001421, 2.000000000000000000, -45.00000000000000711 ) ) ;
#427 = ORIENTED_EDGE ( 'NONE', *, *, #7104, .F. ) ;
#428 = ORIENTED_EDGE ( 'NONE', *, *, #1402, .F. ) ;
#429 = DIRECTION ( 'NONE',  ( 0.7071067811865474617, -0.7071067811865474617, 0.000000000000000000 ) ) ;
#430 = EDGE_CURVE ( 'NONE', #1507, #3517, #5065, .T. ) ;
#431 = CIRCLE ( 'NONE', #980, 3.500000000000003109 ) ;
#432 = LINE ( 'NONE', #4395, #7073 ) ;
#433 = DIRECTION ( 'NONE',  ( 0.000000000000000000, 0.8660254037844414832, -0.4999999999999949485 ) ) ;
#434 = CARTESIAN_POINT ( 'NONE',  ( 11.89999999999998082, 21.30000000000000782, -46.50000000000000000 ) ) ;
#435 = ORIENTED_EDGE ( 'NONE', *, *, #358, .F. ) ;
#436 = CARTESIAN_POINT ( 'NONE',  ( -72.99999999999997158, 22.80000000000000782, -41.50000000000000000 ) ) ;
#437 = VERTEX_POINT ( 'NONE', #8398 ) ;
#438 = DIRECTION ( 'NONE',  ( 0.7071067811865459074, 0.7071067811865491270, -3.973492185398486682E-16 ) ) ;
#439 = CIRCLE ( 'NONE', #7746, 3.000000000000002665 ) ;
#440 = ORIENTED_EDGE ( 'NONE', *, *, #8542, .F. ) ;
#441 = ADVANCED_FACE ( 'NONE', ( #7662 ), #8355, .F. ) ;
#442 = ORIENTED_EDGE ( 'NONE', *, *, #4243, .F. ) ;
#443 = FACE_OUTER_BOUND ( 'NONE', #6923, .T. ) ;
#444 = LINE ( 'NONE', #1738, #5996 ) ;
#445 = CARTESIAN_POINT ( 'NONE',  ( -60.65685424949240456, -13.64695647421574520, -42.12250335626173836 ) ) ;
#446 = AXIS2_PLACEMENT_3D ( 'NONE', #5574, #4795, #6222 ) ;
#447 = CARTESIAN_POINT ( 'NONE',  ( 58.99999999999995737, 6.600000000000000533, -49.99999999999999289 ) ) ;
#448 = ADVANCED_FACE ( 'NONE', ( #4375, #4334 ), #1143, .T. ) ;
#449 = ADVANCED_FACE ( 'NONE', ( #1619 ), #7538, .F. ) ;
#450 = VECTOR ( 'NONE', #872, 1000.000000000000114 ) ;
#451 = EDGE_LOOP ( 'NONE', ( #8146, #2479, #2191, #7382 ) ) ;
#452 = LINE ( 'NONE', #4542, #4279 ) ;
#453 = CYLINDRICAL_SURFACE ( 'NONE', #8095, 0.9999999999999987788 ) ;
#454 = DIRECTION ( 'NONE',  ( 0.000000000000000000, -0.000000000000000000, 1.000000000000000000 ) ) ;
#455 = ORIENTED_EDGE ( 'NONE', *, *, #8066, .F. ) ;
#456 = CIRCLE ( 'NONE', #1008, 0.5000000000000000000 ) ;
#457 = PLANE ( 'NONE',  #4713 ) ;
#458 = VERTEX_POINT ( 'NONE', #6883 ) ;
#459 = EDGE_CURVE ( 'NONE', #5687, #4747, #3271, .T. ) ;
#460 = EDGE_CURVE ( 'NONE', #8445, #1412, #3599, .T. ) ;
#461 = VECTOR ( 'NONE', #7750, 1000.000000000000000 ) ;
#462 = CARTESIAN_POINT ( 'NONE',  ( 67.00000000000001421, 25.09419410360711211, 37.46441916244344128 ) ) ;
#463 = CARTESIAN_POINT ( 'NONE',  ( 75.00000000000002842, 22.57179676972449656, 34.53286389632265951 ) ) ;
#464 = CARTESIAN_POINT ( 'NONE',  ( 56.07000000000000028, 5.000000000000000000, -44.43999999999999062 ) ) ;
#465 = CARTESIAN_POINT ( 'NONE',  ( -69.99999999999997158, 6.846032805709870495, 48.00000000000000711 ) ) ;
#466 = LINE ( 'NONE', #2975, #6958 ) ;
#467 = ORIENTED_EDGE ( 'NONE', *, *, #1216, .F. ) ;
#468 = VERTEX_POINT ( 'NONE', #1699 ) ;
#469 = AXIS2_PLACEMENT_3D ( 'NONE', #6703, #7308, #4064 ) ;
#470 = LINE ( 'NONE', #1032, #1551 ) ;
#471 = ORIENTED_EDGE ( 'NONE', *, *, #6092, .T. ) ;
#472 = ORIENTED_EDGE ( 'NONE', *, *, #622, .F. ) ;
#473 = CARTESIAN_POINT ( 'NONE',  ( -46.51499999999999346, 37.10569909990707060, 36.30307621135347773 ) ) ;
#474 = FACE_OUTER_BOUND ( 'NONE', #8198, .T. ) ;
#475 = LINE ( 'NONE', #7724, #3595 ) ;
#476 = CARTESIAN_POINT ( 'NONE',  ( 61.00000000000002842, 25.09419410360713343, 37.46441916244341286 ) ) ;
#477 = CIRCLE ( 'NONE', #65, 2.999999999999999112 ) ;
#478 = EDGE_LOOP ( 'NONE', ( #7694, #7008, #3550, #484 ) ) ;
#479 = AXIS2_PLACEMENT_3D ( 'NONE', #1187, #2653, #6621 ) ;
#480 = CARTESIAN_POINT ( 'NONE',  ( 75.00000000000002842, 9.600000000000001421, 34.19999999999996732 ) ) ;
#481 = ORIENTED_EDGE ( 'NONE', *, *, #4663, .T. ) ;
#482 = DIRECTION ( 'NONE',  ( 0.000000000000000000, 0.000000000000000000, 1.000000000000000000 ) ) ;
#483 = ADVANCED_FACE ( 'NONE', ( #6238 ), #453, .F. ) ;
#484 = ORIENTED_EDGE ( 'NONE', *, *, #1036, .T. ) ;
#485 = ORIENTED_EDGE ( 'NONE', *, *, #2321, .T. ) ;
#486 = AXIS2_PLACEMENT_3D ( 'NONE', #6915, #3679, #4238 ) ;
#487 = DIRECTION ( 'NONE',  ( 0.000000000000000000, 0.000000000000000000, 1.000000000000000000 ) ) ;
#488 = DIRECTION ( 'NONE',  ( 0.000000000000000000, 0.000000000000000000, -1.000000000000000000 ) ) ;
#489 = FACE_OUTER_BOUND ( 'NONE', #3391, .T. ) ;
#490 = DIRECTION ( 'NONE',  ( 0.7071067811865475727, -0.7071067811865475727, 0.000000000000000000 ) ) ;
#491 = EDGE_CURVE ( 'NONE', #6346, #4627, #3544, .T. ) ;
#492 = EDGE_CURVE ( 'NONE', #217, #2411, #7576, .T. ) ;
#493 = ORIENTED_EDGE ( 'NONE', *, *, #4094, .F. ) ;
#494 = CARTESIAN_POINT ( 'NONE',  ( 60.65685424949243298, 15.49175625915679966, 45.31779031357184806 ) ) ;
#495 = CARTESIAN_POINT ( 'NONE',  ( -72.99999999999997158, 2.000000000000001776, 45.00000000000000000 ) ) ;
#496 = LINE ( 'NONE', #1019, #4178 ) ;
#497 = EDGE_LOOP ( 'NONE', ( #207, #4683, #3647, #8113, #4215, #7298, #7559, #3557, #3298, #7498 ) ) ;
#498 = EDGE_CURVE ( 'NONE', #7072, #4034, #3644, .T. ) ;
#499 = AXIS2_PLACEMENT_3D ( 'NONE', #8368, #2318, #8196 ) ;
#500 = PLANE ( 'NONE',  #4287 ) ;
#501 = CIRCLE ( 'NONE', #1529, 3.000000000000002665 ) ;
#502 = EDGE_LOOP ( 'NONE', ( #1595, #4943, #1528, #562 ) ) ;
#503 = CARTESIAN_POINT ( 'NONE',  ( 13.89999999999998082, 16.30000000000000426, -48.00000000000000000 ) ) ;
#504 = PLANE ( 'NONE',  #5323 ) ;
#505 = DIRECTION ( 'NONE',  ( 2.403703357979463522E-16, 0.4999999999999947820, 0.8660254037844418162 ) ) ;
#506 = CARTESIAN_POINT ( 'NONE',  ( 72.99999999999997158, 9.600000000000001421, 34.19999999999996732 ) ) ;
#507 = DIRECTION ( 'NONE',  ( 0.000000000000000000, -1.365923996832131116E-16, -1.000000000000000000 ) ) ;
#508 = EDGE_LOOP ( 'NONE', ( #5188, #1186, #585, #8077, #2, #4524, #7316, #5953, #4659, #853, #37, #8018, #6296, #5646, #3918, #309, #4661, #6489, #7659, #5906, #5822, #1308, #5979, #5196, #2817, #5303 ) ) ;
#509 = EDGE_CURVE ( 'NONE', #8346, #5280, #2349, .T. ) ;
#510 = ORIENTED_EDGE ( 'NONE', *, *, #6044, .F. ) ;
#511 = EDGE_CURVE ( 'NONE', #3245, #6568, #1355, .T. ) ;
#512 = DIRECTION ( 'NONE',  ( 1.770125995894701202E-16, 1.000000000000000000, 0.000000000000000000 ) ) ;
#513 = VERTEX_POINT ( 'NONE', #3169 ) ;
#514 = ORIENTED_EDGE ( 'NONE', *, *, #1015, .F. ) ;
#515 = LINE ( 'NONE', #4999, #225 ) ;
#516 = LINE ( 'NONE', #1723, #869 ) ;
#517 = CARTESIAN_POINT ( 'NONE',  ( -69.99999999999997158, 2.000000000000001776, -48.00000000000000000 ) ) ;
#518 = CARTESIAN_POINT ( 'NONE',  ( 61.00000000000004263, 20.89804168090045167, 42.19646997001223809 ) ) ;
#519 = EDGE_LOOP ( 'NONE', ( #6074, #177, #38, #7938, #2613, #5325 ) ) ;
#520 = FACE_OUTER_BOUND ( 'NONE', #3935, .T. ) ;
#521 = ORIENTED_EDGE ( 'NONE', *, *, #875, .F. ) ;
#522 = EDGE_CURVE ( 'NONE', #8442, #3603, #1829, .T. ) ;
#523 = LINE ( 'NONE', #4924, #4160 ) ;
#524 = ORIENTED_EDGE ( 'NONE', *, *, #142, .F. ) ;
#525 = ORIENTED_EDGE ( 'NONE', *, *, #3155, .F. ) ;
#526 = ORIENTED_EDGE ( 'NONE', *, *, #5048, .T. ) ;
#527 = PLANE ( 'NONE',  #4067 ) ;
#528 = FACE_OUTER_BOUND ( 'NONE', #4858, .T. ) ;
#529 = CARTESIAN_POINT ( 'NONE',  ( 15.89999999999998792, 28.00000000000000711, -47.99999999999999289 ) ) ;
#530 = VERTEX_POINT ( 'NONE', #5928 ) ;
#531 = VECTOR ( 'NONE', #4541, 1000.000000000000000 ) ;
#532 = ADVANCED_FACE ( 'NONE', ( #5891 ), #6490, .T. ) ;
#533 = CARTESIAN_POINT ( 'NONE',  ( -72.99999999999997158, 26.40192378864669820, 31.16683849253827177 ) ) ;
#534 = CARTESIAN_POINT ( 'NONE',  ( 46.51500000000000767, 35.46025083271662481, 37.25307621135344505 ) ) ;
#535 = DIRECTION ( 'NONE',  ( -1.000000000000000000, 0.000000000000000000, 0.000000000000000000 ) ) ;
#536 = ORIENTED_EDGE ( 'NONE', *, *, #5456, .F. ) ;
#537 = CARTESIAN_POINT ( 'NONE',  ( -45.99999999999997868, 27.82013071988494701, 38.20000000000010942 ) ) ;
#538 = ORIENTED_EDGE ( 'NONE', *, *, #3765, .F. ) ;
#539 = DIRECTION ( 'NONE',  ( 2.403703357979463522E-16, 0.4999999999999947820, 0.8660254037844418162 ) ) ;
#540 = CARTESIAN_POINT ( 'NONE',  ( 56.07000000000000028, 5.000000000000000000, 12.99000000000000909 ) ) ;
#541 = EDGE_CURVE ( 'NONE', #2109, #911, #3299, .T. ) ;
#542 = CARTESIAN_POINT ( 'NONE',  ( -72.99999999999997158, 70.38072758308067023, 9.817116167511407809 ) ) ;
#543 = CARTESIAN_POINT ( 'NONE',  ( 15.89999999999998437, 28.00000000000000711, 52.59907621135331368 ) ) ;
#544 = FACE_OUTER_BOUND ( 'NONE', #7320, .T. ) ;
#545 = VERTEX_POINT ( 'NONE', #6582 ) ;
#546 = EDGE_LOOP ( 'NONE', ( #7726, #5835, #4337, #5211, #7066, #5905 ) ) ;
#547 = AXIS2_PLACEMENT_3D ( 'NONE', #7378, #87, #1980 ) ;
#548 = LINE ( 'NONE', #594, #5816 ) ;
#549 = ORIENTED_EDGE ( 'NONE', *, *, #2949, .F. ) ;
#550 = VERTEX_POINT ( 'NONE', #1875 ) ;
#551 = DIRECTION ( 'NONE',  ( -1.000000000000000000, 0.000000000000000000, 2.775557561562890858E-16 ) ) ;
#552 = EDGE_CURVE ( 'NONE', #4100, #138, #1918, .T. ) ;
#553 = EDGE_CURVE ( 'NONE', #7689, #8108, #5992, .T. ) ;
#554 = LINE ( 'NONE', #1851, #1549 ) ;
#555 = DIRECTION ( 'NONE',  ( 0.000000000000000000, 1.000000000000000000, 0.000000000000000000 ) ) ;
#556 = PLANE ( 'NONE',  #7398 ) ;
#557 = ORIENTED_EDGE ( 'NONE', *, *, #728, .T. ) ;
#558 = MECHANICAL_DESIGN_GEOMETRIC_PRESENTATION_REPRESENTATION (  '', ( #6488 ), #4007 ) ;
#559 = DIRECTION ( 'NONE',  ( 2.403703357979463522E-16, 0.4999999999999947820, 0.8660254037844418162 ) ) ;
#560 = ORIENTED_EDGE ( 'NONE', *, *, #8381, .F. ) ;
#561 = CARTESIAN_POINT ( 'NONE',  ( -59.99999999999998579, 26.09419410360711566, 39.19646997001233046 ) ) ;
#562 = ORIENTED_EDGE ( 'NONE', *, *, #1742, .F. ) ;
#563 = VECTOR ( 'NONE', #6613, 1000.000000000000000 ) ;
#564 = ORIENTED_EDGE ( 'NONE', *, *, #7541, .T. ) ;
#565 = EDGE_CURVE ( 'NONE', #4900, #3283, #3257, .T. ) ;
#566 = LINE ( 'NONE', #1948, #5638 ) ;
#567 = ORIENTED_EDGE ( 'NONE', *, *, #4982, .F. ) ;
#568 = DIRECTION ( 'NONE',  ( 0.000000000000000000, 0.000000000000000000, 1.000000000000000000 ) ) ;
#569 = LINE ( 'NONE', #8393, #7231 ) ;
#570 = CIRCLE ( 'NONE', #162, 3.510000000000004672 ) ;
#571 = VECTOR ( 'NONE', #7543, 1000.000000000000000 ) ;
#572 = FACE_OUTER_BOUND ( 'NONE', #6127, .T. ) ;
#573 = AXIS2_PLACEMENT_3D ( 'NONE', #190, #925, #3552 ) ;
#574 = ORIENTED_EDGE ( 'NONE', *, *, #8434, .T. ) ;
#575 = AXIS2_PLACEMENT_3D ( 'NONE', #7064, #2530, #4556 ) ;
#576 = DIRECTION ( 'NONE',  ( -0.000000000000000000, -1.000000000000000000, -0.000000000000000000 ) ) ;
#577 = LINE ( 'NONE', #1876, #7927 ) ;
#578 = AXIS2_PLACEMENT_3D ( 'NONE', #664, #4633, #6579 ) ;
#579 = CARTESIAN_POINT ( 'NONE',  ( 43.00000000000000000, -28.58563552887931181, -33.49765298271447023 ) ) ;
#580 = ORIENTED_EDGE ( 'NONE', *, *, #4937, .F. ) ;
#581 = PLANE ( 'NONE',  #5391 ) ;
#582 = EDGE_CURVE ( 'NONE', #4789, #6638, #2266, .T. ) ;
#583 = AXIS2_PLACEMENT_3D ( 'NONE', #302, #2898, #5000 ) ;
#584 = VECTOR ( 'NONE', #4788, 1000.000000000000114 ) ;
#585 = ORIENTED_EDGE ( 'NONE', *, *, #4402, .F. ) ;
#586 = DIRECTION ( 'NONE',  ( -0.000000000000000000, 1.000000000000000000, -0.000000000000000000 ) ) ;
#587 = LINE ( 'NONE', #7803, #3259 ) ;
#588 = DIRECTION ( 'NONE',  ( 0.000000000000000000, 0.8660254037844425934, -0.4999999999999933942 ) ) ;
#589 = FACE_OUTER_BOUND ( 'NONE', #3072, .T. ) ;
#590 = CYLINDRICAL_SURFACE ( 'NONE', #6126, 3.499999999999999556 ) ;
#591 = ORIENTED_EDGE ( 'NONE', *, *, #5012, .T. ) ;
#592 = AXIS2_PLACEMENT_3D ( 'NONE', #3841, #559, #6476 ) ;
#593 = ORIENTED_EDGE ( 'NONE', *, *, #5437, .F. ) ;
#594 = CARTESIAN_POINT ( 'NONE',  ( 60.99999999999995026, 16.29999999999999716, -46.50000000000000000 ) ) ;
#595 = EDGE_CURVE ( 'NONE', #5656, #468, #8438, .T. ) ;
#596 = AXIS2_PLACEMENT_3D ( 'NONE', #327, #1146, #8359 ) ;
#597 = ORIENTED_EDGE ( 'NONE', *, *, #3279, .F. ) ;
#598 = CIRCLE ( 'NONE', #5421, 1.000000000000000222 ) ;
#599 = ORIENTED_EDGE ( 'NONE', *, *, #220, .T. ) ;
#600 = ADVANCED_FACE ( 'NONE', ( #7277 ), #5847, .F. ) ;
#601 = CARTESIAN_POINT ( 'NONE',  ( 75.00000000000000000, 16.04218522841649275, 45.00000000000000711 ) ) ;
#602 = LINE ( 'NONE', #3837, #1963 ) ;
#603 = CARTESIAN_POINT ( 'NONE',  ( 75.00000000000002842, 31.00000000000000711, 27.93478768496934705 ) ) ;
#604 = CARTESIAN_POINT ( 'NONE',  ( -72.99999999999997158, 37.00000000000000711, -45.00000000000000000 ) ) ;
#605 = AXIS2_PLACEMENT_3D ( 'NONE', #7527, #1050, #6357 ) ;
#606 = EDGE_LOOP ( 'NONE', ( #8463, #1977 ) ) ;
#607 = DIRECTION ( 'NONE',  ( 1.081666511090759472E-15, -1.000000000000000000, 0.000000000000000000 ) ) ;
#608 = ORIENTED_EDGE ( 'NONE', *, *, #7456, .F. ) ;
#609 = CYLINDRICAL_SURFACE ( 'NONE', #8031, 0.5000000000000004441 ) ;
#610 = ADVANCED_FACE ( 'NONE', ( #1227 ), #8524, .F. ) ;
#611 = ORIENTED_EDGE ( 'NONE', *, *, #4199, .F. ) ;
#612 = VECTOR ( 'NONE', #701, 1000.000000000000000 ) ;
#613 = ORIENTED_EDGE ( 'NONE', *, *, #1774, .T. ) ;
#614 = DIRECTION ( 'NONE',  ( -1.770125995894701202E-16, -1.000000000000000000, 0.000000000000000000 ) ) ;
#615 = PLANE ( 'NONE',  #1118 ) ;
#616 = ORIENTED_EDGE ( 'NONE', *, *, #4072, .T. ) ;
#617 = CARTESIAN_POINT ( 'NONE',  ( 75.00000000000002842, 6.599999999999999645, 37.19999999999996732 ) ) ;
#618 = CARTESIAN_POINT ( 'NONE',  ( 72.99999999999997158, 4.099999999999992539, -4.900000000000042988 ) ) ;
#619 = VECTOR ( 'NONE', #6762, 1000.000000000000000 ) ;
#620 = DIRECTION ( 'NONE',  ( 2.282530889443167022E-16, 1.000000000000000000, 0.000000000000000000 ) ) ;
#621 = ADVANCED_FACE ( 'NONE', ( #3855 ), #708, .F. ) ;
#622 = EDGE_CURVE ( 'NONE', #1907, #8327, #3784, .T. ) ;
#623 = VECTOR ( 'NONE', #937, 1000.000000000000000 ) ;
#624 = VERTEX_POINT ( 'NONE', #533 ) ;
#625 = CARTESIAN_POINT ( 'NONE',  ( -75.00000000000000000, 9.600000000000001421, 34.20000000000000995 ) ) ;
#626 = CARTESIAN_POINT ( 'NONE',  ( -46.51499999999998636, 11.92168035785550018, 50.84307621135332766 ) ) ;
#627 = CARTESIAN_POINT ( 'NONE',  ( -49.80000000000002558, 25.69999999999999929, -49.99999999999999289 ) ) ;
#628 = ORIENTED_EDGE ( 'NONE', *, *, #5260, .T. ) ;
#629 = EDGE_CURVE ( 'NONE', #1550, #4364, #3337, .T. ) ;
#630 = DIRECTION ( 'NONE',  ( 2.403703357979463522E-16, 0.4999999999999947820, 0.8660254037844418162 ) ) ;
#631 = ORIENTED_EDGE ( 'NONE', *, *, #2302, .F. ) ;
#633 = LINE ( 'NONE', #73, #59 ) ;
#632 = VECTOR ( 'NONE', #5858, 1000.000000000000000 ) ;
#634 = DIRECTION ( 'NONE',  ( 1.000000000000000000, 0.000000000000000000, -2.775557561562891844E-16 ) ) ;
#635 = CARTESIAN_POINT ( 'NONE',  ( 56.07000000000000028, -0.001000000000000132727, -42.53999999999999204 ) ) ;
#636 = CARTESIAN_POINT ( 'NONE',  ( -54.99999999999998579, 18.16599087333159446, 41.46441916244343417 ) ) ;
#637 = UNCERTAINTY_MEASURE_WITH_UNIT (LENGTH_MEASURE( 1.000000000000000082E-05 ), #3501, 'distance_accuracy_value', 'NONE');
#638 = DIRECTION ( 'NONE',  ( 3.445636432390123477E-16, 0.4999999999999947264, 0.8660254037844417052 ) ) ;
#639 = CIRCLE ( 'NONE', #5595, 3.499999999999999556 ) ;
#640 = ORIENTED_EDGE ( 'NONE', *, *, #1301, .T. ) ;
#641 = ORIENTED_EDGE ( 'NONE', *, *, #6878, .T. ) ;
#642 = ADVANCED_FACE ( 'NONE', ( #5971 ), #3903, .F. ) ;
#643 = AXIS2_PLACEMENT_3D ( 'NONE', #5370, #8009, #2665 ) ;
#644 = CARTESIAN_POINT ( 'NONE',  ( -65.99999999999998579, 20.89804168090042324, 42.19646997001229494 ) ) ;
#645 = VERTEX_POINT ( 'NONE', #7793 ) ;
#646 = AXIS2_PLACEMENT_3D ( 'NONE', #7502, #2063, #4699 ) ;
#647 = VERTEX_POINT ( 'NONE', #7875 ) ;
#648 = DIRECTION ( 'NONE',  ( 0.000000000000000000, -1.000000000000000000, 0.000000000000000000 ) ) ;
#649 = CARTESIAN_POINT ( 'NONE',  ( 69.99999999999998579, 7.381931190572101009, 49.99999999999994316 ) ) ;
#650 = CARTESIAN_POINT ( 'NONE',  ( 60.65685424949240456, -13.64695647421572744, -42.12250335626178099 ) ) ;
#651 = EDGE_CURVE ( 'NONE', #8346, #3790, #4593, .T. ) ;
#652 = ORIENTED_EDGE ( 'NONE', *, *, #5319, .T. ) ;
#653 = ORIENTED_EDGE ( 'NONE', *, *, #7637, .T. ) ;
#654 = AXIS2_PLACEMENT_3D ( 'NONE', #1783, #4897, #2308 ) ;
#655 = FACE_BOUND ( 'NONE', #2514, .T. ) ;
#656 = VERTEX_POINT ( 'NONE', #7356 ) ;
#657 = ORIENTED_EDGE ( 'NONE', *, *, #6603, .F. ) ;
#658 = LINE ( 'NONE', #7346, #6922 ) ;
#659 = FACE_OUTER_BOUND ( 'NONE', #815, .T. ) ;
#660 = ORIENTED_EDGE ( 'NONE', *, *, #4935, .T. ) ;
#661 = EDGE_CURVE ( 'NONE', #7581, #5082, #2167, .T. ) ;
#662 = LINE ( 'NONE', #2279, #2562 ) ;
#663 = LINE ( 'NONE', #2606, #750 ) ;
#664 = CARTESIAN_POINT ( 'NONE',  ( 58.00000000000004263, 20.24214927615302173, 42.57514962645261392 ) ) ;
#665 = ORIENTED_EDGE ( 'NONE', *, *, #4818, .T. ) ;
#666 = AXIS2_PLACEMENT_3D ( 'NONE', #393, #3625, #4186 ) ;
#667 = EDGE_CURVE ( 'NONE', #276, #6033, #8129, .T. ) ;
#668 = DIRECTION ( 'NONE',  ( -0.000000000000000000, 1.000000000000000000, -0.000000000000000000 ) ) ;
#669 = EDGE_CURVE ( 'NONE', #130, #7249, #5403, .T. ) ;
#670 = FACE_OUTER_BOUND ( 'NONE', #858, .T. ) ;
#671 = CYLINDRICAL_SURFACE ( 'NONE', #8184, 1.900000000000005240 ) ;
#672 = ORIENTED_EDGE ( 'NONE', *, *, #272, .T. ) ;
#673 = VECTOR ( 'NONE', #6502, 1000.000000000000000 ) ;
#674 = CARTESIAN_POINT ( 'NONE',  ( -72.99999999999997158, 4.100000000000006750, -4.900000000000008349 ) ) ;
#675 = VERTEX_POINT ( 'NONE', #7401 ) ;
#676 = LINE ( 'NONE', #4558, #4873 ) ;
#677 = CARTESIAN_POINT ( 'NONE',  ( 56.00000000000004263, 19.52471034093872859, 42.98936318882569907 ) ) ;
#678 = EDGE_CURVE ( 'NONE', #7259, #1473, #4293, .T. ) ;
#679 = LINE ( 'NONE', #1282, #4902 ) ;
#680 = CARTESIAN_POINT ( 'NONE',  ( -72.99999999999997158, 14.79999999999998650, -48.00000000000000000 ) ) ;
#681 = DIRECTION ( 'NONE',  ( 2.403703357979463522E-16, 0.4999999999999947820, 0.8660254037844418162 ) ) ;
#682 = ORIENTED_EDGE ( 'NONE', *, *, #6454, .T. ) ;
#683 = CARTESIAN_POINT ( 'NONE',  ( -26.50000000000002842, 26.20000000000000284, 50.00100000000001188 ) ) ;
#684 = ORIENTED_EDGE ( 'NONE', *, *, #1781, .T. ) ;
#685 = ORIENTED_EDGE ( 'NONE', *, *, #8269, .F. ) ;
#686 = FACE_OUTER_BOUND ( 'NONE', #6224, .T. ) ;
#687 = EDGE_CURVE ( 'NONE', #5308, #6049, #1438, .T. ) ;
#688 = CARTESIAN_POINT ( 'NONE',  ( 75.00000000000002842, 17.14833395016074391, 34.19999999999996732 ) ) ;
#689 = LINE ( 'NONE', #7899, #1670 ) ;
#690 = ORIENTED_EDGE ( 'NONE', *, *, #4095, .F. ) ;
#691 = ORIENTED_EDGE ( 'NONE', *, *, #1063, .F. ) ;
#692 = DIRECTION ( 'NONE',  ( 1.000000000000000000, 0.000000000000000000, 0.000000000000000000 ) ) ;
#693 = EDGE_LOOP ( 'NONE', ( #3669, #5413, #2284, #6378 ) ) ;
#694 = EDGE_CURVE ( 'NONE', #1040, #712, #4025, .T. ) ;
#695 = VECTOR ( 'NONE', #5341, 1000.000000000000000 ) ;
#696 = ORIENTED_EDGE ( 'NONE', *, *, #6221, .F. ) ;
#697 = CARTESIAN_POINT ( 'NONE',  ( 71.49999999999997158, 22.57179676972449656, 34.53286389632266662 ) ) ;
#698 = CARTESIAN_POINT ( 'NONE',  ( 75.00000000000001421, 9.599999999999990763, -36.00000000000004263 ) ) ;
#699 = EDGE_LOOP ( 'NONE', ( #2845, #7636, #4157, #2237, #805, #4978 ) ) ;
#700 = CARTESIAN_POINT ( 'NONE',  ( 11.89999999999998082, 16.30000000000000426, -46.50000000000000000 ) ) ;
#701 = DIRECTION ( 'NONE',  ( -2.498001805406603202E-16, -0.4999999999999947820, -0.8660254037844417052 ) ) ;
#702 = CARTESIAN_POINT ( 'NONE',  ( 72.99999999999997158, 22.80000000000001137, -39.00000000000004263 ) ) ;
#703 = AXIS2_PLACEMENT_3D ( 'NONE', #7619, #3643, #6279 ) ;
#704 = AXIS2_PLACEMENT_3D ( 'NONE', #889, #69, #3431 ) ;
#705 = EDGE_CURVE ( 'NONE', #1594, #3065, #1483, .T. ) ;
#706 = ORIENTED_EDGE ( 'NONE', *, *, #5668, .T. ) ;
#707 = ADVANCED_FACE ( 'NONE', ( #2782 ), #838, .T. ) ;
#708 = CYLINDRICAL_SURFACE ( 'NONE', #8200, 3.000000000000002665 ) ;
#709 = AXIS2_PLACEMENT_3D ( 'NONE', #5128, #1639, #433 ) ;
#710 = CARTESIAN_POINT ( 'NONE',  ( 75.00000000000000000, 17.14833395016074391, 34.19999999999996732 ) ) ;
#711 = CARTESIAN_POINT ( 'NONE',  ( -59.94974746830583712, 31.11285196104658368, 33.98954542829058312 ) ) ;
#712 = VERTEX_POINT ( 'NONE', #2206 ) ;
#713 = DIRECTION ( 'NONE',  ( 0.000000000000000000, 0.000000000000000000, 1.000000000000000000 ) ) ;
#714 = VECTOR ( 'NONE', #7962, 999.9999999999998863 ) ;
#715 = ADVANCED_FACE ( 'NONE', ( #4838 ), #3509, .F. ) ;
#716 = EDGE_CURVE ( 'NONE', #2159, #4953, #5116, .T. ) ;
#717 = VECTOR ( 'NONE', #3483, 1000.000000000000000 ) ;
#718 = ORIENTED_EDGE ( 'NONE', *, *, #3442, .T. ) ;
#719 = CARTESIAN_POINT ( 'NONE',  ( 0.000000000000000000, 0.000000000000000000, 0.000000000000000000 ) ) ;
#720 = VECTOR ( 'NONE', #7906, 1000.000000000000114 ) ;
#721 = CARTESIAN_POINT ( 'NONE',  ( 72.99999999999997158, 9.600000000000001421, 37.19999999999996732 ) ) ;
#722 = CARTESIAN_POINT ( 'NONE',  ( 66.00000000000001421, 26.09419410360708014, 39.19646997001228073 ) ) ;
#723 = LINE ( 'NONE', #1534, #3390 ) ;
#724 = CARTESIAN_POINT ( 'NONE',  ( -46.51499999999998636, 11.92168035785550018, 50.84307621135332766 ) ) ;
#725 = VERTEX_POINT ( 'NONE', #753 ) ;
#726 = CIRCLE ( 'NONE', #1413, 2.999999999999999112 ) ;
#727 = DIRECTION ( 'NONE',  ( -0.000000000000000000, -0.000000000000000000, 1.000000000000000000 ) ) ;
#728 = EDGE_CURVE ( 'NONE', #5914, #3196, #8090, .T. ) ;
#729 = EDGE_CURVE ( 'NONE', #3761, #6108, #3465, .T. ) ;
#730 = EDGE_LOOP ( 'NONE', ( #1083, #7232, #7598, #7641 ) ) ;
#731 = ORIENTED_EDGE ( 'NONE', *, *, #6054, .T. ) ;
#732 = FACE_OUTER_BOUND ( 'NONE', #6960, .T. ) ;
#733 = DIRECTION ( 'NONE',  ( -4.625929269271486407E-17, -0.000000000000000000, 1.000000000000000000 ) ) ;
#734 = DIRECTION ( 'NONE',  ( 0.000000000000000000, 0.000000000000000000, 1.000000000000000000 ) ) ;
#735 = CIRCLE ( 'NONE', #5688, 3.000000000000002665 ) ;
#736 = AXIS2_PLACEMENT_3D ( 'NONE', #2944, #958, #3628 ) ;
#737 = EDGE_LOOP ( 'NONE', ( #874, #4285, #7716, #1557 ) ) ;
#738 = ORIENTED_EDGE ( 'NONE', *, *, #1442, .T. ) ;
#739 = FACE_BOUND ( 'NONE', #6371, .T. ) ;
#740 = ADVANCED_FACE ( 'NONE', ( #6663 ), #3427, .F. ) ;
#741 = VECTOR ( 'NONE', #7700, 1000.000000000000000 ) ;
#742 = ORIENTED_EDGE ( 'NONE', *, *, #2064, .F. ) ;
#743 = ORIENTED_EDGE ( 'NONE', *, *, #1383, .T. ) ;
#744 = PLANE ( 'NONE',  #4115 ) ;
#745 = VECTOR ( 'NONE', #1441, 1000.000000000000000 ) ;
#746 = ORIENTED_EDGE ( 'NONE', *, *, #6748, .F. ) ;
#747 = CARTESIAN_POINT ( 'NONE',  ( -66.99999999999998579, 19.89804168090046232, 40.46441916244346260 ) ) ;
#748 = CARTESIAN_POINT ( 'NONE',  ( -75.00000000000001421, 31.00000000000000711, 27.93478768496938969 ) ) ;
#749 = CARTESIAN_POINT ( 'NONE',  ( -71.49999999999997158, 7.600000000000004086, -3.399999999999998135 ) ) ;
#750 = VECTOR ( 'NONE', #3896, 1000.000000000000227 ) ;
#751 = VECTOR ( 'NONE', #3139, 1000.000000000000000 ) ;
#752 = ORIENTED_EDGE ( 'NONE', *, *, #6200, .F. ) ;
#753 = CARTESIAN_POINT ( 'NONE',  ( -61.36396103067892938, 31.11285196104658013, 33.98954542829059733 ) ) ;
#754 = FACE_OUTER_BOUND ( 'NONE', #7155, .T. ) ;
#755 = EDGE_CURVE ( 'NONE', #4447, #7719, #6017, .T. ) ;
#756 = FACE_OUTER_BOUND ( 'NONE', #2506, .T. ) ;
#757 = ORIENTED_EDGE ( 'NONE', *, *, #4680, .T. ) ;
#758 = AXIS2_PLACEMENT_3D ( 'NONE', #2525, #5149, #2610 ) ;
#759 = CARTESIAN_POINT ( 'NONE',  ( 72.99999999999997158, 22.52275866404783500, 37.44792740578374435 ) ) ;
#760 = AXIS2_PLACEMENT_3D ( 'NONE', #3774, #7748, #4467 ) ;
#761 = ORIENTED_EDGE ( 'NONE', *, *, #5309, .F. ) ;
#762 = EDGE_LOOP ( 'NONE', ( #6001, #5390 ) ) ;
#763 = CARTESIAN_POINT ( 'NONE',  ( -71.49999999999997158, 16.29999999999998650, -39.00000000000002842 ) ) ;
#764 = LINE ( 'NONE', #74, #6843 ) ;
#765 = DIRECTION ( 'NONE',  ( -1.515710068954070495E-17, 0.8660254037844417052, -0.4999999999999947264 ) ) ;
#766 = DIRECTION ( 'NONE',  ( -1.000000000000000000, 1.131341397376178572E-16, 2.262682794752357144E-16 ) ) ;
#767 = DIRECTION ( 'NONE',  ( 0.000000000000000000, 1.000000000000000000, 0.000000000000000000 ) ) ;
#768 = EDGE_CURVE ( 'NONE', #6841, #6118, #235, .T. ) ;
#769 = FACE_OUTER_BOUND ( 'NONE', #948, .T. ) ;
#770 = AXIS2_PLACEMENT_3D ( 'NONE', #617, #4586, #8430 ) ;
#771 = ORIENTED_EDGE ( 'NONE', *, *, #6718, .T. ) ;
#772 = CIRCLE ( 'NONE', #6005, 3.499999999999999556 ) ;
#773 = DIRECTION ( 'NONE',  ( 1.000000000000000000, -0.000000000000000000, -2.775557561562891351E-16 ) ) ;
#774 = ORIENTED_EDGE ( 'NONE', *, *, #4644, .F. ) ;
#775 = VERTEX_POINT ( 'NONE', #2742 ) ;
#776 = DIRECTION ( 'NONE',  ( 0.000000000000000000, 0.8660254037844425934, -0.4999999999999933942 ) ) ;
#777 = FACE_OUTER_BOUND ( 'NONE', #124, .T. ) ;
#778 = DIRECTION ( 'NONE',  ( 0.000000000000000000, 0.000000000000000000, 1.000000000000000000 ) ) ;
#779 = EDGE_CURVE ( 'NONE', #2642, #6697, #7439, .T. ) ;
#780 = EDGE_CURVE ( 'NONE', #7670, #7554, #6056, .T. ) ;
#781 = VERTEX_POINT ( 'NONE', #7606 ) ;
#782 = AXIS2_PLACEMENT_3D ( 'NONE', #6331, #5684, #8323 ) ;
#783 = ORIENTED_EDGE ( 'NONE', *, *, #5522, .F. ) ;
#784 = CIRCLE ( 'NONE', #4083, 1.000000000000000222 ) ;
#785 = CARTESIAN_POINT ( 'NONE',  ( -26.50000000000003197, 6.599999999999999645, 50.00100000000001188 ) ) ;
#786 = VECTOR ( 'NONE', #946, 1000.000000000000000 ) ;
#787 = ORIENTED_EDGE ( 'NONE', *, *, #2647, .F. ) ;
#788 = ORIENTED_EDGE ( 'NONE', *, *, #1756, .F. ) ;
#789 = LINE ( 'NONE', #1346, #7162 ) ;
#790 = CARTESIAN_POINT ( 'NONE',  ( -75.00000000000002842, 37.00000000000000711, -45.00000000000000711 ) ) ;
#791 = CARTESIAN_POINT ( 'NONE',  ( -72.99999999999997158, 31.00000000000000711, -48.00000000000000000 ) ) ;
#792 = EDGE_CURVE ( 'NONE', #1331, #2066, #5529, .T. ) ;
#793 = CARTESIAN_POINT ( 'NONE',  ( 12.89999999999998259, 9.600000000000001421, -49.99999999999999289 ) ) ;
#794 = CARTESIAN_POINT ( 'NONE',  ( -75.00000000000002842, 9.599999999999990763, -39.00000000000000000 ) ) ;
#795 = DIRECTION ( 'NONE',  ( -4.625929269271485791E-17, 0.000000000000000000, 1.000000000000000000 ) ) ;
#796 = EDGE_LOOP ( 'NONE', ( #3371, #2568, #7908, #5467, #3616 ) ) ;
#797 = DIRECTION ( 'NONE',  ( 2.383034446891947374E-16, 0.4999999999999947264, 0.8660254037844417052 ) ) ;
#798 = CARTESIAN_POINT ( 'NONE',  ( 11.89999999999998082, 16.30000000000000426, -48.00000000000000000 ) ) ;
#799 = CARTESIAN_POINT ( 'NONE',  ( 72.99999999999997158, 22.80000000000001137, -41.50000000000003553 ) ) ;
#800 = DIRECTION ( 'NONE',  ( -2.403703357979464015E-16, -0.4999999999999946154, -0.8660254037844419273 ) ) ;
#801 = CARTESIAN_POINT ( 'NONE',  ( -56.07000000000000028, 0.000000000000000000, -44.43999999999999062 ) ) ;
#802 = VERTEX_POINT ( 'NONE', #361 ) ;
#803 = STYLED_ITEM ( 'NONE', ( #6824 ), #96 ) ;
#804 = EDGE_CURVE ( 'NONE', #7817, #1345, #2338, .T. ) ;
#805 = ORIENTED_EDGE ( 'NONE', *, *, #1742, .T. ) ;
#806 = FACE_OUTER_BOUND ( 'NONE', #497, .T. ) ;
#807 = LINE ( 'NONE', #7285, #5460 ) ;
#808 = LINE ( 'NONE', #5500, #5701 ) ;
#809 = DIRECTION ( 'NONE',  ( -2.403703357979464508E-16, -0.4999999999999947264, -0.8660254037844417052 ) ) ;
#810 = PLANE ( 'NONE',  #3530 ) ;
#811 = DIRECTION ( 'NONE',  ( 0.000000000000000000, 0.000000000000000000, 1.000000000000000000 ) ) ;
#812 = VECTOR ( 'NONE', #4618, 1000.000000000000000 ) ;
#813 = VERTEX_POINT ( 'NONE', #1134 ) ;
#814 = DIRECTION ( 'NONE',  ( -0.7071067811865451302, 0.7071067811865500152, -4.826103868906244712E-18 ) ) ;
#815 = EDGE_LOOP ( 'NONE', ( #4347, #6859, #4831, #1489 ) ) ;
#816 = EDGE_CURVE ( 'NONE', #7106, #3041, #2922, .T. ) ;
#817 = ORIENTED_EDGE ( 'NONE', *, *, #2440, .T. ) ;
#818 = CARTESIAN_POINT ( 'NONE',  ( -46.51499999999999346, 35.46025083271663192, 37.25307621135345926 ) ) ;
#819 = LINE ( 'NONE', #3410, #812 ) ;
#820 = CARTESIAN_POINT ( 'NONE',  ( 75.00000000000002842, 31.00000000000000711, 29.66683849253821847 ) ) ;
#821 = VECTOR ( 'NONE', #8471, 1000.000000000000000 ) ;
#822 = EDGE_LOOP ( 'NONE', ( #1203, #221, #5055, #1348 ) ) ;
#823 = VERTEX_POINT ( 'NONE', #1688 ) ;
#824 = LINE ( 'NONE', #3451, #4992 ) ;
#825 = VERTEX_POINT ( 'NONE', #4276 ) ;
#826 = ADVANCED_FACE ( 'NONE', ( #443 ), #4927, .F. ) ;
#827 = EDGE_CURVE ( 'NONE', #7453, #6509, #401, .T. ) ;
#828 = ORIENTED_EDGE ( 'NONE', *, *, #1216, .T. ) ;
#829 = PLANE ( 'NONE',  #6516 ) ;
#830 = CARTESIAN_POINT ( 'NONE',  ( 55.29289321881349650, 18.91233790524293568, 43.34291657941897569 ) ) ;
#831 = EDGE_LOOP ( 'NONE', ( #6308, #1827, #2259, #3565 ) ) ;
#832 = DIRECTION ( 'NONE',  ( 0.000000000000000000, 0.8660254037844414832, -0.4999999999999949485 ) ) ;
#833 = DIRECTION ( 'NONE',  ( -0.000000000000000000, -1.000000000000000000, -0.000000000000000000 ) ) ;
#834 = LINE ( 'NONE', #5487, #7610 ) ;
#835 = VECTOR ( 'NONE', #252, 1000.000000000000000 ) ;
#836 = EDGE_CURVE ( 'NONE', #647, #775, #3080, .T. ) ;
#837 = ORIENTED_EDGE ( 'NONE', *, *, #4421, .T. ) ;
#838 = CYLINDRICAL_SURFACE ( 'NONE', #8021, 4.999999999999997335 ) ;
#839 = DIRECTION ( 'NONE',  ( 0.000000000000000000, 0.000000000000000000, 1.000000000000000000 ) ) ;
#840 = LINE ( 'NONE', #4802, #5003 ) ;
#841 = VECTOR ( 'NONE', #6713, 1000.000000000000000 ) ;
#842 = LINE ( 'NONE', #5494, #2671 ) ;
#843 = DIRECTION ( 'NONE',  ( 1.000000000000000000, 0.000000000000000000, -0.000000000000000000 ) ) ;
#844 = EDGE_CURVE ( 'NONE', #5932, #134, #477, .T. ) ;
#845 = ORIENTED_EDGE ( 'NONE', *, *, #4044, .F. ) ;
#846 = VECTOR ( 'NONE', #4974, 1000.000000000000000 ) ;
#847 = ORIENTED_EDGE ( 'NONE', *, *, #2939, .F. ) ;
#848 = CARTESIAN_POINT ( 'NONE',  ( 55.00000000000002842, 26.46752544356887782, 36.67152594362999452 ) ) ;
#849 = DIRECTION ( 'NONE',  ( 0.000000000000000000, -0.000000000000000000, -1.000000000000000000 ) ) ;
#850 = DIRECTION ( 'NONE',  ( 0.000000000000000000, 0.8660254037844425934, -0.4999999999999933942 ) ) ;
#851 = DIRECTION ( 'NONE',  ( 0.000000000000000000, -1.000000000000000000, 0.000000000000000000 ) ) ;
#852 = DIRECTION ( 'NONE',  ( -0.000000000000000000, 0.8660254037844377084, -0.5000000000000016653 ) ) ;
#853 = ORIENTED_EDGE ( 'NONE', *, *, #2894, .T. ) ;
#854 = EDGE_CURVE ( 'NONE', #4170, #1763, #6355, .T. ) ;
#855 = AXIS2_PLACEMENT_3D ( 'NONE', #1021, #5639, #3606 ) ;
#856 = CARTESIAN_POINT ( 'NONE',  ( 71.49999999999997158, 6.599999999999994316, -3.400000000000032774 ) ) ;
#857 = VERTEX_POINT ( 'NONE', #1610 ) ;
#858 = EDGE_LOOP ( 'NONE', ( #685, #2163, #1833, #3484 ) ) ;
#859 = DIRECTION ( 'NONE',  ( 0.000000000000000000, 0.000000000000000000, 1.000000000000000000 ) ) ;
#860 = CARTESIAN_POINT ( 'NONE',  ( -46.51499999999999346, 7.776232090665094354, 47.46294919243111821 ) ) ;
#861 = DIRECTION ( 'NONE',  ( 0.000000000000000000, -1.000000000000000000, 0.000000000000000000 ) ) ;
#862 = ORIENTED_EDGE ( 'NONE', *, *, #4381, .T. ) ;
#863 = CIRCLE ( 'NONE', #5678, 3.509999999999982911 ) ;
#864 = EDGE_CURVE ( 'NONE', #458, #4275, #4612, .T. ) ;
#865 = EDGE_LOOP ( 'NONE', ( #2332, #2173, #6777, #6948 ) ) ;
#866 = DIRECTION ( 'NONE',  ( -1.000000000000000000, 0.000000000000000000, 0.000000000000000000 ) ) ;
#867 = ADVANCED_FACE ( 'NONE', ( #963, #6226 ), #4407, .T. ) ;
#868 = ORIENTED_EDGE ( 'NONE', *, *, #7403, .T. ) ;
#869 = VECTOR ( 'NONE', #3151, 1000.000000000000000 ) ;
#870 = ORIENTED_EDGE ( 'NONE', *, *, #7661, .F. ) ;
#871 = VECTOR ( 'NONE', #1988, 1000.000000000000000 ) ;
#872 = DIRECTION ( 'NONE',  ( -0.7071067811865483499, 0.6123724356957936932, -0.3535533905932731757 ) ) ;
#873 = CARTESIAN_POINT ( 'NONE',  ( 11.89999999999998082, 16.30000000000000426, -46.50000000000000000 ) ) ;
#874 = ORIENTED_EDGE ( 'NONE', *, *, #1934, .F. ) ;
#875 = EDGE_CURVE ( 'NONE', #5915, #2089, #3921, .T. ) ;
#876 = LINE ( 'NONE', #2778, #4184 ) ;
#877 = VECTOR ( 'NONE', #3753, 1000.000000000000000 ) ;
#878 = CARTESIAN_POINT ( 'NONE',  ( -18.30000000000002558, 21.10000000000000142, -47.99999999999999289 ) ) ;
#879 = AXIS2_PLACEMENT_3D ( 'NONE', #1060, #5675, #454 ) ;
#880 = AXIS2_PLACEMENT_3D ( 'NONE', #6112, #765, #6195 ) ;
#881 = ORIENTED_EDGE ( 'NONE', *, *, #3551, .F. ) ;
#882 = DIRECTION ( 'NONE',  ( -6.938893903907226800E-15, 0.8660254037844425934, -0.4999999999999933942 ) ) ;
#883 = DIRECTION ( 'NONE',  ( 2.403703357979465494E-16, 0.4999999999999947264, 0.8660254037844417052 ) ) ;
#884 = EDGE_CURVE ( 'NONE', #2579, #6202, #202, .T. ) ;
#885 = DIRECTION ( 'NONE',  ( 0.000000000000000000, 1.000000000000000000, -0.000000000000000000 ) ) ;
#886 = ADVANCED_FACE ( 'NONE', ( #1777 ), #3678, .F. ) ;
#887 = AXIS2_PLACEMENT_3D ( 'NONE', #7915, #1999, #7053 ) ;
#888 = DIRECTION ( 'NONE',  ( -1.000000000000000000, 0.000000000000000000, 0.000000000000000000 ) ) ;
#889 = CARTESIAN_POINT ( 'NONE',  ( 46.51499999999998636, -34.72575564171100382, -29.95265298271449694 ) ) ;
#890 = ORIENTED_EDGE ( 'NONE', *, *, #8052, .T. ) ;
#891 = AXIS2_PLACEMENT_3D ( 'NONE', #5335, #6504, #2585 ) ;
#892 = ORIENTED_EDGE ( 'NONE', *, *, #3510, .F. ) ;
#893 = DIRECTION ( 'NONE',  ( -4.625929269271486407E-17, -6.842277657836020854E-49, 1.000000000000000000 ) ) ;
#894 = DIRECTION ( 'NONE',  ( -4.625929269271485791E-17, 0.000000000000000000, 1.000000000000000000 ) ) ;
#895 = AXIS2_PLACEMENT_3D ( 'NONE', #5581, #6962, #8349 ) ;
#896 = CARTESIAN_POINT ( 'NONE',  ( -55.99999999999998579, 18.52471034093874991, 41.25731238125688094 ) ) ;
#897 = CARTESIAN_POINT ( 'NONE',  ( -72.99999999999997158, 31.00000000000000711, -8.032606157515317591 ) ) ;
#898 = LINE ( 'NONE', #5546, #3511 ) ;
#899 = EDGE_CURVE ( 'NONE', #1861, #2353, #7505, .T. ) ;
#900 = ORIENTED_EDGE ( 'NONE', *, *, #2569, .T. ) ;
#901 = CIRCLE ( 'NONE', #2696, 3.499999999999999556 ) ;
#902 = DIRECTION ( 'NONE',  ( 0.000000000000000000, -0.8660254037844418162, 0.4999999999999946709 ) ) ;
#903 = ORIENTED_EDGE ( 'NONE', *, *, #8066, .T. ) ;
#904 = DIRECTION ( 'NONE',  ( 0.000000000000000000, 0.8660254037844425934, -0.4999999999999933942 ) ) ;
#905 = CIRCLE ( 'NONE', #2698, 2.999999999999999112 ) ;
#906 = DIRECTION ( 'NONE',  ( -0.7071067811865490160, -6.133173666733478803E-16, 0.7071067811865461294 ) ) ;
#907 = DIRECTION ( 'NONE',  ( 2.081668171172183797E-16, 0.000000000000000000, 1.000000000000000000 ) ) ;
#908 = VERTEX_POINT ( 'NONE', #7655 ) ;
#909 = ORIENTED_EDGE ( 'NONE', *, *, #4412, .F. ) ;
#910 = DIRECTION ( 'NONE',  ( -1.000000000000000000, 5.473822126268816683E-48, 2.775557561562891351E-16 ) ) ;
#911 = VERTEX_POINT ( 'NONE', #4369 ) ;
#912 = ORIENTED_EDGE ( 'NONE', *, *, #3342, .T. ) ;
#913 = ADVANCED_FACE ( 'NONE', ( #5710 ), #5058, .F. ) ;
#914 = CARTESIAN_POINT ( 'NONE',  ( -56.06999999999999318, 5.000000000000000000, 11.09000000000000696 ) ) ;
#915 = DIRECTION ( 'NONE',  ( -2.403703357979464015E-16, -0.4999999999999946154, -0.8660254037844419273 ) ) ;
#916 = LINE ( 'NONE', #2985, #4796 ) ;
#917 = CIRCLE ( 'NONE', #5037, 3.500000000000010214 ) ;
#918 = ORIENTED_EDGE ( 'NONE', *, *, #1675, .T. ) ;
#919 = LINE ( 'NONE', #1602, #48 ) ;
#920 = ORIENTED_EDGE ( 'NONE', *, *, #3404, .F. ) ;
#921 = CARTESIAN_POINT ( 'NONE',  ( 71.49999999999997158, 21.30000000000000071, -40.00000000000003553 ) ) ;
#922 = VECTOR ( 'NONE', #1198, 1000.000000000000114 ) ;
#923 = EDGE_CURVE ( 'NONE', #6398, #6587, #4885, .T. ) ;
#924 = VERTEX_POINT ( 'NONE', #5755 ) ;
#925 = DIRECTION ( 'NONE',  ( 2.403703357979464508E-16, 0.4999999999999947264, 0.8660254037844417052 ) ) ;
#926 = CARTESIAN_POINT ( 'NONE',  ( 12.89999999999998259, 9.600000000000001421, -49.99999999999999289 ) ) ;
#927 = DIRECTION ( 'NONE',  ( 2.403703357979463522E-16, 0.4999999999999947820, 0.8660254037844418162 ) ) ;
#928 = DIRECTION ( 'NONE',  ( -0.000000000000000000, -0.000000000000000000, -1.000000000000000000 ) ) ;
#929 = VECTOR ( 'NONE', #1098, 1000.000000000000000 ) ;
#930 = EDGE_LOOP ( 'NONE', ( #1220, #3849, #1459, #6901, #3578, #599 ) ) ;
#931 = EDGE_CURVE ( 'NONE', #781, #624, #8390, .T. ) ;
#932 = EDGE_CURVE ( 'NONE', #3587, #1743, #1992, .T. ) ;
#933 = ORIENTED_EDGE ( 'NONE', *, *, #4836, .F. ) ;
#934 = PLANE ( 'NONE',  #4069 ) ;
#935 = CARTESIAN_POINT ( 'NONE',  ( 66.00000000000001421, 25.96021950739157091, 36.96441916244345549 ) ) ;
#936 = CARTESIAN_POINT ( 'NONE',  ( 72.99999999999997158, 22.57179676972449656, 34.53286389632265951 ) ) ;
#937 = DIRECTION ( 'NONE',  ( 0.000000000000000000, -1.000000000000000000, 0.000000000000000000 ) ) ;
#938 = DIRECTION ( 'NONE',  ( -0.000000000000000000, -0.8660254037844418162, 0.4999999999999945599 ) ) ;
#939 = ORIENTED_EDGE ( 'NONE', *, *, #816, .T. ) ;
#940 = CARTESIAN_POINT ( 'NONE',  ( 61.99999999999995026, 31.00000000000000711, -47.99999999999999289 ) ) ;
#941 = VERTEX_POINT ( 'NONE', #3124 ) ;
#942 = EDGE_CURVE ( 'NONE', #4400, #7550, #1819, .T. ) ;
#943 = DIRECTION ( 'NONE',  ( -1.000000000000000000, -0.000000000000000000, -0.000000000000000000 ) ) ;
#944 = DIRECTION ( 'NONE',  ( 0.000000000000000000, 0.000000000000000000, 1.000000000000000000 ) ) ;
#945 = LINE ( 'NONE', #8110, #259 ) ;
#946 = DIRECTION ( 'NONE',  ( -1.000000000000000000, 0.000000000000000000, 0.000000000000000000 ) ) ;
#947 = ORIENTED_EDGE ( 'NONE', *, *, #8224, .T. ) ;
#948 = EDGE_LOOP ( 'NONE', ( #6869, #4261, #5747, #6010 ) ) ;
#949 = DIRECTION ( 'NONE',  ( 0.000000000000000000, 1.000000000000000000, 0.000000000000000000 ) ) ;
#950 = AXIS2_PLACEMENT_3D ( 'NONE', #1710, #8407, #2489 ) ;
#951 = ORIENTED_EDGE ( 'NONE', *, *, #1915, .T. ) ;
#952 = ADVANCED_FACE ( 'NONE', ( #4616 ), #6602, .T. ) ;
#953 = EDGE_LOOP ( 'NONE', ( #6251, #2893, #341, #7183 ) ) ;
#954 = DIRECTION ( 'NONE',  ( 4.625929269271486407E-17, 0.000000000000000000, -1.000000000000000000 ) ) ;
#955 = LINE ( 'NONE', #3581, #4012 ) ;
#956 = DIRECTION ( 'NONE',  ( 0.000000000000000000, 0.000000000000000000, -1.000000000000000000 ) ) ;
#957 = VERTEX_POINT ( 'NONE', #4570 ) ;
#958 = DIRECTION ( 'NONE',  ( 2.403703357979464508E-16, 0.4999999999999947264, 0.8660254037844417052 ) ) ;
#959 = ORIENTED_EDGE ( 'NONE', *, *, #6461, .F. ) ;
#960 = CARTESIAN_POINT ( 'NONE',  ( 12.89999999999998259, 31.00000000000000711, -47.99999999999999289 ) ) ;
#961 = ADVANCED_FACE ( 'NONE', ( #7294 ), #7209, .F. ) ;
#962 = ORIENTED_EDGE ( 'NONE', *, *, #3417, .T. ) ;
#963 = FACE_OUTER_BOUND ( 'NONE', #6192, .T. ) ;
#964 = LINE ( 'NONE', #2996, #2971 ) ;
#965 = DIRECTION ( 'NONE',  ( -0.7071067811865494601, -0.3535533905932715104, -0.6123724356957935822 ) ) ;
#966 = VECTOR ( 'NONE', #4456, 1000.000000000000000 ) ;
#967 = CARTESIAN_POINT ( 'NONE',  ( -17.80000000000002913, 6.899999999999999467, -47.99999999999999289 ) ) ;
#968 = ADVANCED_FACE ( 'NONE', ( #686 ), #7256, .F. ) ;
#969 = EDGE_CURVE ( 'NONE', #2663, #3741, #4656, .T. ) ;
#970 = ORIENTED_EDGE ( 'NONE', *, *, #4282, .T. ) ;
#971 = ORIENTED_EDGE ( 'NONE', *, *, #899, .F. ) ;
#972 = DIRECTION ( 'NONE',  ( 3.791200677927628645E-32, -1.000000000000000000, 1.365923996832131116E-16 ) ) ;
#973 = LINE ( 'NONE', #1057, #5251 ) ;
#974 = DIRECTION ( 'NONE',  ( -2.403703357979464015E-16, -0.4999999999999946154, -0.8660254037844419273 ) ) ;
#975 = DIRECTION ( 'NONE',  ( -0.000000000000000000, 1.000000000000000000, -0.000000000000000000 ) ) ;
#976 = DIRECTION ( 'NONE',  ( -0.7071067811865465735, -0.6123724356957974679, 0.3535533905932706222 ) ) ;
#977 = VERTEX_POINT ( 'NONE', #39 ) ;
#978 = EDGE_CURVE ( 'NONE', #7134, #1315, #2061, .T. ) ;
#979 = CARTESIAN_POINT ( 'NONE',  ( 58.00000000000000711, -18.39734949121196905, -39.37986266914251843 ) ) ;
#980 = AXIS2_PLACEMENT_3D ( 'NONE', #2307, #1654, #4934 ) ;
#981 = VERTEX_POINT ( 'NONE', #7858 ) ;
#982 = CARTESIAN_POINT ( 'NONE',  ( 15.89999999999998792, 31.00000000000000711, -49.99999999999999289 ) ) ;
#983 = FACE_OUTER_BOUND ( 'NONE', #3219, .T. ) ;
#984 = CARTESIAN_POINT ( 'NONE',  ( -71.49999999999997158, 32.00000000000001421, -6.532606157515307821 ) ) ;
#985 = CYLINDRICAL_SURFACE ( 'NONE', #2686, 1.000000000000000222 ) ;
#986 = ORIENTED_EDGE ( 'NONE', *, *, #4211, .F. ) ;
#987 = EDGE_CURVE ( 'NONE', #2587, #1615, #1337, .T. ) ;
#988 = ORIENTED_EDGE ( 'NONE', *, *, #7478, .F. ) ;
#989 = EDGE_CURVE ( 'NONE', #1907, #3795, #5949, .T. ) ;
#990 = CARTESIAN_POINT ( 'NONE',  ( 65.00000000000001421, 19.89804168090045522, 40.46441916244339154 ) ) ;
#991 = VECTOR ( 'NONE', #2870, 1000.000000000000000 ) ;
#992 = ORIENTED_EDGE ( 'NONE', *, *, #2777, .T. ) ;
#993 = EDGE_LOOP ( 'NONE', ( #4920, #2935, #7634, #2068, #4438, #2683, #2272, #2134 ) ) ;
#994 = CIRCLE ( 'NONE', #2224, 1.900000000000002576 ) ;
#995 = DIRECTION ( 'NONE',  ( -0.7071067811865499042, 0.6123724356957924719, -0.3535533905932726206 ) ) ;
#996 = DIRECTION ( 'NONE',  ( -2.403703357979465494E-16, -0.4999999999999947264, -0.8660254037844417052 ) ) ;
#997 = SURFACE_SIDE_STYLE ('',( #7597 ) ) ;
#998 = VECTOR ( 'NONE', #6439, 1000.000000000000000 ) ;
#999 = ORIENTED_EDGE ( 'NONE', *, *, #3462, .F. ) ;
#1000 = CARTESIAN_POINT ( 'NONE',  ( -17.80000000000002913, 6.399999999999999467, -47.99999999999999289 ) ) ;
#1001 = ORIENTED_EDGE ( 'NONE', *, *, #1512, .T. ) ;
#1002 = ADVANCED_FACE ( 'NONE', ( #7333 ), #2676, .F. ) ;
#1003 = CARTESIAN_POINT ( 'NONE',  ( 74.99999999999997158, 0.000000000000000000, -45.00000000000000000 ) ) ;
#1004 = VECTOR ( 'NONE', #5346, 1000.000000000000000 ) ;
#1005 = EDGE_LOOP ( 'NONE', ( #2343, #8067, #3388, #8051 ) ) ;
#1006 = DIRECTION ( 'NONE',  ( 0.000000000000000000, 0.000000000000000000, 1.000000000000000000 ) ) ;
#1007 = DIRECTION ( 'NONE',  ( 1.000000000000000000, -1.141265444721583511E-16, 4.625929269271486407E-17 ) ) ;
#1008 = AXIS2_PLACEMENT_3D ( 'NONE', #8132, #2212, #7485 ) ;
#1009 = CARTESIAN_POINT ( 'NONE',  ( 46.51500000000000767, 35.46025083271662481, 37.25307621135344505 ) ) ;
#1010 = DIRECTION ( 'NONE',  ( 0.000000000000000000, 0.000000000000000000, 1.000000000000000000 ) ) ;
#1011 = ORIENTED_EDGE ( 'NONE', *, *, #5230, .T. ) ;
#1012 = ORIENTED_EDGE ( 'NONE', *, *, #942, .F. ) ;
#1013 = DIRECTION ( 'NONE',  ( 0.000000000000000000, 0.8660254037844425934, -0.4999999999999933942 ) ) ;
#1014 = PLANE ( 'NONE',  #5105 ) ;
#1015 = EDGE_CURVE ( 'NONE', #2089, #3507, #5867, .T. ) ;
#1016 = DIRECTION ( 'NONE',  ( -0.000000000000000000, -0.000000000000000000, -1.000000000000000000 ) ) ;
#1017 = VECTOR ( 'NONE', #412, 1000.000000000000000 ) ;
#1018 = CYLINDRICAL_SURFACE ( 'NONE', #3648, 3.000000000000001332 ) ;
#1019 = CARTESIAN_POINT ( 'NONE',  ( -72.99999999999997158, 33.50000000000001421, -48.00000000000000000 ) ) ;
#1020 = ORIENTED_EDGE ( 'NONE', *, *, #8271, .T. ) ;
#1021 = CARTESIAN_POINT ( 'NONE',  ( -60.65685424949237614, 30.50047952535078011, 34.34309881888385974 ) ) ;
#1022 = VERTEX_POINT ( 'NONE', #4003 ) ;
#1023 = LINE ( 'NONE', #3099, #751 ) ;
#1024 = CARTESIAN_POINT ( 'NONE',  ( -56.06999999999999318, 5.000000000000000000, 14.89000000000001123 ) ) ;
#1025 = EDGE_CURVE ( 'NONE', #5328, #1170, #6036, .T. ) ;
#1026 = FACE_OUTER_BOUND ( 'NONE', #1987, .T. ) ;
#1027 = PLANE ( 'NONE',  #5740 ) ;
#1028 = LINE ( 'NONE', #7071, #4472 ) ;
#1029 = VECTOR ( 'NONE', #7201, 1000.000000000000000 ) ;
#1030 = VERTEX_POINT ( 'NONE', #126 ) ;
#1031 = ORIENTED_EDGE ( 'NONE', *, *, #1618, .F. ) ;
#1032 = CARTESIAN_POINT ( 'NONE',  ( -71.49999999999997158, 5.600000000000004086, 1.600000000000002087 ) ) ;
#1033 = ORIENTED_EDGE ( 'NONE', *, *, #5987, .F. ) ;
#1034 = AXIS2_PLACEMENT_3D ( 'NONE', #1356, #3466, #6622 ) ;
#1035 = VERTEX_POINT ( 'NONE', #8020 ) ;
#1036 = EDGE_CURVE ( 'NONE', #4996, #7866, #4266, .T. ) ;
#1037 = ADVANCED_FACE ( 'NONE', ( #732 ), #2591, .T. ) ;
#1038 = CARTESIAN_POINT ( 'NONE',  ( -75.00000000000001421, 9.599999999999990763, -36.00000000000000711 ) ) ;
#1039 = LINE ( 'NONE', #3668, #4705 ) ;
#1040 = VERTEX_POINT ( 'NONE', #6641 ) ;
#1041 = DIRECTION ( 'NONE',  ( -2.403703357979464015E-16, -0.4999999999999946154, -0.8660254037844419273 ) ) ;
#1042 = EDGE_LOOP ( 'NONE', ( #4361, #4310, #2875, #4077 ) ) ;
#1043 = CARTESIAN_POINT ( 'NONE',  ( -56.06999999999999318, -0.001000000000000132727, 11.09000000000000696 ) ) ;
#1044 = VECTOR ( 'NONE', #7675, 1000.000000000000000 ) ;
#1045 = EDGE_CURVE ( 'NONE', #2850, #4900, #4740, .T. ) ;
#1046 = ORIENTED_EDGE ( 'NONE', *, *, #4180, .T. ) ;
#1047 = VECTOR ( 'NONE', #7200, 1000.000000000000114 ) ;
#1048 = DIRECTION ( 'NONE',  ( 0.000000000000000000, 0.000000000000000000, 1.000000000000000000 ) ) ;
#1049 = CARTESIAN_POINT ( 'NONE',  ( 12.89999999999998259, 14.79999999999999361, -47.99999999999999289 ) ) ;
#1050 = DIRECTION ( 'NONE',  ( 2.403703357979463522E-16, 0.4999999999999946709, 0.8660254037844417052 ) ) ;
#1051 = VECTOR ( 'NONE', #289, 1000.000000000000000 ) ;
#1052 = CARTESIAN_POINT ( 'NONE',  ( -66.00000000000001421, -24.24939431866607009, -36.00118301270214971 ) ) ;
#1053 = AXIS2_PLACEMENT_3D ( 'NONE', #8380, #4533, #3239 ) ;
#1054 = AXIS2_PLACEMENT_3D ( 'NONE', #5431, #6770, #861 ) ;
#1055 = VERTEX_POINT ( 'NONE', #601 ) ;
#1056 = CARTESIAN_POINT ( 'NONE',  ( 71.49999999999997158, 26.40192378864669109, 31.16683849253822913 ) ) ;
#1057 = CARTESIAN_POINT ( 'NONE',  ( 74.99999999999997158, 2.000000000000000000, -45.00000000000000000 ) ) ;
#1058 = DIRECTION ( 'NONE',  ( 0.000000000000000000, -1.000000000000000000, 0.000000000000000000 ) ) ;
#1059 = FACE_OUTER_BOUND ( 'NONE', #5777, .T. ) ;
#1060 = CARTESIAN_POINT ( 'NONE',  ( 61.99999999999995026, 31.00000000000000711, 52.59907621135331368 ) ) ;
#1061 = ORIENTED_EDGE ( 'NONE', *, *, #1609, .T. ) ;
#1062 = LINE ( 'NONE', #940, #6645 ) ;
#1063 = EDGE_CURVE ( 'NONE', #4034, #2933, #8544, .T. ) ;
#1064 = VERTEX_POINT ( 'NONE', #7941 ) ;
#1065 = LINE ( 'NONE', #3693, #2974 ) ;
#1066 = CARTESIAN_POINT ( 'NONE',  ( 71.49999999999997158, 30.00000000000001066, -6.532606157515349565 ) ) ;
#1067 = DIRECTION ( 'NONE',  ( 0.000000000000000000, 0.8660254037844381525, -0.5000000000000008882 ) ) ;
#1068 = CARTESIAN_POINT ( 'NONE',  ( -56.06999999999999318, 0.000000000000000000, 12.99000000000000909 ) ) ;
#1069 = CARTESIAN_POINT ( 'NONE',  ( -72.99999999999997158, 22.52275866404783500, 37.44792740578382251 ) ) ;
#1070 = ORIENTED_EDGE ( 'NONE', *, *, #5900, .F. ) ;
#1071 = ORIENTED_EDGE ( 'NONE', *, *, #8369, .F. ) ;
#1072 = LINE ( 'NONE', #1975, #2662 ) ;
#1073 = EDGE_CURVE ( 'NONE', #174, #6097, #5255, .T. ) ;
#1074 = ORIENTED_EDGE ( 'NONE', *, *, #5705, .T. ) ;
#1075 = ORIENTED_EDGE ( 'NONE', *, *, #6953, .F. ) ;
#1076 = DIRECTION ( 'NONE',  ( 0.000000000000000000, 1.000000000000000000, 0.000000000000000000 ) ) ;
#1077 = VECTOR ( 'NONE', #3027, 1000.000000000000000 ) ;
#1078 = LINE ( 'NONE', #6470, #2661 ) ;
#1079 = LINE ( 'NONE', #1766, #8016 ) ;
#1080 = DIRECTION ( 'NONE',  ( -6.938893903907226800E-15, 0.8660254037844425934, -0.4999999999999933942 ) ) ;
#1081 = ORIENTED_EDGE ( 'NONE', *, *, #8381, .T. ) ;
#1082 = DIRECTION ( 'NONE',  ( 2.403703357979465494E-16, 0.4999999999999947264, 0.8660254037844417052 ) ) ;
#1083 = ORIENTED_EDGE ( 'NONE', *, *, #4575, .T. ) ;
#1084 = VECTOR ( 'NONE', #7547, 1000.000000000000000 ) ;
#1085 = CARTESIAN_POINT ( 'NONE',  ( 11.89999999999998082, 16.30000000000000426, -46.50000000000000000 ) ) ;
#1086 = EDGE_CURVE ( 'NONE', #6609, #2513, #4944, .T. ) ;
#1087 = ADVANCED_FACE ( 'NONE', ( #6165 ), #6728, .T. ) ;
#1088 = ORIENTED_EDGE ( 'NONE', *, *, #5083, .T. ) ;
#1089 = VERTEX_POINT ( 'NONE', #8109 ) ;
#1090 = DIRECTION ( 'NONE',  ( 0.000000000000000000, 0.000000000000000000, -1.000000000000000000 ) ) ;
#1091 = CARTESIAN_POINT ( 'NONE',  ( 62.00000000000004263, 20.89804168090047298, 42.19646997001226651 ) ) ;
#1092 = LINE ( 'NONE', #4409, #7917 ) ;
#1093 = CARTESIAN_POINT ( 'NONE',  ( -45.99999999999997868, 15.56180047068721883, 42.96794919243114919 ) ) ;
#1094 = EDGE_CURVE ( 'NONE', #6033, #2663, #167, .T. ) ;
#1095 = EDGE_CURVE ( 'NONE', #7719, #7122, #1541, .T. ) ;
#1096 = ORIENTED_EDGE ( 'NONE', *, *, #1832, .T. ) ;
#1097 = CARTESIAN_POINT ( 'NONE',  ( -72.49999999999994316, 22.07179676972450366, 33.66683849253826821 ) ) ;
#1098 = DIRECTION ( 'NONE',  ( -4.625929269271486407E-17, 0.000000000000000000, 1.000000000000000000 ) ) ;
#1099 = DIRECTION ( 'NONE',  ( -0.7071067811865500152, -0.7071067811865451302, -1.226634733346693986E-15 ) ) ;
#1100 = LINE ( 'NONE', #3091, #7359 ) ;
#1101 = ORIENTED_EDGE ( 'NONE', *, *, #3615, .T. ) ;
#1102 = CARTESIAN_POINT ( 'NONE',  ( -65.99999999999998579, 20.03201627711599997, 42.69646997001231625 ) ) ;
#1103 = VECTOR ( 'NONE', #2724, 1000.000000000000000 ) ;
#1104 = ORIENTED_EDGE ( 'NONE', *, *, #7792, .F. ) ;
#1105 = CARTESIAN_POINT ( 'NONE',  ( 71.49999999999997158, 31.00000000000001066, -1.532606157515349343 ) ) ;
#1106 = LINE ( 'NONE', #4217, #2856 ) ;
#1107 = LINE ( 'NONE', #7026, #8395 ) ;
#1108 = DIRECTION ( 'NONE',  ( 0.7071067811865470176, -0.6123724356957973569, 0.3535533905932701226 ) ) ;
#1109 = EDGE_CURVE ( 'NONE', #5290, #2721, #4410, .T. ) ;
#1110 = LINE ( 'NONE', #6988, #340 ) ;
#1111 = EDGE_LOOP ( 'NONE', ( #2723, #4655, #7269, #1794, #4790, #3536 ) ) ;
#1112 = VERTEX_POINT ( 'NONE', #2186 ) ;
#1113 = VECTOR ( 'NONE', #2071, 1000.000000000000000 ) ;
#1114 = LINE ( 'NONE', #3063, #1277 ) ;
#1115 = ORIENTED_EDGE ( 'NONE', *, *, #4836, .T. ) ;
#1116 = ORIENTED_EDGE ( 'NONE', *, *, #4201, .F. ) ;
#1117 = CARTESIAN_POINT ( 'NONE',  ( 56.07000000000000028, 2.000000000000000000, -44.43999999999999062 ) ) ;
#1118 = AXIS2_PLACEMENT_3D ( 'NONE', #7955, #7911, #2034 ) ;
#1119 = PLANE ( 'NONE',  #2882 ) ;
#1120 = CARTESIAN_POINT ( 'NONE',  ( 69.83333333333328596, 17.96666666666667922, -38.33333333333336412 ) ) ;
#1121 = LINE ( 'NONE', #604, #7125 ) ;
#1122 = EDGE_CURVE ( 'NONE', #4953, #5723, #1461, .T. ) ;
#1123 = ORIENTED_EDGE ( 'NONE', *, *, #5716, .F. ) ;
#1124 = DIRECTION ( 'NONE',  ( -2.403703357979464508E-16, -0.4999999999999947820, -0.8660254037844417052 ) ) ;
#1125 = EDGE_LOOP ( 'NONE', ( #3939, #2625, #6886, #6685 ) ) ;
#1126 = EDGE_CURVE ( 'NONE', #8108, #6336, #4091, .T. ) ;
#1127 = CARTESIAN_POINT ( 'NONE',  ( -3.100000000000324718, 84.69999999999996021, -39.00000000000004263 ) ) ;
#1128 = SHAPE_DEFINITION_REPRESENTATION ( #8040, #7007 ) ;
#1129 = CIRCLE ( 'NONE', #4433, 1.000000000000000222 ) ;
#1130 = ORIENTED_EDGE ( 'NONE', *, *, #3367, .T. ) ;
#1131 = AXIS2_PLACEMENT_3D ( 'NONE', #749, #3380, #6487 ) ;
#1132 = EDGE_LOOP ( 'NONE', ( #4522, #7473, #6300, #5111 ) ) ;
#1133 = EDGE_CURVE ( 'NONE', #3716, #3699, #5511, .T. ) ;
#1134 = CARTESIAN_POINT ( 'NONE',  ( 56.07000000000000028, 5.000000000000000000, -47.94000000000000483 ) ) ;
#1135 = DIRECTION ( 'NONE',  ( 0.000000000000000000, 0.000000000000000000, 1.000000000000000000 ) ) ;
#1136 = LINE ( 'NONE', #3766, #5567 ) ;
#1137 = VECTOR ( 'NONE', #3494, 1000.000000000000114 ) ;
#1138 = CARTESIAN_POINT ( 'NONE',  ( -60.99999999999998579, 26.96021950739156381, 38.69646997001233757 ) ) ;
#1139 = AXIS2_PLACEMENT_3D ( 'NONE', #4059, #3327, #5960 ) ;
#1140 = ORIENTED_EDGE ( 'NONE', *, *, #7465, .T. ) ;
#1141 = VECTOR ( 'NONE', #3071, 1000.000000000000000 ) ;
#1142 = EDGE_CURVE ( 'NONE', #3540, #977, #2969, .T. ) ;
#1143 = PLANE ( 'NONE',  #2445 ) ;
#1144 = ADVANCED_FACE ( 'NONE', ( #6245 ), #6076, .T. ) ;
#1145 = FACE_OUTER_BOUND ( 'NONE', #2465, .T. ) ;
#1146 = DIRECTION ( 'NONE',  ( 0.000000000000000000, 1.000000000000000000, 0.000000000000000000 ) ) ;
#1147 = VERTEX_POINT ( 'NONE', #6892 ) ;
#1148 = AXIS2_PLACEMENT_3D ( 'NONE', #6447, #3083, #1780 ) ;
#1149 = DIRECTION ( 'NONE',  ( 0.7071067811865493491, 0.3535533905932728427, 0.6123724356957928050 ) ) ;
#1150 = ORIENTED_EDGE ( 'NONE', *, *, #8531, .F. ) ;
#1151 = AXIS2_PLACEMENT_3D ( 'NONE', #3217, #5278, #7279 ) ;
#1152 = CARTESIAN_POINT ( 'NONE',  ( -71.49999999999997158, 6.600000000000003197, 1.600000000000002309 ) ) ;
#1153 = DIRECTION ( 'NONE',  ( 0.000000000000000000, 0.000000000000000000, 1.000000000000000000 ) ) ;
#1154 = EDGE_CURVE ( 'NONE', #3701, #3450, #288, .T. ) ;
#1155 = CARTESIAN_POINT ( 'NONE',  ( -72.99999999999997158, 30.00000000000001421, -1.532606157515309597 ) ) ;
#1156 = CARTESIAN_POINT ( 'NONE',  ( 71.49999999999997158, 6.599999999999994316, 1.599999999999967226 ) ) ;
#1157 = DIRECTION ( 'NONE',  ( -0.000000000000000000, -0.000000000000000000, -1.000000000000000000 ) ) ;
#1158 = ORIENTED_EDGE ( 'NONE', *, *, #4391, .F. ) ;
#1159 = EDGE_LOOP ( 'NONE', ( #67, #2771, #6085, #5829 ) ) ;
#1160 = CIRCLE ( 'NONE', #4871, 3.509999999999982911 ) ;
#1161 = AXIS2_PLACEMENT_3D ( 'NONE', #8490, #1925, #1280 ) ;
#1162 = CARTESIAN_POINT ( 'NONE',  ( -56.07000000000000028, 5.000000000000000000, -46.33999999999998920 ) ) ;
#1163 = ORIENTED_EDGE ( 'NONE', *, *, #8116, .F. ) ;
#1164 = ORIENTED_EDGE ( 'NONE', *, *, #5833, .T. ) ;
#1165 = DIRECTION ( 'NONE',  ( 0.000000000000000000, 0.000000000000000000, -1.000000000000000000 ) ) ;
#1166 = DIRECTION ( 'NONE',  ( -0.7071067811865483499, -0.6123724356957954695, 0.3535533905932704002 ) ) ;
#1167 = AXIS2_PLACEMENT_3D ( 'NONE', #7120, #681, #5814 ) ;
#1168 = CARTESIAN_POINT ( 'NONE',  ( 71.49999999999997158, 16.29999999999999716, -38.00000000000003553 ) ) ;
#1169 = LINE ( 'NONE', #6434, #2576 ) ;
#1170 = VERTEX_POINT ( 'NONE', #7545 ) ;
#1171 = VECTOR ( 'NONE', #7189, 1000.000000000000000 ) ;
#1172 = CARTESIAN_POINT ( 'NONE',  ( 46.51500000000000767, 37.00000000000001421, 32.90000000000014779 ) ) ;
#1173 = VERTEX_POINT ( 'NONE', #5553 ) ;
#1174 = DIRECTION ( 'NONE',  ( 4.625929269271486407E-17, 0.000000000000000000, -1.000000000000000000 ) ) ;
#1175 = CIRCLE ( 'NONE', #346, 3.000000000000001332 ) ;
#1176 = ORIENTED_EDGE ( 'NONE', *, *, #6846, .F. ) ;
#1177 = EDGE_CURVE ( 'NONE', #7072, #3491, #4782, .T. ) ;
#1178 = VERTEX_POINT ( 'NONE', #5473 ) ;
#1179 = VERTEX_POINT ( 'NONE', #1503 ) ;
#1180 = VECTOR ( 'NONE', #1264, 1000.000000000000000 ) ;
#1181 = LINE ( 'NONE', #1221, #7798 ) ;
#1182 = VECTOR ( 'NONE', #586, 1000.000000000000000 ) ;
#1183 = LINE ( 'NONE', #4587, #7779 ) ;
#1184 = DIRECTION ( 'NONE',  ( -4.625929269271485791E-17, 0.000000000000000000, 1.000000000000000000 ) ) ;
#1185 = EDGE_CURVE ( 'NONE', #7581, #5679, #4955, .T. ) ;
#1186 = ORIENTED_EDGE ( 'NONE', *, *, #5059, .T. ) ;
#1187 = CARTESIAN_POINT ( 'NONE',  ( 2.899999999999967493, 6.400000000000000355, 50.00100000000001188 ) ) ;
#1188 = CARTESIAN_POINT ( 'NONE',  ( 61.00000000000002842, 25.96021950739159578, 36.96441916244344128 ) ) ;
#1189 = AXIS2_PLACEMENT_3D ( 'NONE', #2316, #4945, #4300 ) ;
#1190 = FACE_OUTER_BOUND ( 'NONE', #4307, .T. ) ;
#1191 = ORIENTED_EDGE ( 'NONE', *, *, #1383, .F. ) ;
#1192 = AXIS2_PLACEMENT_3D ( 'NONE', #543, #3180, #8449 ) ;
#1193 = CARTESIAN_POINT ( 'NONE',  ( -60.65685424949237614, 14.49175625915681920, 43.58573950600303704 ) ) ;
#1194 = EDGE_CURVE ( 'NONE', #6943, #3163, #2888, .T. ) ;
#1195 = ADVANCED_FACE ( 'NONE', ( #8147 ), #6768, .F. ) ;
#1196 = EDGE_LOOP ( 'NONE', ( #1770, #1965 ) ) ;
#1197 = CARTESIAN_POINT ( 'NONE',  ( 56.07000000000000028, -0.001000000000000132727, -46.33999999999998920 ) ) ;
#1198 = DIRECTION ( 'NONE',  ( -1.109335647967047632E-31, 0.8660254037844417052, -0.4999999999999947264 ) ) ;
#1199 = CARTESIAN_POINT ( 'NONE',  ( -57.29289321881343966, 19.62977684045723237, 42.92870301704592606 ) ) ;
#1200 = CARTESIAN_POINT ( 'NONE',  ( -71.49999999999997158, 7.600000000000004086, -3.399999999999998135 ) ) ;
#1201 = CARTESIAN_POINT ( 'NONE',  ( -56.07000000000000028, 2.000000000000000000, -44.43999999999999062 ) ) ;
#1202 = VERTEX_POINT ( 'NONE', #3609 ) ;
#1203 = ORIENTED_EDGE ( 'NONE', *, *, #2215, .F. ) ;
#1204 = DIRECTION ( 'NONE',  ( -0.000000000000000000, 1.000000000000000000, -0.000000000000000000 ) ) ;
#1205 = ADVANCED_FACE ( 'NONE', ( #7499 ), #4216, .T. ) ;
#1206 = ORIENTED_EDGE ( 'NONE', *, *, #2615, .T. ) ;
#1207 = ORIENTED_EDGE ( 'NONE', *, *, #4477, .T. ) ;
#1208 = CARTESIAN_POINT ( 'NONE',  ( 46.00000000000000000, -14.72922906832824985, -41.49765298271438496 ) ) ;
#1209 = DIRECTION ( 'NONE',  ( 1.000000000000000000, 0.000000000000000000, -2.775557561562891351E-16 ) ) ;
#1210 = DIRECTION ( 'NONE',  ( -1.387778780781445676E-16, -0.4999999999999947264, -0.8660254037844417052 ) ) ;
#1211 = DIRECTION ( 'NONE',  ( -0.000000000000000000, 1.000000000000000000, -0.000000000000000000 ) ) ;
#1212 = ORIENTED_EDGE ( 'NONE', *, *, #4716, .T. ) ;
#1213 = CYLINDRICAL_SURFACE ( 'NONE', #6658, 2.999999999999999112 ) ;
#1214 = ORIENTED_EDGE ( 'NONE', *, *, #430, .T. ) ;
#1215 = PLANE ( 'NONE',  #3751 ) ;
#1216 = EDGE_CURVE ( 'NONE', #6256, #3538, #3783, .T. ) ;
#1217 = ORIENTED_EDGE ( 'NONE', *, *, #1232, .F. ) ;
#1218 = EDGE_LOOP ( 'NONE', ( #2327, #5139, #3660, #2945 ) ) ;
#1219 = LINE ( 'NONE', #4933, #331 ) ;
#1220 = ORIENTED_EDGE ( 'NONE', *, *, #2599, .T. ) ;
#1221 = CARTESIAN_POINT ( 'NONE',  ( -72.99999999999997158, 14.79999999999997939, -48.00000000000000000 ) ) ;
#1222 = VECTOR ( 'NONE', #4657, 1000.000000000000000 ) ;
#1223 = EDGE_CURVE ( 'NONE', #4275, #8274, #2358, .T. ) ;
#1224 = LINE ( 'NONE', #5144, #5283 ) ;
#1225 = CARTESIAN_POINT ( 'NONE',  ( 71.49999999999997158, 0.000000000000000000, 0.000000000000000000 ) ) ;
#1226 = VERTEX_POINT ( 'NONE', #7710 ) ;
#1227 = FACE_OUTER_BOUND ( 'NONE', #7426, .T. ) ;
#1228 = PLANE ( 'NONE',  #6552 ) ;
#1229 = EDGE_CURVE ( 'NONE', #5962, #8511, #5682, .T. ) ;
#1230 = CARTESIAN_POINT ( 'NONE',  ( 72.99999999999997158, 0.000000000000000000, 0.000000000000000000 ) ) ;
#1231 = ORIENTED_EDGE ( 'NONE', *, *, #6967, .T. ) ;
#1232 = EDGE_CURVE ( 'NONE', #1901, #6133, #8320, .T. ) ;
#1233 = CARTESIAN_POINT ( 'NONE',  ( 62.00000000000004263, 19.89804168090049785, 40.46441916244340575 ) ) ;
#1234 = EDGE_LOOP ( 'NONE', ( #4863, #6255, #2516, #3911, #6046, #4008, #2855, #7649, #1961, #574 ) ) ;
#1235 = CARTESIAN_POINT ( 'NONE',  ( 61.99999999999995737, 28.00000000000000711, -47.99999999999999289 ) ) ;
#1236 = CARTESIAN_POINT ( 'NONE',  ( 34.94999999999996732, 32.00000000000000711, -48.00000000000000000 ) ) ;
#1237 = CARTESIAN_POINT ( 'NONE',  ( -57.99999999999998579, 25.75008650835454915, 37.08573950600311520 ) ) ;
#1238 = DIRECTION ( 'NONE',  ( -2.403703357979464508E-16, -0.4999999999999947264, -0.8660254037844417052 ) ) ;
#1239 = EDGE_CURVE ( 'NONE', #1507, #3162, #7671, .T. ) ;
#1240 = DIRECTION ( 'NONE',  ( 0.000000000000000000, 0.000000000000000000, 1.000000000000000000 ) ) ;
#1241 = ORIENTED_EDGE ( 'NONE', *, *, #3306, .F. ) ;
#1242 = ORIENTED_EDGE ( 'NONE', *, *, #1513, .F. ) ;
#1243 = VECTOR ( 'NONE', #1374, 1000.000000000000000 ) ;
#1244 = DIRECTION ( 'NONE',  ( 0.000000000000000000, -1.000000000000000000, 0.000000000000000000 ) ) ;
#1245 = EDGE_LOOP ( 'NONE', ( #3853, #216, #1974, #5516, #7129, #870 ) ) ;
#1246 = VERTEX_POINT ( 'NONE', #8405 ) ;
#1247 = FACE_OUTER_BOUND ( 'NONE', #1397, .T. ) ;
#1248 = DIRECTION ( 'NONE',  ( 1.000000000000000000, -5.473822126268816683E-48, -2.775557561562891351E-16 ) ) ;
#1249 = CARTESIAN_POINT ( 'NONE',  ( -56.06999999999999318, 5.000000000000000000, 12.99000000000000909 ) ) ;
#1250 = CARTESIAN_POINT ( 'NONE',  ( -57.29289321881343966, 18.62977684045725724, 41.19665220947704398 ) ) ;
#1251 = ADVANCED_FACE ( 'NONE', ( #3824 ), #2405, .F. ) ;
#1252 = ORIENTED_EDGE ( 'NONE', *, *, #7624, .F. ) ;
#1253 = CIRCLE ( 'NONE', #1657, 0.5000000000000004441 ) ;
#1254 = DIRECTION ( 'NONE',  ( 0.000000000000000000, 0.000000000000000000, -1.000000000000000000 ) ) ;
#1255 = ORIENTED_EDGE ( 'NONE', *, *, #2693, .T. ) ;
#1256 = DIRECTION ( 'NONE',  ( 0.000000000000000000, 0.8660254037844412611, -0.4999999999999956146 ) ) ;
#1257 = VERTEX_POINT ( 'NONE', #1789 ) ;
#1258 = AXIS2_PLACEMENT_3D ( 'NONE', #873, #2287, #3456 ) ;
#1259 = ORIENTED_EDGE ( 'NONE', *, *, #1821, .F. ) ;
#1260 = FACE_OUTER_BOUND ( 'NONE', #6022, .T. ) ;
#1261 = CARTESIAN_POINT ( 'NONE',  ( 56.00000000000004263, 18.52471034093876412, 41.25731238125684541 ) ) ;
#1262 = ORIENTED_EDGE ( 'NONE', *, *, #4242, .T. ) ;
#1263 = ADVANCED_FACE ( 'NONE', ( #6935 ), #6329, .F. ) ;
#1264 = DIRECTION ( 'NONE',  ( 0.000000000000000000, 0.000000000000000000, 1.000000000000000000 ) ) ;
#1265 = CARTESIAN_POINT ( 'NONE',  ( 72.49999999999997158, 22.07179676972450011, 33.66683849253823269 ) ) ;
#1266 = CIRCLE ( 'NONE', #3887, 1.000000000000000222 ) ;
#1267 = FACE_OUTER_BOUND ( 'NONE', #5476, .T. ) ;
#1268 = ORIENTED_EDGE ( 'NONE', *, *, #5479, .T. ) ;
#1269 = CIRCLE ( 'NONE', #7203, 1.000000000000000222 ) ;
#1270 = DIRECTION ( 'NONE',  ( -0.7071067811865474617, -0.7071067811865474617, -6.133173666733491622E-16 ) ) ;
#1271 = DIRECTION ( 'NONE',  ( 0.000000000000000000, 0.000000000000000000, 1.000000000000000000 ) ) ;
#1272 = VECTOR ( 'NONE', #5356, 1000.000000000000000 ) ;
#1273 = CARTESIAN_POINT ( 'NONE',  ( 61.99999999999995737, 28.00000000000000711, -49.99999999999999289 ) ) ;
#1274 = ORIENTED_EDGE ( 'NONE', *, *, #4880, .F. ) ;
#1275 = DIRECTION ( 'NONE',  ( -2.081668171172184784E-16, 0.000000000000000000, -1.000000000000000000 ) ) ;
#1276 = VECTOR ( 'NONE', #5217, 1000.000000000000114 ) ;
#1277 = VECTOR ( 'NONE', #3021, 1000.000000000000000 ) ;
#1278 = VERTEX_POINT ( 'NONE', #4985 ) ;
#1279 = ADVANCED_FACE ( 'NONE', ( #7024, #7067 ), #3734, .T. ) ;
#1280 = DIRECTION ( 'NONE',  ( 0.000000000000000000, 0.000000000000000000, 1.000000000000000000 ) ) ;
#1281 = FACE_OUTER_BOUND ( 'NONE', #6080, .T. ) ;
#1282 = CARTESIAN_POINT ( 'NONE',  ( 72.99999999999997158, 69.13072758308061339, 7.652052658050342515 ) ) ;
#1283 = LINE ( 'NONE', #7933, #1735 ) ;
#1284 = CARTESIAN_POINT ( 'NONE',  ( 66.00000000000001421, 19.89804168090045522, 40.46441916244339154 ) ) ;
#1285 = EDGE_LOOP ( 'NONE', ( #7831, #1501, #918, #951 ) ) ;
#1286 = CIRCLE ( 'NONE', #3489, 1.000000000000000222 ) ;
#1287 = ORIENTED_EDGE ( 'NONE', *, *, #6045, .T. ) ;
#1288 = DIRECTION ( 'NONE',  ( -2.403703357979464015E-16, -0.4999999999999946154, -0.8660254037844419273 ) ) ;
#1289 = CIRCLE ( 'NONE', #3223, 1.000000000000000222 ) ;
#1290 = EDGE_LOOP ( 'NONE', ( #7293, #4016, #4853, #6686 ) ) ;
#1291 = EDGE_CURVE ( 'NONE', #1891, #7418, #4468, .T. ) ;
#1292 = ORIENTED_EDGE ( 'NONE', *, *, #2269, .F. ) ;
#1293 = DIRECTION ( 'NONE',  ( 0.000000000000000000, -0.8660254037844382635, 0.5000000000000007772 ) ) ;
#1294 = CARTESIAN_POINT ( 'NONE',  ( 72.99999999999997158, 6.599999999999991651, -47.99999999999999289 ) ) ;
#1295 = DIRECTION ( 'NONE',  ( -1.387778780781430391E-16, 0.8660254037844418162, -0.4999999999999945599 ) ) ;
#1296 = VECTOR ( 'NONE', #8175, 1000.000000000000000 ) ;
#1297 = VERTEX_POINT ( 'NONE', #462 ) ;
#1298 = EDGE_LOOP ( 'NONE', ( #5108, #4529, #2305, #3780 ) ) ;
#1299 = LINE ( 'NONE', #5875, #720 ) ;
#1300 = ORIENTED_EDGE ( 'NONE', *, *, #875, .T. ) ;
#1301 = EDGE_CURVE ( 'NONE', #3956, #3214, #5072, .T. ) ;
#1302 = EDGE_CURVE ( 'NONE', #3256, #7208, #8365, .T. ) ;
#1303 = AXIS2_PLACEMENT_3D ( 'NONE', #4812, #4774, #811 ) ;
#1304 = ORIENTED_EDGE ( 'NONE', *, *, #6345, .F. ) ;
#1305 = AXIS2_PLACEMENT_3D ( 'NONE', #6313, #2298, #1090 ) ;
#1306 = DIRECTION ( 'NONE',  ( -1.000000000000000000, 0.000000000000000000, 0.000000000000000000 ) ) ;
#1307 = DIRECTION ( 'NONE',  ( 1.000000000000000000, -9.860761315262645378E-32, -2.775557561562891351E-16 ) ) ;
#1308 = ORIENTED_EDGE ( 'NONE', *, *, #8542, .T. ) ;
#1309 = CARTESIAN_POINT ( 'NONE',  ( -72.99999999999997158, 35.00000000000000000, 31.74529946162091321 ) ) ;
#1310 = CARTESIAN_POINT ( 'NONE',  ( -75.00000000000002842, 6.599999999999989875, -39.00000000000000000 ) ) ;
#1311 = AXIS2_PLACEMENT_3D ( 'NONE', #6805, #4210, #160 ) ;
#1312 = CARTESIAN_POINT ( 'NONE',  ( -18.30000000000002913, 21.60000000000000142, 50.00100000000001188 ) ) ;
#1313 = EDGE_CURVE ( 'NONE', #5386, #4226, #1023, .T. ) ;
#1314 = VECTOR ( 'NONE', #8483, 1000.000000000000000 ) ;
#1315 = VERTEX_POINT ( 'NONE', #1152 ) ;
#1316 = DIRECTION ( 'NONE',  ( -1.000000000000000000, 0.000000000000000000, 0.000000000000000000 ) ) ;
#1317 = DIRECTION ( 'NONE',  ( 0.000000000000000000, 0.000000000000000000, 1.000000000000000000 ) ) ;
#1318 = PLANE ( 'NONE',  #1151 ) ;
#1319 = VERTEX_POINT ( 'NONE', #6418 ) ;
#1320 = CARTESIAN_POINT ( 'NONE',  ( 15.89999999999998437, 6.599999999999999645, -49.99999999999999289 ) ) ;
#1321 = VERTEX_POINT ( 'NONE', #503 ) ;
#1323 = DIRECTION ( 'NONE',  ( 0.000000000000000000, -0.000000000000000000, 1.000000000000000000 ) ) ;
#1322 = AXIS2_PLACEMENT_3D ( 'NONE', #6340, #8458, #5085 ) ;
#1324 = CARTESIAN_POINT ( 'NONE',  ( 60.99999999999995026, 21.30000000000000071, -48.00000000000000000 ) ) ;
#1325 = CARTESIAN_POINT ( 'NONE',  ( 71.49999999999997158, 7.599999999999995204, -3.400000000000032774 ) ) ;
#1326 = DIRECTION ( 'NONE',  ( -0.7071067811865496822, 0.000000000000000000, 0.7071067811865453523 ) ) ;
#1327 = CARTESIAN_POINT ( 'NONE',  ( 61.33333333333327886, 17.96666666666668988, -44.83333333333331439 ) ) ;
#1328 = VECTOR ( 'NONE', #4122, 1000.000000000000000 ) ;
#1329 = ORIENTED_EDGE ( 'NONE', *, *, #7041, .F. ) ;
#1330 = ADVANCED_FACE ( 'NONE', ( #5728 ), #3012, .F. ) ;
#1331 = VERTEX_POINT ( 'NONE', #4341 ) ;
#1332 = VECTOR ( 'NONE', #7068, 1000.000000000000000 ) ;
#1333 = DIRECTION ( 'NONE',  ( 0.000000000000000000, -0.8660254037844413721, 0.4999999999999952816 ) ) ;
#1334 = EDGE_LOOP ( 'NONE', ( #4822, #2687, #2839, #903 ) ) ;
#1335 = CIRCLE ( 'NONE', #646, 1.000000000000000222 ) ;
#1336 = VERTEX_POINT ( 'NONE', #5641 ) ;
#1337 = LINE ( 'NONE', #7897, #1243 ) ;
#1338 = LINE ( 'NONE', #5508, #6042 ) ;
#1339 = PLANE ( 'NONE',  #5389 ) ;
#1340 = ORIENTED_EDGE ( 'NONE', *, *, #498, .F. ) ;
#1341 = EDGE_CURVE ( 'NONE', #3214, #5477, #1837, .T. ) ;
#1342 = ORIENTED_EDGE ( 'NONE', *, *, #541, .T. ) ;
#1343 = DIRECTION ( 'NONE',  ( 1.000000000000000000, 0.000000000000000000, 0.000000000000000000 ) ) ;
#1344 = ORIENTED_EDGE ( 'NONE', *, *, #3760, .T. ) ;
#1345 = VERTEX_POINT ( 'NONE', #6982 ) ;
#1346 = CARTESIAN_POINT ( 'NONE',  ( 46.51499999999998636, -9.541736899659428062, -44.49265298271434688 ) ) ;
#1347 = DIRECTION ( 'NONE',  ( 2.403703357979465494E-16, 0.4999999999999947264, 0.8660254037844417052 ) ) ;
#1348 = ORIENTED_EDGE ( 'NONE', *, *, #4526, .F. ) ;
#1349 = DIRECTION ( 'NONE',  ( 2.403703357979463522E-16, 0.4999999999999947820, 0.8660254037844418162 ) ) ;
#1350 = EDGE_CURVE ( 'NONE', #4564, #7453, #1065, .T. ) ;
#1351 = FACE_OUTER_BOUND ( 'NONE', #3358, .T. ) ;
#1352 = EDGE_CURVE ( 'NONE', #6568, #1315, #3348, .T. ) ;
#1353 = LINE ( 'NONE', #7834, #1817 ) ;
#1354 = ORIENTED_EDGE ( 'NONE', *, *, #181, .F. ) ;
#1355 = LINE ( 'NONE', #3948, #7508 ) ;
#1356 = CARTESIAN_POINT ( 'NONE',  ( 46.51500000000000767, 35.46025083271662481, 37.25307621135344505 ) ) ;
#1357 = ADVANCED_FACE ( 'NONE', ( #7196 ), #7846, .F. ) ;
#1358 = DIRECTION ( 'NONE',  ( -4.625929269271485791E-17, 0.000000000000000000, 1.000000000000000000 ) ) ;
#1359 = EDGE_CURVE ( 'NONE', #3790, #6931, #5284, .T. ) ;
#1360 = EDGE_LOOP ( 'NONE', ( #3847, #44, #580, #1633 ) ) ;
#1361 = AXIS2_PLACEMENT_3D ( 'NONE', #6205, #4257, #290 ) ;
#1362 = LINE ( 'NONE', #3991, #3048 ) ;
#1363 = VERTEX_POINT ( 'NONE', #4646 ) ;
#1364 = DIRECTION ( 'NONE',  ( -1.109335647967047632E-31, 0.8660254037844417052, -0.4999999999999947264 ) ) ;
#1365 = DIRECTION ( 'NONE',  ( -1.000000000000000000, 0.000000000000000000, 2.775557561562891351E-16 ) ) ;
#1366 = CARTESIAN_POINT ( 'NONE',  ( 46.51500000000001478, 10.42168035785550906, 48.24499999999997613 ) ) ;
#1367 = DIRECTION ( 'NONE',  ( -2.498001805406602709E-16, -0.4999999999999947264, -0.8660254037844418162 ) ) ;
#1368 = CARTESIAN_POINT ( 'NONE',  ( -59.94974746830582291, 14.87938382346100674, 45.67134370416518863 ) ) ;
#1369 = EDGE_CURVE ( 'NONE', #5125, #7106, #633, .T. ) ;
#1370 = EDGE_LOOP ( 'NONE', ( #4324, #2575, #7570, #3158 ) ) ;
#1371 = CARTESIAN_POINT ( 'NONE',  ( 46.51500000000001478, 13.46142952513890556, 46.48999999999998778 ) ) ;
#1372 = ORIENTED_EDGE ( 'NONE', *, *, #5048, .F. ) ;
#1373 = ORIENTED_EDGE ( 'NONE', *, *, #5558, .T. ) ;
#1374 = DIRECTION ( 'NONE',  ( -1.000000000000000000, 1.201851678989727817E-16, 2.081668171172168760E-16 ) ) ;
#1375 = EDGE_CURVE ( 'NONE', #3162, #6787, #5898, .T. ) ;
#1376 = PLANE ( 'NONE',  #398 ) ;
#1377 = PLANE ( 'NONE',  #1803 ) ;
#1378 = VERTEX_POINT ( 'NONE', #2710 ) ;
#1379 = EDGE_LOOP ( 'NONE', ( #567, #2772, #3673, #6198 ) ) ;
#1380 = FACE_OUTER_BOUND ( 'NONE', #7046, .T. ) ;
#1381 = VERTEX_POINT ( 'NONE', #1235 ) ;
#1382 = VERTEX_POINT ( 'NONE', #115 ) ;
#1383 = EDGE_CURVE ( 'NONE', #4564, #1278, #26, .T. ) ;
#1384 = CYLINDRICAL_SURFACE ( 'NONE', #6052, 1.899999999999999023 ) ;
#1385 = CARTESIAN_POINT ( 'NONE',  ( -64.99999999999998579, 25.09419410360709435, 37.46441916244346970 ) ) ;
#1386 = ORIENTED_EDGE ( 'NONE', *, *, #4189, .F. ) ;
#1387 = DIRECTION ( 'NONE',  ( -0.000000000000000000, 1.000000000000000000, 8.673617379884027583E-16 ) ) ;
#1388 = CARTESIAN_POINT ( 'NONE',  ( -72.99999999999997158, 28.20096189432334910, 31.28286389632270570 ) ) ;
#1389 = DIRECTION ( 'NONE',  ( 2.403703357979463522E-16, 0.4999999999999947264, 0.8660254037844418162 ) ) ;
#1390 = AXIS2_PLACEMENT_3D ( 'NONE', #5266, #10, #3248 ) ;
#1391 = EDGE_CURVE ( 'NONE', #3834, #5329, #772, .T. ) ;
#1392 = EDGE_LOOP ( 'NONE', ( #5091, #5320, #6276, #7924 ) ) ;
#1393 = CARTESIAN_POINT ( 'NONE',  ( 61.99999999999995026, -23.39953810567661208, -1.800461894323680756 ) ) ;
#1394 = CIRCLE ( 'NONE', #3325, 0.5000000000000004441 ) ;
#1395 = FACE_OUTER_BOUND ( 'NONE', #7653, .T. ) ;
#1396 = PLANE ( 'NONE',  #4045 ) ;
#1397 = EDGE_LOOP ( 'NONE', ( #4990, #1292, #467, #7000 ) ) ;
#1398 = CARTESIAN_POINT ( 'NONE',  ( 56.07000000000000028, 5.000000000000000000, -46.33999999999998920 ) ) ;
#1399 = VECTOR ( 'NONE', #4070, 1000.000000000000000 ) ;
#1400 = VECTOR ( 'NONE', #3690, 1000.000000000000000 ) ;
#1401 = VERTEX_POINT ( 'NONE', #5983 ) ;
#1402 = EDGE_CURVE ( 'NONE', #7031, #1297, #6025, .T. ) ;
#1403 = EDGE_CURVE ( 'NONE', #5439, #4821, #2664, .T. ) ;
#1404 = ORIENTED_EDGE ( 'NONE', *, *, #1239, .T. ) ;
#1405 = PLANE ( 'NONE',  #1161 ) ;
#1406 = VECTOR ( 'NONE', #1389, 999.9999999999998863 ) ;
#1407 = CARTESIAN_POINT ( 'NONE',  ( 72.99999999999997158, 9.599999999999990763, -36.00000000000004263 ) ) ;
#1408 = DIRECTION ( 'NONE',  ( -0.000000000000000000, 0.000000000000000000, -1.000000000000000000 ) ) ;
#1409 = PLANE ( 'NONE',  #5873 ) ;
#1410 = CARTESIAN_POINT ( 'NONE',  ( -61.99999999999998579, 26.09419410360710145, 39.19646997001230204 ) ) ;
#1411 = CARTESIAN_POINT ( 'NONE',  ( 46.51500000000000767, 10.27623209066504195, 51.79307621135328787 ) ) ;
#1412 = VERTEX_POINT ( 'NONE', #6547 ) ;
#1413 = AXIS2_PLACEMENT_3D ( 'NONE', #3197, #6649, #5180 ) ;
#1414 = LINE ( 'NONE', #2846, #6087 ) ;
#1415 = ORIENTED_EDGE ( 'NONE', *, *, #7624, .T. ) ;
#1416 = EDGE_CURVE ( 'NONE', #2392, #6573, #3224, .T. ) ;
#1417 = ORIENTED_EDGE ( 'NONE', *, *, #7752, .T. ) ;
#1418 = CARTESIAN_POINT ( 'NONE',  ( 34.94999999999996732, 32.00000000000000711, -46.50000000000000000 ) ) ;
#1419 = CARTESIAN_POINT ( 'NONE',  ( 56.07000000000000028, -0.001000000000000132727, 11.09000000000000696 ) ) ;
#1420 = DIRECTION ( 'NONE',  ( -0.000000000000000000, -1.000000000000000000, -0.000000000000000000 ) ) ;
#1421 = CIRCLE ( 'NONE', #4723, 1.900000000000002354 ) ;
#1422 = ORIENTED_EDGE ( 'NONE', *, *, #3155, .T. ) ;
#1423 = EDGE_LOOP ( 'NONE', ( #7216, #640, #1344, #742 ) ) ;
#1424 = CARTESIAN_POINT ( 'NONE',  ( 15.89999999999997726, 6.599999999999999645, -47.99999999999999289 ) ) ;
#1425 = ORIENTED_EDGE ( 'NONE', *, *, #1352, .F. ) ;
#1426 = ORIENTED_EDGE ( 'NONE', *, *, #2680, .F. ) ;
#1427 = CARTESIAN_POINT ( 'NONE',  ( -59.94974746830583712, 32.11285196104656592, 35.72159623585945809 ) ) ;
#1428 = AXIS2_PLACEMENT_3D ( 'NONE', #1831, #20, #8526 ) ;
#1429 = DIRECTION ( 'NONE',  ( -2.403703357979464508E-16, -0.4999999999999947264, -0.8660254037844417052 ) ) ;
#1430 = LINE ( 'NONE', #791, #2597 ) ;
#1431 = DIRECTION ( 'NONE',  ( 0.000000000000000000, 0.000000000000000000, -1.000000000000000000 ) ) ;
#1432 = DIRECTION ( 'NONE',  ( 0.000000000000000000, 0.000000000000000000, -1.000000000000000000 ) ) ;
#1433 = CARTESIAN_POINT ( 'NONE',  ( 0.000000000000000000, 0.000000000000000000, -46.50000000000000000 ) ) ;
#1434 = EDGE_CURVE ( 'NONE', #1507, #1704, #2618, .T. ) ;
#1435 = CIRCLE ( 'NONE', #4323, 1.900000000000002354 ) ;
#1436 = VECTOR ( 'NONE', #7802, 1000.000000000000000 ) ;
#1437 = EDGE_LOOP ( 'NONE', ( #8411, #81, #7075, #7291 ) ) ;
#1438 = LINE ( 'NONE', #4757, #991 ) ;
#1439 = CIRCLE ( 'NONE', #5438, 3.000000000000001332 ) ;
#1440 = CYLINDRICAL_SURFACE ( 'NONE', #4065, 3.000000000000002665 ) ;
#1441 = DIRECTION ( 'NONE',  ( -4.042064004249299079E-16, -0.000000000000000000, -1.000000000000000000 ) ) ;
#1442 = EDGE_CURVE ( 'NONE', #1511, #7866, #2580, .T. ) ;
#1443 = CARTESIAN_POINT ( 'NONE',  ( -66.00000000000001421, -19.05324189595942386, -39.00118301270212129 ) ) ;
#1444 = VECTOR ( 'NONE', #2952, 1000.000000000000000 ) ;
#1445 = ORIENTED_EDGE ( 'NONE', *, *, #651, .T. ) ;
#1446 = VERTEX_POINT ( 'NONE', #6673 ) ;
#1447 = DIRECTION ( 'NONE',  ( 2.403703357979464508E-16, 0.4999999999999947264, 0.8660254037844417052 ) ) ;
#1448 = CARTESIAN_POINT ( 'NONE',  ( 59.94974746830587975, 31.11285196104658368, 33.98954542829055470 ) ) ;
#1449 = FACE_OUTER_BOUND ( 'NONE', #2792, .T. ) ;
#1450 = CARTESIAN_POINT ( 'NONE',  ( -46.51499999999999346, 13.56712862504595130, 49.89307621135333193 ) ) ;
#1451 = FACE_OUTER_BOUND ( 'NONE', #3161, .T. ) ;
#1452 = CARTESIAN_POINT ( 'NONE',  ( -72.99999999999998579, 6.846032805709872271, 48.00000000000000711 ) ) ;
#1453 = AXIS2_PLACEMENT_3D ( 'NONE', #2823, #6091, #2646 ) ;
#1454 = ORIENTED_EDGE ( 'NONE', *, *, #4738, .T. ) ;
#1455 = VECTOR ( 'NONE', #3597, 1000.000000000000227 ) ;
#1456 = ADVANCED_FACE ( 'NONE', ( #1886, #3993, #1966, #4603, #7243 ), #2051, .F. ) ;
#1457 = EDGE_CURVE ( 'NONE', #6283, #7507, #676, .T. ) ;
#1458 = DIRECTION ( 'NONE',  ( 0.000000000000000000, 0.8660254037844418162, -0.4999999999999944489 ) ) ;
#1459 = ORIENTED_EDGE ( 'NONE', *, *, #7343, .T. ) ;
#1460 = ORIENTED_EDGE ( 'NONE', *, *, #3044, .T. ) ;
#1461 = LINE ( 'NONE', #5600, #3170 ) ;
#1462 = VECTOR ( 'NONE', #851, 1000.000000000000000 ) ;
#1463 = DIRECTION ( 'NONE',  ( -2.403703357979464015E-16, -0.4999999999999946154, -0.8660254037844419273 ) ) ;
#1464 = CARTESIAN_POINT ( 'NONE',  ( 34.94999999999996732, 30.00000000000000711, -47.50000000000000000 ) ) ;
#1465 = VERTEX_POINT ( 'NONE', #4686 ) ;
#1466 = AXIS2_PLACEMENT_3D ( 'NONE', #2138, #809, #7412 ) ;
#1467 = ORIENTED_EDGE ( 'NONE', *, *, #1492, .T. ) ;
#1468 = ADVANCED_FACE ( 'NONE', ( #6500 ), #1405, .T. ) ;
#1469 = VECTOR ( 'NONE', #7821, 1000.000000000000114 ) ;
#1470 = DIRECTION ( 'NONE',  ( 0.000000000000000000, 0.000000000000000000, -1.000000000000000000 ) ) ;
#1471 = CIRCLE ( 'NONE', #6159, 1.000000000000000222 ) ;
#1472 = ORIENTED_EDGE ( 'NONE', *, *, #1504, .F. ) ;
#1473 = VERTEX_POINT ( 'NONE', #848 ) ;
#1474 = CARTESIAN_POINT ( 'NONE',  ( 46.00000000000002132, 30.41820693123826302, 36.70000000000010232 ) ) ;
#1475 = CARTESIAN_POINT ( 'NONE',  ( -72.99999999999997158, 37.00000000000000711, 48.00000000000000711 ) ) ;
#1476 = FACE_BOUND ( 'NONE', #2399, .T. ) ;
#1477 = DIRECTION ( 'NONE',  ( 0.000000000000000000, 0.7071067811865451302, -0.7071067811865500152 ) ) ;
#1478 = LINE ( 'NONE', #2037, #5425 ) ;
#1479 = ADVANCED_FACE ( 'NONE', ( #6234 ), #3474, .F. ) ;
#1480 = CARTESIAN_POINT ( 'NONE',  ( -46.00000000000000000, -31.18371174023263137, -31.99765298271446667 ) ) ;
#1481 = EDGE_LOOP ( 'NONE', ( #2425, #1206, #1768, #6944 ) ) ;
#1482 = ADVANCED_FACE ( 'NONE', ( #6110 ), #934, .F. ) ;
#1483 = LINE ( 'NONE', #4110, #6225 ) ;
#1484 = LINE ( 'NONE', #6057, #4753 ) ;
#1485 = CARTESIAN_POINT ( 'NONE',  ( -65.99999999999998579, 26.09419410360706948, 39.19646997001232336 ) ) ;
#1486 = CARTESIAN_POINT ( 'NONE',  ( -75.00000000000000000, 0.000000000000000000, 45.00000000000001421 ) ) ;
#1487 = DIRECTION ( 'NONE',  ( -1.000000000000000000, 7.395570986446985676E-32, 2.775557561562891351E-16 ) ) ;
#1488 = EDGE_LOOP ( 'NONE', ( #8388, #440, #3917, #4654 ) ) ;
#1489 = ORIENTED_EDGE ( 'NONE', *, *, #5957, .F. ) ;
#1490 = CARTESIAN_POINT ( 'NONE',  ( 65.89999999999996305, 15.69999999999995666, -39.00000000000004263 ) ) ;
#1491 = CARTESIAN_POINT ( 'NONE',  ( 71.49999999999997158, 5.599999999999994316, 1.599999999999967226 ) ) ;
#1492 = EDGE_CURVE ( 'NONE', #5815, #3629, #4206, .T. ) ;
#1493 = CARTESIAN_POINT ( 'NONE',  ( 67.00000000000001421, 20.89804168090044456, 42.19646997001228073 ) ) ;
#1494 = CARTESIAN_POINT ( 'NONE',  ( -71.49999999999997158, 16.29999999999998650, -38.00000000000000000 ) ) ;
#1495 = DIRECTION ( 'NONE',  ( 0.000000000000000000, 0.000000000000000000, -1.000000000000000000 ) ) ;
#1496 = CARTESIAN_POINT ( 'NONE',  ( 71.49999999999997158, 22.07179676972450011, 33.66683849253823269 ) ) ;
#1497 = AXIS2_PLACEMENT_3D ( 'NONE', #6387, #1898, #2420 ) ;
#1498 = ORIENTED_EDGE ( 'NONE', *, *, #5260, .F. ) ;
#1499 = EDGE_CURVE ( 'NONE', #7989, #1022, #2751, .T. ) ;
#1500 = DIRECTION ( 'NONE',  ( -0.7071067811865466846, 0.6123724356957974679, -0.3535533905932704002 ) ) ;
#1501 = ORIENTED_EDGE ( 'NONE', *, *, #2169, .T. ) ;
#1502 = EDGE_LOOP ( 'NONE', ( #6075, #7861, #5703, #5647, #5158, #7002, #5035, #2214, #8354, #8318, #165, #1758, #8252, #5200, #1906, #4798, #6391, #2600 ) ) ;
#1503 = CARTESIAN_POINT ( 'NONE',  ( 58.99999999999995737, 31.00000000000000711, -47.99999999999999289 ) ) ;
#1504 = EDGE_CURVE ( 'NONE', #1932, #5344, #8008, .T. ) ;
#1505 = CYLINDRICAL_SURFACE ( 'NONE', #2319, 1.000000000000000222 ) ;
#1506 = CARTESIAN_POINT ( 'NONE',  ( 75.00000000000002842, 6.599999999999994316, -3.400000000000000355 ) ) ;
#1507 = VERTEX_POINT ( 'NONE', #5541 ) ;
#1508 = EDGE_LOOP ( 'NONE', ( #8496, #6218, #3885, #6441, #53, #1163, #7029, #3070, #1031, #7533 ) ) ;
#1509 = CARTESIAN_POINT ( 'NONE',  ( 11.89999999999998082, 16.30000000000000426, -46.50000000000000000 ) ) ;
#1510 = VERTEX_POINT ( 'NONE', #7448 ) ;
#1511 = VERTEX_POINT ( 'NONE', #5461 ) ;
#1512 = EDGE_CURVE ( 'NONE', #1170, #3992, #4078, .T. ) ;
#1513 = EDGE_CURVE ( 'NONE', #295, #1642, #5498, .T. ) ;
#1514 = DIRECTION ( 'NONE',  ( 0.000000000000000000, 0.000000000000000000, 1.000000000000000000 ) ) ;
#1515 = PLANE ( 'NONE',  #1258 ) ;
#1516 = ORIENTED_EDGE ( 'NONE', *, *, #4707, .T. ) ;
#1517 = DIRECTION ( 'NONE',  ( -1.000000000000000000, 0.000000000000000000, -0.000000000000000000 ) ) ;
#1518 = CARTESIAN_POINT ( 'NONE',  ( 72.99999999999997158, 21.30000000000000071, -39.00000000000004974 ) ) ;
#1519 = VECTOR ( 'NONE', #1752, 1000.000000000000000 ) ;
#1520 = EDGE_CURVE ( 'NONE', #5993, #8313, #3383, .T. ) ;
#1521 = ORIENTED_EDGE ( 'NONE', *, *, #1600, .F. ) ;
#1522 = CARTESIAN_POINT ( 'NONE',  ( -60.99999999999998579, 20.03201627711602129, 42.69646997001229494 ) ) ;
#1523 = CARTESIAN_POINT ( 'NONE',  ( -72.99999999999997158, 35.00000000000000000, 31.16794919243125150 ) ) ;
#1524 = DIRECTION ( 'NONE',  ( 0.000000000000000000, 1.000000000000000000, 0.000000000000000000 ) ) ;
#1525 = CIRCLE ( 'NONE', #5242, 1.899999999999999023 ) ;
#1526 = DIRECTION ( 'NONE',  ( -1.000000000000000000, -4.091328952775488523E-17, 0.000000000000000000 ) ) ;
#1527 = DIRECTION ( 'NONE',  ( -0.000000000000000000, -1.000000000000000000, -0.000000000000000000 ) ) ;
#1528 = ORIENTED_EDGE ( 'NONE', *, *, #3651, .F. ) ;
#1529 = AXIS2_PLACEMENT_3D ( 'NONE', #6631, #894, #8057 ) ;
#1530 = VERTEX_POINT ( 'NONE', #6716 ) ;
#1531 = DIRECTION ( 'NONE',  ( 0.000000000000000000, -0.8660254037844415942, 0.4999999999999951150 ) ) ;
#1532 = DIRECTION ( 'NONE',  ( 1.000000000000000000, 0.000000000000000000, -0.000000000000000000 ) ) ;
#1533 = FACE_OUTER_BOUND ( 'NONE', #8385, .T. ) ;
#1534 = CARTESIAN_POINT ( 'NONE',  ( -72.99999999999997158, 37.00000000000000711, -39.00000000000000711 ) ) ;
#1535 = CARTESIAN_POINT ( 'NONE',  ( -72.99999999999997158, 6.599999999999996980, -4.900000000000008349 ) ) ;
#1536 = ORIENTED_EDGE ( 'NONE', *, *, #669, .T. ) ;
#1537 = AXIS2_PLACEMENT_3D ( 'NONE', #6032, #2101, #1458 ) ;
#1538 = DIRECTION ( 'NONE',  ( 0.000000000000000000, -0.8660254037844418162, 0.4999999999999946709 ) ) ;
#1539 = ADVANCED_FACE ( 'NONE', ( #806 ), #2176, .F. ) ;
#1540 = ORIENTED_EDGE ( 'NONE', *, *, #5203, .T. ) ;
#1541 = LINE ( 'NONE', #3529, #1933 ) ;
#1542 = PLANE ( 'NONE',  #5909 ) ;
#1543 = CARTESIAN_POINT ( 'NONE',  ( 66.00000000000001421, 25.09419410360711211, 37.46441916244344128 ) ) ;
#1544 = ORIENTED_EDGE ( 'NONE', *, *, #2251, .T. ) ;
#1545 = ORIENTED_EDGE ( 'NONE', *, *, #5918, .T. ) ;
#1546 = FACE_OUTER_BOUND ( 'NONE', #5661, .T. ) ;
#1547 = ADVANCED_FACE ( 'NONE', ( #4768 ), #5414, .T. ) ;
#1548 = VERTEX_POINT ( 'NONE', #1573 ) ;
#1549 = VECTOR ( 'NONE', #6432, 1000.000000000000000 ) ;
#1550 = VERTEX_POINT ( 'NONE', #8056 ) ;
#1551 = VECTOR ( 'NONE', #2978, 1000.000000000000000 ) ;
#1552 = DIRECTION ( 'NONE',  ( 0.000000000000000000, 0.8660254037844425934, -0.4999999999999933942 ) ) ;
#1553 = CARTESIAN_POINT ( 'NONE',  ( 57.00000000000004263, 19.88342980854587694, 42.78225640763916715 ) ) ;
#1554 = DIRECTION ( 'NONE',  ( 0.7071067811865474617, 0.7071067811865474617, 7.666467083416864528E-17 ) ) ;
#1555 = ORIENTED_EDGE ( 'NONE', *, *, #5204, .F. ) ;
#1556 = DIRECTION ( 'NONE',  ( -1.000000000000000000, -0.000000000000000000, 2.775557561562891844E-16 ) ) ;
#1557 = ORIENTED_EDGE ( 'NONE', *, *, #1512, .F. ) ;
#1558 = VECTOR ( 'NONE', #2989, 1000.000000000000000 ) ;
#1559 = LINE ( 'NONE', #1606, #6096 ) ;
#1560 = EDGE_CURVE ( 'NONE', #2471, #2473, #6799, .T. ) ;
#1561 = EDGE_CURVE ( 'NONE', #7063, #130, #3559, .T. ) ;
#1562 = AXIS2_PLACEMENT_3D ( 'NONE', #193, #6019, #2170 ) ;
#1563 = ORIENTED_EDGE ( 'NONE', *, *, #6680, .F. ) ;
#1564 = DIRECTION ( 'NONE',  ( 3.271025955591187068E-17, 0.7071067811865500152, -0.7071067811865451302 ) ) ;
#1565 = CARTESIAN_POINT ( 'NONE',  ( 61.99999999999995026, 6.599999999999999645, 52.59907621135331368 ) ) ;
#1566 = CYLINDRICAL_SURFACE ( 'NONE', #1562, 3.509999999999991793 ) ;
#1567 = AXIS2_PLACEMENT_3D ( 'NONE', #2997, #6272, #6186 ) ;
#1568 = CARTESIAN_POINT ( 'NONE',  ( -71.49999999999997158, 32.00000000000001421, -1.532606157515309375 ) ) ;
#1569 = EDGE_CURVE ( 'NONE', #6542, #8075, #4119, .T. ) ;
#1570 = ORIENTED_EDGE ( 'NONE', *, *, #1434, .T. ) ;
#1571 = AXIS2_PLACEMENT_3D ( 'NONE', #7370, #246, #2097 ) ;
#1572 = ORIENTED_EDGE ( 'NONE', *, *, #3297, .T. ) ;
#1573 = CARTESIAN_POINT ( 'NONE',  ( -49.80000000000002558, 6.600000000000001421, -47.99999999999999289 ) ) ;
#1574 = DIRECTION ( 'NONE',  ( -0.000000000000000000, -0.000000000000000000, 1.000000000000000000 ) ) ;
#1575 = AXIS2_PLACEMENT_3D ( 'NONE', #313, #3633, #1048 ) ;
#1576 = DIRECTION ( 'NONE',  ( 2.403703357979463522E-16, 0.4999999999999947820, 0.8660254037844418162 ) ) ;
#1577 = DIRECTION ( 'NONE',  ( 0.000000000000000000, -1.365923996832131116E-16, -1.000000000000000000 ) ) ;
#1578 = VECTOR ( 'NONE', #5232, 1000.000000000000114 ) ;
#1579 = CARTESIAN_POINT ( 'NONE',  ( -72.99999999999997158, 2.000000000000000000, 48.00000000000000711 ) ) ;
#1580 = ORIENTED_EDGE ( 'NONE', *, *, #3900, .T. ) ;
#1581 = AXIS2_PLACEMENT_3D ( 'NONE', #6099, #4801, #6018 ) ;
#1582 = CARTESIAN_POINT ( 'NONE',  ( 12.89999999999997904, 16.30000000000000426, -46.50000000000000000 ) ) ;
#1583 = VERTEX_POINT ( 'NONE', #6154 ) ;
#1584 = DIRECTION ( 'NONE',  ( -0.7071067811865475727, -0.7071067811865475727, -0.000000000000000000 ) ) ;
#1585 = DIRECTION ( 'NONE',  ( 0.000000000000000000, 1.000000000000000000, -2.843808977011156843E-16 ) ) ;
#1586 = VECTOR ( 'NONE', #1867, 1000.000000000000000 ) ;
#1587 = DIRECTION ( 'NONE',  ( -1.000000000000000000, -0.000000000000000000, -0.000000000000000000 ) ) ;
#1588 = PLANE ( 'NONE',  #3264 ) ;
#1589 = AXIS2_PLACEMENT_3D ( 'NONE', #7365, #1447, #1531 ) ;
#1590 = ADVANCED_FACE ( 'NONE', ( #4847 ), #242, .F. ) ;
#1591 = ORIENTED_EDGE ( 'NONE', *, *, #3201, .T. ) ;
#1592 = ORIENTED_EDGE ( 'NONE', *, *, #5447, .F. ) ;
#1593 = LINE ( 'NONE', #6170, #6651 ) ;
#1594 = VERTEX_POINT ( 'NONE', #278 ) ;
#1595 = ORIENTED_EDGE ( 'NONE', *, *, #5275, .F. ) ;
#1596 = CARTESIAN_POINT ( 'NONE',  ( 22.04999999999955662, 6.600000000000006750, 90.15000000000011937 ) ) ;
#1597 = LINE ( 'NONE', #8122, #1663 ) ;
#1598 = CARTESIAN_POINT ( 'NONE',  ( 72.99999999999997158, 26.90192378864669109, 32.03286389632266662 ) ) ;
#1599 = CIRCLE ( 'NONE', #1322, 3.000000000000002665 ) ;
#1600 = EDGE_CURVE ( 'NONE', #4953, #2699, #2915, .T. ) ;
#1601 = EDGE_LOOP ( 'NONE', ( #6328, #2152, #11, #2937 ) ) ;
#1602 = CARTESIAN_POINT ( 'NONE',  ( 71.49999999999997158, 16.29999999999999716, -39.00000000000006395 ) ) ;
#1603 = VECTOR ( 'NONE', #6986, 1000.000000000000000 ) ;
#1604 = ORIENTED_EDGE ( 'NONE', *, *, #7355, .T. ) ;
#1605 = EDGE_CURVE ( 'NONE', #4894, #8375, #3775, .T. ) ;
#1606 = CARTESIAN_POINT ( 'NONE',  ( 72.49999999999997158, 30.00000000000001066, -6.532606157515349565 ) ) ;
#1607 = VECTOR ( 'NONE', #7025, 1000.000000000000000 ) ;
#1608 = ORIENTED_EDGE ( 'NONE', *, *, #6564, .F. ) ;
#1609 = EDGE_CURVE ( 'NONE', #675, #7063, #6527, .T. ) ;
#1610 = CARTESIAN_POINT ( 'NONE',  ( 46.51500000000001478, 8.881931190572098345, 52.59807621135328048 ) ) ;
#1611 = CARTESIAN_POINT ( 'NONE',  ( -75.00000000000000000, 31.00000000000000711, 27.93478768496938969 ) ) ;
#1612 = DIRECTION ( 'NONE',  ( 0.000000000000000000, 0.8660254037844413721, -0.4999999999999952816 ) ) ;
#1613 = PLANE ( 'NONE',  #3345 ) ;
#1614 = VERTEX_POINT ( 'NONE', #5140 ) ;
#1615 = VERTEX_POINT ( 'NONE', #1864 ) ;
#1616 = DIRECTION ( 'NONE',  ( 0.000000000000000000, -1.365923996832131116E-16, -1.000000000000000000 ) ) ;
#1617 = LINE ( 'NONE', #7489, #2911 ) ;
#1618 = EDGE_CURVE ( 'NONE', #3701, #2416, #2558, .T. ) ;
#1619 = FACE_OUTER_BOUND ( 'NONE', #1132, .T. ) ;
#1620 = EDGE_CURVE ( 'NONE', #7778, #6202, #1697, .T. ) ;
#1621 = CARTESIAN_POINT ( 'NONE',  ( -17.80000000000002913, 6.899999999999999467, -49.99999999999999289 ) ) ;
#1622 = PLANE ( 'NONE',  #879 ) ;
#1623 = ORIENTED_EDGE ( 'NONE', *, *, #7555, .F. ) ;
#1624 = CARTESIAN_POINT ( 'NONE',  ( 60.00000000000002842, 26.09419410360711922, 39.19646997001229494 ) ) ;
#1625 = ORIENTED_EDGE ( 'NONE', *, *, #5977, .F. ) ;
#1626 = DIRECTION ( 'NONE',  ( 0.000000000000000000, -1.156482317317871725E-15, 1.000000000000000000 ) ) ;
#1627 = DIRECTION ( 'NONE',  ( 3.642463991552349972E-16, 1.365923996832131116E-16, 1.000000000000000000 ) ) ;
#1628 = EDGE_CURVE ( 'NONE', #2089, #5513, #1219, .T. ) ;
#1629 = LINE ( 'NONE', #214, #5076 ) ;
#1630 = DIRECTION ( 'NONE',  ( 0.000000000000000000, -0.8660254037844425934, 0.4999999999999933942 ) ) ;
#1631 = LINE ( 'NONE', #4259, #2958 ) ;
#1632 = ORIENTED_EDGE ( 'NONE', *, *, #5192, .T. ) ;
#1633 = ORIENTED_EDGE ( 'NONE', *, *, #1375, .F. ) ;
#1634 = DIRECTION ( 'NONE',  ( -2.403703357979464508E-16, -0.4999999999999947820, -0.8660254037844417052 ) ) ;
#1635 = ORIENTED_EDGE ( 'NONE', *, *, #6199, .T. ) ;
#1636 = AXIS2_PLACEMENT_3D ( 'NONE', #4748, #6652, #5311 ) ;
#1637 = EDGE_LOOP ( 'NONE', ( #4353, #3023, #6757, #1545 ) ) ;
#1638 = LINE ( 'NONE', #4267, #4167 ) ;
#1639 = DIRECTION ( 'NONE',  ( 2.403703357979463522E-16, 0.4999999999999947820, 0.8660254037844418162 ) ) ;
#1640 = ORIENTED_EDGE ( 'NONE', *, *, #4243, .T. ) ;
#1641 = FACE_OUTER_BOUND ( 'NONE', #7220, .T. ) ;
#1642 = VERTEX_POINT ( 'NONE', #6969 ) ;
#1643 = CARTESIAN_POINT ( 'NONE',  ( 2.899999999999969269, 21.10000000000000142, 50.00100000000001188 ) ) ;
#1644 = EDGE_CURVE ( 'NONE', #145, #2781, #3848, .T. ) ;
#1645 = ORIENTED_EDGE ( 'NONE', *, *, #4355, .F. ) ;
#1646 = CARTESIAN_POINT ( 'NONE',  ( 72.99999999999997158, 18.64833395016074391, 36.79807621135328333 ) ) ;
#1647 = FACE_OUTER_BOUND ( 'NONE', #4188, .T. ) ;
#1648 = DIRECTION ( 'NONE',  ( -2.403703357979464015E-16, -0.4999999999999946154, -0.8660254037844419273 ) ) ;
#1649 = CARTESIAN_POINT ( 'NONE',  ( 71.49999999999997158, 32.00000000000001421, -6.532606157515350453 ) ) ;
#1650 = ADVANCED_FACE ( 'NONE', ( #5589 ), #2306, .F. ) ;
#1651 = ORIENTED_EDGE ( 'NONE', *, *, #5616, .T. ) ;
#1652 = EDGE_LOOP ( 'NONE', ( #6650, #672, #1268, #6007, #354, #113 ) ) ;
#1653 = LINE ( 'NONE', #1056, #6464 ) ;
#1654 = DIRECTION ( 'NONE',  ( 0.000000000000000000, 1.000000000000000000, 0.000000000000000000 ) ) ;
#1655 = CARTESIAN_POINT ( 'NONE',  ( 13.89999999999998082, 21.30000000000000782, -46.50000000000000000 ) ) ;
#1656 = CARTESIAN_POINT ( 'NONE',  ( -55.29289321881343255, 18.91233790524293568, 43.34291657941901832 ) ) ;
#1657 = AXIS2_PLACEMENT_3D ( 'NONE', #275, #7138, #6351 ) ;
#1658 = FACE_OUTER_BOUND ( 'NONE', #3525, .T. ) ;
#1659 = ORIENTED_EDGE ( 'NONE', *, *, #3651, .T. ) ;
#1660 = CARTESIAN_POINT ( 'NONE',  ( -71.49999999999997158, 7.600000000000004086, -3.399999999999998135 ) ) ;
#1661 = EDGE_CURVE ( 'NONE', #5630, #8274, #7852, .T. ) ;
#1662 = EDGE_CURVE ( 'NONE', #368, #7142, #1653, .T. ) ;
#1663 = VECTOR ( 'NONE', #2116, 1000.000000000000000 ) ;
#1664 = VERTEX_POINT ( 'NONE', #3205 ) ;
#1665 = DIRECTION ( 'NONE',  ( 0.000000000000000000, -0.8660254037844417052, 0.4999999999999947264 ) ) ;
#1666 = DIRECTION ( 'NONE',  ( -1.000000000000000000, -0.000000000000000000, -0.000000000000000000 ) ) ;
#1667 = DIRECTION ( 'NONE',  ( 0.000000000000000000, -1.000000000000000000, -8.673617379884027583E-16 ) ) ;
#1668 = CARTESIAN_POINT ( 'NONE',  ( 60.65685424949242588, 31.36650492913521759, 33.84309881888383842 ) ) ;
#1669 = DIRECTION ( 'NONE',  ( 0.000000000000000000, -0.8660254037844412611, 0.4999999999999953926 ) ) ;
#1670 = VECTOR ( 'NONE', #3969, 1000.000000000000000 ) ;
#1671 = ORIENTED_EDGE ( 'NONE', *, *, #6181, .F. ) ;
#1672 = AXIS2_PLACEMENT_3D ( 'NONE', #36, #7894, #1333 ) ;
#1673 = EDGE_LOOP ( 'NONE', ( #6207, #6481, #7302, #8025 ) ) ;
#1674 = CARTESIAN_POINT ( 'NONE',  ( 72.99999999999997158, 37.00000000000000711, 31.16794919243125150 ) ) ;
#1675 = EDGE_CURVE ( 'NONE', #161, #1112, #566, .T. ) ;
#1676 = ORIENTED_EDGE ( 'NONE', *, *, #3461, .T. ) ;
#1677 = EDGE_LOOP ( 'NONE', ( #3870, #6511, #8397, #4609 ) ) ;
#1678 = DIRECTION ( 'NONE',  ( 1.000000000000000000, 0.000000000000000000, 0.000000000000000000 ) ) ;
#1679 = DIRECTION ( 'NONE',  ( 0.000000000000000000, -0.8660254037844413721, 0.4999999999999952816 ) ) ;
#1680 = AXIS2_PLACEMENT_3D ( 'NONE', #1914, #4547, #5316 ) ;
#1681 = ORIENTED_EDGE ( 'NONE', *, *, #5357, .F. ) ;
#1682 = DIRECTION ( 'NONE',  ( 0.000000000000000000, -1.000000000000000000, 0.000000000000000000 ) ) ;
#1683 = ORIENTED_EDGE ( 'NONE', *, *, #7198, .F. ) ;
#1684 = DIRECTION ( 'NONE',  ( 1.000000000000000000, -0.000000000000000000, -0.000000000000000000 ) ) ;
#1685 = CIRCLE ( 'NONE', #3075, 1.000000000000000222 ) ;
#1686 = VECTOR ( 'NONE', #692, 1000.000000000000000 ) ;
#1687 = ORIENTED_EDGE ( 'NONE', *, *, #4094, .T. ) ;
#1688 = CARTESIAN_POINT ( 'NONE',  ( 67.00000000000001421, 20.89804168090044456, 42.19646997001228073 ) ) ;
#1689 = FACE_OUTER_BOUND ( 'NONE', #5068, .T. ) ;
#1690 = CIRCLE ( 'NONE', #184, 3.500000000000010214 ) ;
#1691 = ADVANCED_FACE ( 'NONE', ( #8267 ), #5837, .F. ) ;
#1692 = FACE_OUTER_BOUND ( 'NONE', #6666, .T. ) ;
#1693 = LINE ( 'NONE', #1093, #1959 ) ;
#1694 = VECTOR ( 'NONE', #3951, 1000.000000000000227 ) ;
#1695 = AXIS2_PLACEMENT_3D ( 'NONE', #7323, #5463, #157 ) ;
#1696 = ORIENTED_EDGE ( 'NONE', *, *, #3316, .F. ) ;
#1697 = LINE ( 'NONE', #7867, #3797 ) ;
#1698 = CYLINDRICAL_SURFACE ( 'NONE', #4416, 3.500000000000010214 ) ;
#1699 = CARTESIAN_POINT ( 'NONE',  ( 62.99999999999994316, 21.30000000000000071, -46.50000000000000000 ) ) ;
#1700 = VECTOR ( 'NONE', #3982, 1000.000000000000000 ) ;
#1701 = CARTESIAN_POINT ( 'NONE',  ( -69.99999999999998579, 7.381931190572101009, 49.99999999999997158 ) ) ;
#1702 = EDGE_CURVE ( 'NONE', #4806, #6542, #3684, .T. ) ;
#1703 = CARTESIAN_POINT ( 'NONE',  ( 55.29289321881349650, 17.91233790524295699, 41.61086577185010071 ) ) ;
#1704 = VERTEX_POINT ( 'NONE', #3247 ) ;
#1705 = FACE_BOUND ( 'NONE', #6121, .T. ) ;
#1706 = AXIS2_PLACEMENT_3D ( 'NONE', #1284, #3828, #6462 ) ;
#1707 = EDGE_LOOP ( 'NONE', ( #2990, #3947 ) ) ;
#1708 = DIRECTION ( 'NONE',  ( 1.000000000000000000, 0.000000000000000000, 0.000000000000000000 ) ) ;
#1709 = CARTESIAN_POINT ( 'NONE',  ( 75.00000000000001421, 28.00000000000000711, 27.93478768496934705 ) ) ;
#1710 = CARTESIAN_POINT ( 'NONE',  ( 69.99999999999997158, 2.000000000000001776, 45.00000000000000711 ) ) ;
#1711 = LINE ( 'NONE', #4345, #2432 ) ;
#1712 = ADVANCED_FACE ( 'NONE', ( #5224 ), #6321, .T. ) ;
#1713 = LINE ( 'NONE', #7028, #63 ) ;
#1714 = EDGE_CURVE ( 'NONE', #5179, #8339, #129, .T. ) ;
#1715 = AXIS2_PLACEMENT_3D ( 'NONE', #3144, #4303, #1841 ) ;
#1716 = ORIENTED_EDGE ( 'NONE', *, *, #3979, .T. ) ;
#1717 = ORIENTED_EDGE ( 'NONE', *, *, #7095, .T. ) ;
#1718 = DIRECTION ( 'NONE',  ( -0.000000000000000000, 1.000000000000000000, 0.000000000000000000 ) ) ;
#1719 = ORIENTED_EDGE ( 'NONE', *, *, #7743, .T. ) ;
#1720 = CIRCLE ( 'NONE', #6406, 0.5000000000000004441 ) ;
#1721 = ORIENTED_EDGE ( 'NONE', *, *, #3794, .T. ) ;
#1722 = CARTESIAN_POINT ( 'NONE',  ( 72.99999999999997158, 4.099999999999992539, -48.00000000000000000 ) ) ;
#1723 = CARTESIAN_POINT ( 'NONE',  ( 72.99999999999997158, 21.30000000000000071, -38.00000000000003553 ) ) ;
#1724 = PLANE ( 'NONE',  #3878 ) ;
#1725 = CARTESIAN_POINT ( 'NONE',  ( 55.00000000000004263, 18.16599087333160512, 41.46441916244337023 ) ) ;
#1726 = EDGE_CURVE ( 'NONE', #4223, #3507, #8308, .T. ) ;
#1727 = EDGE_CURVE ( 'NONE', #1664, #781, #7829, .T. ) ;
#1728 = ORIENTED_EDGE ( 'NONE', *, *, #5437, .T. ) ;
#1729 = DIRECTION ( 'NONE',  ( 0.000000000000000000, 0.8660254037844425934, -0.4999999999999933942 ) ) ;
#1730 = ORIENTED_EDGE ( 'NONE', *, *, #6603, .T. ) ;
#1731 = FACE_OUTER_BOUND ( 'NONE', #5496, .T. ) ;
#1732 = EDGE_LOOP ( 'NONE', ( #287, #5375, #7944, #3365 ) ) ;
#1733 = AXIS2_PLACEMENT_3D ( 'NONE', #8367, #3866, #5074 ) ;
#1734 = VERTEX_POINT ( 'NONE', #5880 ) ;
#1735 = VECTOR ( 'NONE', #7287, 1000.000000000000000 ) ;
#1736 = DIRECTION ( 'NONE',  ( 0.000000000000000000, -0.8660254037844408170, 0.4999999999999962252 ) ) ;
#1737 = ADVANCED_FACE ( 'NONE', ( #1260 ), #7181, .F. ) ;
#1738 = CARTESIAN_POINT ( 'NONE',  ( 72.99999999999997158, 23.07179676972450011, 35.39888930010710766 ) ) ;
#1739 = LINE ( 'NONE', #4966, #6120 ) ;
#1740 = CIRCLE ( 'NONE', #3535, 1.000000000000000222 ) ;
#1741 = CARTESIAN_POINT ( 'NONE',  ( 72.99999999999997158, 4.099999999999992539, 3.099999999999977884 ) ) ;
#1742 = EDGE_CURVE ( 'NONE', #6867, #7464, #7567, .T. ) ;
#1743 = VERTEX_POINT ( 'NONE', #6047 ) ;
#1744 = CARTESIAN_POINT ( 'NONE',  ( -61.36396103067892227, 15.10412869485261211, 43.23218611540976752 ) ) ;
#1745 = DIRECTION ( 'NONE',  ( 0.7071067811865474617, 0.000000000000000000, 0.7071067811865474617 ) ) ;
#1746 = CARTESIAN_POINT ( 'NONE',  ( 74.99999999999997158, 0.000000000000000000, -49.99999999999999289 ) ) ;
#1747 = PLANE ( 'NONE',  #596 ) ;
#1748 = EDGE_LOOP ( 'NONE', ( #3962, #7720, #1858, #4046 ) ) ;
#1749 = CARTESIAN_POINT ( 'NONE',  ( -46.51499999999998636, 11.92168035785550018, 50.84307621135332766 ) ) ;
#1750 = ORIENTED_EDGE ( 'NONE', *, *, #5798, .F. ) ;
#1751 = EDGE_CURVE ( 'NONE', #2017, #8187, #100, .T. ) ;
#1752 = DIRECTION ( 'NONE',  ( 0.000000000000000000, -1.000000000000000000, 0.000000000000000000 ) ) ;
#1753 = CARTESIAN_POINT ( 'NONE',  ( 75.00000000000000000, 6.599999999999989875, -39.00000000000004263 ) ) ;
#1754 = CARTESIAN_POINT ( 'NONE',  ( 72.99999999999997158, 28.20096189432335620, 31.28286389632266307 ) ) ;
#1755 = LINE ( 'NONE', #6249, #3123 ) ;
#1756 = EDGE_CURVE ( 'NONE', #4821, #307, #136, .T. ) ;
#1757 = LINE ( 'NONE', #3698, #4057 ) ;
#1758 = ORIENTED_EDGE ( 'NONE', *, *, #4545, .T. ) ;
#1759 = ORIENTED_EDGE ( 'NONE', *, *, #2269, .T. ) ;
#1760 = CARTESIAN_POINT ( 'NONE',  ( -55.29289321881343255, 17.91233790524294989, 41.61086577185015045 ) ) ;
#1761 = EDGE_LOOP ( 'NONE', ( #514, #2812, #628, #2914 ) ) ;
#1762 = ADVANCED_FACE ( 'NONE', ( #4101 ), #1384, .F. ) ;
#1763 = VERTEX_POINT ( 'NONE', #2773 ) ;
#1764 = CARTESIAN_POINT ( 'NONE',  ( 71.49999999999997158, 31.00000000000001066, -1.532606157515349343 ) ) ;
#1765 = LINE ( 'NONE', #7131, #8173 ) ;
#1766 = CARTESIAN_POINT ( 'NONE',  ( 61.99999999999995026, 31.00000000000000711, -47.99999999999999289 ) ) ;
#1767 = CARTESIAN_POINT ( 'NONE',  ( 60.65685424949241877, 30.50047952535079787, 34.34309881888381710 ) ) ;
#1768 = ORIENTED_EDGE ( 'NONE', *, *, #6190, .T. ) ;
#1769 = DIRECTION ( 'NONE',  ( 0.7071067811865500152, -0.7071067811865451302, 0.000000000000000000 ) ) ;
#1770 = ORIENTED_EDGE ( 'NONE', *, *, #4031, .F. ) ;
#1771 = VECTOR ( 'NONE', #2677, 1000.000000000000000 ) ;
#1772 = FACE_OUTER_BOUND ( 'NONE', #3194, .T. ) ;
#1773 = ORIENTED_EDGE ( 'NONE', *, *, #7478, .T. ) ;
#1774 = EDGE_CURVE ( 'NONE', #1465, #1331, #789, .T. ) ;
#1775 = ADVANCED_FACE ( 'NONE', ( #50 ), #744, .F. ) ;
#1776 = ORIENTED_EDGE ( 'NONE', *, *, #6917, .T. ) ;
#1777 = FACE_OUTER_BOUND ( 'NONE', #3130, .T. ) ;
#1778 = DIRECTION ( 'NONE',  ( 1.000000000000000000, 0.000000000000000000, -2.775557561562891351E-16 ) ) ;
#1779 = CARTESIAN_POINT ( 'NONE',  ( 61.00000000000002842, 25.09419410360713343, 37.46441916244341286 ) ) ;
#1780 = DIRECTION ( 'NONE',  ( 0.000000000000000000, -0.8660254037844412611, 0.4999999999999953926 ) ) ;
#1781 = EDGE_CURVE ( 'NONE', #8457, #2806, #2114, .T. ) ;
#1782 = ORIENTED_EDGE ( 'NONE', *, *, #678, .F. ) ;
#1783 = CARTESIAN_POINT ( 'NONE',  ( 61.00000000000002132, -24.24939431866603101, -36.00118301270220655 ) ) ;
#1784 = DIRECTION ( 'NONE',  ( 0.000000000000000000, 1.000000000000000000, 0.000000000000000000 ) ) ;
#1785 = CARTESIAN_POINT ( 'NONE',  ( -72.99999999999997158, 37.00000000000000000, -0.03260615751529694073 ) ) ;
#1786 = ORIENTED_EDGE ( 'NONE', *, *, #5204, .T. ) ;
#1787 = PLANE ( 'NONE',  #2087 ) ;
#1788 = ORIENTED_EDGE ( 'NONE', *, *, #5338, .T. ) ;
#1789 = CARTESIAN_POINT ( 'NONE',  ( -18.30000000000002558, 21.10000000000000142, -47.99999999999999289 ) ) ;
#1790 = DIRECTION ( 'NONE',  ( 0.000000000000000000, 1.000000000000000000, 0.000000000000000000 ) ) ;
#1791 = DIRECTION ( 'NONE',  ( 0.000000000000000000, -1.000000000000000000, -2.168404344971008868E-16 ) ) ;
#1792 = LINE ( 'NONE', #2408, #1603 ) ;
#1793 = DIRECTION ( 'NONE',  ( 2.403703357979464508E-16, 0.4999999999999947264, 0.8660254037844417052 ) ) ;
#1794 = ORIENTED_EDGE ( 'NONE', *, *, #5892, .F. ) ;
#1795 = EDGE_CURVE ( 'NONE', #3888, #4630, #8078, .T. ) ;
#1796 = VERTEX_POINT ( 'NONE', #4666 ) ;
#1797 = VECTOR ( 'NONE', #1574, 1000.000000000000000 ) ;
#1798 = VECTOR ( 'NONE', #2790, 1000.000000000000000 ) ;
#1799 = CARTESIAN_POINT ( 'NONE',  ( 71.49999999999997158, 22.07179676972450011, 33.66683849253823269 ) ) ;
#1800 = ORIENTED_EDGE ( 'NONE', *, *, #1369, .F. ) ;
#1801 = ORIENTED_EDGE ( 'NONE', *, *, #5195, .T. ) ;
#1802 = LINE ( 'NONE', #6386, #2010 ) ;
#1803 = AXIS2_PLACEMENT_3D ( 'NONE', #1249, #3320, #6514 ) ;
#1804 = DIRECTION ( 'NONE',  ( -0.000000000000000000, 0.000000000000000000, 1.000000000000000000 ) ) ;
#1805 = DIRECTION ( 'NONE',  ( 0.000000000000000000, -1.000000000000000000, -1.084202172485503448E-16 ) ) ;
#1806 = CARTESIAN_POINT ( 'NONE',  ( 13.89999999999998082, 21.30000000000000782, -47.50000000000000000 ) ) ;
#1807 = ORIENTED_EDGE ( 'NONE', *, *, #4176, .T. ) ;
#1808 = ADVANCED_FACE ( 'NONE', ( #2070 ), #829, .T. ) ;
#1809 = CARTESIAN_POINT ( 'NONE',  ( 65.00000000000001421, 20.89804168090044456, 42.19646997001228073 ) ) ;
#1810 = ORIENTED_EDGE ( 'NONE', *, *, #1391, .T. ) ;
#1811 = DIRECTION ( 'NONE',  ( -1.000000000000000000, 0.000000000000000000, 0.000000000000000000 ) ) ;
#1812 = VECTOR ( 'NONE', #7998, 1000.000000000000114 ) ;
#1813 = SURFACE_SIDE_STYLE ('',( #2213 ) ) ;
#1814 = VECTOR ( 'NONE', #8107, 1000.000000000000114 ) ;
#1815 = ORIENTED_EDGE ( 'NONE', *, *, #3461, .F. ) ;
#1816 = ORIENTED_EDGE ( 'NONE', *, *, #3854, .F. ) ;
#1817 = VECTOR ( 'NONE', #8520, 1000.000000000000000 ) ;
#1818 = ORIENTED_EDGE ( 'NONE', *, *, #6878, .F. ) ;
#1819 = LINE ( 'NONE', #3762, #966 ) ;
#1820 = CARTESIAN_POINT ( 'NONE',  ( -71.49999999999997158, 16.29999999999998650, -39.00000000000002842 ) ) ;
#1821 = EDGE_CURVE ( 'NONE', #5679, #1796, #6571, .T. ) ;
#1822 = CARTESIAN_POINT ( 'NONE',  ( -72.99999999999997158, 37.00000000000000711, -41.50000000000000000 ) ) ;
#1823 = EDGE_CURVE ( 'NONE', #4813, #1614, #6088, .T. ) ;
#1824 = CIRCLE ( 'NONE', #7483, 1.000000000000000222 ) ;
#1825 = CARTESIAN_POINT ( 'NONE',  ( 72.49999999999997158, 30.00000000000001066, -6.532606157515349565 ) ) ;
#1826 = AXIS2_PLACEMENT_3D ( 'NONE', #3113, #5743, #1209 ) ;
#1827 = ORIENTED_EDGE ( 'NONE', *, *, #3230, .T. ) ;
#1828 = AXIS2_PLACEMENT_3D ( 'NONE', #6868, #3584, #1729 ) ;
#1829 = LINE ( 'NONE', #5276, #4475 ) ;
#1830 = DIRECTION ( 'NONE',  ( 0.000000000000000000, 0.000000000000000000, 1.000000000000000000 ) ) ;
#1831 = CARTESIAN_POINT ( 'NONE',  ( -65.99999999999998579, 19.89804168090045522, 40.46441916244344839 ) ) ;
#1832 = EDGE_CURVE ( 'NONE', #4486, #1446, #658, .T. ) ;
#1833 = ORIENTED_EDGE ( 'NONE', *, *, #6172, .F. ) ;
#1834 = DIRECTION ( 'NONE',  ( -0.000000000000000000, 0.000000000000000000, 1.000000000000000000 ) ) ;
#1835 = ORIENTED_EDGE ( 'NONE', *, *, #3008, .F. ) ;
#1836 = VECTOR ( 'NONE', #3989, 1000.000000000000114 ) ;
#1837 = LINE ( 'NONE', #8446, #356 ) ;
#1838 = DIRECTION ( 'NONE',  ( 1.000000000000000000, 0.000000000000000000, 0.000000000000000000 ) ) ;
#1839 = CARTESIAN_POINT ( 'NONE',  ( 62.00000000000004263, 19.03201627711605681, 40.96441916244339865 ) ) ;
#1840 = CARTESIAN_POINT ( 'NONE',  ( 59.94974746830588685, 13.87938382346102628, 43.93929289659625681 ) ) ;
#1841 = DIRECTION ( 'NONE',  ( 0.000000000000000000, 0.000000000000000000, -1.000000000000000000 ) ) ;
#1842 = ORIENTED_EDGE ( 'NONE', *, *, #6871, .T. ) ;
#1843 = ORIENTED_EDGE ( 'NONE', *, *, #4176, .F. ) ;
#1844 = VECTOR ( 'NONE', #8519, 1000.000000000000000 ) ;
#1845 = VECTOR ( 'NONE', #8533, 1000.000000000000000 ) ;
#1846 = LINE ( 'NONE', #3872, #6916 ) ;
#1847 = ORIENTED_EDGE ( 'NONE', *, *, #8000, .T. ) ;
#1848 = ORIENTED_EDGE ( 'NONE', *, *, #1956, .T. ) ;
#1849 = PLANE ( 'NONE',  #8357 ) ;
#1850 = EDGE_CURVE ( 'NONE', #1170, #6252, #7303, .T. ) ;
#1851 = CARTESIAN_POINT ( 'NONE',  ( 39.94999999999996732, 31.00000000000000711, 52.59907621135331368 ) ) ;
#1852 = CIRCLE ( 'NONE', #1706, 1.000000000000000222 ) ;
#1853 = FACE_OUTER_BOUND ( 'NONE', #5027, .T. ) ;
#1854 = CARTESIAN_POINT ( 'NONE',  ( -69.99999999999997158, 6.846032805709872271, 48.00000000000000711 ) ) ;
#1855 = ORIENTED_EDGE ( 'NONE', *, *, #6104, .F. ) ;
#1856 = VECTOR ( 'NONE', #62, 1000.000000000000000 ) ;
#1857 = DIRECTION ( 'NONE',  ( -1.000000000000000000, -1.081666511090759472E-15, 9.020562075079339699E-16 ) ) ;
#1858 = ORIENTED_EDGE ( 'NONE', *, *, #1968, .F. ) ;
#1859 = DIRECTION ( 'NONE',  ( -4.625929269271486407E-17, 0.000000000000000000, 1.000000000000000000 ) ) ;
#1860 = CIRCLE ( 'NONE', #6688, 3.000000000000002665 ) ;
#1861 = VERTEX_POINT ( 'NONE', #7267 ) ;
#1862 = ORIENTED_EDGE ( 'NONE', *, *, #6525, .T. ) ;
#1863 = EDGE_CURVE ( 'NONE', #5328, #92, #7909, .T. ) ;
#1864 = CARTESIAN_POINT ( 'NONE',  ( -72.99999999999997158, 22.57179676972450366, 34.53286389632270925 ) ) ;
#1865 = VERTEX_POINT ( 'NONE', #1427 ) ;
#1866 = AXIS2_PLACEMENT_3D ( 'NONE', #8301, #1007, #3634 ) ;
#1867 = DIRECTION ( 'NONE',  ( -1.000000000000000000, -0.000000000000000000, 2.775557561562891351E-16 ) ) ;
#1868 = ADVANCED_FACE ( 'NONE', ( #5920 ), #9, .F. ) ;
#1869 = VECTOR ( 'NONE', #4895, 1000.000000000000000 ) ;
#1870 = CARTESIAN_POINT ( 'NONE',  ( 72.99999999999997158, 7.599999999999995204, -3.400000000000032774 ) ) ;
#1871 = DIRECTION ( 'NONE',  ( -2.403703357979465494E-16, -0.4999999999999947264, -0.8660254037844417052 ) ) ;
#1872 = ADVANCED_FACE ( 'NONE', ( #6699 ), #3419, .F. ) ;
#1873 = AXIS2_PLACEMENT_3D ( 'NONE', #2621, #7758, #4561 ) ;
#1874 = EDGE_LOOP ( 'NONE', ( #8246, #4621, #8429, #4665 ) ) ;
#1875 = CARTESIAN_POINT ( 'NONE',  ( 56.07000000000000028, 0.000000000000000000, 14.89000000000001123 ) ) ;
#1876 = CARTESIAN_POINT ( 'NONE',  ( 72.99999999999997158, 35.00000000000000000, 31.16794919243125506 ) ) ;
#1877 = VECTOR ( 'NONE', #3024, 1000.000000000000000 ) ;
#1878 = CARTESIAN_POINT ( 'NONE',  ( -72.99999999999997158, 23.07179676972450366, 35.39888930010715029 ) ) ;
#1879 = ORIENTED_EDGE ( 'NONE', *, *, #191, .T. ) ;
#1880 = AXIS2_PLACEMENT_3D ( 'NONE', #2464, #2505, #5784 ) ;
#1881 = AXIS2_PLACEMENT_3D ( 'NONE', #6731, #128, #2106 ) ;
#1882 = DIRECTION ( 'NONE',  ( 0.000000000000000000, -1.000000000000000000, -1.734723475976805517E-15 ) ) ;
#1883 = ORIENTED_EDGE ( 'NONE', *, *, #5022, .T. ) ;
#1884 = ADVANCED_FACE ( 'NONE', ( #4228 ), #6822, .F. ) ;
#1885 = EDGE_CURVE ( 'NONE', #2454, #6443, #3481, .T. ) ;
#1886 = FACE_BOUND ( 'NONE', #762, .T. ) ;
#1887 = DIRECTION ( 'NONE',  ( 0.000000000000000000, 0.8660254037844385966, -0.5000000000000001110 ) ) ;
#1888 = DIRECTION ( 'NONE',  ( 0.000000000000000000, -0.000000000000000000, 1.000000000000000000 ) ) ;
#1889 = LINE ( 'NONE', #5771, #4218 ) ;
#1890 = DIRECTION ( 'NONE',  ( 0.000000000000000000, 0.8660254037844425934, -0.4999999999999933942 ) ) ;
#1891 = VERTEX_POINT ( 'NONE', #4916 ) ;
#1892 = ORIENTED_EDGE ( 'NONE', *, *, #7878, .F. ) ;
#1893 = DIRECTION ( 'NONE',  ( 0.000000000000000000, -1.000000000000000000, 0.000000000000000000 ) ) ;
#1894 = VERTEX_POINT ( 'NONE', #914 ) ;
#1895 = EDGE_CURVE ( 'NONE', #5513, #7289, #3897, .T. ) ;
#1896 = ORIENTED_EDGE ( 'NONE', *, *, #204, .T. ) ;
#1897 = DIRECTION ( 'NONE',  ( 0.000000000000000000, 0.000000000000000000, 1.000000000000000000 ) ) ;
#1898 = DIRECTION ( 'NONE',  ( -0.000000000000000000, -1.000000000000000000, -0.000000000000000000 ) ) ;
#1899 = DIRECTION ( 'NONE',  ( 0.000000000000000000, 0.000000000000000000, 1.000000000000000000 ) ) ;
#1900 = DIRECTION ( 'NONE',  ( -2.403703357979464015E-16, -0.4999999999999946154, -0.8660254037844419273 ) ) ;
#1901 = VERTEX_POINT ( 'NONE', #8290 ) ;
#1902 = FACE_OUTER_BOUND ( 'NONE', #6339, .T. ) ;
#1903 = ORIENTED_EDGE ( 'NONE', *, *, #6584, .T. ) ;
#1904 = DIRECTION ( 'NONE',  ( -2.775557561562891351E-16, 0.000000000000000000, -1.000000000000000000 ) ) ;
#1905 = AXIS2_PLACEMENT_3D ( 'NONE', #264, #5520, #6952 ) ;
#1906 = ORIENTED_EDGE ( 'NONE', *, *, #3760, .F. ) ;
#1907 = VERTEX_POINT ( 'NONE', #7556 ) ;
#1908 = CARTESIAN_POINT ( 'NONE',  ( -71.49999999999997158, 22.07179676972450366, 33.66683849253826821 ) ) ;
#1909 = LINE ( 'NONE', #7225, #8006 ) ;
#1910 = VERTEX_POINT ( 'NONE', #7513 ) ;
#1911 = CARTESIAN_POINT ( 'NONE',  ( 56.07000000000000028, 5.000000000000000000, -47.94000000000000483 ) ) ;
#1912 = VECTOR ( 'NONE', #7981, 1000.000000000000000 ) ;
#1913 = LINE ( 'NONE', #4546, #6950 ) ;
#1914 = CARTESIAN_POINT ( 'NONE',  ( 60.65685424949240456, -29.65567974040969546, -32.87986266914259659 ) ) ;
#1915 = EDGE_CURVE ( 'NONE', #1112, #3703, #2983, .T. ) ;
#1916 = ORIENTED_EDGE ( 'NONE', *, *, #2094, .F. ) ;
#1917 = AXIS2_PLACEMENT_3D ( 'NONE', #5670, #370, #4972 ) ;
#1918 = LINE ( 'NONE', #3986, #1171 ) ;
#1919 = DIRECTION ( 'NONE',  ( 0.7071067811865455743, -0.3535533905932746745, -0.6123724356957963577 ) ) ;
#1920 = CARTESIAN_POINT ( 'NONE',  ( 74.99999999999997158, 37.00000000000000711, -44.99999999999999289 ) ) ;
#1921 = ORIENTED_EDGE ( 'NONE', *, *, #8241, .T. ) ;
#1922 = EDGE_CURVE ( 'NONE', #1381, #6033, #3541, .T. ) ;
#1923 = DIRECTION ( 'NONE',  ( 2.403703357979465494E-16, 0.4999999999999947264, 0.8660254037844417052 ) ) ;
#1924 = ORIENTED_EDGE ( 'NONE', *, *, #3664, .T. ) ;
#1925 = DIRECTION ( 'NONE',  ( -1.000000000000000000, 0.000000000000000000, 0.000000000000000000 ) ) ;
#1926 = FACE_OUTER_BOUND ( 'NONE', #1370, .T. ) ;
#1927 = CARTESIAN_POINT ( 'NONE',  ( -66.99999999999998579, 26.09419410360708369, 39.19646997001235178 ) ) ;
#1928 = CARTESIAN_POINT ( 'NONE',  ( 65.99999999999998579, -19.05324189595941320, -39.00118301270216392 ) ) ;
#1929 = LINE ( 'NONE', #4563, #1029 ) ;
#1930 = ORIENTED_EDGE ( 'NONE', *, *, #2046, .T. ) ;
#1931 = EDGE_CURVE ( 'NONE', #2699, #6638, #1638, .T. ) ;
#1932 = VERTEX_POINT ( 'NONE', #3667 ) ;
#1933 = VECTOR ( 'NONE', #7457, 1000.000000000000000 ) ;
#1934 = EDGE_CURVE ( 'NONE', #1030, #1170, #5654, .T. ) ;
#1935 = PLANE ( 'NONE',  #43 ) ;
#1936 = ORIENTED_EDGE ( 'NONE', *, *, #1229, .F. ) ;
#1937 = ORIENTED_EDGE ( 'NONE', *, *, #2786, .F. ) ;
#1938 = CARTESIAN_POINT ( 'NONE',  ( 74.99999999999997158, 37.00000000000000711, -49.99999999999999289 ) ) ;
#1939 = DIRECTION ( 'NONE',  ( 0.7071067811865497932, 0.000000000000000000, -0.7071067811865452413 ) ) ;
#1940 = LINE ( 'NONE', #4572, #5466 ) ;
#1941 = ORIENTED_EDGE ( 'NONE', *, *, #6484, .F. ) ;
#1942 = EDGE_LOOP ( 'NONE', ( #1786, #8389 ) ) ;
#1943 = EDGE_CURVE ( 'NONE', #5658, #1865, #7643, .T. ) ;
#1944 = FACE_BOUND ( 'NONE', #699, .T. ) ;
#1945 = ORIENTED_EDGE ( 'NONE', *, *, #7211, .F. ) ;
#1946 = AXIS2_PLACEMENT_3D ( 'NONE', #5984, #7970, #849 ) ;
#1947 = ORIENTED_EDGE ( 'NONE', *, *, #2190, .F. ) ;
#1948 = CARTESIAN_POINT ( 'NONE',  ( -50.30000000000002558, 26.20000000000000284, -47.99999999999999289 ) ) ;
#1949 = CARTESIAN_POINT ( 'NONE',  ( -65.99999999999998579, 26.96021950739152473, 38.69646997001235889 ) ) ;
#1950 = EDGE_LOOP ( 'NONE', ( #6596, #4482, #1342, #1207 ) ) ;
#1951 = CARTESIAN_POINT ( 'NONE',  ( -26.50000000000002842, 26.20000000000000284, -47.99999999999999289 ) ) ;
#1952 = DIRECTION ( 'NONE',  ( -1.000000000000000000, 0.000000000000000000, -0.000000000000000000 ) ) ;
#1953 = AXIS2_PLACEMENT_3D ( 'NONE', #4779, #1500, #4694 ) ;
#1954 = CARTESIAN_POINT ( 'NONE',  ( 71.49999999999997158, 7.599999999999995204, 1.599999999999967226 ) ) ;
#1955 = ORIENTED_EDGE ( 'NONE', *, *, #6257, .F. ) ;
#1956 = EDGE_CURVE ( 'NONE', #2185, #3516, #735, .T. ) ;
#1957 = CARTESIAN_POINT ( 'NONE',  ( 62.99999999999994316, 21.30000000000000071, -46.50000000000000000 ) ) ;
#1958 = LINE ( 'NONE', #3857, #3104 ) ;
#1959 = VECTOR ( 'NONE', #1871, 1000.000000000000000 ) ;
#1960 = DIRECTION ( 'NONE',  ( 0.000000000000000000, 1.000000000000000000, 0.000000000000000000 ) ) ;
#1961 = ORIENTED_EDGE ( 'NONE', *, *, #2388, .T. ) ;
#1962 = CARTESIAN_POINT ( 'NONE',  ( 61.36396103067895780, 29.88810708965500496, 34.69665220947708661 ) ) ;
#1963 = VECTOR ( 'NONE', #5782, 1000.000000000000000 ) ;
#1964 = VECTOR ( 'NONE', #2895, 1000.000000000000000 ) ;
#1965 = ORIENTED_EDGE ( 'NONE', *, *, #8477, .F. ) ;
#1966 = FACE_BOUND ( 'NONE', #1196, .T. ) ;
#1967 = DIRECTION ( 'NONE',  ( -0.000000000000000000, -0.000000000000000000, -1.000000000000000000 ) ) ;
#1968 = EDGE_CURVE ( 'NONE', #6568, #5565, #8248, .T. ) ;
#1969 = DIRECTION ( 'NONE',  ( 2.403703357979464508E-16, 0.4999999999999947264, 0.8660254037844417052 ) ) ;
#1970 = CARTESIAN_POINT ( 'NONE',  ( 56.07000000000000028, 5.000000000000000000, 16.49000000000001975 ) ) ;
#1971 = DIRECTION ( 'NONE',  ( -0.000000000000000000, 1.000000000000000000, 0.000000000000000000 ) ) ;
#1972 = ORIENTED_EDGE ( 'NONE', *, *, #5095, .F. ) ;
#1973 = VECTOR ( 'NONE', #4460, 1000.000000000000000 ) ;
#1974 = ORIENTED_EDGE ( 'NONE', *, *, #5660, .F. ) ;
#1975 = CARTESIAN_POINT ( 'NONE',  ( 71.49999999999997158, 32.00000000000001421, -6.532606157515350453 ) ) ;
#1976 = AXIS2_PLACEMENT_3D ( 'NONE', #579, #7109, #3301 ) ;
#1977 = ORIENTED_EDGE ( 'NONE', *, *, #3260, .T. ) ;
#1978 = AXIS2_PLACEMENT_3D ( 'NONE', #4810, #4770, #7450 ) ;
#1979 = ORIENTED_EDGE ( 'NONE', *, *, #1185, .T. ) ;
#1980 = DIRECTION ( 'NONE',  ( 0.000000000000000000, 0.000000000000000000, -1.000000000000000000 ) ) ;
#1981 = ADVANCED_FACE ( 'NONE', ( #3025 ), #348, .F. ) ;
#1982 = EDGE_CURVE ( 'NONE', #7554, #1614, #1685, .T. ) ;
#1983 = LINE ( 'NONE', #1419, #4528 ) ;
#1984 = DIRECTION ( 'NONE',  ( 0.5773502691896249539, 0.5773502691896237327, 0.5773502691896286176 ) ) ;
#1985 = AXIS2_PLACEMENT_3D ( 'NONE', #7872, #7100, #1952 ) ;
#1986 = ORIENTED_EDGE ( 'NONE', *, *, #6554, .T. ) ;
#1987 = EDGE_LOOP ( 'NONE', ( #5259, #1635, #7605, #5528 ) ) ;
#1988 = DIRECTION ( 'NONE',  ( 1.665334536937734811E-16, 0.4999999999999947820, 0.8660254037844417052 ) ) ;
#1989 = ORIENTED_EDGE ( 'NONE', *, *, #3710, .T. ) ;
#1990 = VECTOR ( 'NONE', #5374, 1000.000000000000000 ) ;
#1991 = ORIENTED_EDGE ( 'NONE', *, *, #7794, .F. ) ;
#1992 = CIRCLE ( 'NONE', #6816, 3.000000000000002665 ) ;
#1993 = EDGE_CURVE ( 'NONE', #2802, #5855, #2940, .T. ) ;
#1994 = ADVANCED_FACE ( 'NONE', ( #2329 ), #2286, .F. ) ;
#1995 = DIRECTION ( 'NONE',  ( -2.681259114135753643E-16, -0.4999999999999947264, -0.8660254037844417052 ) ) ;
#1996 = LINE ( 'NONE', #1949, #2780 ) ;
#1997 = ORIENTED_EDGE ( 'NONE', *, *, #7, .T. ) ;
#1998 = LINE ( 'NONE', #2036, #2547 ) ;
#1999 = DIRECTION ( 'NONE',  ( -0.000000000000000000, -1.000000000000000000, -0.000000000000000000 ) ) ;
#2000 = FACE_OUTER_BOUND ( 'NONE', #8422, .T. ) ;
#2001 = VECTOR ( 'NONE', #8517, 1000.000000000000000 ) ;
#2002 = ORIENTED_EDGE ( 'NONE', *, *, #6349, .F. ) ;
#2003 = DIRECTION ( 'NONE',  ( 4.625929269271486407E-17, 0.000000000000000000, -1.000000000000000000 ) ) ;
#2004 = DIRECTION ( 'NONE',  ( 1.387778780781445478E-15, -0.8660254037844415942, 0.4999999999999948375 ) ) ;
#2005 = FACE_OUTER_BOUND ( 'NONE', #2733, .T. ) ;
#2006 = ORIENTED_EDGE ( 'NONE', *, *, #8298, .F. ) ;
#2007 = CYLINDRICAL_SURFACE ( 'NONE', #7608, 1.000000000000000222 ) ;
#2008 = EDGE_CURVE ( 'NONE', #4502, #3608, #2380, .T. ) ;
#2009 = ORIENTED_EDGE ( 'NONE', *, *, #2999, .T. ) ;
#2011 = DIRECTION ( 'NONE',  ( 0.000000000000000000, 0.000000000000000000, -1.000000000000000000 ) ) ;
#2010 = VECTOR ( 'NONE', #5742, 1000.000000000000114 ) ;
#2012 = CARTESIAN_POINT ( 'NONE',  ( 75.00000000000000000, 28.00000000000000355, -39.00000000000004974 ) ) ;
#2013 = FACE_OUTER_BOUND ( 'NONE', #5955, .T. ) ;
#2014 = DIRECTION ( 'NONE',  ( -0.7071067811865495711, -0.6123724356957946924, 0.3535533905932695120 ) ) ;
#2015 = DIRECTION ( 'NONE',  ( 0.000000000000000000, 0.000000000000000000, -1.000000000000000000 ) ) ;
#2016 = VECTOR ( 'NONE', #381, 1000.000000000000114 ) ;
#2017 = VERTEX_POINT ( 'NONE', #2196 ) ;
#2018 = AXIS2_PLACEMENT_3D ( 'NONE', #540, #3308, #4559 ) ;
#2019 = LINE ( 'NONE', #6556, #24 ) ;
#2020 = EDGE_CURVE ( 'NONE', #6263, #5815, #4313, .T. ) ;
#2021 = VERTEX_POINT ( 'NONE', #7469 ) ;
#2022 = ORIENTED_EDGE ( 'NONE', *, *, #5319, .F. ) ;
#2023 = EDGE_CURVE ( 'NONE', #8538, #7332, #4183, .T. ) ;
#2024 = CARTESIAN_POINT ( 'NONE',  ( -45.99999999999997868, 29.41820693123828789, 34.96794919243123445 ) ) ;
#2025 = DIRECTION ( 'NONE',  ( -0.7071067811865451302, -0.6123724356957963577, 0.3535533905932751741 ) ) ;
#2026 = CARTESIAN_POINT ( 'NONE',  ( 55.00000000000002842, 26.82624491117602972, 36.46441916244345549 ) ) ;
#2027 = ORIENTED_EDGE ( 'NONE', *, *, #3995, .T. ) ;
#2028 = ORIENTED_EDGE ( 'NONE', *, *, #4465, .T. ) ;
#2029 = FACE_BOUND ( 'NONE', #1111, .T. ) ;
#2030 = ADVANCED_FACE ( 'NONE', ( #4440 ), #7769, .F. ) ;
#2031 = ORIENTED_EDGE ( 'NONE', *, *, #3508, .F. ) ;
#2032 = ORIENTED_EDGE ( 'NONE', *, *, #5195, .F. ) ;
#2033 = CARTESIAN_POINT ( 'NONE',  ( -72.99999999999997158, 7.600000000000004086, 1.600000000000002531 ) ) ;
#2034 = DIRECTION ( 'NONE',  ( 0.000000000000000000, -0.8660254037844381525, 0.5000000000000008882 ) ) ;
#2035 = ORIENTED_EDGE ( 'NONE', *, *, #3925, .T. ) ;
#2036 = CARTESIAN_POINT ( 'NONE',  ( -64.99999999999998579, 20.89804168090043746, 42.19646997001232336 ) ) ;
#2037 = CARTESIAN_POINT ( 'NONE',  ( -56.07000000000000028, 5.000000000000000000, -47.93999999999999773 ) ) ;
#2038 = CARTESIAN_POINT ( 'NONE',  ( 11.89999999999998082, 21.30000000000000782, -46.50000000000000000 ) ) ;
#2039 = EDGE_CURVE ( 'NONE', #2021, #3575, #5270, .T. ) ;
#2040 = EDGE_CURVE ( 'NONE', #8327, #7121, #1078, .T. ) ;
#2041 = ORIENTED_EDGE ( 'NONE', *, *, #7960, .T. ) ;
#2042 = DIRECTION ( 'NONE',  ( 0.000000000000000000, -1.000000000000000000, 0.000000000000000000 ) ) ;
#2043 = CARTESIAN_POINT ( 'NONE',  ( -60.99999999999998579, 26.09419410360710856, 39.19646997001231625 ) ) ;
#2044 = FACE_OUTER_BOUND ( 'NONE', #5943, .T. ) ;
#2045 = ORIENTED_EDGE ( 'NONE', *, *, #4321, .F. ) ;
#2046 = EDGE_CURVE ( 'NONE', #3426, #2297, #554, .T. ) ;
#2047 = VECTOR ( 'NONE', #7757, 1000.000000000000114 ) ;
#2048 = DIRECTION ( 'NONE',  ( -1.734723475976807686E-15, 0.8660254037844418162, -0.4999999999999945599 ) ) ;
#2049 = ORIENTED_EDGE ( 'NONE', *, *, #5402, .T. ) ;
#2050 = ORIENTED_EDGE ( 'NONE', *, *, #6499, .F. ) ;
#2051 = PLANE ( 'NONE',  #5569 ) ;
#2052 = DIRECTION ( 'NONE',  ( 0.000000000000000000, 0.000000000000000000, 1.000000000000000000 ) ) ;
#2053 = DIRECTION ( 'NONE',  ( 2.403703357979463522E-16, 0.4999999999999947820, 0.8660254037844418162 ) ) ;
#2054 = DIRECTION ( 'NONE',  ( -2.403703357979464015E-16, -0.4999999999999946154, -0.8660254037844419273 ) ) ;
#2055 = CARTESIAN_POINT ( 'NONE',  ( -57.00000000000000711, -18.03863002360482426, -39.58696945032902903 ) ) ;
#2056 = DIRECTION ( 'NONE',  ( -1.000000000000000000, -0.000000000000000000, -0.000000000000000000 ) ) ;
#2057 = EDGE_LOOP ( 'NONE', ( #6798, #1776, #5506, #4205 ) ) ;
#2058 = DIRECTION ( 'NONE',  ( -2.403703357979464015E-16, -0.4999999999999946154, -0.8660254037844419273 ) ) ;
#2059 = ORIENTED_EDGE ( 'NONE', *, *, #6045, .F. ) ;
#2060 = ORIENTED_EDGE ( 'NONE', *, *, #6151, .F. ) ;
#2061 = LINE ( 'NONE', #7980, #7179 ) ;
#2062 = FACE_OUTER_BOUND ( 'NONE', #6624, .T. ) ;
#2063 = DIRECTION ( 'NONE',  ( 2.403703357979463522E-16, 0.4999999999999947820, 0.8660254037844418162 ) ) ;
#2064 = EDGE_CURVE ( 'NONE', #2805, #4454, #2546, .T. ) ;
#2065 = ORIENTED_EDGE ( 'NONE', *, *, #8000, .F. ) ;
#2066 = VERTEX_POINT ( 'NONE', #3706 ) ;
#2067 = CARTESIAN_POINT ( 'NONE',  ( 71.49999999999997158, 21.30000000000000071, -40.00000000000003553 ) ) ;
#2068 = ORIENTED_EDGE ( 'NONE', *, *, #6813, .T. ) ;
#2069 = VERTEX_POINT ( 'NONE', #2462 ) ;
#2070 = FACE_OUTER_BOUND ( 'NONE', #1285, .T. ) ;
#2071 = DIRECTION ( 'NONE',  ( 2.403703357979464508E-16, 0.4999999999999947264, 0.8660254037844417052 ) ) ;
#2072 = VERTEX_POINT ( 'NONE', #3067 ) ;
#2073 = EDGE_CURVE ( 'NONE', #2499, #513, #3798, .T. ) ;
#2074 = PLANE ( 'NONE',  #1453 ) ;
#2075 = DIRECTION ( 'NONE',  ( -0.000000000000000000, -1.000000000000000000, -0.000000000000000000 ) ) ;
#2076 = CARTESIAN_POINT ( 'NONE',  ( -71.49999999999997158, 26.40192378864669820, 31.16683849253827177 ) ) ;
#2077 = CIRCLE ( 'NONE', #703, 0.9999999999999987788 ) ;
#2078 = PRESENTATION_LAYER_ASSIGNMENT (  '', '', ( #6488 ) ) ;
#2079 = EDGE_LOOP ( 'NONE', ( #593, #6430, #5620, #4516 ) ) ;
#2080 = ADVANCED_FACE ( 'NONE', ( #7723 ), #2503, .F. ) ;
#2081 = DIRECTION ( 'NONE',  ( 2.403703357979463522E-16, 0.4999999999999947820, 0.8660254037844418162 ) ) ;
#2082 = ADVANCED_FACE ( 'NONE', ( #474 ), #6997, .F. ) ;
#2083 = CARTESIAN_POINT ( 'NONE',  ( -56.06999999999999318, -0.001000000000000132727, 14.89000000000001123 ) ) ;
#2084 = FACE_OUTER_BOUND ( 'NONE', #6352, .T. ) ;
#2085 = DIRECTION ( 'NONE',  ( 2.403703357979464508E-16, 0.4999999999999947264, 0.8660254037844417052 ) ) ;
#2086 = VECTOR ( 'NONE', #5450, 1000.000000000000000 ) ;
#2087 = AXIS2_PLACEMENT_3D ( 'NONE', #5853, #1882, #4513 ) ;
#2088 = EDGE_LOOP ( 'NONE', ( #4540, #1231, #757, #4932 ) ) ;
#2089 = VERTEX_POINT ( 'NONE', #4489 ) ;
#2090 = CARTESIAN_POINT ( 'NONE',  ( -72.99999999999997158, -10.85796891903278905, -20.36918876172767057 ) ) ;
#2091 = AXIS2_PLACEMENT_3D ( 'NONE', #1433, #6747, #8296 ) ;
#2092 = DIRECTION ( 'NONE',  ( 0.000000000000000000, 0.8660254037844414832, -0.4999999999999949485 ) ) ;
#2093 = DIRECTION ( 'NONE',  ( -0.000000000000000000, -0.000000000000000000, -1.000000000000000000 ) ) ;
#2094 = EDGE_CURVE ( 'NONE', #4971, #3516, #7082, .T. ) ;
#2095 = DIRECTION ( 'NONE',  ( 0.000000000000000000, 0.8660254037844425934, -0.4999999999999933942 ) ) ;
#2096 = CARTESIAN_POINT ( 'NONE',  ( 71.49999999999997158, 21.30000000000000071, -39.00000000000006395 ) ) ;
#2097 = DIRECTION ( 'NONE',  ( 0.000000000000000000, -0.4999999999999981126, -0.8660254037844395958 ) ) ;
#2098 = ORIENTED_EDGE ( 'NONE', *, *, #2300, .F. ) ;
#2099 = AXIS2_PLACEMENT_3D ( 'NONE', #178, #1995, #4628 ) ;
#2100 = VECTOR ( 'NONE', #5293, 1000.000000000000000 ) ;
#2101 = DIRECTION ( 'NONE',  ( -2.403703357979465001E-16, -0.4999999999999948375, -0.8660254037844418162 ) ) ;
#2102 = ORIENTED_EDGE ( 'NONE', *, *, #541, .F. ) ;
#2103 = ORIENTED_EDGE ( 'NONE', *, *, #6210, .F. ) ;
#2104 = DIRECTION ( 'NONE',  ( 0.000000000000000000, 0.000000000000000000, -1.000000000000000000 ) ) ;
#2105 = CARTESIAN_POINT ( 'NONE',  ( -71.49999999999997158, 7.600000000000004086, 1.600000000000002531 ) ) ;
#2106 = DIRECTION ( 'NONE',  ( 0.000000000000000000, 0.000000000000000000, 1.000000000000000000 ) ) ;
#2107 = CIRCLE ( 'NONE', #4451, 1.000000000000000222 ) ;
#2108 = ORIENTED_EDGE ( 'NONE', *, *, #5820, .F. ) ;
#2109 = VERTEX_POINT ( 'NONE', #7819 ) ;
#2110 = PLANE ( 'NONE',  #2381 ) ;
#2111 = AXIS2_PLACEMENT_3D ( 'NONE', #3436, #6971, #1058 ) ;
#2112 = EDGE_CURVE ( 'NONE', #802, #645, #516, .T. ) ;
#2113 = EDGE_LOOP ( 'NONE', ( #1801, #7864, #7880, #8266 ) ) ;
#2114 = LINE ( 'NONE', #1474, #2748 ) ;
#2115 = VECTOR ( 'NONE', #5452, 1000.000000000000000 ) ;
#2116 = DIRECTION ( 'NONE',  ( 0.000000000000000000, -1.000000000000000000, 0.000000000000000000 ) ) ;
#2117 = DIRECTION ( 'NONE',  ( 1.387778780781445360E-14, 0.8660254037844425934, -0.4999999999999933942 ) ) ;
#2118 = LINE ( 'NONE', #4017, #6828 ) ;
#2119 = FACE_OUTER_BOUND ( 'NONE', #7828, .T. ) ;
#2120 = LINE ( 'NONE', #2076, #4715 ) ;
#2121 = AXIS2_PLACEMENT_3D ( 'NONE', #5193, #7739, #6533 ) ;
#2122 = EDGE_CURVE ( 'NONE', #5565, #8364, #602, .T. ) ;
#2123 = ORIENTED_EDGE ( 'NONE', *, *, #3094, .F. ) ;
#2124 = EDGE_CURVE ( 'NONE', #5280, #7791, #432, .T. ) ;
#2125 = DIRECTION ( 'NONE',  ( -1.000000000000000000, 5.473822126268816683E-48, 2.775557561562891351E-16 ) ) ;
#2126 = AXIS2_PLACEMENT_3D ( 'NONE', #2453, #4387, #5078 ) ;
#2127 = LINE ( 'NONE', #4719, #7654 ) ;
#2128 = CARTESIAN_POINT ( 'NONE',  ( 75.00000000000000000, 31.00000000000000711, -39.00000000000004974 ) ) ;
#2129 = CARTESIAN_POINT ( 'NONE',  ( 13.89999999999998082, 16.30000000000000426, -47.50000000000000000 ) ) ;
#2130 = CARTESIAN_POINT ( 'NONE',  ( -61.00000000000000711, -19.05324189595939188, -39.00118301270214261 ) ) ;
#2131 = EDGE_CURVE ( 'NONE', #6252, #368, #1765, .T. ) ;
#2132 = AXIS2_PLACEMENT_3D ( 'NONE', #5721, #2397, #7621 ) ;
#2133 = ORIENTED_EDGE ( 'NONE', *, *, #3213, .T. ) ;
#2134 = ORIENTED_EDGE ( 'NONE', *, *, #2008, .T. ) ;
#2135 = CARTESIAN_POINT ( 'NONE',  ( 72.99999999999997158, -3.929765688757295816, -24.36918876172756754 ) ) ;
#2136 = PLANE ( 'NONE',  #2355 ) ;
#2137 = LINE ( 'NONE', #4037, #8042 ) ;
#2138 = CARTESIAN_POINT ( 'NONE',  ( -66.00000000000001421, -19.05324189595942386, -39.00118301270212129 ) ) ;
#2139 = CARTESIAN_POINT ( 'NONE',  ( 62.07106781186549682, -29.65567974040969546, -32.87986266914259659 ) ) ;
#2140 = LINE ( 'NONE', #7452, #6814 ) ;
#2141 = ORIENTED_EDGE ( 'NONE', *, *, #1094, .F. ) ;
#2142 = PLANE ( 'NONE',  #1953 ) ;
#2143 = ADVANCED_FACE ( 'NONE', ( #8417 ), #5825, .T. ) ;
#2144 = EDGE_CURVE ( 'NONE', #8212, #2802, #4531, .T. ) ;
#2145 = CIRCLE ( 'NONE', #2289, 1.000000000000000222 ) ;
#2146 = ORIENTED_EDGE ( 'NONE', *, *, #150, .F. ) ;
#2147 = ORIENTED_EDGE ( 'NONE', *, *, #884, .F. ) ;
#2148 = DIRECTION ( 'NONE',  ( 0.000000000000000000, 0.000000000000000000, -1.000000000000000000 ) ) ;
#2149 = AXIS2_PLACEMENT_3D ( 'NONE', #1928, #1238, #8536 ) ;
#2150 = DIRECTION ( 'NONE',  ( -1.000000000000000000, 0.000000000000000000, 0.000000000000000000 ) ) ;
#2151 = DIRECTION ( 'NONE',  ( 0.000000000000000000, 0.8660254037844425934, -0.4999999999999933942 ) ) ;
#2152 = ORIENTED_EDGE ( 'NONE', *, *, #942, .T. ) ;
#2153 = CIRCLE ( 'NONE', #8087, 3.500000000000006661 ) ;
#2154 = ORIENTED_EDGE ( 'NONE', *, *, #7311, .T. ) ;
#2155 = AXIS2_PLACEMENT_3D ( 'NONE', #1767, #5870, #76 ) ;
#2156 = CARTESIAN_POINT ( 'NONE',  ( -57.00000000000000711, -18.39734949121198326, -39.37986266914247580 ) ) ;
#2157 = CIRCLE ( 'NONE', #6984, 1.899999999999999023 ) ;
#2158 = ADVANCED_FACE ( 'NONE', ( #3237 ), #1119, .F. ) ;
#2159 = VERTEX_POINT ( 'NONE', #6560 ) ;
#2160 = ORIENTED_EDGE ( 'NONE', *, *, #565, .T. ) ;
#2161 = DIRECTION ( 'NONE',  ( 1.000000000000000000, -0.000000000000000000, -2.775557561562891844E-16 ) ) ;
#2162 = DIRECTION ( 'NONE',  ( -9.952556661105020687E-17, -0.4999999999999947820, -0.8660254037844417052 ) ) ;
#2163 = ORIENTED_EDGE ( 'NONE', *, *, #3253, .F. ) ;
#2164 = FACE_BOUND ( 'NONE', #5036, .T. ) ;
#2165 = DIRECTION ( 'NONE',  ( -0.000000000000000000, 1.000000000000000000, -0.000000000000000000 ) ) ;
#2166 = ORIENTED_EDGE ( 'NONE', *, *, #4156, .T. ) ;
#2167 = LINE ( 'NONE', #4718, #1399 ) ;
#2168 = DIRECTION ( 'NONE',  ( 0.000000000000000000, -1.000000000000000000, 0.000000000000000000 ) ) ;
#2169 = EDGE_CURVE ( 'NONE', #197, #161, #5381, .T. ) ;
#2170 = DIRECTION ( 'NONE',  ( 0.000000000000000000, 0.8660254037844415942, -0.4999999999999951150 ) ) ;
#2171 = CARTESIAN_POINT ( 'NONE',  ( 71.49999999999997158, 26.40192378864669109, 31.16683849253822913 ) ) ;
#2172 = CARTESIAN_POINT ( 'NONE',  ( 71.49999999999997158, 20.59611789225409950, 35.67352262806245733 ) ) ;
#2173 = ORIENTED_EDGE ( 'NONE', *, *, #6940, .T. ) ;
#2174 = CIRCLE ( 'NONE', #7011, 1.000000000000000222 ) ;
#2175 = ORIENTED_EDGE ( 'NONE', *, *, #552, .F. ) ;
#2176 = PLANE ( 'NONE',  #8191 ) ;
#2177 = FACE_OUTER_BOUND ( 'NONE', #49, .T. ) ;
#2178 = CARTESIAN_POINT ( 'NONE',  ( -72.99999999999997158, 37.00000000000000711, 31.16794919243125150 ) ) ;
#2179 = DIRECTION ( 'NONE',  ( 0.6546536707079789741, 0.7559289460184529519, 0.000000000000000000 ) ) ;
#2180 = EDGE_CURVE ( 'NONE', #7416, #4470, #7153, .T. ) ;
#2181 = CARTESIAN_POINT ( 'NONE',  ( -55.29289321881343966, 28.07989787926464231, 38.05002336060561419 ) ) ;
#2182 = AXIS2_PLACEMENT_3D ( 'NONE', #4947, #7585, #1667 ) ;
#2183 = ORIENTED_EDGE ( 'NONE', *, *, #8425, .F. ) ;
#2184 = CARTESIAN_POINT ( 'NONE',  ( 69.99999999999997158, 2.000000000000000000, -48.00000000000000000 ) ) ;
#2185 = VERTEX_POINT ( 'NONE', #7859 ) ;
#2186 = CARTESIAN_POINT ( 'NONE',  ( -50.30000000000002558, 7.100000000000002309, -47.99999999999999289 ) ) ;
#2187 = CARTESIAN_POINT ( 'NONE',  ( 39.94999999999996732, 30.00000000000000711, -48.00000000000000000 ) ) ;
#2188 = LINE ( 'NONE', #5509, #5885 ) ;
#2189 = ADVANCED_FACE ( 'NONE', ( #777 ), #5342, .F. ) ;
#2190 = EDGE_CURVE ( 'NONE', #4250, #3699, #1983, .T. ) ;
#2191 = ORIENTED_EDGE ( 'NONE', *, *, #6554, .F. ) ;
#2192 = ORIENTED_EDGE ( 'NONE', *, *, #34, .F. ) ;
#2193 = DIRECTION ( 'NONE',  ( -0.000000000000000000, 0.8660254037844418162, -0.4999999999999945599 ) ) ;
#2194 = ORIENTED_EDGE ( 'NONE', *, *, #4455, .T. ) ;
#2195 = ORIENTED_EDGE ( 'NONE', *, *, #8216, .T. ) ;
#2196 = CARTESIAN_POINT ( 'NONE',  ( -72.99999999999997158, 7.600000000000004086, -3.399999999999998135 ) ) ;
#2197 = CARTESIAN_POINT ( 'NONE',  ( -59.99999999999998579, 20.89804168090046232, 42.19646997001230204 ) ) ;
#2198 = DIRECTION ( 'NONE',  ( 0.000000000000000000, 0.000000000000000000, 1.000000000000000000 ) ) ;
#2199 = EDGE_CURVE ( 'NONE', #4502, #8442, #819, .T. ) ;
#2200 = ORIENTED_EDGE ( 'NONE', *, *, #6953, .T. ) ;
#2201 = LINE ( 'NONE', #7001, #2524 ) ;
#2202 = ORIENTED_EDGE ( 'NONE', *, *, #6000, .T. ) ;
#2203 = LINE ( 'NONE', #2825, #6230 ) ;
#2204 = VECTOR ( 'NONE', #5911, 1000.000000000000114 ) ;
#2205 = ORIENTED_EDGE ( 'NONE', *, *, #6994, .F. ) ;
#2206 = CARTESIAN_POINT ( 'NONE',  ( -61.36396103067892227, 30.88810708965496232, 36.42870301704600422 ) ) ;
#2207 = DIRECTION ( 'NONE',  ( 0.000000000000000000, -0.000000000000000000, 1.000000000000000000 ) ) ;
#2208 = DIRECTION ( 'NONE',  ( 0.000000000000000000, 0.8660254037844418162, -0.4999999999999946709 ) ) ;
#2209 = AXIS2_PLACEMENT_3D ( 'NONE', #6717, #156, #5415 ) ;
#2210 =( BOUNDED_CURVE ( )  B_SPLINE_CURVE ( 3, ( #7704, #3005, #4976, #1701 ),
 .UNSPECIFIED., .F., .T. ) 
 B_SPLINE_CURVE_WITH_KNOTS ( ( 4, 4 ),
 ( 4.712388980384689674, 6.283185307179586232 ),
 .UNSPECIFIED. ) 
 CURVE ( )  GEOMETRIC_REPRESENTATION_ITEM ( )  RATIONAL_B_SPLINE_CURVE ( ( 1.000000000000000000, 0.8047378541243649375, 0.8047378541243649375, 1.000000000000000000 ) ) 
 REPRESENTATION_ITEM ( '' )  );
#2211 = VECTOR ( 'NONE', #5789, 1000.000000000000000 ) ;
#2212 = DIRECTION ( 'NONE',  ( -0.000000000000000000, -0.000000000000000000, -1.000000000000000000 ) ) ;
#2213 = SURFACE_STYLE_FILL_AREA ( #5093 ) ;
#2214 = ORIENTED_EDGE ( 'NONE', *, *, #1520, .F. ) ;
#2215 = EDGE_CURVE ( 'NONE', #957, #1055, #5236, .T. ) ;
#2216 = CIRCLE ( 'NONE', #7603, 3.510000000000004672 ) ;
#2217 = ORIENTED_EDGE ( 'NONE', *, *, #2311, .T. ) ;
#2218 = CARTESIAN_POINT ( 'NONE',  ( -67.00000000000001421, -25.11541972245051113, -35.50118301270215682 ) ) ;
#2219 = LINE ( 'NONE', #4849, #1797 ) ;
#2220 = FACE_OUTER_BOUND ( 'NONE', #4940, .T. ) ;
#2221 = LINE ( 'NONE', #7492, #3811 ) ;
#2222 = CARTESIAN_POINT ( 'NONE',  ( 56.07000000000000028, 2.000000000000000000, 9.490000000000000213 ) ) ;
#2223 = ORIENTED_EDGE ( 'NONE', *, *, #978, .F. ) ;
#2224 = AXIS2_PLACEMENT_3D ( 'NONE', #1749, #8188, #4252 ) ;
#2225 = DIRECTION ( 'NONE',  ( 1.000000000000000000, 0.000000000000000000, 0.000000000000000000 ) ) ;
#2226 = VECTOR ( 'NONE', #1174, 1000.000000000000000 ) ;
#2227 = EDGE_LOOP ( 'NONE', ( #6880, #2282, #1788, #435 ) ) ;
#2228 = ADVANCED_FACE ( 'NONE', ( #4092 ), #6604, .F. ) ;
#2229 = CARTESIAN_POINT ( 'NONE',  ( 56.07000000000000028, 5.000000000000000000, 12.99000000000000909 ) ) ;
#2230 = DIRECTION ( 'NONE',  ( 1.000000000000000000, 0.000000000000000000, 0.000000000000000000 ) ) ;
#2231 = PLANE ( 'NONE',  #1054 ) ;
#2232 = ADVANCED_FACE ( 'NONE', ( #6689 ), #1376, .F. ) ;
#2233 = ORIENTED_EDGE ( 'NONE', *, *, #7375, .T. ) ;
#2234 = VECTOR ( 'NONE', #6337, 1000.000000000000114 ) ;
#2235 = ORIENTED_EDGE ( 'NONE', *, *, #4403, .T. ) ;
#2236 = FACE_OUTER_BOUND ( 'NONE', #1732, .T. ) ;
#2237 = ORIENTED_EDGE ( 'NONE', *, *, #4814, .T. ) ;
#2238 = ADVANCED_FACE ( 'NONE', ( #7942 ), #2763, .F. ) ;
#2239 = ADVANCED_FACE ( 'NONE', ( #6643 ), #7898, .F. ) ;
#2240 = VECTOR ( 'NONE', #5174, 1000.000000000000000 ) ;
#2241 = ORIENTED_EDGE ( 'NONE', *, *, #6257, .T. ) ;
#2242 = AXIS2_PLACEMENT_3D ( 'NONE', #266, #6347, #396 ) ;
#2243 = CARTESIAN_POINT ( 'NONE',  ( -50.30000000000003268, 7.100000000000002309, 50.00100000000001188 ) ) ;
#2244 = DIRECTION ( 'NONE',  ( 0.000000000000000000, 0.8660254037844425934, -0.4999999999999933942 ) ) ;
#2245 = LINE ( 'NONE', #4269, #4523 ) ;
#2246 = ORIENTED_EDGE ( 'NONE', *, *, #3136, .F. ) ;
#2247 = DIRECTION ( 'NONE',  ( 0.000000000000000000, 1.000000000000000000, 0.000000000000000000 ) ) ;
#2248 = ORIENTED_EDGE ( 'NONE', *, *, #755, .F. ) ;
#2249 = VECTOR ( 'NONE', #7013, 1000.000000000000000 ) ;
#2250 = DIRECTION ( 'NONE',  ( 1.515710068954070495E-17, -0.8660254037844417052, 0.4999999999999947264 ) ) ;
#2251 = EDGE_CURVE ( 'NONE', #7681, #3594, #3968, .T. ) ;
#2252 = EDGE_CURVE ( 'NONE', #3392, #7072, #89, .T. ) ;
#2253 = ORIENTED_EDGE ( 'NONE', *, *, #6863, .F. ) ;
#2254 = DIRECTION ( 'NONE',  ( 1.000000000000000000, 0.000000000000000000, 0.000000000000000000 ) ) ;
#2255 = CARTESIAN_POINT ( 'NONE',  ( -17.80000000000003268, 6.399999999999999467, 50.00100000000001188 ) ) ;
#2256 = DIRECTION ( 'NONE',  ( 2.403703357979464508E-16, 0.4999999999999947264, 0.8660254037844417052 ) ) ;
#2257 = CIRCLE ( 'NONE', #469, 1.000000000000000222 ) ;
#2258 = DIRECTION ( 'NONE',  ( -0.000000000000000000, -1.000000000000000000, -0.000000000000000000 ) ) ;
#2259 = ORIENTED_EDGE ( 'NONE', *, *, #7685, .T. ) ;
#2260 = VECTOR ( 'NONE', #5605, 1000.000000000000000 ) ;
#2261 = ORIENTED_EDGE ( 'NONE', *, *, #1126, .T. ) ;
#2262 = CARTESIAN_POINT ( 'NONE',  ( 65.00000000000001421, 26.09419410360709435, 39.19646997001230915 ) ) ;
#2263 = LINE ( 'NONE', #8138, #7734 ) ;
#2264 = PLANE ( 'NONE',  #1695 ) ;
#2265 = CARTESIAN_POINT ( 'NONE',  ( 69.99999999999998579, 6.846032805709803881, 48.00000000000000711 ) ) ;
#2266 = CIRCLE ( 'NONE', #7925, 1.000000000000000222 ) ;
#2267 = CARTESIAN_POINT ( 'NONE',  ( -60.65685424949236904, 14.49175625915681920, 43.58573950600302993 ) ) ;
#2268 = ORIENTED_EDGE ( 'NONE', *, *, #4391, .T. ) ;
#2269 = EDGE_CURVE ( 'NONE', #3538, #2933, #3927, .T. ) ;
#2270 = AXIS2_PLACEMENT_3D ( 'NONE', #7963, #2743, #6711 ) ;
#2271 = LINE ( 'NONE', #6243, #6778 ) ;
#2272 = ORIENTED_EDGE ( 'NONE', *, *, #2199, .F. ) ;
#2273 = DIRECTION ( 'NONE',  ( 2.775557561562891351E-16, 0.000000000000000000, 1.000000000000000000 ) ) ;
#2274 = CARTESIAN_POINT ( 'NONE',  ( -56.06999999999999318, -0.001000000000000132727, 12.99000000000000909 ) ) ;
#2275 = CIRCLE ( 'NONE', #3381, 3.500000000000003109 ) ;
#2276 = CARTESIAN_POINT ( 'NONE',  ( 12.89999999999998259, 28.00000000000000711, -47.99999999999999289 ) ) ;
#2277 = CARTESIAN_POINT ( 'NONE',  ( 59.94974746830588685, 13.87938382346102983, 43.93929289659627102 ) ) ;
#2278 = AXIS2_PLACEMENT_3D ( 'NONE', #2218, #4245, #6881 ) ;
#2279 = CARTESIAN_POINT ( 'NONE',  ( 58.99999999999995737, 31.00000000000000711, -47.99999999999996447 ) ) ;
#2280 = ORIENTED_EDGE ( 'NONE', *, *, #6247, .F. ) ;
#2281 = ADVANCED_FACE ( 'NONE', ( #2062 ), #3361, .T. ) ;
#2282 = ORIENTED_EDGE ( 'NONE', *, *, #4211, .T. ) ;
#2283 = CARTESIAN_POINT ( 'NONE',  ( 12.89999999999997904, 21.30000000000000782, -46.50000000000000000 ) ) ;
#2284 = ORIENTED_EDGE ( 'NONE', *, *, #4818, .F. ) ;
#2285 = EDGE_LOOP ( 'NONE', ( #7094, #4330, #7023, #5817 ) ) ;
#2286 = PLANE ( 'NONE',  #4991 ) ;
#2287 = DIRECTION ( 'NONE',  ( 0.000000000000000000, 1.000000000000000000, 0.000000000000000000 ) ) ;
#2288 = DIRECTION ( 'NONE',  ( 1.000000000000000000, 0.000000000000000000, 4.625929269271485791E-17 ) ) ;
#2289 = AXIS2_PLACEMENT_3D ( 'NONE', #6720, #6067, #2798 ) ;
#2290 = ORIENTED_EDGE ( 'NONE', *, *, #7274, .T. ) ;
#2291 = VECTOR ( 'NONE', #8123, 1000.000000000000114 ) ;
#2292 = EDGE_CURVE ( 'NONE', #2587, #1932, #5912, .T. ) ;
#2293 = LINE ( 'NONE', #7174, #7762 ) ;
#2294 = AXIS2_PLACEMENT_3D ( 'NONE', #506, #2584, #3915 ) ;
#2295 = VERTEX_POINT ( 'NONE', #8545 ) ;
#2296 = CARTESIAN_POINT ( 'NONE',  ( 71.49999999999997158, 21.30000000000000071, -38.00000000000003553 ) ) ;
#2297 = VERTEX_POINT ( 'NONE', #2633 ) ;
#2298 = DIRECTION ( 'NONE',  ( 1.000000000000000000, -5.473822126268816683E-48, -2.775557561562891351E-16 ) ) ;
#2299 = LINE ( 'NONE', #4326, #5305 ) ;
#2300 = EDGE_CURVE ( 'NONE', #2323, #7940, #1338, .T. ) ;
#2301 = DIRECTION ( 'NONE',  ( -0.000000000000000000, 0.8660254037844385966, -0.5000000000000001110 ) ) ;
#2302 = EDGE_CURVE ( 'NONE', #131, #7965, #4860, .T. ) ;
#2303 = CARTESIAN_POINT ( 'NONE',  ( 61.00000000000002842, 25.96021950739158157, 36.96441916244343417 ) ) ;
#2304 = VERTEX_POINT ( 'NONE', #6938 ) ;
#2305 = ORIENTED_EDGE ( 'NONE', *, *, #4463, .T. ) ;
#2306 = CYLINDRICAL_SURFACE ( 'NONE', #8262, 1.000000000000000222 ) ;
#2307 = CARTESIAN_POINT ( 'NONE',  ( -56.07000000000000028, 5.000000000000000000, -44.43999999999999062 ) ) ;
#2308 = DIRECTION ( 'NONE',  ( 0.000000000000000000, 0.8660254037844425934, -0.4999999999999933942 ) ) ;
#2309 = DIRECTION ( 'NONE',  ( 0.000000000000000000, 0.000000000000000000, 1.000000000000000000 ) ) ;
#2310 = DIRECTION ( 'NONE',  ( 1.000000000000000000, 0.000000000000000000, -2.775557561562891351E-16 ) ) ;
#2311 = EDGE_CURVE ( 'NONE', #6661, #3816, #3532, .T. ) ;
#2312 = ORIENTED_EDGE ( 'NONE', *, *, #4601, .T. ) ;
#2313 = LINE ( 'NONE', #1660, #3199 ) ;
#2314 = ORIENTED_EDGE ( 'NONE', *, *, #1675, .F. ) ;
#2315 = DIRECTION ( 'NONE',  ( -2.403703357979465001E-16, -0.4999999999999948375, -0.8660254037844418162 ) ) ;
#2316 = CARTESIAN_POINT ( 'NONE',  ( -46.51500000000001478, -11.18718516684986319, -43.54265298271433693 ) ) ;
#2317 = PLANE ( 'NONE',  #2182 ) ;
#2318 = DIRECTION ( 'NONE',  ( 2.403703357979463522E-16, 0.4999999999999947820, 0.8660254037844418162 ) ) ;
#2319 = AXIS2_PLACEMENT_3D ( 'NONE', #3572, #4130, #4907 ) ;
#2320 = FACE_OUTER_BOUND ( 'NONE', #7728, .T. ) ;
#2321 = EDGE_CURVE ( 'NONE', #6505, #102, #4797, .T. ) ;
#2322 = ORIENTED_EDGE ( 'NONE', *, *, #705, .F. ) ;
#2323 = VERTEX_POINT ( 'NONE', #6293 ) ;
#2324 = DIRECTION ( 'NONE',  ( 0.000000000000000000, -1.000000000000000000, 2.843808977011156843E-16 ) ) ;
#2325 = ORIENTED_EDGE ( 'NONE', *, *, #2770, .F. ) ;
#2326 = AXIS2_PLACEMENT_3D ( 'NONE', #3892, #2601, #5392 ) ;
#2327 = ORIENTED_EDGE ( 'NONE', *, *, #694, .F. ) ;
#2328 = EDGE_CURVE ( 'NONE', #5423, #3079, #945, .T. ) ;
#2329 = FACE_OUTER_BOUND ( 'NONE', #6035, .T. ) ;
#2330 = DIRECTION ( 'NONE',  ( -4.625929269271485791E-17, 0.000000000000000000, 1.000000000000000000 ) ) ;
#2331 = CARTESIAN_POINT ( 'NONE',  ( -75.00000000000002842, 2.000000000000000000, -50.00000000000000000 ) ) ;
#2332 = ORIENTED_EDGE ( 'NONE', *, *, #5668, .F. ) ;
#2333 = CYLINDRICAL_SURFACE ( 'NONE', #2242, 1.000000000000000222 ) ;
#2334 = ORIENTED_EDGE ( 'NONE', *, *, #2993, .F. ) ;
#2335 = LINE ( 'NONE', #2469, #7893 ) ;
#2336 = ADVANCED_FACE ( 'NONE', ( #1026 ), #3655, .F. ) ;
#2337 = EDGE_LOOP ( 'NONE', ( #1071, #7487, #8155, #6090 ) ) ;
#2338 = LINE ( 'NONE', #4237, #298 ) ;
#2339 = CARTESIAN_POINT ( 'NONE',  ( -72.49999999999997158, 7.600000000000004086, -3.399999999999998135 ) ) ;
#2340 = DIRECTION ( 'NONE',  ( -2.383034446891941951E-16, -0.4999999999999947820, -0.8660254037844417052 ) ) ;
#2341 = VECTOR ( 'NONE', #5507, 1000.000000000000114 ) ;
#2342 = PLANE ( 'NONE',  #5694 ) ;
#2343 = ORIENTED_EDGE ( 'NONE', *, *, #8053, .F. ) ;
#2344 = ADVANCED_FACE ( 'NONE', ( #7501 ), #8195, .F. ) ;
#2345 = ADVANCED_FACE ( 'NONE', ( #4783 ), #4219, .F. ) ;
#2346 = ORIENTED_EDGE ( 'NONE', *, *, #4635, .F. ) ;
#2347 = CARTESIAN_POINT ( 'NONE',  ( -69.99999999999998579, 2.000000000000000000, 45.00000000000001421 ) ) ;
#2348 = CARTESIAN_POINT ( 'NONE',  ( -71.49999999999997158, 32.00000000000001421, -1.532606157515309375 ) ) ;
#2349 = LINE ( 'NONE', #4975, #6684 ) ;
#2350 = CARTESIAN_POINT ( 'NONE',  ( -71.49999999999997158, 27.40192378864669109, 32.89888930010715029 ) ) ;
#2351 = AXIS2_PLACEMENT_3D ( 'NONE', #7443, #843, #5365 ) ;
#2352 = CARTESIAN_POINT ( 'NONE',  ( 72.99999999999997158, 6.599999999999996980, -4.900000000000042988 ) ) ;
#2353 = VERTEX_POINT ( 'NONE', #860 ) ;
#2354 = FACE_OUTER_BOUND ( 'NONE', #7774, .T. ) ;
#2355 = AXIS2_PLACEMENT_3D ( 'NONE', #6759, #3435, #4769 ) ;
#2356 = VERTEX_POINT ( 'NONE', #2187 ) ;
#2357 = ADVANCED_FACE ( 'NONE', ( #3611 ), #1505, .F. ) ;
#2358 = LINE ( 'NONE', #418, #4550 ) ;
#2359 = CARTESIAN_POINT ( 'NONE',  ( 72.99999999999997158, 22.07179676972450011, 33.66683849253823269 ) ) ;
#2360 = PLANE ( 'NONE',  #3393 ) ;
#2361 = CARTESIAN_POINT ( 'NONE',  ( 43.00000000000001421, 30.41820693123825947, 36.70000000000010942 ) ) ;
#2362 = DIRECTION ( 'NONE',  ( -0.000000000000000000, -0.000000000000000000, -1.000000000000000000 ) ) ;
#2363 = EDGE_LOOP ( 'NONE', ( #4292, #4685, #1001, #706 ) ) ;
#2364 = ORIENTED_EDGE ( 'NONE', *, *, #6724, .T. ) ;
#2365 = DIRECTION ( 'NONE',  ( 0.000000000000000000, 0.5000000000000006661, 0.8660254037844382635 ) ) ;
#2366 = ORIENTED_EDGE ( 'NONE', *, *, #2311, .F. ) ;
#2367 = EDGE_CURVE ( 'NONE', #4499, #2860, #3487, .T. ) ;
#2368 = ORIENTED_EDGE ( 'NONE', *, *, #7210, .T. ) ;
#2369 = CIRCLE ( 'NONE', #6094, 0.9999999999999987788 ) ;
#2370 = LINE ( 'NONE', #8416, #6973 ) ;
#2371 = DIRECTION ( 'NONE',  ( 0.000000000000000000, 0.8660254037844425934, -0.4999999999999933942 ) ) ;
#2372 = FACE_OUTER_BOUND ( 'NONE', #347, .T. ) ;
#2373 = LINE ( 'NONE', #1725, #2291 ) ;
#2374 = AXIS2_PLACEMENT_3D ( 'NONE', #8126, #185, #3586 ) ;
#2375 = EDGE_LOOP ( 'NONE', ( #8007, #2160, #3266, #4702, #3263, #2523, #2560, #2965, #7283, #299, #4776, #7147, #3659, #5551, #5525, #970, #7254, #939, #4134, #5606 ) ) ;
#2376 = CARTESIAN_POINT ( 'NONE',  ( 46.00000000000002132, 16.56180047068719219, 44.70000000000000284 ) ) ;
#2377 = ORIENTED_EDGE ( 'NONE', *, *, #1968, .T. ) ;
#2378 = DIRECTION ( 'NONE',  ( 0.000000000000000000, 1.000000000000000000, 0.000000000000000000 ) ) ;
#2379 = EDGE_CURVE ( 'NONE', #1378, #4564, #1629, .T. ) ;
#2380 = CIRCLE ( 'NONE', #2936, 0.5000000000000000000 ) ;
#2381 = AXIS2_PLACEMENT_3D ( 'NONE', #6083, #4098, #866 ) ;
#2382 = ORIENTED_EDGE ( 'NONE', *, *, #2039, .T. ) ;
#2383 = DIRECTION ( 'NONE',  ( 1.000000000000000000, -1.156482317317870344E-15, 0.000000000000000000 ) ) ;
#2384 = FACE_OUTER_BOUND ( 'NONE', #2057, .T. ) ;
#2385 = AXIS2_PLACEMENT_3D ( 'NONE', #967, #928, #7405 ) ;
#2386 = CARTESIAN_POINT ( 'NONE',  ( -46.51499999999999346, 32.96025083271666034, 32.92294919243126827 ) ) ;
#2387 = CARTESIAN_POINT ( 'NONE',  ( -65.99999999999998579, 25.96021950739153894, 36.96441916244347681 ) ) ;
#2388 = EDGE_CURVE ( 'NONE', #1932, #6597, #336, .T. ) ;
#2389 = AXIS2_PLACEMENT_3D ( 'NONE', #7665, #976, #5593 ) ;
#2390 = VECTOR ( 'NONE', #4080, 1000.000000000000000 ) ;
#2391 = EDGE_CURVE ( 'NONE', #2066, #1331, #3293, .T. ) ;
#2392 = VERTEX_POINT ( 'NONE', #5474 ) ;
#2393 = CARTESIAN_POINT ( 'NONE',  ( -70.00000000000001421, 2.000000000000000000, -50.00000000000000000 ) ) ;
#2394 = DIRECTION ( 'NONE',  ( 0.000000000000000000, 0.8660254037844375974, -0.5000000000000016653 ) ) ;
#2395 = CYLINDRICAL_SURFACE ( 'NONE', #5057, 0.9999999999999987788 ) ;
#2396 = CIRCLE ( 'NONE', #5848, 1.000000000000000222 ) ;
#2397 = DIRECTION ( 'NONE',  ( -2.403703357979465494E-16, -0.4999999999999947264, -0.8660254037844417052 ) ) ;
#2398 = CARTESIAN_POINT ( 'NONE',  ( 65.00000000000001421, 19.89804168090047298, 40.46441916244341996 ) ) ;
#2399 = EDGE_LOOP ( 'NONE', ( #4536, #5874, #21, #369, #2539, #1924, #8170, #3974 ) ) ;
#2400 = ADVANCED_FACE ( 'NONE', ( #4819 ), #1542, .F. ) ;
#2401 = CARTESIAN_POINT ( 'NONE',  ( 61.36396103067896490, 16.10412869485260856, 44.96423692297859986 ) ) ;
#2402 = VECTOR ( 'NONE', #6896, 1000.000000000000114 ) ;
#2403 = VERTEX_POINT ( 'NONE', #2972 ) ;
#2404 = AXIS2_PLACEMENT_3D ( 'NONE', #7697, #7050, #2254 ) ;
#2405 = PLANE ( 'NONE',  #5233 ) ;
#2406 = CYLINDRICAL_SURFACE ( 'NONE', #7123, 1.900000000000002354 ) ;
#2407 = LINE ( 'NONE', #5030, #1044 ) ;
#2408 = CARTESIAN_POINT ( 'NONE',  ( -46.51500000000001478, -33.08030737452054382, -30.90265298271446781 ) ) ;
#2409 = LINE ( 'NONE', #3788, #7644 ) ;
#2410 = CIRCLE ( 'NONE', #7241, 3.000000000000002665 ) ;
#2411 = VERTEX_POINT ( 'NONE', #5603 ) ;
#2412 = ADVANCED_FACE ( 'NONE', ( #8239 ), #2317, .F. ) ;
#2413 = EDGE_LOOP ( 'NONE', ( #2538, #845, #4951, #7647 ) ) ;
#2414 = EDGE_CURVE ( 'NONE', #1315, #5131, #4301, .T. ) ;
#2415 = PLANE ( 'NONE',  #7215 ) ;
#2416 = VERTEX_POINT ( 'NONE', #4427 ) ;
#2417 = VECTOR ( 'NONE', #6751, 1000.000000000000000 ) ;
#2418 = ORIENTED_EDGE ( 'NONE', *, *, #460, .F. ) ;
#2419 = LINE ( 'NONE', #5695, #1877 ) ;
#2420 = DIRECTION ( 'NONE',  ( 0.000000000000000000, 0.000000000000000000, -1.000000000000000000 ) ) ;
#2421 = CARTESIAN_POINT ( 'NONE',  ( -56.06999999999999318, -0.001000000000000132727, 12.99000000000000909 ) ) ;
#2422 = DIRECTION ( 'NONE',  ( 0.7071067811865453523, 9.658541207454354473E-17, 0.7071067811865496822 ) ) ;
#2423 = VERTEX_POINT ( 'NONE', #6985 ) ;
#2424 = DIRECTION ( 'NONE',  ( 0.000000000000000000, 0.000000000000000000, -1.000000000000000000 ) ) ;
#2425 = ORIENTED_EDGE ( 'NONE', *, *, #2124, .F. ) ;
#2426 = EDGE_CURVE ( 'NONE', #2467, #437, #7841, .T. ) ;
#2427 = LINE ( 'NONE', #1127, #3607 ) ;
#2428 = DIRECTION ( 'NONE',  ( 0.000000000000000000, 0.8660254037844421493, -0.4999999999999941158 ) ) ;
#2429 = EDGE_LOOP ( 'NONE', ( #3618, #2586, #7905, #3666 ) ) ;
#2430 = VECTOR ( 'NONE', #766, 1000.000000000000000 ) ;
#2431 = ORIENTED_EDGE ( 'NONE', *, *, #3933, .F. ) ;
#2432 = VECTOR ( 'NONE', #3058, 1000.000000000000000 ) ;
#2433 = CARTESIAN_POINT ( 'NONE',  ( -71.49999999999997158, 21.29999999999999361, -40.00000000000000000 ) ) ;
#2434 = DIRECTION ( 'NONE',  ( 0.000000000000000000, -1.000000000000000000, 0.000000000000000000 ) ) ;
#2435 = DIRECTION ( 'NONE',  ( -1.000000000000000000, -0.000000000000000000, -0.000000000000000000 ) ) ;
#2436 = AXIS2_PLACEMENT_3D ( 'NONE', #6501, #634, #3825 ) ;
#2437 = LINE ( 'NONE', #5758, #6796 ) ;
#2438 = AXIS2_PLACEMENT_3D ( 'NONE', #41, #2678, #7943 ) ;
#2439 = ORIENTED_EDGE ( 'NONE', *, *, #3910, .T. ) ;
#2440 = EDGE_CURVE ( 'NONE', #941, #802, #3826, .T. ) ;
#2441 = CARTESIAN_POINT ( 'NONE',  ( 75.00000000000000000, 37.00000000000000711, 32.90000000000012648 ) ) ;
#2442 = CARTESIAN_POINT ( 'NONE',  ( 71.49999999999997158, 7.599999999999995204, 1.599999999999967226 ) ) ;
#2443 = CARTESIAN_POINT ( 'NONE',  ( 72.99999999999997158, 37.00000000000000711, 3.099999999999977884 ) ) ;
#2444 = VERTEX_POINT ( 'NONE', #4478 ) ;
#2445 = AXIS2_PLACEMENT_3D ( 'NONE', #3772, #7018, #3725 ) ;
#2446 = CARTESIAN_POINT ( 'NONE',  ( -71.49999999999997158, 22.57179676972448590, 34.53286389632268083 ) ) ;
#2447 = EDGE_LOOP ( 'NONE', ( #4717, #837, #4182, #4963 ) ) ;
#2448 = DIRECTION ( 'NONE',  ( 0.000000000000000000, 0.8660254037844425934, -0.4999999999999933942 ) ) ;
#2449 = CYLINDRICAL_SURFACE ( 'NONE', #3809, 2.999999999999999112 ) ;
#2450 = EDGE_CURVE ( 'NONE', #2658, #7776, #2468, .T. ) ;
#2451 = CARTESIAN_POINT ( 'NONE',  ( -60.99999999999998579, 25.09419410360713343, 37.46441916244346260 ) ) ;
#2452 = DIRECTION ( 'NONE',  ( 2.403703357979463522E-16, 0.4999999999999947820, 0.8660254037844418162 ) ) ;
#2453 = CARTESIAN_POINT ( 'NONE',  ( 46.51500000000000767, 35.46025083271662481, 37.25307621135344505 ) ) ;
#2454 = VERTEX_POINT ( 'NONE', #7118 ) ;
#2455 = VERTEX_POINT ( 'NONE', #7069 ) ;
#2456 = CARTESIAN_POINT ( 'NONE',  ( -49.80000000000002558, 6.600000000000001421, 50.00100000000001188 ) ) ;
#2457 = ORIENTED_EDGE ( 'NONE', *, *, #3342, .F. ) ;
#2458 = ORIENTED_EDGE ( 'NONE', *, *, #3832, .T. ) ;
#2459 = CARTESIAN_POINT ( 'NONE',  ( -56.06999999999999318, 2.000000000000000000, 12.99000000000000909 ) ) ;
#2460 = EDGE_CURVE ( 'NONE', #7534, #7791, #5114, .T. ) ;
#2461 = EDGE_CURVE ( 'NONE', #296, #4177, #1107, .T. ) ;
#2462 = CARTESIAN_POINT ( 'NONE',  ( -45.99999999999997868, 15.56180047068722416, 42.96794919243116340 ) ) ;
#2463 = DIRECTION ( 'NONE',  ( -0.7071067811865474617, 0.7071067811865474617, 1.533293416683374138E-16 ) ) ;
#2464 = CARTESIAN_POINT ( 'NONE',  ( 72.99999999999997158, 17.14833395016074391, 34.19999999999996732 ) ) ;
#2465 = EDGE_LOOP ( 'NONE', ( #5753, #3730, #7801, #5611 ) ) ;
#2466 = LINE ( 'NONE', #5090, #6385 ) ;
#2467 = VERTEX_POINT ( 'NONE', #3736 ) ;
#2468 = CIRCLE ( 'NONE', #7292, 1.000000000000000222 ) ;
#2469 = CARTESIAN_POINT ( 'NONE',  ( 60.00000000000002842, 25.96021950739158868, 36.96441916244344839 ) ) ;
#2470 = CARTESIAN_POINT ( 'NONE',  ( 72.99999999999997158, 6.600000000000002309, 34.19999999999997442 ) ) ;
#2471 = VERTEX_POINT ( 'NONE', #1754 ) ;
#2472 = EDGE_CURVE ( 'NONE', #6853, #1507, #6420, .T. ) ;
#2473 = VERTEX_POINT ( 'NONE', #6375 ) ;
#2474 = DIRECTION ( 'NONE',  ( 0.000000000000000000, 0.8660254037844387076, -0.4999999999999997780 ) ) ;
#2475 = CARTESIAN_POINT ( 'NONE',  ( 109.2000000000000028, 37.00000000000000711, 32.90000000000011937 ) ) ;
#2476 = CARTESIAN_POINT ( 'NONE',  ( -59.99999999999998579, 26.96021950739155670, 38.69646997001233757 ) ) ;
#2477 = LINE ( 'NONE', #5627, #4458 ) ;
#2478 = EDGE_CURVE ( 'NONE', #2897, #5386, #5772, .T. ) ;
#2479 = ORIENTED_EDGE ( 'NONE', *, *, #8202, .T. ) ;
#2480 = DIRECTION ( 'NONE',  ( 0.000000000000000000, 1.000000000000000000, -0.000000000000000000 ) ) ;
#2481 = LINE ( 'NONE', #1188, #5025 ) ;
#2482 = CARTESIAN_POINT ( 'NONE',  ( -72.99999999999997158, 0.000000000000000000, 0.000000000000000000 ) ) ;
#2483 = ORIENTED_EDGE ( 'NONE', *, *, #3452, .F. ) ;
#2484 = DIRECTION ( 'NONE',  ( 0.000000000000000000, -0.000000000000000000, 1.000000000000000000 ) ) ;
#2485 = EDGE_CURVE ( 'NONE', #8375, #4013, #2535, .T. ) ;
#2486 = ORIENTED_EDGE ( 'NONE', *, *, #1561, .T. ) ;
#2487 = CARTESIAN_POINT ( 'NONE',  ( -55.99999999999998579, 26.46752544356886006, 36.67152594363001583 ) ) ;
#2488 = PLANE ( 'NONE',  #229 ) ;
#2489 = DIRECTION ( 'NONE',  ( 0.000000000000000000, 0.000000000000000000, 1.000000000000000000 ) ) ;
#2490 = CARTESIAN_POINT ( 'NONE',  ( 46.51499999999998636, -33.08030737452055803, -30.90265298271448913 ) ) ;
#2491 = DIRECTION ( 'NONE',  ( -1.000000000000000000, 0.000000000000000000, 0.000000000000000000 ) ) ;
#2492 = ORIENTED_EDGE ( 'NONE', *, *, #7424, .T. ) ;
#2493 = ORIENTED_EDGE ( 'NONE', *, *, #2292, .F. ) ;
#2494 = VECTOR ( 'NONE', #6194, 1000.000000000000000 ) ;
#2495 = VECTOR ( 'NONE', #2048, 1000.000000000000114 ) ;
#2496 = CARTESIAN_POINT ( 'NONE',  ( 71.49999999999997158, 7.599999999999995204, -3.400000000000032774 ) ) ;
#2497 = ADVANCED_FACE ( 'NONE', ( #7805, #3695 ), #5730, .T. ) ;
#2498 = ORIENTED_EDGE ( 'NONE', *, *, #367, .T. ) ;
#2499 = VERTEX_POINT ( 'NONE', #1199 ) ;
#2500 = ADVANCED_FACE ( 'NONE', ( #3014 ), #3057, .F. ) ;
#2501 = DIRECTION ( 'NONE',  ( 0.7071067811865453523, -9.658541207454352008E-17, -0.7071067811865497932 ) ) ;
#2502 = AXIS2_PLACEMENT_3D ( 'NONE', #5744, #2330, #5001 ) ;
#2503 = PLANE ( 'NONE',  #7214 ) ;
#2504 = CARTESIAN_POINT ( 'NONE',  ( 56.07000000000000028, 5.000000000000000000, 11.09000000000000696 ) ) ;
#2505 = DIRECTION ( 'NONE',  ( 1.000000000000000000, -0.000000000000000000, -0.000000000000000000 ) ) ;
#2506 = EDGE_LOOP ( 'NONE', ( #4165, #3186, #4142, #6301 ) ) ;
#2507 = PLANE ( 'NONE',  #6932 ) ;
#2508 = ORIENTED_EDGE ( 'NONE', *, *, #491, .F. ) ;
#2509 = DIRECTION ( 'NONE',  ( 0.000000000000000000, 0.8660254037844425934, -0.4999999999999933942 ) ) ;
#2510 = EDGE_CURVE ( 'NONE', #5344, #1446, #6459, .T. ) ;
#2511 =( NAMED_UNIT ( * ) PLANE_ANGLE_UNIT ( ) SI_UNIT ( $, .RADIAN. ) );
#2512 = CIRCLE ( 'NONE', #3605, 0.5000000000000004441 ) ;
#2513 = VERTEX_POINT ( 'NONE', #3179 ) ;
#2514 = EDGE_LOOP ( 'NONE', ( #7086, #1997, #5210, #2977, #6055, #1255, #5547, #7520, #4126, #2041, #8156, #890, #4527, #107, #2943 ) ) ;
#2515 = VECTOR ( 'NONE', #6783, 1000.000000000000000 ) ;
#2516 = ORIENTED_EDGE ( 'NONE', *, *, #5032, .T. ) ;
#2517 = LINE ( 'NONE', #3895, #3654 ) ;
#2518 = CARTESIAN_POINT ( 'NONE',  ( 72.99999999999997158, 7.599999999999995204, -3.400000000000032774 ) ) ;
#2519 = VECTOR ( 'NONE', #257, 1000.000000000000000 ) ;
#2520 = DIRECTION ( 'NONE',  ( 1.000000000000000000, 0.000000000000000000, 0.000000000000000000 ) ) ;
#2521 = ADVANCED_FACE ( 'NONE', ( #5811, #8280 ), #2360, .T. ) ;
#2522 = ADVANCED_FACE ( 'NONE', ( #4519 ), #7158, .T. ) ;
#2523 = ORIENTED_EDGE ( 'NONE', *, *, #6963, .T. ) ;
#2524 = VECTOR ( 'NONE', #5617, 1000.000000000000000 ) ;
#2525 = CARTESIAN_POINT ( 'NONE',  ( 39.94999999999996732, 32.00000000000000711, -46.50000000000000000 ) ) ;
#2526 = DIRECTION ( 'NONE',  ( -0.000000000000000000, -1.000000000000000000, -0.000000000000000000 ) ) ;
#2527 = DIRECTION ( 'NONE',  ( 0.000000000000000000, 0.000000000000000000, 1.000000000000000000 ) ) ;
#2528 = EDGE_LOOP ( 'NONE', ( #3745, #6020, #5836, #8468 ) ) ;
#2529 = EDGE_CURVE ( 'NONE', #3079, #2323, #2407, .T. ) ;
#2530 = DIRECTION ( 'NONE',  ( -0.000000000000000000, 1.000000000000000000, 0.000000000000000000 ) ) ;
#2531 = ORIENTED_EDGE ( 'NONE', *, *, #6354, .T. ) ;
#2532 = AXIS2_PLACEMENT_3D ( 'NONE', #2744, #885, #2832 ) ;
#2533 = DIRECTION ( 'NONE',  ( -1.000000000000000000, -0.000000000000000000, 2.775557561562891351E-16 ) ) ;
#2534 = CARTESIAN_POINT ( 'NONE',  ( -18.30000000000002913, 6.899999999999999467, -47.99999999999999289 ) ) ;
#2535 = LINE ( 'NONE', #1839, #2047 ) ;
#2536 = DIRECTION ( 'NONE',  ( 0.000000000000000000, 0.000000000000000000, 1.000000000000000000 ) ) ;
#2537 = CARTESIAN_POINT ( 'NONE',  ( -69.83333333333328596, 17.96666666666666501, -38.33333333333332860 ) ) ;
#2538 = ORIENTED_EDGE ( 'NONE', *, *, #5717, .F. ) ;
#2539 = ORIENTED_EDGE ( 'NONE', *, *, #6794, .F. ) ;
#2540 = AXIS2_PLACEMENT_3D ( 'NONE', #3038, #7699, #6316 ) ;
#2541 = AXIS2_PLACEMENT_3D ( 'NONE', #6630, #6590, #3394 ) ;
#2542 = DIRECTION ( 'NONE',  ( -0.000000000000000000, -0.000000000000000000, -1.000000000000000000 ) ) ;
#2543 = ORIENTED_EDGE ( 'NONE', *, *, #4148, .F. ) ;
#2544 = ORIENTED_EDGE ( 'NONE', *, *, #4448, .T. ) ;
#2545 = PLANE ( 'NONE',  #6425 ) ;
#2546 = LINE ( 'NONE', #6342, #1276 ) ;
#2547 = VECTOR ( 'NONE', #7271, 1000.000000000000000 ) ;
#2548 = DIRECTION ( 'NONE',  ( 0.000000000000000000, 0.8660254037844421493, -0.4999999999999941158 ) ) ;
#2549 = LINE ( 'NONE', #7039, #7814 ) ;
#2550 = EDGE_CURVE ( 'NONE', #1363, #8005, #4500, .T. ) ;
#2551 = ORIENTED_EDGE ( 'NONE', *, *, #3985, .T. ) ;
#2552 = CARTESIAN_POINT ( 'NONE',  ( -46.51500000000001478, -9.541736899659422733, -44.49265298271432556 ) ) ;
#2553 = ORIENTED_EDGE ( 'NONE', *, *, #7602, .F. ) ;
#2554 = CARTESIAN_POINT ( 'NONE',  ( -75.00000000000002842, 2.000000000000000000, -50.00000000000000000 ) ) ;
#2555 = VECTOR ( 'NONE', #4839, 1000.000000000000000 ) ;
#2556 = ORIENTED_EDGE ( 'NONE', *, *, #2252, .F. ) ;
#2557 = ORIENTED_EDGE ( 'NONE', *, *, #2731, .F. ) ;
#2558 = LINE ( 'NONE', #7141, #4051 ) ;
#2559 = CYLINDRICAL_SURFACE ( 'NONE', #286, 3.000000000000002665 ) ;
#2560 = ORIENTED_EDGE ( 'NONE', *, *, #1618, .T. ) ;
#2561 = ADVANCED_FACE ( 'NONE', ( #5372 ), #5287, .F. ) ;
#2562 = VECTOR ( 'NONE', #4669, 1000.000000000000000 ) ;
#2563 = CARTESIAN_POINT ( 'NONE',  ( -74.99999999999998579, 28.00000000000000711, 27.93478768496938969 ) ) ;
#2564 = VECTOR ( 'NONE', #2840, 1000.000000000000114 ) ;
#2565 = DIRECTION ( 'NONE',  ( 1.000000000000000000, 0.000000000000000000, 0.000000000000000000 ) ) ;
#2566 = DIRECTION ( 'NONE',  ( -0.000000000000000000, 0.000000000000000000, -1.000000000000000000 ) ) ;
#2567 = VECTOR ( 'NONE', #4851, 1000.000000000000000 ) ;
#2568 = ORIENTED_EDGE ( 'NONE', *, *, #7163, .T. ) ;
#2569 = EDGE_CURVE ( 'NONE', #5565, #45, #4081, .T. ) ;
#2570 = DIRECTION ( 'NONE',  ( 0.000000000000000000, 0.000000000000000000, -1.000000000000000000 ) ) ;
#2571 = ADVANCED_FACE ( 'NONE', ( #3959 ), #3309, .F. ) ;
#2572 = DIRECTION ( 'NONE',  ( 0.000000000000000000, 4.336808689942005903E-16, 1.000000000000000000 ) ) ;
#2573 = VECTOR ( 'NONE', #1165, 1000.000000000000000 ) ;
#2574 = CARTESIAN_POINT ( 'NONE',  ( 71.49999999999997158, 0.000000000000000000, -39.00000000000006395 ) ) ;
#2575 = ORIENTED_EDGE ( 'NONE', *, *, #5402, .F. ) ;
#2576 = VECTOR ( 'NONE', #5045, 1000.000000000000000 ) ;
#2577 = VECTOR ( 'NONE', #1984, 1000.000000000000114 ) ;
#2578 = CARTESIAN_POINT ( 'NONE',  ( 69.99999999999998579, 0.000000000000000000, 50.00000000000000711 ) ) ;
#2579 = VERTEX_POINT ( 'NONE', #4560 ) ;
#2580 = LINE ( 'NONE', #7156, #6671 ) ;
#2581 = CARTESIAN_POINT ( 'NONE',  ( -49.80000000000002558, 7.100000000000002309, -47.99999999999999289 ) ) ;
#2582 = ADVANCED_FACE ( 'NONE', ( #7245 ), #2620, .F. ) ;
#2583 = DIRECTION ( 'NONE',  ( -0.5773502691896249539, -0.5773502691896237327, 0.5773502691896286176 ) ) ;
#2584 = DIRECTION ( 'NONE',  ( 1.000000000000000000, -0.000000000000000000, -0.000000000000000000 ) ) ;
#2585 = DIRECTION ( 'NONE',  ( 1.000000000000000000, 0.000000000000000000, 0.000000000000000000 ) ) ;
#2586 = ORIENTED_EDGE ( 'NONE', *, *, #864, .F. ) ;
#2587 = VERTEX_POINT ( 'NONE', #7972 ) ;
#2588 = FACE_OUTER_BOUND ( 'NONE', #7679, .T. ) ;
#2589 = VERTEX_POINT ( 'NONE', #3226 ) ;
#2590 = ORIENTED_EDGE ( 'NONE', *, *, #6011, .T. ) ;
#2591 = CYLINDRICAL_SURFACE ( 'NONE', #5929, 4.999999999999997335 ) ;
#2592 = DIRECTION ( 'NONE',  ( 2.081668171172184784E-16, 0.000000000000000000, 1.000000000000000000 ) ) ;
#2593 = DIRECTION ( 'NONE',  ( 2.403703357979464508E-16, 0.4999999999999947264, 0.8660254037844417052 ) ) ;
#2594 = VERTEX_POINT ( 'NONE', #1450 ) ;
#2595 = ORIENTED_EDGE ( 'NONE', *, *, #511, .F. ) ;
#2596 = CARTESIAN_POINT ( 'NONE',  ( 61.36396103067896490, 32.11285196104656592, 35.72159623585942256 ) ) ;
#2597 = VECTOR ( 'NONE', #5394, 1000.000000000000000 ) ;
#2598 = ORIENTED_EDGE ( 'NONE', *, *, #3409, .F. ) ;
#2599 = EDGE_CURVE ( 'NONE', #8089, #8376, #77, .T. ) ;
#2600 = ORIENTED_EDGE ( 'NONE', *, *, #2550, .F. ) ;
#2601 = DIRECTION ( 'NONE',  ( -4.625929269271486407E-17, -3.421138828918010427E-49, 1.000000000000000000 ) ) ;
#2602 = DIRECTION ( 'NONE',  ( -1.000000000000000000, 0.000000000000000000, 0.000000000000000000 ) ) ;
#2603 = VERTEX_POINT ( 'NONE', #1927 ) ;
#2604 = DIRECTION ( 'NONE',  ( -1.000000000000000000, -4.091328952775488523E-17, 0.000000000000000000 ) ) ;
#2605 = VECTOR ( 'NONE', #6513, 1000.000000000000114 ) ;
#2606 = CARTESIAN_POINT ( 'NONE',  ( 72.99999999999997158, 26.40192378864669109, 31.16683849253822913 ) ) ;
#2607 = LINE ( 'NONE', #3983, #1406 ) ;
#2608 = EDGE_CURVE ( 'NONE', #5131, #5917, #6592, .T. ) ;
#2609 = ORIENTED_EDGE ( 'NONE', *, *, #522, .T. ) ;
#2610 = DIRECTION ( 'NONE',  ( 0.000000000000000000, 1.000000000000000000, -0.000000000000000000 ) ) ;
#2611 = FACE_OUTER_BOUND ( 'NONE', #6555, .T. ) ;
#2612 = LINE ( 'NONE', #6585, #3084 ) ;
#2613 = ORIENTED_EDGE ( 'NONE', *, *, #239, .T. ) ;
#2614 = LINE ( 'NONE', #3303, #4979 ) ;
#2615 = EDGE_CURVE ( 'NONE', #5280, #7523, #5207, .T. ) ;
#2616 = ADVANCED_FACE ( 'NONE', ( #2013 ), #1409, .F. ) ;
#2617 = EDGE_LOOP ( 'NONE', ( #8503, #1945, #8403, #5263 ) ) ;
#2618 = LINE ( 'NONE', #5938, #6262 ) ;
#2619 = LINE ( 'NONE', #4518, #4767 ) ;
#2620 = PLANE ( 'NONE',  #8222 ) ;
#2621 = CARTESIAN_POINT ( 'NONE',  ( -26.50000000000002842, 26.20000000000000284, 50.00100000000001188 ) ) ;
#2622 = PRODUCT_DEFINITION_CONTEXT ( 'detailed design', #2714, 'design' ) ;
#2623 = CYLINDRICAL_SURFACE ( 'NONE', #3919, 3.510000000000004672 ) ;
#2624 = ORIENTED_EDGE ( 'NONE', *, *, #2647, .T. ) ;
#2625 = ORIENTED_EDGE ( 'NONE', *, *, #3409, .T. ) ;
#2626 = VECTOR ( 'NONE', #2632, 1000.000000000000000 ) ;
#2627 = DIRECTION ( 'NONE',  ( 0.000000000000000000, 1.000000000000000000, 2.168404344971008868E-16 ) ) ;
#2628 = EDGE_CURVE ( 'NONE', #284, #92, #679, .T. ) ;
#2629 = EDGE_CURVE ( 'NONE', #3229, #5219, #6563, .T. ) ;
#2630 = ORIENTED_EDGE ( 'NONE', *, *, #705, .T. ) ;
#2631 = ORIENTED_EDGE ( 'NONE', *, *, #3900, .F. ) ;
#2632 = DIRECTION ( 'NONE',  ( 1.000000000000000000, 3.791200677927628645E-32, 0.000000000000000000 ) ) ;
#2633 = CARTESIAN_POINT ( 'NONE',  ( 39.94999999999996732, 31.00000000000000711, -46.50000000000000000 ) ) ;
#2634 = CARTESIAN_POINT ( 'NONE',  ( -69.83333333333328596, 7.266666666666672825, -1.733333333333314963 ) ) ;
#2635 = ORIENTED_EDGE ( 'NONE', *, *, #7844, .T. ) ;
#2636 = PRODUCT_DEFINITION_FORMATION_WITH_SPECIFIED_SOURCE ( 'ÈÎºÎ', '', #3212, .NOT_KNOWN. ) ;
#2637 = ORIENTED_EDGE ( 'NONE', *, *, #2478, .T. ) ;
#2638 = FACE_BOUND ( 'NONE', #519, .T. ) ;
#2639 = EDGE_CURVE ( 'NONE', #981, #5134, #6549, .T. ) ;
#2640 = VERTEX_POINT ( 'NONE', #8535 ) ;
#2641 = VECTOR ( 'NONE', #1307, 1000.000000000000000 ) ;
#2642 = VERTEX_POINT ( 'NONE', #7932 ) ;
#2643 = CARTESIAN_POINT ( 'NONE',  ( 75.00000000000002842, 26.90192378864668754, 32.03286389632266662 ) ) ;
#2644 = CARTESIAN_POINT ( 'NONE',  ( 62.99999999999994316, 21.30000000000000071, -46.50000000000000000 ) ) ;
#2645 = EDGE_LOOP ( 'NONE', ( #7431, #4270, #920, #4543 ) ) ;
#2646 = DIRECTION ( 'NONE',  ( 0.000000000000000000, 0.000000000000000000, 1.000000000000000000 ) ) ;
#2647 = EDGE_CURVE ( 'NONE', #5344, #7139, #5940, .T. ) ;
#2648 = CARTESIAN_POINT ( 'NONE',  ( -61.36396103067892938, 32.11285196104655881, 35.72159623585945809 ) ) ;
#2649 = CIRCLE ( 'NONE', #7057, 1.900000000000005240 ) ;
#2650 = CARTESIAN_POINT ( 'NONE',  ( 57.29289321881345387, -17.78497705551617969, -39.73341605973578794 ) ) ;
#2651 = CIRCLE ( 'NONE', #7472, 3.000000000000001332 ) ;
#2652 = ORIENTED_EDGE ( 'NONE', *, *, #3710, .F. ) ;
#2653 = DIRECTION ( 'NONE',  ( 4.091328952775488523E-17, -1.000000000000000000, 1.892619835286198912E-33 ) ) ;
#2654 = PLANE ( 'NONE',  #2835 ) ;
#2655 = AXIS2_PLACEMENT_3D ( 'NONE', #4537, #4622, #2509 ) ;
#2656 = EDGE_CURVE ( 'NONE', #277, #2802, #4349, .T. ) ;
#2657 = CARTESIAN_POINT ( 'NONE',  ( 75.00000000000002842, 9.600000000000001421, 37.19999999999996732 ) ) ;
#2658 = VERTEX_POINT ( 'NONE', #6676 ) ;
#2659 = EDGE_CURVE ( 'NONE', #2403, #2730, #4689, .T. ) ;
#2660 = FACE_OUTER_BOUND ( 'NONE', #1005, .T. ) ;
#2661 = VECTOR ( 'NONE', #3879, 1000.000000000000000 ) ;
#2662 = VECTOR ( 'NONE', #2542, 1000.000000000000000 ) ;
#2663 = VERTEX_POINT ( 'NONE', #3398 ) ;
#2664 = LINE ( 'NONE', #7969, #1436 ) ;
#2665 = DIRECTION ( 'NONE',  ( 0.000000000000000000, 0.8660254037844412611, -0.4999999999999956146 ) ) ;
#2666 = CARTESIAN_POINT ( 'NONE',  ( -71.49999999999997158, 5.600000000000004086, 1.600000000000002087 ) ) ;
#2667 = CARTESIAN_POINT ( 'NONE',  ( 60.65685424949243298, 32.72522439674236239, 35.36804284526615305 ) ) ;
#2668 = EDGE_CURVE ( 'NONE', #6477, #6509, #118, .T. ) ;
#2669 = CARTESIAN_POINT ( 'NONE',  ( -69.99999999999998579, 7.381931190572101009, 49.99999999999997158 ) ) ;
#2670 = ORIENTED_EDGE ( 'NONE', *, *, #3056, .F. ) ;
#2671 = VECTOR ( 'NONE', #1526, 1000.000000000000000 ) ;
#2672 = DIRECTION ( 'NONE',  ( -1.000000000000000000, -0.000000000000000000, -0.000000000000000000 ) ) ;
#2673 = AXIS2_PLACEMENT_3D ( 'NONE', #6930, #4419, #8273 ) ;
#2674 = EDGE_LOOP ( 'NONE', ( #8055, #2857, #2544, #3975, #2223, #3222, #2631, #2377, #900, #2635 ) ) ;
#2675 = ORIENTED_EDGE ( 'NONE', *, *, #8358, .T. ) ;
#2676 = PLANE ( 'NONE',  #143 ) ;
#2677 = DIRECTION ( 'NONE',  ( 0.000000000000000000, 0.000000000000000000, 1.000000000000000000 ) ) ;
#2678 = DIRECTION ( 'NONE',  ( -2.403703357979464508E-16, -0.4999999999999947264, -0.8660254037844417052 ) ) ;
#2679 = ADVANCED_FACE ( 'NONE', ( #8059 ), #4771, .F. ) ;
#2680 = EDGE_CURVE ( 'NONE', #1278, #3065, #3437, .T. ) ;
#2681 = AXIS2_PLACEMENT_3D ( 'NONE', #4929, #6918, #1612 ) ;
#2682 = EDGE_LOOP ( 'NONE', ( #7340, #8199, #2147, #4124 ) ) ;
#2683 = ORIENTED_EDGE ( 'NONE', *, *, #8053, .T. ) ;
#2684 = DIRECTION ( 'NONE',  ( 2.403703357979463522E-16, 0.4999999999999947820, 0.8660254037844418162 ) ) ;
#2685 = EDGE_LOOP ( 'NONE', ( #5560, #7949, #1130, #2718 ) ) ;
#2686 = AXIS2_PLACEMENT_3D ( 'NONE', #8242, #3614, #6250 ) ;
#2687 = ORIENTED_EDGE ( 'NONE', *, *, #4137, .F. ) ;
#2688 = VECTOR ( 'NONE', #8171, 1000.000000000000000 ) ;
#2689 = DIRECTION ( 'NONE',  ( -0.5773502691896246208, 0.7886751345948129766, 0.2113248654051895770 ) ) ;
#2690 = CARTESIAN_POINT ( 'NONE',  ( -49.80000000000002558, 26.20000000000000284, -49.99999999999999289 ) ) ;
#2691 = ORIENTED_EDGE ( 'NONE', *, *, #2979, .T. ) ;
#2692 = AXIS2_PLACEMENT_3D ( 'NONE', #6449, #2480, #6538 ) ;
#2693 = EDGE_CURVE ( 'NONE', #712, #6346, #2145, .T. ) ;
#2694 = CARTESIAN_POINT ( 'NONE',  ( -60.65685424949238325, 30.50047952535078721, 34.34309881888385974 ) ) ;
#2695 = DIRECTION ( 'NONE',  ( 0.000000000000000000, 0.8660254037844417052, -0.4999999999999947264 ) ) ;
#2696 = AXIS2_PLACEMENT_3D ( 'NONE', #3132, #7235, #1317 ) ;
#2697 = DIRECTION ( 'NONE',  ( 1.000000000000000000, 0.000000000000000000, -0.000000000000000000 ) ) ;
#2698 = AXIS2_PLACEMENT_3D ( 'NONE', #2563, #1778, #488 ) ;
#2699 = VERTEX_POINT ( 'NONE', #8333 ) ;
#2700 = AXIS2_PLACEMENT_3D ( 'NONE', #6844, #4159, #2794 ) ;
#2701 = CARTESIAN_POINT ( 'NONE',  ( 57.29289321881347519, -25.51765915910927163, -35.26894996566857543 ) ) ;
#2702 = CARTESIAN_POINT ( 'NONE',  ( 34.94999999999996732, 30.00000000000000711, -46.50000000000000000 ) ) ;
#2703 = PLANE ( 'NONE',  #4596 ) ;
#2704 = EDGE_LOOP ( 'NONE', ( #3433, #5220, #3421, #6767 ) ) ;
#2705 = LINE ( 'NONE', #6060, #2495 ) ;
#2706 = ORIENTED_EDGE ( 'NONE', *, *, #2608, .F. ) ;
#2707 = ADVANCED_FACE ( 'NONE', ( #7768 ), #2545, .F. ) ;
#2708 = ORIENTED_EDGE ( 'NONE', *, *, #4235, .T. ) ;
#2710 = CARTESIAN_POINT ( 'NONE',  ( -72.99999999999997158, 16.29999999999998650, -39.00000000000000711 ) ) ;
#2709 = VECTOR ( 'NONE', #6373, 1000.000000000000000 ) ;
#2711 = LINE ( 'NONE', #4036, #7047 ) ;
#2712 = DIRECTION ( 'NONE',  ( -0.000000000000000000, 1.000000000000000000, -0.000000000000000000 ) ) ;
#2713 = CARTESIAN_POINT ( 'NONE',  ( -75.00000000000000000, 0.000000000000000000, 50.00000000000000711 ) ) ;
#2714 = APPLICATION_CONTEXT ( 'automotive_design' ) ;
#2715 = PLANE ( 'NONE',  #4764 ) ;
#2716 = CARTESIAN_POINT ( 'NONE',  ( 61.99999999999995737, 21.30000000000000071, -47.99999999999999289 ) ) ;
#2717 = AXIS2_PLACEMENT_3D ( 'NONE', #2843, #8102, #8141 ) ;
#2718 = ORIENTED_EDGE ( 'NONE', *, *, #2391, .T. ) ;
#2719 = AXIS2_PLACEMENT_3D ( 'NONE', #5939, #5206, #1153 ) ;
#2720 = CARTESIAN_POINT ( 'NONE',  ( -55.99999999999998579, 19.52471034093870728, 42.98936318882572039 ) ) ;
#2721 = VERTEX_POINT ( 'NONE', #3189 ) ;
#2722 = ADVANCED_FACE ( 'NONE', ( #4530 ), #1849, .F. ) ;
#2723 = ORIENTED_EDGE ( 'NONE', *, *, #1931, .F. ) ;
#2724 = DIRECTION ( 'NONE',  ( 0.000000000000000000, -1.000000000000000000, 0.000000000000000000 ) ) ;
#2725 = CARTESIAN_POINT ( 'NONE',  ( 72.99999999999997158, 0.000000000000000000, 0.000000000000000000 ) ) ;
#2726 = CARTESIAN_POINT ( 'NONE',  ( -71.49999999999997158, 5.600000000000004086, 1.600000000000002087 ) ) ;
#2727 = EDGE_LOOP ( 'NONE', ( #8115, #6879 ) ) ;
#2728 = ORIENTED_EDGE ( 'NONE', *, *, #6576, .F. ) ;
#2729 = CARTESIAN_POINT ( 'NONE',  ( -71.49999999999997158, 7.600000000000004086, 1.600000000000002531 ) ) ;
#2730 = VERTEX_POINT ( 'NONE', #6302 ) ;
#2731 = EDGE_CURVE ( 'NONE', #6558, #8180, #6287, .T. ) ;
#2732 = EDGE_CURVE ( 'NONE', #1035, #45, #1599, .T. ) ;
#2733 = EDGE_LOOP ( 'NONE', ( #6326, #8451, #2175, #6766 ) ) ;
#2734 = DIRECTION ( 'NONE',  ( 0.000000000000000000, 1.000000000000000000, 0.000000000000000000 ) ) ;
#2735 = LINE ( 'NONE', #4583, #1113 ) ;
#2736 = CARTESIAN_POINT ( 'NONE',  ( -57.99999999999998579, 20.24214927615302528, 42.57514962645264944 ) ) ;
#2737 = DIRECTION ( 'NONE',  ( 2.403703357979463522E-16, 0.4999999999999947820, 0.8660254037844418162 ) ) ;
#2738 = DIRECTION ( 'NONE',  ( -0.7071067811865491270, 0.7071067811865459074, 0.000000000000000000 ) ) ;
#2739 = DIRECTION ( 'NONE',  ( 0.000000000000000000, 1.000000000000000000, -0.000000000000000000 ) ) ;
#2740 = EDGE_CURVE ( 'NONE', #3109, #7259, #3836, .T. ) ;
#2741 = VERTEX_POINT ( 'NONE', #3112 ) ;
#2742 = CARTESIAN_POINT ( 'NONE',  ( 72.99999999999997158, 18.64833395016074391, 36.79807621135329043 ) ) ;
#2743 = DIRECTION ( 'NONE',  ( -2.403703357979465001E-16, -0.4999999999999948375, -0.8660254037844418162 ) ) ;
#2744 = CARTESIAN_POINT ( 'NONE',  ( 69.99999999999997158, 37.00000000000000711, -45.00000000000000000 ) ) ;
#2745 = ORIENTED_EDGE ( 'NONE', *, *, #6054, .F. ) ;
#2746 = DIRECTION ( 'NONE',  ( 0.000000000000000000, -1.000000000000000000, 0.000000000000000000 ) ) ;
#2747 = EDGE_CURVE ( 'NONE', #3162, #6265, #5779, .T. ) ;
#2748 = VECTOR ( 'NONE', #7990, 1000.000000000000000 ) ;
#2749 = VERTEX_POINT ( 'NONE', #7818 ) ;
#2750 = EDGE_LOOP ( 'NONE', ( #2457, #7706, #342, #4997 ) ) ;
#2751 = LINE ( 'NONE', #7536, #6275 ) ;
#2752 = FACE_OUTER_BOUND ( 'NONE', #4002, .T. ) ;
#2753 = PLANE ( 'NONE',  #3908 ) ;
#2754 = CARTESIAN_POINT ( 'NONE',  ( -71.49999999999997158, 21.29999999999999361, -40.00000000000000000 ) ) ;
#2755 = DIRECTION ( 'NONE',  ( 1.000000000000000000, -0.000000000000000000, -0.000000000000000000 ) ) ;
#2756 = CARTESIAN_POINT ( 'NONE',  ( 69.99999999999997158, 2.000000000000001776, 48.00000000000000711 ) ) ;
#2757 = ORIENTED_EDGE ( 'NONE', *, *, #6693, .F. ) ;
#2758 = ADVANCED_FACE ( 'NONE', ( #1247 ), #4394, .F. ) ;
#2759 = PLANE ( 'NONE',  #3467 ) ;
#2760 = ORIENTED_EDGE ( 'NONE', *, *, #5806, .T. ) ;
#2761 = VERTEX_POINT ( 'NONE', #473 ) ;
#2762 = DIRECTION ( 'NONE',  ( 0.000000000000000000, 0.000000000000000000, 1.000000000000000000 ) ) ;
#2763 = CYLINDRICAL_SURFACE ( 'NONE', #7429, 1.000000000000000222 ) ;
#2764 = DIRECTION ( 'NONE',  ( -2.403703357979464508E-16, -0.4999999999999947264, -0.8660254037844417052 ) ) ;
#2765 = VECTOR ( 'NONE', #5995, 1000.000000000000000 ) ;
#2766 = ORIENTED_EDGE ( 'NONE', *, *, #3843, .F. ) ;
#2767 = EDGE_CURVE ( 'NONE', #2828, #7778, #2419, .T. ) ;
#2768 = VERTEX_POINT ( 'NONE', #7722 ) ;
#2769 = LINE ( 'NONE', #8028, #1964 ) ;
#2770 = EDGE_CURVE ( 'NONE', #4833, #8097, #2370, .T. ) ;
#2771 = ORIENTED_EDGE ( 'NONE', *, *, #3452, .T. ) ;
#2772 = ORIENTED_EDGE ( 'NONE', *, *, #4282, .F. ) ;
#2773 = CARTESIAN_POINT ( 'NONE',  ( -45.99999999999997868, 16.56180047068721350, 44.70000000000003126 ) ) ;
#2774 = LINE ( 'NONE', #1553, #7190 ) ;
#2775 = ORIENTED_EDGE ( 'NONE', *, *, #6681, .T. ) ;
#2776 = CARTESIAN_POINT ( 'NONE',  ( 61.99999999999995737, 9.599999999999999645, -47.99999999999999289 ) ) ;
#2777 = EDGE_CURVE ( 'NONE', #5219, #1297, #6996, .T. ) ;
#2778 = CARTESIAN_POINT ( 'NONE',  ( 34.94999999999996732, 30.00000000000000711, -47.50000000000000000 ) ) ;
#2779 = PLANE ( 'NONE',  #7205 ) ;
#2780 = VECTOR ( 'NONE', #4629, 1000.000000000000000 ) ;
#2781 = VERTEX_POINT ( 'NONE', #7035 ) ;
#2782 = FACE_OUTER_BOUND ( 'NONE', #822, .T. ) ;
#2783 = AXIS2_PLACEMENT_3D ( 'NONE', #2421, #4441, #6261 ) ;
#2784 = DIRECTION ( 'NONE',  ( -2.403703357979464015E-16, -0.4999999999999946154, -0.8660254037844419273 ) ) ;
#2785 = VECTOR ( 'NONE', #6413, 1000.000000000000114 ) ;
#2786 = EDGE_CURVE ( 'NONE', #7550, #5052, #917, .T. ) ;
#2787 = DIRECTION ( 'NONE',  ( -2.403703357979464015E-16, -0.4999999999999946154, -0.8660254037844419273 ) ) ;
#2788 = EDGE_CURVE ( 'NONE', #4470, #4068, #1802, .T. ) ;
#2789 = CARTESIAN_POINT ( 'NONE',  ( 61.99999999999995737, 28.00000000000000711, -49.99999999999999289 ) ) ;
#2790 = DIRECTION ( 'NONE',  ( -4.625929269271487023E-17, -0.000000000000000000, 1.000000000000000000 ) ) ;
#2791 = AXIS2_PLACEMENT_3D ( 'NONE', #2172, #196, #7406 ) ;
#2792 = EDGE_LOOP ( 'NONE', ( #4236, #6417, #3315, #1816, #3 ) ) ;
#2793 = EDGE_LOOP ( 'NONE', ( #135, #1020, #6082, #2708 ) ) ;
#2794 = DIRECTION ( 'NONE',  ( 0.000000000000000000, 0.000000000000000000, -1.000000000000000000 ) ) ;
#2795 = AXIS2_PLACEMENT_3D ( 'NONE', #5925, #7186, #6618 ) ;
#2796 = CARTESIAN_POINT ( 'NONE',  ( 71.49999999999997158, 31.00000000000001066, -1.532606157515349343 ) ) ;
#2797 = DIRECTION ( 'NONE',  ( 0.000000000000000000, 0.8660254037844425934, -0.4999999999999933942 ) ) ;
#2798 = DIRECTION ( 'NONE',  ( 0.000000000000000000, 0.8660254037844425934, -0.4999999999999933942 ) ) ;
#2799 = CARTESIAN_POINT ( 'NONE',  ( 13.56666666666665044, 17.96666666666668633, -44.83333333333332860 ) ) ;
#2800 = DIRECTION ( 'NONE',  ( 0.000000000000000000, -1.000000000000000000, -1.084202172485503448E-16 ) ) ;
#2801 = EDGE_CURVE ( 'NONE', #1319, #5089, #515, .T. ) ;
#2802 = VERTEX_POINT ( 'NONE', #8377 ) ;
#2803 = VECTOR ( 'NONE', #6946, 1000.000000000000000 ) ;
#2804 = DIRECTION ( 'NONE',  ( -0.000000000000000000, -0.000000000000000000, -1.000000000000000000 ) ) ;
#2805 = VERTEX_POINT ( 'NONE', #4354 ) ;
#2806 = VERTEX_POINT ( 'NONE', #7642 ) ;
#2807 = CARTESIAN_POINT ( 'NONE',  ( -72.99999999999997158, 2.000000000000000000, -48.00000000000000000 ) ) ;
#2808 = CARTESIAN_POINT ( 'NONE',  ( -27.00000000000002842, 26.20000000000000284, 50.00100000000001188 ) ) ;
#2809 = FACE_OUTER_BOUND ( 'NONE', #4710, .T. ) ;
#2810 = AXIS2_PLACEMENT_3D ( 'NONE', #8093, #8223, #888 ) ;
#2811 = ORIENTED_EDGE ( 'NONE', *, *, #8094, .F. ) ;
#2812 = ORIENTED_EDGE ( 'NONE', *, *, #1628, .T. ) ;
#2813 = AXIS2_PLACEMENT_3D ( 'NONE', #2482, #4511, #5894 ) ;
#2814 = CARTESIAN_POINT ( 'NONE',  ( 71.49999999999997158, 30.00000000000001066, -1.532606157515349343 ) ) ;
#2815 = VECTOR ( 'NONE', #4730, 1000.000000000000000 ) ;
#2816 = ORIENTED_EDGE ( 'NONE', *, *, #5449, .F. ) ;
#2817 = ORIENTED_EDGE ( 'NONE', *, *, #7855, .F. ) ;
#2818 = EDGE_CURVE ( 'NONE', #6943, #6263, #7080, .T. ) ;
#2819 = CARTESIAN_POINT ( 'NONE',  ( 75.00000000000002842, 29.50000000000000711, 30.53286389632265951 ) ) ;
#2820 = AXIS2_PLACEMENT_3D ( 'NONE', #3331, #5965, #2695 ) ;
#2821 = CARTESIAN_POINT ( 'NONE',  ( -71.49999999999997158, 27.40192378864669109, 32.89888930010715029 ) ) ;
#2822 = ORIENTED_EDGE ( 'NONE', *, *, #2818, .F. ) ;
#2823 = CARTESIAN_POINT ( 'NONE',  ( 71.49999999999997158, 0.000000000000000000, 0.000000000000000000 ) ) ;
#2824 = CARTESIAN_POINT ( 'NONE',  ( -72.99999999999997158, 26.40192378864669820, 31.16683849253827177 ) ) ;
#2825 = CARTESIAN_POINT ( 'NONE',  ( 61.99999999999995026, 6.599999999999999645, -47.99999999999999289 ) ) ;
#2826 = AXIS2_PLACEMENT_3D ( 'NONE', #7890, #1971, #4607 ) ;
#2827 = EDGE_CURVE ( 'NONE', #4557, #1315, #6431, .T. ) ;
#2828 = VERTEX_POINT ( 'NONE', #6469 ) ;
#2829 = CARTESIAN_POINT ( 'NONE',  ( 71.49999999999997158, 21.30000000000000071, -40.00000000000003553 ) ) ;
#2830 = VECTOR ( 'NONE', #2800, 1000.000000000000000 ) ;
#2831 = PLANE ( 'NONE',  #7248 ) ;
#2832 = DIRECTION ( 'NONE',  ( 0.000000000000000000, 0.000000000000000000, 1.000000000000000000 ) ) ;
#2833 = DIRECTION ( 'NONE',  ( 0.7071067811865474617, 1.226634733346698324E-15, -0.7071067811865474617 ) ) ;
#2834 = CARTESIAN_POINT ( 'NONE',  ( -71.49999999999997158, 21.29999999999999361, -39.00000000000002842 ) ) ;
#2835 = AXIS2_PLACEMENT_3D ( 'NONE', #7059, #1919, #5762 ) ;
#2836 = ORIENTED_EDGE ( 'NONE', *, *, #2180, .T. ) ;
#2837 = EDGE_CURVE ( 'NONE', #2454, #8327, #5126, .T. ) ;
#2838 = ADVANCED_FACE ( 'NONE', ( #2970 ), #5683, .F. ) ;
#2839 = ORIENTED_EDGE ( 'NONE', *, *, #1232, .T. ) ;
#2840 = DIRECTION ( 'NONE',  ( 0.000000000000000000, 0.5000000000000001110, 0.8660254037844385966 ) ) ;
#2841 = CARTESIAN_POINT ( 'NONE',  ( 57.00000000000002132, -25.26400619102062706, -35.41539657507529881 ) ) ;
#2842 = FACE_OUTER_BOUND ( 'NONE', #4931, .T. ) ;
#2843 = CARTESIAN_POINT ( 'NONE',  ( 60.65685424949242588, 30.50047952535077656, 34.34309881888382421 ) ) ;
#2844 = DIRECTION ( 'NONE',  ( -0.000000000000000000, -1.000000000000000000, -0.000000000000000000 ) ) ;
#2845 = ORIENTED_EDGE ( 'NONE', *, *, #3590, .T. ) ;
#2846 = CARTESIAN_POINT ( 'NONE',  ( 75.00000000000000000, 9.599999999999990763, -39.00000000000004263 ) ) ;
#2847 = AXIS2_PLACEMENT_3D ( 'NONE', #4605, #8492, #588 ) ;
#2848 = ORIENTED_EDGE ( 'NONE', *, *, #1993, .T. ) ;
#2849 = ADVANCED_FACE ( 'NONE', ( #983 ), #2449, .F. ) ;
#2850 = VERTEX_POINT ( 'NONE', #4342 ) ;
#2851 = CARTESIAN_POINT ( 'NONE',  ( -72.99999999999997158, 22.80000000000001137, -48.00000000000000000 ) ) ;
#2852 = VECTOR ( 'NONE', #2014, 1000.000000000000114 ) ;
#2853 = DIRECTION ( 'NONE',  ( 0.000000000000000000, -0.8660254037844385966, 0.5000000000000001110 ) ) ;
#2854 = DIRECTION ( 'NONE',  ( 2.403703357979455140E-16, 0.5000000000000001110, 0.8660254037844385966 ) ) ;
#2855 = ORIENTED_EDGE ( 'NONE', *, *, #987, .F. ) ;
#2856 = VECTOR ( 'NONE', #8278, 1000.000000000000000 ) ;
#2857 = ORIENTED_EDGE ( 'NONE', *, *, #2040, .T. ) ;
#2858 = CARTESIAN_POINT ( 'NONE',  ( 56.07000000000000028, 2.000000000000000000, -40.93999999999998352 ) ) ;
#2859 = VECTOR ( 'NONE', #3192, 1000.000000000000114 ) ;
#2860 = VERTEX_POINT ( 'NONE', #8194 ) ;
#2861 = EDGE_LOOP ( 'NONE', ( #2557, #5785 ) ) ;
#2862 = DIRECTION ( 'NONE',  ( -2.403703357979464015E-16, -0.4999999999999946154, -0.8660254037844419273 ) ) ;
#2863 = LINE ( 'NONE', #5483, #8289 ) ;
#2864 = LINE ( 'NONE', #6305, #1077 ) ;
#2865 = EDGE_LOOP ( 'NONE', ( #6479, #2775, #8509, #1217 ) ) ;
#2866 = FACE_BOUND ( 'NONE', #7936, .T. ) ;
#2867 = DIRECTION ( 'NONE',  ( 1.000000000000000000, 0.000000000000000000, 0.000000000000000000 ) ) ;
#2868 = ADVANCED_FACE ( 'NONE', ( #419 ), #2927, .F. ) ;
#2869 = VERTEX_POINT ( 'NONE', #4256 ) ;
#2870 = DIRECTION ( 'NONE',  ( 4.625929269271486407E-17, 3.421138828918010427E-49, -1.000000000000000000 ) ) ;
#2871 = CARTESIAN_POINT ( 'NONE',  ( 2.899999999999974154, 21.10000000000000142, -49.99999999999999289 ) ) ;
#2872 = CARTESIAN_POINT ( 'NONE',  ( 46.51500000000000767, 32.96025083271665324, 32.92294919243124696 ) ) ;
#2873 = CARTESIAN_POINT ( 'NONE',  ( -71.49999999999998579, 21.29999999999999361, -39.00000000000000711 ) ) ;
#2874 = EDGE_CURVE ( 'NONE', #1040, #2658, #8238, .T. ) ;
#2875 = ORIENTED_EDGE ( 'NONE', *, *, #2414, .T. ) ;
#2876 = VERTEX_POINT ( 'NONE', #335 ) ;
#2877 = CARTESIAN_POINT ( 'NONE',  ( 60.65685424949240456, -29.65567974040969190, -32.87986266914259659 ) ) ;
#2878 = LINE ( 'NONE', #1744, #3184 ) ;
#2879 = FACE_OUTER_BOUND ( 'NONE', #4393, .T. ) ;
#2880 = LINE ( 'NONE', #5501, #4075 ) ;
#2881 = DIRECTION ( 'NONE',  ( 0.000000000000000000, 0.000000000000000000, -1.000000000000000000 ) ) ;
#2882 = AXIS2_PLACEMENT_3D ( 'NONE', #5868, #8506, #2592 ) ;
#2883 = ORIENTED_EDGE ( 'NONE', *, *, #2020, .T. ) ;
#2884 = EDGE_CURVE ( 'NONE', #284, #1170, #7546, .T. ) ;
#2885 = ADVANCED_FACE ( 'NONE', ( #3055 ), #2406, .F. ) ;
#2886 = DIRECTION ( 'NONE',  ( 2.403703357979464508E-16, 0.4999999999999947264, 0.8660254037844417052 ) ) ;
#2887 = ORIENTED_EDGE ( 'NONE', *, *, #1863, .T. ) ;
#2888 = LINE ( 'NONE', #4129, #2341 ) ;
#2889 = DIRECTION ( 'NONE',  ( 1.000000000000000000, 0.000000000000000000, -2.775557561562891351E-16 ) ) ;
#2890 = DIRECTION ( 'NONE',  ( 0.000000000000000000, -0.8660254037844385966, 0.5000000000000001110 ) ) ;
#2891 = ORIENTED_EDGE ( 'NONE', *, *, #8159, .T. ) ;
#2892 = ADVANCED_FACE ( 'NONE', ( #7584 ), #6246, .F. ) ;
#2893 = ORIENTED_EDGE ( 'NONE', *, *, #7721, .T. ) ;
#2894 = EDGE_CURVE ( 'NONE', #7121, #6191, #364, .T. ) ;
#2895 = DIRECTION ( 'NONE',  ( 0.000000000000000000, 1.000000000000000000, 0.000000000000000000 ) ) ;
#2896 = ORIENTED_EDGE ( 'NONE', *, *, #8505, .T. ) ;
#2897 = VERTEX_POINT ( 'NONE', #7672 ) ;
#2898 = DIRECTION ( 'NONE',  ( -0.000000000000000000, -1.000000000000000000, -0.000000000000000000 ) ) ;
#2899 = DIRECTION ( 'NONE',  ( -0.000000000000000000, 1.000000000000000000, -0.000000000000000000 ) ) ;
#2900 = DIRECTION ( 'NONE',  ( 1.000000000000000000, 0.000000000000000000, 4.625929269271486407E-17 ) ) ;
#2901 = ORIENTED_EDGE ( 'NONE', *, *, #7386, .F. ) ;
#2902 = DIRECTION ( 'NONE',  ( 0.7071067811865467956, -0.6123724356957952475, 0.3535533905932740639 ) ) ;
#2903 = VERTEX_POINT ( 'NONE', #1024 ) ;
#2904 = ADVANCED_FACE ( 'NONE', ( #3653 ), #7500, .F. ) ;
#2905 = PLANE ( 'NONE',  #7749 ) ;
#2906 = ORIENTED_EDGE ( 'NONE', *, *, #1620, .F. ) ;
#2907 = EDGE_CURVE ( 'NONE', #217, #6826, #4384, .T. ) ;
#2908 = DIRECTION ( 'NONE',  ( 0.000000000000000000, 0.8660254037844414832, -0.4999999999999949485 ) ) ;
#2909 = LINE ( 'NONE', #2339, #2555 ) ;
#2910 = DIRECTION ( 'NONE',  ( -0.000000000000000000, -0.000000000000000000, -1.000000000000000000 ) ) ;
#2911 = VECTOR ( 'NONE', #3560, 1000.000000000000000 ) ;
#2912 = CARTESIAN_POINT ( 'NONE',  ( -27.00000000000002842, 6.599999999999999645, -49.99999999999999289 ) ) ;
#2913 = EDGE_LOOP ( 'NONE', ( #2045, #6626, #8073, #5610 ) ) ;
#2914 = ORIENTED_EDGE ( 'NONE', *, *, #1726, .T. ) ;
#2915 = LINE ( 'NONE', #2262, #1869 ) ;
#2916 = DIRECTION ( 'NONE',  ( -0.000000000000000000, 1.000000000000000000, -0.000000000000000000 ) ) ;
#2917 = EDGE_CURVE ( 'NONE', #3121, #8005, #3013, .T. ) ;
#2918 = DIRECTION ( 'NONE',  ( 2.403703357979464508E-16, 0.4999999999999947820, 0.8660254037844415942 ) ) ;
#2919 = DIRECTION ( 'NONE',  ( 2.403703357979464508E-16, 0.4999999999999947264, 0.8660254037844417052 ) ) ;
#2920 = DIRECTION ( 'NONE',  ( 1.000000000000000000, -1.070587336541109637E-16, -2.157453674619885658E-16 ) ) ;
#2921 = ORIENTED_EDGE ( 'NONE', *, *, #4430, .T. ) ;
#2922 = CIRCLE ( 'NONE', #7236, 3.000000000000002665 ) ;
#2923 = VECTOR ( 'NONE', #2672, 1000.000000000000000 ) ;
#2924 = DIRECTION ( 'NONE',  ( 0.000000000000000000, -0.8660254037844425934, 0.4999999999999933942 ) ) ;
#2925 = EDGE_LOOP ( 'NONE', ( #6002, #1930, #7407, #6453 ) ) ;
#2926 = CARTESIAN_POINT ( 'NONE',  ( -69.99999999999997158, 37.00000000000000711, 45.00000000000000000 ) ) ;
#2927 = CYLINDRICAL_SURFACE ( 'NONE', #2986, 2.999999999999999112 ) ;
#2928 = EDGE_CURVE ( 'NONE', #2587, #6573, #1106, .T. ) ;
#2929 = CARTESIAN_POINT ( 'NONE',  ( -72.99999999999997158, 69.13072758308062760, 7.652052658050377154 ) ) ;
#2930 = LINE ( 'NONE', #2361, #4496 ) ;
#2931 = ORIENTED_EDGE ( 'NONE', *, *, #3664, .F. ) ;
#2932 = VECTOR ( 'NONE', #2193, 1000.000000000000114 ) ;
#2933 = VERTEX_POINT ( 'NONE', #6983 ) ;
#2934 = DIRECTION ( 'NONE',  ( 0.000000000000000000, -0.8660254037844382635, 0.5000000000000006661 ) ) ;
#2935 = ORIENTED_EDGE ( 'NONE', *, *, #6825, .T. ) ;
#2936 = AXIS2_PLACEMENT_3D ( 'NONE', #5482, #8121, #1678 ) ;
#2937 = ORIENTED_EDGE ( 'NONE', *, *, #5083, .F. ) ;
#2938 = EDGE_CURVE ( 'NONE', #7142, #1530, #6856, .T. ) ;
#2939 = EDGE_CURVE ( 'NONE', #6853, #1064, #7629, .T. ) ;
#2940 = LINE ( 'NONE', #7595, #3344 ) ;
#2941 = CARTESIAN_POINT ( 'NONE',  ( 72.99999999999997158, 31.00000000000000711, -8.032606157515360223 ) ) ;
#2942 = FACE_OUTER_BOUND ( 'NONE', #3321, .T. ) ;
#2943 = ORIENTED_EDGE ( 'NONE', *, *, #6134, .T. ) ;
#2944 = CARTESIAN_POINT ( 'NONE',  ( -46.51500000000001478, -11.18718516684986319, -43.54265298271433693 ) ) ;
#2945 = ORIENTED_EDGE ( 'NONE', *, *, #2693, .F. ) ;
#2946 = AXIS2_PLACEMENT_3D ( 'NONE', #529, #5797, #2520 ) ;
#2947 = DIRECTION ( 'NONE',  ( -0.000000000000000000, 0.4999999999999981126, 0.8660254037844395958 ) ) ;
#2948 = CIRCLE ( 'NONE', #325, 0.9999999999999987788 ) ;
#2949 = EDGE_CURVE ( 'NONE', #5563, #908, #5554, .T. ) ;
#2950 = VERTEX_POINT ( 'NONE', #5160 ) ;
#2951 = CARTESIAN_POINT ( 'NONE',  ( -27.00000000000002842, 7.100000000000000533, -49.99999999999999289 ) ) ;
#2952 = DIRECTION ( 'NONE',  ( 2.403703357979464508E-16, 0.4999999999999947264, 0.8660254037844417052 ) ) ;
#2953 = DIRECTION ( 'NONE',  ( -1.000000000000000000, -0.000000000000000000, -0.000000000000000000 ) ) ;
#2954 = CIRCLE ( 'NONE', #1567, 1.000000000000000222 ) ;
#2955 = VECTOR ( 'NONE', #200, 1000.000000000000000 ) ;
#2956 = DIRECTION ( 'NONE',  ( 0.000000000000000000, 1.084202172485503448E-16, -1.000000000000000000 ) ) ;
#2957 = ORIENTED_EDGE ( 'NONE', *, *, #4585, .F. ) ;
#2958 = VECTOR ( 'NONE', #54, 1000.000000000000000 ) ;
#2959 = ORIENTED_EDGE ( 'NONE', *, *, #4321, .T. ) ;
#2960 = DIRECTION ( 'NONE',  ( 1.000000000000000000, 0.000000000000000000, 0.000000000000000000 ) ) ;
#2961 = CARTESIAN_POINT ( 'NONE',  ( -72.49999999999997158, 7.600000000000004086, -3.399999999999998135 ) ) ;
#2962 = DIRECTION ( 'NONE',  ( 0.000000000000000000, 0.8660254037844421493, -0.4999999999999941158 ) ) ;
#2963 = CARTESIAN_POINT ( 'NONE',  ( 12.89999999999998259, 28.00000000000000711, -49.99999999999999289 ) ) ;
#2964 = DIRECTION ( 'NONE',  ( -0.7071067811865475727, 0.000000000000000000, 0.7071067811865475727 ) ) ;
#2965 = ORIENTED_EDGE ( 'NONE', *, *, #7804, .T. ) ;
#2966 = DIRECTION ( 'NONE',  ( -1.000000000000000000, -0.000000000000000000, -0.000000000000000000 ) ) ;
#2967 = EDGE_CURVE ( 'NONE', #1865, #5851, #587, .T. ) ;
#2968 = ORIENTED_EDGE ( 'NONE', *, *, #4430, .F. ) ;
#2969 = LINE ( 'NONE', #3445, #6341 ) ;
#2970 = FACE_OUTER_BOUND ( 'NONE', #6209, .T. ) ;
#2971 = VECTOR ( 'NONE', #3553, 1000.000000000000000 ) ;
#2972 = CARTESIAN_POINT ( 'NONE',  ( 43.00000000000001421, 30.41820693123826302, 36.70000000000010232 ) ) ;
#2973 = CARTESIAN_POINT ( 'NONE',  ( -55.00000000000000711, -25.98144512623492375, -35.00118301270217813 ) ) ;
#2974 = VECTOR ( 'NONE', #2011, 1000.000000000000000 ) ;
#2975 = CARTESIAN_POINT ( 'NONE',  ( -75.00000000000002842, 0.000000000000000000, -50.00000000000000000 ) ) ;
#2976 = ORIENTED_EDGE ( 'NONE', *, *, #3520, .F. ) ;
#2977 = ORIENTED_EDGE ( 'NONE', *, *, #4652, .T. ) ;
#2978 = DIRECTION ( 'NONE',  ( 0.000000000000000000, 0.000000000000000000, -1.000000000000000000 ) ) ;
#2979 = EDGE_CURVE ( 'NONE', #138, #1704, #7711, .T. ) ;
#2980 = ORIENTED_EDGE ( 'NONE', *, *, #7163, .F. ) ;
#2981 = VECTOR ( 'NONE', #7888, 1000.000000000000114 ) ;
#2982 = ORIENTED_EDGE ( 'NONE', *, *, #7014, .T. ) ;
#2983 = LINE ( 'NONE', #2243, #42 ) ;
#2984 = LINE ( 'NONE', #1168, #8432 ) ;
#2985 = CARTESIAN_POINT ( 'NONE',  ( -71.49999999999997158, 31.00000000000001421, -1.532606157515309597 ) ) ;
#2986 = AXIS2_PLACEMENT_3D ( 'NONE', #5601, #3571, #3610 ) ;
#2987 = ORIENTED_EDGE ( 'NONE', *, *, #7731, .F. ) ;
#2988 = CIRCLE ( 'NONE', #3400, 3.510000000000004672 ) ;
#2989 = DIRECTION ( 'NONE',  ( -2.775557561562891351E-16, 0.000000000000000000, -1.000000000000000000 ) ) ;
#2990 = ORIENTED_EDGE ( 'NONE', *, *, #6427, .F. ) ;
#2991 = DIRECTION ( 'NONE',  ( 1.734723475976807686E-15, -0.8660254037844417052, 0.4999999999999947264 ) ) ;
#2992 = ADVANCED_FACE ( 'NONE', ( #1926 ), #2488, .F. ) ;
#2993 = EDGE_CURVE ( 'NONE', #1548, #1112, #5879, .T. ) ;
#2994 = ORIENTED_EDGE ( 'NONE', *, *, #5047, .T. ) ;
#2995 = CARTESIAN_POINT ( 'NONE',  ( 58.99999999999995737, 9.599999999999999645, -47.99999999999999289 ) ) ;
#2996 = CARTESIAN_POINT ( 'NONE',  ( 71.49999999999997158, 16.29999999999999716, -40.00000000000003553 ) ) ;
#2997 = CARTESIAN_POINT ( 'NONE',  ( 61.00000000000002842, 26.09419410360710501, 39.19646997001226651 ) ) ;
#2998 = DIRECTION ( 'NONE',  ( 0.000000000000000000, 0.000000000000000000, -1.000000000000000000 ) ) ;
#2999 = EDGE_CURVE ( 'NONE', #2471, #5679, #2619, .T. ) ;
#3000 = EDGE_LOOP ( 'NONE', ( #4492, #7702 ) ) ;
#3001 = EDGE_LOOP ( 'NONE', ( #1782, #6456, #7033, #1070 ) ) ;
#3002 = DIRECTION ( 'NONE',  ( -2.403703357979464508E-16, -0.4999999999999947264, -0.8660254037844417052 ) ) ;
#3003 = LINE ( 'NONE', #8268, #6358 ) ;
#3004 = CARTESIAN_POINT ( 'NONE',  ( 71.49999999999997158, 6.599999999999994316, 1.599999999999967226 ) ) ;
#3005 = CARTESIAN_POINT ( 'NONE',  ( -75.00000000000000000, 10.96912586664359246, 47.92893218813453871 ) ) ;
#3006 = CARTESIAN_POINT ( 'NONE',  ( -72.99999999999997158, 28.00000000000000711, -39.00000000000000711 ) ) ;
#3007 = ORIENTED_EDGE ( 'NONE', *, *, #1934, .T. ) ;
#3008 = EDGE_CURVE ( 'NONE', #5787, #3704, #3268, .T. ) ;
#3009 = PLANE ( 'NONE',  #4840 ) ;
#3010 = COLOUR_RGB ( '',1.000000000000000000, 1.000000000000000000, 1.000000000000000000 ) ;
#3011 = EDGE_LOOP ( 'NONE', ( #4406, #6610, #8527, #8436 ) ) ;
#3012 = PLANE ( 'NONE',  #7112 ) ;
#3013 = LINE ( 'NONE', #5642, #6978 ) ;
#3014 = FACE_OUTER_BOUND ( 'NONE', #4389, .T. ) ;
#3015 = DIRECTION ( 'NONE',  ( -0.000000000000000000, -1.000000000000000000, -0.000000000000000000 ) ) ;
#3016 = VECTOR ( 'NONE', #2853, 1000.000000000000000 ) ;
#3017 = EDGE_CURVE ( 'NONE', #8274, #5630, #2153, .T. ) ;
#3018 = DIRECTION ( 'NONE',  ( 0.7071067811865483499, -0.6123724356957956916, 0.3535533905932698451 ) ) ;
#3019 = ORIENTED_EDGE ( 'NONE', *, *, #4574, .F. ) ;
#3020 = VERTEX_POINT ( 'NONE', #2534 ) ;
#3021 = DIRECTION ( 'NONE',  ( 0.000000000000000000, 0.000000000000000000, -1.000000000000000000 ) ) ;
#3022 = ORIENTED_EDGE ( 'NONE', *, *, #6680, .T. ) ;
#3023 = ORIENTED_EDGE ( 'NONE', *, *, #7792, .T. ) ;
#3024 = DIRECTION ( 'NONE',  ( 4.625929269271486407E-17, 0.000000000000000000, -1.000000000000000000 ) ) ;
#3025 = FACE_OUTER_BOUND ( 'NONE', #5006, .T. ) ;
#3026 = CARTESIAN_POINT ( 'NONE',  ( 71.49999999999997158, 27.40192378864669109, 32.89888930010710055 ) ) ;
#3027 = DIRECTION ( 'NONE',  ( 0.000000000000000000, 1.365923996832131116E-16, 1.000000000000000000 ) ) ;
#3028 = EDGE_CURVE ( 'NONE', #7760, #1743, #7157, .T. ) ;
#3029 = ORIENTED_EDGE ( 'NONE', *, *, #3729, .T. ) ;
#3030 = CARTESIAN_POINT ( 'NONE',  ( 56.07000000000000028, 5.000000000000000000, -44.43999999999999062 ) ) ;
#3031 = ORIENTED_EDGE ( 'NONE', *, *, #1609, .F. ) ;
#3032 = ADVANCED_FACE ( 'NONE', ( #1281 ), #6548, .F. ) ;
#3033 = DIRECTION ( 'NONE',  ( -0.000000000000000000, 1.000000000000000000, -0.000000000000000000 ) ) ;
#3034 = EDGE_LOOP ( 'NONE', ( #8326, #5700, #8258, #5863 ) ) ;
#3035 = EDGE_CURVE ( 'NONE', #3699, #3716, #5746, .T. ) ;
#3036 = DIRECTION ( 'NONE',  ( 1.000000000000000000, 0.000000000000000000, 0.000000000000000000 ) ) ;
#3037 = DIRECTION ( 'NONE',  ( 0.000000000000000000, -1.000000000000000000, 0.000000000000000000 ) ) ;
#3038 = CARTESIAN_POINT ( 'NONE',  ( 43.00000000000001421, 27.82013071988492570, 38.20000000000005969 ) ) ;
#3039 = VECTOR ( 'NONE', #3054, 1000.000000000000000 ) ;
#3040 = CARTESIAN_POINT ( 'NONE',  ( -71.49999999999997158, 23.07179676972450366, 35.39888930010715029 ) ) ;
#3041 = VERTEX_POINT ( 'NONE', #8534 ) ;
#3042 = DIRECTION ( 'NONE',  ( 0.000000000000000000, -1.000000000000000000, 0.000000000000000000 ) ) ;
#3043 = DIRECTION ( 'NONE',  ( -0.000000000000000000, -1.000000000000000000, -0.000000000000000000 ) ) ;
#3044 = EDGE_CURVE ( 'NONE', #6306, #1594, #7197, .T. ) ;
#3045 = FACE_OUTER_BOUND ( 'NONE', #3547, .T. ) ;
#3046 = ADVANCED_FACE ( 'NONE', ( #7886, #3958 ), #504, .T. ) ;
#3047 = CARTESIAN_POINT ( 'NONE',  ( -71.49999999999997158, 16.29999999999998650, -39.00000000000002842 ) ) ;
#3048 = VECTOR ( 'NONE', #6625, 1000.000000000000114 ) ;
#3049 = DIRECTION ( 'NONE',  ( 2.403703357979463522E-16, 0.4999999999999947820, 0.8660254037844418162 ) ) ;
#3050 = ORIENTED_EDGE ( 'NONE', *, *, #7784, .F. ) ;
#3051 = DIRECTION ( 'NONE',  ( 0.000000000000000000, 1.000000000000000000, -0.000000000000000000 ) ) ;
#3052 = VECTOR ( 'NONE', #1429, 1000.000000000000000 ) ;
#3053 = ORIENTED_EDGE ( 'NONE', *, *, #2023, .F. ) ;
#3054 = DIRECTION ( 'NONE',  ( -0.000000000000000000, 1.000000000000000000, -0.000000000000000000 ) ) ;
#3055 = FACE_OUTER_BOUND ( 'NONE', #5442, .T. ) ;
#3056 = EDGE_CURVE ( 'NONE', #4597, #908, #6435, .T. ) ;
#3057 = PLANE ( 'NONE',  #1733 ) ;
#3058 = DIRECTION ( 'NONE',  ( -2.383034446891947374E-16, -0.4999999999999947264, -0.8660254037844417052 ) ) ;
#3059 = DIRECTION ( 'NONE',  ( -1.000000000000000000, -0.000000000000000000, 2.775557561562891351E-16 ) ) ;
#3060 = VERTEX_POINT ( 'NONE', #7847 ) ;
#3061 = AXIS2_PLACEMENT_3D ( 'NONE', #2720, #2058, #3441 ) ;
#3062 = ORIENTED_EDGE ( 'NONE', *, *, #7695, .F. ) ;
#3063 = CARTESIAN_POINT ( 'NONE',  ( 72.99999999999997158, 31.00000000000000711, -48.00000000000000000 ) ) ;
#3064 = ORIENTED_EDGE ( 'NONE', *, *, #5447, .T. ) ;
#3065 = VERTEX_POINT ( 'NONE', #4476 ) ;
#3066 = DIRECTION ( 'NONE',  ( -1.000000000000000000, 0.000000000000000000, 0.000000000000000000 ) ) ;
#3067 = CARTESIAN_POINT ( 'NONE',  ( -64.99999999999998579, 20.89804168090043390, 42.19646997001232336 ) ) ;
#3068 = CARTESIAN_POINT ( 'NONE',  ( -50.30000000000002558, 7.100000000000002309, -49.99999999999999289 ) ) ;
#3069 = DIRECTION ( 'NONE',  ( 0.000000000000000000, -1.000000000000000000, 0.000000000000000000 ) ) ;
#3070 = ORIENTED_EDGE ( 'NONE', *, *, #5884, .T. ) ;
#3071 = DIRECTION ( 'NONE',  ( -1.663375928314580104E-15, 0.8660254037844417052, -0.4999999999999947264 ) ) ;
#3072 = EDGE_LOOP ( 'NONE', ( #7400, #5821, #8347, #5448 ) ) ;
#3073 = DIRECTION ( 'NONE',  ( 0.000000000000000000, 0.000000000000000000, -1.000000000000000000 ) ) ;
#3074 = CARTESIAN_POINT ( 'NONE',  ( 60.65685424949240456, -13.64695647421573454, -42.12250335626177389 ) ) ;
#3075 = AXIS2_PLACEMENT_3D ( 'NONE', #3623, #2862, #1552 ) ;
#3076 = AXIS2_PLACEMENT_3D ( 'NONE', #5123, #3964, #1893 ) ;
#3077 = ORIENTED_EDGE ( 'NONE', *, *, #1291, .F. ) ;
#3078 = ADVANCED_FACE ( 'NONE', ( #4426 ), #3913, .F. ) ;
#3079 = VERTEX_POINT ( 'NONE', #1324 ) ;
#3080 = LINE ( 'NONE', #1646, #2688 ) ;
#3081 = CARTESIAN_POINT ( 'NONE',  ( 56.07000000000000028, 2.000000000000000000, -47.94000000000000483 ) ) ;
#3082 = DIRECTION ( 'NONE',  ( 0.000000000000000000, 0.8660254037844421493, -0.4999999999999941158 ) ) ;
#3083 = DIRECTION ( 'NONE',  ( 2.403703357979464508E-16, 0.4999999999999947264, 0.8660254037844417052 ) ) ;
#3084 = VECTOR ( 'NONE', #1524, 1000.000000000000000 ) ;
#3085 = EDGE_CURVE ( 'NONE', #4265, #2467, #7117, .T. ) ;
#3086 = ORIENTED_EDGE ( 'NONE', *, *, #2788, .T. ) ;
#3087 = DIRECTION ( 'NONE',  ( -0.000000000000000000, -1.000000000000000000, -0.000000000000000000 ) ) ;
#3088 = DIRECTION ( 'NONE',  ( -2.890524920077548165E-16, -0.4999999999999946709, -0.8660254037844417052 ) ) ;
#3089 = VECTOR ( 'NONE', #3813, 1000.000000000000000 ) ;
#3090 = LINE ( 'NONE', #3687, #3665 ) ;
#3091 = CARTESIAN_POINT ( 'NONE',  ( 75.00000000000000000, 31.00000000000000711, -36.00000000000004263 ) ) ;
#3092 = VERTEX_POINT ( 'NONE', #6591 ) ;
#3093 = CARTESIAN_POINT ( 'NONE',  ( 0.000000000000000000, 2.000000000000000000, 0.000000000000000000 ) ) ;
#3094 = EDGE_CURVE ( 'NONE', #3449, #6609, #1740, .T. ) ;
#3095 = EDGE_CURVE ( 'NONE', #1336, #8205, #4079, .T. ) ;
#3096 = CIRCLE ( 'NONE', #7101, 1.900000000000002576 ) ;
#3097 = EDGE_LOOP ( 'NONE', ( #8276, #4432, #2241, #6749 ) ) ;
#3098 = AXIS2_PLACEMENT_3D ( 'NONE', #5010, #5530, #2908 ) ;
#3099 = CARTESIAN_POINT ( 'NONE',  ( 72.99999999999997158, 6.846032805709802993, 45.00000000000000711 ) ) ;
#3100 = DIRECTION ( 'NONE',  ( 1.000000000000000000, 0.000000000000000000, -2.775557561562891844E-16 ) ) ;
#3101 = DIRECTION ( 'NONE',  ( -0.7071067811865474617, 0.7071067811865474617, -3.066586833366739402E-16 ) ) ;
#3102 = CARTESIAN_POINT ( 'NONE',  ( -71.75735931288068059, 6.846032805709884705, 48.00000000000000000 ) ) ;
#3103 = DIRECTION ( 'NONE',  ( 0.000000000000000000, 0.8660254037844412611, -0.4999999999999956146 ) ) ;
#3104 = VECTOR ( 'NONE', #6492, 1000.000000000000114 ) ;
#3105 = ORIENTED_EDGE ( 'NONE', *, *, #5286, .T. ) ;
#3106 = ORIENTED_EDGE ( 'NONE', *, *, #460, .T. ) ;
#3107 = DIRECTION ( 'NONE',  ( 0.000000000000000000, 0.000000000000000000, -1.000000000000000000 ) ) ;
#3108 = EDGE_CURVE ( 'NONE', #8457, #7989, #4640, .T. ) ;
#3109 = VERTEX_POINT ( 'NONE', #1448 ) ;
#3110 = VECTOR ( 'NONE', #8474, 1000.000000000000000 ) ;
#3111 = VERTEX_POINT ( 'NONE', #4120 ) ;
#3112 = CARTESIAN_POINT ( 'NONE',  ( -72.49999999999997158, 7.600000000000004086, 1.600000000000002531 ) ) ;
#3113 = CARTESIAN_POINT ( 'NONE',  ( 75.00000000000002842, 17.95218152745410478, 37.19999999999996732 ) ) ;
#3114 = FACE_OUTER_BOUND ( 'NONE', #1481, .T. ) ;
#3115 = CARTESIAN_POINT ( 'NONE',  ( 71.49999999999997158, 21.30000000000000071, -39.00000000000006395 ) ) ;
#3116 = EDGE_LOOP ( 'NONE', ( #3810, #7266, #86, #6909 ) ) ;
#3117 = DIRECTION ( 'NONE',  ( 0.000000000000000000, 0.000000000000000000, 1.000000000000000000 ) ) ;
#3118 = ORIENTED_EDGE ( 'NONE', *, *, #250, .F. ) ;
#3119 = CARTESIAN_POINT ( 'NONE',  ( 75.00000000000000000, 31.00000000000000711, -1.532606157515346901 ) ) ;
#3120 = EDGE_CURVE ( 'NONE', #7167, #130, #807, .T. ) ;
#3121 = VERTEX_POINT ( 'NONE', #3994 ) ;
#3122 = EDGE_LOOP ( 'NONE', ( #8192, #3432, #2891, #4231 ) ) ;
#3123 = VECTOR ( 'NONE', #6895, 1000.000000000000000 ) ;
#3124 = CARTESIAN_POINT ( 'NONE',  ( 72.99999999999997158, 16.29999999999999361, -39.00000000000004263 ) ) ;
#3125 = FACE_OUTER_BOUND ( 'NONE', #2793, .T. ) ;
#3126 = EDGE_CURVE ( 'NONE', #6070, #4569, #764, .T. ) ;
#3127 = LINE ( 'NONE', #2476, #5708 ) ;
#3128 = AXIS2_PLACEMENT_3D ( 'NONE', #2581, #1967, #1838 ) ;
#3129 = CARTESIAN_POINT ( 'NONE',  ( -75.00000000000002842, 28.00000000000000711, -39.00000000000000711 ) ) ;
#3130 = EDGE_LOOP ( 'NONE', ( #4087, #4366, #525, #5307 ) ) ;
#3131 = LINE ( 'NONE', #8310, #6937 ) ;
#3132 = CARTESIAN_POINT ( 'NONE',  ( -56.06999999999999318, 2.000000000000000000, 12.99000000000000909 ) ) ;
#3133 = EDGE_CURVE ( 'NONE', #2304, #385, #7953, .T. ) ;
#3134 = CARTESIAN_POINT ( 'NONE',  ( -72.99999999999997158, 22.80000000000001847, -48.00000000000002842 ) ) ;
#3135 = ORIENTED_EDGE ( 'NONE', *, *, #780, .F. ) ;
#3136 = EDGE_CURVE ( 'NONE', #6738, #2768, #501, .T. ) ;
#3137 = CARTESIAN_POINT ( 'NONE',  ( 71.49999999999997158, 26.90192378864668754, 32.03286389632265951 ) ) ;
#3138 = ORIENTED_EDGE ( 'NONE', *, *, #6611, .F. ) ;
#3139 = DIRECTION ( 'NONE',  ( -0.000000000000000000, 1.000000000000000000, -0.000000000000000000 ) ) ;
#3140 = CARTESIAN_POINT ( 'NONE',  ( -27.00000000000002842, 25.69999999999999929, 50.00100000000001188 ) ) ;
#3141 = CARTESIAN_POINT ( 'NONE',  ( 71.49999999999997158, 31.00000000000001066, -6.532606157515349565 ) ) ;
#3142 = DIRECTION ( 'NONE',  ( 2.403703357979463522E-16, 0.4999999999999947820, 0.8660254037844418162 ) ) ;
#3143 = ADVANCED_FACE ( 'NONE', ( #2752 ), #3519, .F. ) ;
#3144 = CARTESIAN_POINT ( 'NONE',  ( 75.00000000000002842, 17.14833395016074391, 34.19999999999996732 ) ) ;
#3145 = ORIENTED_EDGE ( 'NONE', *, *, #5238, .T. ) ;
#3146 = EDGE_LOOP ( 'NONE', ( #3579, #1843, #5094, #4473 ) ) ;
#3147 = DIRECTION ( 'NONE',  ( 4.625929269271486407E-17, 0.000000000000000000, -1.000000000000000000 ) ) ;
#3148 = ORIENTED_EDGE ( 'NONE', *, *, #4857, .T. ) ;
#3149 = ORIENTED_EDGE ( 'NONE', *, *, #5793, .F. ) ;
#3150 = CARTESIAN_POINT ( 'NONE',  ( -16.05000000000041283, 6.599999999999988098, -53.84999999999989484 ) ) ;
#3151 = DIRECTION ( 'NONE',  ( -0.000000000000000000, 1.000000000000000000, -0.000000000000000000 ) ) ;
#3152 = DIRECTION ( 'NONE',  ( 0.000000000000000000, -1.000000000000000000, 0.000000000000000000 ) ) ;
#3153 = LINE ( 'NONE', #7084, #6981 ) ;
#3154 = ADVANCED_FACE ( 'NONE', ( #2177 ), #2136, .F. ) ;
#3155 = EDGE_CURVE ( 'NONE', #2749, #2455, #18, .T. ) ;
#3156 = ORIENTED_EDGE ( 'NONE', *, *, #4787, .T. ) ;
#3157 = DIRECTION ( 'NONE',  ( -0.000000000000000000, 0.000000000000000000, -1.000000000000000000 ) ) ;
#3158 = ORIENTED_EDGE ( 'NONE', *, *, #4946, .F. ) ;
#3159 = LINE ( 'NONE', #5007, #998 ) ;
#3160 = CARTESIAN_POINT ( 'NONE',  ( -72.99999999999997158, 36.99999999999997158, -8.032606157515310485 ) ) ;
#3161 = EDGE_LOOP ( 'NONE', ( #4984, #1807, #5253, #269 ) ) ;
#3162 = VERTEX_POINT ( 'NONE', #2796 ) ;
#3163 = VERTEX_POINT ( 'NONE', #1491 ) ;
#3164 = ADVANCED_FACE ( 'NONE', ( #5285 ), #6026, .T. ) ;
#3165 = DIRECTION ( 'NONE',  ( 0.000000000000000000, -0.000000000000000000, 1.000000000000000000 ) ) ;
#3166 = DIRECTION ( 'NONE',  ( -0.000000000000000000, -1.000000000000000000, 2.843808977011156843E-16 ) ) ;
#3167 = DIRECTION ( 'NONE',  ( 1.000000000000000000, 0.000000000000000000, 0.000000000000000000 ) ) ;
#3168 = ORIENTED_EDGE ( 'NONE', *, *, #292, .T. ) ;
#3169 = CARTESIAN_POINT ( 'NONE',  ( -61.36396103067892227, 16.10412869485259435, 44.96423692297864250 ) ) ;
#3170 = VECTOR ( 'NONE', #8193, 1000.000000000000114 ) ;
#3171 = CARTESIAN_POINT ( 'NONE',  ( 69.99999999999998579, 0.000000000000000000, 45.00000000000000711 ) ) ;
#3172 = DIRECTION ( 'NONE',  ( 2.403703357979466973E-16, 0.4999999999999947264, 0.8660254037844418162 ) ) ;
#3173 = EDGE_LOOP ( 'NONE', ( #7614, #3744, #4311, #4298 ) ) ;
#3174 = CARTESIAN_POINT ( 'NONE',  ( 66.99999999999998579, -25.11541972245050403, -35.50118301270219945 ) ) ;
#3175 = ORIENTED_EDGE ( 'NONE', *, *, #6863, .T. ) ;
#3176 = ADVANCED_FACE ( 'NONE', ( #6111 ), #201, .F. ) ;
#3177 = DIRECTION ( 'NONE',  ( 0.5773502691896275074, 0.5773502691896248429, -0.5773502691896248429 ) ) ;
#3178 = CARTESIAN_POINT ( 'NONE',  ( -56.07000000000000028, 5.000000000000000000, -40.93999999999999062 ) ) ;
#3179 = CARTESIAN_POINT ( 'NONE',  ( 55.00000000000004263, 18.52471034093876412, 41.25731238125685962 ) ) ;
#3180 = DIRECTION ( 'NONE',  ( -4.625929269271485791E-17, 0.000000000000000000, 1.000000000000000000 ) ) ;
#3181 = DIRECTION ( 'NONE',  ( 0.7071067811865475727, 0.000000000000000000, 0.7071067811865475727 ) ) ;
#3182 = EDGE_LOOP ( 'NONE', ( #631, #2590, #3569, #394 ) ) ;
#3183 = ORIENTED_EDGE ( 'NONE', *, *, #6151, .T. ) ;
#3184 = VECTOR ( 'NONE', #6970, 1000.000000000000000 ) ;
#3185 = DIRECTION ( 'NONE',  ( 1.000000000000000000, 0.000000000000000000, 0.000000000000000000 ) ) ;
#3186 = ORIENTED_EDGE ( 'NONE', *, *, #2801, .T. ) ;
#3187 = ADVANCED_FACE ( 'NONE', ( #8100 ), #7931, .F. ) ;
#3188 = ORIENTED_EDGE ( 'NONE', *, *, #7506, .F. ) ;
#3189 = CARTESIAN_POINT ( 'NONE',  ( 57.29289321881347519, 26.36245894405036694, 36.73218611540981016 ) ) ;
#3190 = VECTOR ( 'NONE', #7687, 1000.000000000000114 ) ;
#3191 = CARTESIAN_POINT ( 'NONE',  ( -71.49999999999997158, 32.00000000000001421, -1.532606157515309375 ) ) ;
#3192 = DIRECTION ( 'NONE',  ( 1.387778780781445478E-15, -0.8660254037844417052, 0.4999999999999947264 ) ) ;
#3193 = DIRECTION ( 'NONE',  ( -0.000000000000000000, 0.000000000000000000, 1.000000000000000000 ) ) ;
#3194 = EDGE_LOOP ( 'NONE', ( #7371, #6606, #6934, #3273 ) ) ;
#3195 = CARTESIAN_POINT ( 'NONE',  ( -54.99999999999998579, 18.52471034093875346, 41.25731238125688805 ) ) ;
#3196 = VERTEX_POINT ( 'NONE', #721 ) ;
#3197 = CARTESIAN_POINT ( 'NONE',  ( -75.00000000000000000, 17.14833395016074391, 34.20000000000000995 ) ) ;
#3198 = AXIS2_PLACEMENT_3D ( 'NONE', #8045, #5321, #4800 ) ;
#3199 = VECTOR ( 'NONE', #2966, 1000.000000000000000 ) ;
#3200 = VERTEX_POINT ( 'NONE', #2012 ) ;
#3201 = EDGE_CURVE ( 'NONE', #3065, #1378, #6800, .T. ) ;
#3202 = EDGE_CURVE ( 'NONE', #8217, #4502, #2711, .T. ) ;
#3203 = ORIENTED_EDGE ( 'NONE', *, *, #6660, .T. ) ;
#3204 = VECTOR ( 'NONE', #6910, 1000.000000000000000 ) ;
#3205 = CARTESIAN_POINT ( 'NONE',  ( -72.49999999999994316, 22.07179676972450366, 33.66683849253826821 ) ) ;
#3206 = ORIENTED_EDGE ( 'NONE', *, *, #5999, .F. ) ;
#3207 = FACE_OUTER_BOUND ( 'NONE', #5862, .T. ) ;
#3208 = DIRECTION ( 'NONE',  ( 1.000000000000000000, -0.000000000000000000, -2.775557561562891351E-16 ) ) ;
#3209 = AXIS2_PLACEMENT_3D ( 'NONE', #5612, #5566, #2371 ) ;
#3210 = AXIS2_PLACEMENT_3D ( 'NONE', #3886, #5788, #7262 ) ;
#3211 = CARTESIAN_POINT ( 'NONE',  ( 72.49999999999997158, 7.599999999999995204, 1.599999999999967226 ) ) ;
#3212 = PRODUCT ( '\X2\5e95\X0\3', '\X2\5e95\X0\3', '', ( #4890 ) ) ;
#3213 = EDGE_CURVE ( 'NONE', #8313, #5993, #153, .T. ) ;
#3214 = VERTEX_POINT ( 'NONE', #7017 ) ;
#3215 = DIRECTION ( 'NONE',  ( 0.000000000000000000, 0.000000000000000000, 1.000000000000000000 ) ) ;
#3216 = CARTESIAN_POINT ( 'NONE',  ( 71.49999999999997158, 32.00000000000001421, -6.532606157515350453 ) ) ;
#3217 = CARTESIAN_POINT ( 'NONE',  ( 0.000000000000000000, 0.000000000000000000, -46.50000000000000000 ) ) ;
#3218 = CIRCLE ( 'NONE', #5845, 3.510000000000004672 ) ;
#3219 = EDGE_LOOP ( 'NONE', ( #7952, #7709, #7983, #7207 ) ) ;
#3220 = VECTOR ( 'NONE', #3521, 1000.000000000000114 ) ;
#3221 = DIRECTION ( 'NONE',  ( -2.403703357979464015E-16, -0.4999999999999946154, -0.8660254037844419273 ) ) ;
#3222 = ORIENTED_EDGE ( 'NONE', *, *, #5297, .T. ) ;
#3223 = AXIS2_PLACEMENT_3D ( 'NONE', #8047, #3513, #6145 ) ;
#3224 = LINE ( 'NONE', #3267, #1845 ) ;
#3225 = CARTESIAN_POINT ( 'NONE',  ( 72.99999999999997158, 37.00000000000000711, -48.00000000000000000 ) ) ;
#3226 = CARTESIAN_POINT ( 'NONE',  ( 75.00000000000000000, 9.599999999999990763, -39.00000000000004263 ) ) ;
#3227 = DIRECTION ( 'NONE',  ( 0.000000000000000000, 1.000000000000000000, 0.000000000000000000 ) ) ;
#3228 = DIRECTION ( 'NONE',  ( -0.000000000000000000, -1.000000000000000000, -0.000000000000000000 ) ) ;
#3229 = VERTEX_POINT ( 'NONE', #4207 ) ;
#3230 = EDGE_CURVE ( 'NONE', #8108, #3587, #1617, .T. ) ;
#3231 = EDGE_LOOP ( 'NONE', ( #5839, #7444, #4864, #5882 ) ) ;
#3232 = VECTOR ( 'NONE', #3166, 1000.000000000000000 ) ;
#3233 = LINE ( 'NONE', #3920, #6791 ) ;
#3234 = ORIENTED_EDGE ( 'NONE', *, *, #4552, .F. ) ;
#3235 = ORIENTED_EDGE ( 'NONE', *, *, #56, .T. ) ;
#3236 = CARTESIAN_POINT ( 'NONE',  ( 64.49999999999992895, 37.00000000000000711, -48.00000000000000000 ) ) ;
#3237 = FACE_OUTER_BOUND ( 'NONE', #3011, .T. ) ;
#3238 = CARTESIAN_POINT ( 'NONE',  ( 12.89999999999997726, 31.00000000000000711, 52.59907621135331368 ) ) ;
#3239 = DIRECTION ( 'NONE',  ( 0.000000000000000000, 0.8660254037844417052, -0.4999999999999948375 ) ) ;
#3240 = ORIENTED_EDGE ( 'NONE', *, *, #4137, .T. ) ;
#3241 = ADVANCED_FACE ( 'NONE', ( #6236 ), #8230, .F. ) ;
#3242 = EDGE_LOOP ( 'NONE', ( #7592, #7261, #5202, #6755 ) ) ;
#3243 = PLANE ( 'NONE',  #5959 ) ;
#3244 = AXIS2_PLACEMENT_3D ( 'NONE', #19, #7191, #7108 ) ;
#3245 = VERTEX_POINT ( 'NONE', #2961 ) ;
#3246 = EDGE_LOOP ( 'NONE', ( #3966, #7992, #3118, #7276 ) ) ;
#3247 = CARTESIAN_POINT ( 'NONE',  ( 72.99999999999997158, 31.00000000000000711, -6.532606157515351342 ) ) ;
#3248 = DIRECTION ( 'NONE',  ( 0.000000000000000000, -1.000000000000000000, 0.000000000000000000 ) ) ;
#3249 = ORIENTED_EDGE ( 'NONE', *, *, #6576, .T. ) ;
#3250 = CARTESIAN_POINT ( 'NONE',  ( 72.99999999999997158, 31.00000000000000711, -0.03260615751533857409 ) ) ;
#3251 = ADVANCED_FACE ( 'NONE', ( #5590 ), #4374, .F. ) ;
#3252 = PLANE ( 'NONE',  #8054 ) ;
#3253 = EDGE_CURVE ( 'NONE', #1401, #1664, #6322, .T. ) ;
#3254 = LINE ( 'NONE', #2650, #4297 ) ;
#3255 = VECTOR ( 'NONE', #5042, 1000.000000000000000 ) ;
#3256 = VERTEX_POINT ( 'NONE', #8309 ) ;
#3257 = LINE ( 'NONE', #4464, #5578 ) ;
#3258 = CARTESIAN_POINT ( 'NONE',  ( 109.2000000000000028, 37.00000000000000711, 32.90000000000011937 ) ) ;
#3259 = VECTOR ( 'NONE', #6458, 1000.000000000000000 ) ;
#3260 = EDGE_CURVE ( 'NONE', #5563, #1246, #431, .T. ) ;
#3261 = FACE_OUTER_BOUND ( 'NONE', #3545, .T. ) ;
#3262 = EDGE_CURVE ( 'NONE', #7289, #5915, #973, .T. ) ;
#3263 = ORIENTED_EDGE ( 'NONE', *, *, #5999, .T. ) ;
#3264 = AXIS2_PLACEMENT_3D ( 'NONE', #4050, #4173, #907 ) ;
#3265 = DIRECTION ( 'NONE',  ( 0.000000000000000000, 0.8660254037844425934, -0.4999999999999933942 ) ) ;
#3266 = ORIENTED_EDGE ( 'NONE', *, *, #7994, .T. ) ;
#3267 = CARTESIAN_POINT ( 'NONE',  ( 75.00000000000002842, 26.90192378864666978, 32.03286389632267372 ) ) ;
#3268 = LINE ( 'NONE', #1236, #5046 ) ;
#3269 = DIRECTION ( 'NONE',  ( 0.000000000000000000, -0.8660254037844413721, 0.4999999999999952816 ) ) ;
#3270 = CARTESIAN_POINT ( 'NONE',  ( -56.06999999999999318, 5.000000000000000000, 12.99000000000000909 ) ) ;
#3271 = CIRCLE ( 'NONE', #6580, 1.000000000000000222 ) ;
#3272 = DIRECTION ( 'NONE',  ( 0.000000000000000000, 1.000000000000000000, 0.000000000000000000 ) ) ;
#3273 = ORIENTED_EDGE ( 'NONE', *, *, #8256, .T. ) ;
#3274 = ORIENTED_EDGE ( 'NONE', *, *, #6071, .T. ) ;
#3275 = CYLINDRICAL_SURFACE ( 'NONE', #5828, 0.5000000000000004441 ) ;
#3276 = ORIENTED_EDGE ( 'NONE', *, *, #6363, .T. ) ;
#3277 = ORIENTED_EDGE ( 'NONE', *, *, #4946, .T. ) ;
#3278 = CARTESIAN_POINT ( 'NONE',  ( 12.89999999999997904, 73.19953810567669450, 10.39953810567632253 ) ) ;
#3279 = EDGE_CURVE ( 'NONE', #7056, #3464, #5543, .T. ) ;
#3280 = CARTESIAN_POINT ( 'NONE',  ( 75.00000000000000000, 10.96912586664353739, 47.92893218813453160 ) ) ;
#3281 = LINE ( 'NONE', #5218, #7054 ) ;
#3282 = VERTEX_POINT ( 'NONE', #7575 ) ;
#3283 = VERTEX_POINT ( 'NONE', #6882 ) ;
#3284 = DIRECTION ( 'NONE',  ( 0.000000000000000000, 0.8660254037844425934, -0.4999999999999933942 ) ) ;
#3285 = VECTOR ( 'NONE', #8162, 1000.000000000000000 ) ;
#3286 = ORIENTED_EDGE ( 'NONE', *, *, #1821, .T. ) ;
#3287 = EDGE_LOOP ( 'NONE', ( #6142, #947, #817, #7696 ) ) ;
#3288 = ADVANCED_FACE ( 'NONE', ( #5499 ), #1014, .F. ) ;
#3289 = DIRECTION ( 'NONE',  ( 0.7071067811865503483, -0.3535533905932723431, -0.6123724356957920278 ) ) ;
#3290 = DIRECTION ( 'NONE',  ( 0.7071067811865479058, 0.6123724356957962467, -0.3535533905932699006 ) ) ;
#3291 = ORIENTED_EDGE ( 'NONE', *, *, #2874, .T. ) ;
#3292 = PLANE ( 'NONE',  #6682 ) ;
#3293 = CIRCLE ( 'NONE', #1361, 1.899999999999999467 ) ;
#3294 = ADVANCED_FACE ( 'NONE', ( #3598 ), #1698, .T. ) ;
#3295 = CARTESIAN_POINT ( 'NONE',  ( -45.99999999999997868, 29.41820693123829500, 34.96794919243124866 ) ) ;
#3296 = PLANE ( 'NONE',  #6647 ) ;
#3297 = EDGE_CURVE ( 'NONE', #5097, #1336, #2077, .T. ) ;
#3298 = ORIENTED_EDGE ( 'NONE', *, *, #2094, .T. ) ;
#3299 = LINE ( 'NONE', #3817, #1578 ) ;
#3300 = CYLINDRICAL_SURFACE ( 'NONE', #4617, 3.000000000000002665 ) ;
#3301 = DIRECTION ( 'NONE',  ( 0.000000000000000000, 0.8660254037844412611, -0.4999999999999956146 ) ) ;
#3302 = ORIENTED_EDGE ( 'NONE', *, *, #1832, .F. ) ;
#3303 = CARTESIAN_POINT ( 'NONE',  ( 71.49999999999997158, 7.599999999999995204, -3.400000000000032774 ) ) ;
#3304 = ORIENTED_EDGE ( 'NONE', *, *, #5310, .F. ) ;
#3305 = EDGE_CURVE ( 'NONE', #8512, #1030, #371, .T. ) ;
#3306 = EDGE_CURVE ( 'NONE', #4568, #7989, #3003, .T. ) ;
#3307 = DIRECTION ( 'NONE',  ( 0.5773502691896242878, -0.5773502691896243988, -0.5773502691896285066 ) ) ;
#3308 = DIRECTION ( 'NONE',  ( 0.000000000000000000, 1.000000000000000000, 0.000000000000000000 ) ) ;
#3309 = CYLINDRICAL_SURFACE ( 'NONE', #2847, 1.000000000000000222 ) ;
#3310 = CARTESIAN_POINT ( 'NONE',  ( 75.00000000000000000, 0.000000000000000000, 45.00000000000000711 ) ) ;
#3311 = DIRECTION ( 'NONE',  ( -2.403703357979464015E-16, -0.4999999999999946154, -0.8660254037844419273 ) ) ;
#3312 = ORIENTED_EDGE ( 'NONE', *, *, #1133, .F. ) ;
#3313 = VECTOR ( 'NONE', #6512, 1000.000000000000000 ) ;
#3314 = CARTESIAN_POINT ( 'NONE',  ( -75.00000000000001421, 6.599999999999989875, -36.00000000000000711 ) ) ;
#3315 = ORIENTED_EDGE ( 'NONE', *, *, #6525, .F. ) ;
#3316 = EDGE_CURVE ( 'NONE', #513, #7965, #2878, .T. ) ;
#3317 = ORIENTED_EDGE ( 'NONE', *, *, #3794, .F. ) ;
#3318 = DIRECTION ( 'NONE',  ( -2.403703357979464508E-16, -0.4999999999999947264, -0.8660254037844417052 ) ) ;
#3319 = DIRECTION ( 'NONE',  ( 1.000000000000000000, -9.860761315262645378E-32, -2.775557561562891351E-16 ) ) ;
#3320 = DIRECTION ( 'NONE',  ( 0.000000000000000000, 1.000000000000000000, 0.000000000000000000 ) ) ;
#3321 = EDGE_LOOP ( 'NONE', ( #7544, #3145, #1800, #7815, #4696, #4993, #8284, #4058, #6348, #4915 ) ) ;
#3322 = COLOUR_RGB ( '',1.000000000000000000, 1.000000000000000000, 1.000000000000000000 ) ;
#3323 = ORIENTED_EDGE ( 'NONE', *, *, #3305, .T. ) ;
#3324 = CARTESIAN_POINT ( 'NONE',  ( -71.49999999999997158, 32.00000000000001421, -1.532606157515309375 ) ) ;
#3325 = AXIS2_PLACEMENT_3D ( 'NONE', #6388, #5697, #392 ) ;
#3326 = VERTEX_POINT ( 'NONE', #5672 ) ;
#3327 = DIRECTION ( 'NONE',  ( -1.000000000000000000, 1.201851678989718695E-16, 2.081668171172185030E-16 ) ) ;
#3328 = CARTESIAN_POINT ( 'NONE',  ( 15.89999999999998437, 31.00000000000000711, -49.99999999999999289 ) ) ;
#3329 = ORIENTED_EDGE ( 'NONE', *, *, #5192, .F. ) ;
#3330 = DIRECTION ( 'NONE',  ( 1.000000000000000000, -1.201851678989718695E-16, -2.081668171172184784E-16 ) ) ;
#3331 = CARTESIAN_POINT ( 'NONE',  ( 1.081479882382258561E-14, 22.49611789225380676, 38.96441916244342707 ) ) ;
#3332 = VECTOR ( 'NONE', #1149, 1000.000000000000114 ) ;
#3333 = DIRECTION ( 'NONE',  ( -4.625929269271485791E-17, 0.000000000000000000, 1.000000000000000000 ) ) ;
#3334 = EDGE_CURVE ( 'NONE', #458, #5630, #2263, .T. ) ;
#3335 = CIRCLE ( 'NONE', #4435, 1.000000000000000222 ) ;
#3336 = ORIENTED_EDGE ( 'NONE', *, *, #8114, .T. ) ;
#3337 = LINE ( 'NONE', #5800, #3375 ) ;
#3338 = DIRECTION ( 'NONE',  ( 1.000000000000000000, 0.000000000000000000, 0.000000000000000000 ) ) ;
#3339 = AXIS2_PLACEMENT_3D ( 'NONE', #4390, #949, #4262 ) ;
#3340 = DIRECTION ( 'NONE',  ( 0.000000000000000000, -0.8660254037844413721, 0.4999999999999952816 ) ) ;
#3341 = EDGE_LOOP ( 'NONE', ( #240, #6063, #5379, #1101 ) ) ;
#3342 = EDGE_CURVE ( 'NONE', #3790, #7507, #2219, .T. ) ;
#3343 = CARTESIAN_POINT ( 'NONE',  ( 15.89999999999998082, 6.600000000000000533, -47.99999999999999289 ) ) ;
#3344 = VECTOR ( 'NONE', #222, 1000.000000000000000 ) ;
#3345 = AXIS2_PLACEMENT_3D ( 'NONE', #7530, #4280, #7442 ) ;
#3346 = ORIENTED_EDGE ( 'NONE', *, *, #3202, .T. ) ;
#3347 = ORIENTED_EDGE ( 'NONE', *, *, #3355, .F. ) ;
#3348 = LINE ( 'NONE', #5330, #5306 ) ;
#3349 = DIRECTION ( 'NONE',  ( 0.000000000000000000, 0.000000000000000000, -1.000000000000000000 ) ) ;
#3350 = DIRECTION ( 'NONE',  ( 0.000000000000000000, 0.8660254037844425934, -0.4999999999999933942 ) ) ;
#3351 = LINE ( 'NONE', #4039, #1462 ) ;
#3352 = DIRECTION ( 'NONE',  ( -2.403703357979465001E-16, -0.4999999999999948375, -0.8660254037844418162 ) ) ;
#3353 = ORIENTED_EDGE ( 'NONE', *, *, #5977, .T. ) ;
#3354 = AXIS2_PLACEMENT_3D ( 'NONE', #6317, #1184, #3167 ) ;
#3355 = EDGE_CURVE ( 'NONE', #3229, #2159, #4896, .T. ) ;
#3356 = ADVANCED_FACE ( 'NONE', ( #279 ), #615, .F. ) ;
#3357 = CARTESIAN_POINT ( 'NONE',  ( -72.99999999999997158, 35.00000000000000000, 32.90000000000017621 ) ) ;
#3358 = EDGE_LOOP ( 'NONE', ( #6061, #3454, #7600, #188, #8179, #6726 ) ) ;
#3359 = ORIENTED_EDGE ( 'NONE', *, *, #7695, .T. ) ;
#3360 = CARTESIAN_POINT ( 'NONE',  ( -75.00000000000000000, 17.95218152745410478, 37.20000000000000995 ) ) ;
#3361 = PLANE ( 'NONE',  #3697 ) ;
#3362 = LINE ( 'NONE', #1506, #5190 ) ;
#3363 = CIRCLE ( 'NONE', #330, 0.5000000000000004441 ) ;
#3364 = VECTOR ( 'NONE', #6924, 1000.000000000000000 ) ;
#3365 = ORIENTED_EDGE ( 'NONE', *, *, #7784, .T. ) ;
#3366 = ORIENTED_EDGE ( 'NONE', *, *, #6199, .F. ) ;
#3367 = EDGE_CURVE ( 'NONE', #545, #2066, #2735, .T. ) ;
#3368 = CARTESIAN_POINT ( 'NONE',  ( 75.00000000000000000, 6.599999999999989875, -39.00000000000004263 ) ) ;
#3369 = ORIENTED_EDGE ( 'NONE', *, *, #357, .F. ) ;
#3370 = VECTOR ( 'NONE', #6941, 1000.000000000000114 ) ;
#3371 = ORIENTED_EDGE ( 'NONE', *, *, #4095, .T. ) ;
#3372 = DIRECTION ( 'NONE',  ( -2.081668171172184537E-16, 0.000000000000000000, -1.000000000000000000 ) ) ;
#3373 = DIRECTION ( 'NONE',  ( 0.000000000000000000, 0.000000000000000000, -1.000000000000000000 ) ) ;
#3374 = ORIENTED_EDGE ( 'NONE', *, *, #1982, .F. ) ;
#3375 = VECTOR ( 'NONE', #7837, 1000.000000000000000 ) ;
#3376 = CARTESIAN_POINT ( 'NONE',  ( -27.00000000000002487, 25.69999999999999929, -49.99999999999999289 ) ) ;
#3377 = PLANE ( 'NONE',  #3773 ) ;
#3378 = AXIS2_PLACEMENT_3D ( 'NONE', #1565, #3037, #4370 ) ;
#3379 = EDGE_CURVE ( 'NONE', #4226, #4579, #231, .T. ) ;
#3380 = DIRECTION ( 'NONE',  ( -0.000000000000000000, 0.000000000000000000, 1.000000000000000000 ) ) ;
#3381 = AXIS2_PLACEMENT_3D ( 'NONE', #5099, #7051, #1135 ) ;
#3382 = ORIENTED_EDGE ( 'NONE', *, *, #4716, .F. ) ;
#3383 = CIRCLE ( 'NONE', #1589, 3.509999999999991793 ) ;
#3384 = ADVANCED_FACE ( 'NONE', ( #5225 ), #2559, .F. ) ;
#3385 = CARTESIAN_POINT ( 'NONE',  ( 56.00000000000002842, 26.46752544356886361, 36.67152594362998030 ) ) ;
#3386 = PLANE ( 'NONE',  #1581 ) ;
#3387 = CARTESIAN_POINT ( 'NONE',  ( 2.399999999999972378, 6.400000000000000355, -49.99999999999999289 ) ) ;
#3388 = ORIENTED_EDGE ( 'NONE', *, *, #7152, .F. ) ;
#3389 = LINE ( 'NONE', #7926, #3863 ) ;
#3390 = VECTOR ( 'NONE', #7369, 1000.000000000000000 ) ;
#3391 = EDGE_LOOP ( 'NONE', ( #1750, #1721, #608, #7388 ) ) ;
#3392 = VERTEX_POINT ( 'NONE', #3977 ) ;
#3394 = DIRECTION ( 'NONE',  ( 0.000000000000000000, -0.000000000000000000, -1.000000000000000000 ) ) ;
#3393 = AXIS2_PLACEMENT_3D ( 'NONE', #420, #5161, #1888 ) ;
#3395 = DIRECTION ( 'NONE',  ( 0.000000000000000000, 0.000000000000000000, 1.000000000000000000 ) ) ;
#3396 = EDGE_CURVE ( 'NONE', #7776, #8420, #1909, .T. ) ;
#3397 = CARTESIAN_POINT ( 'NONE',  ( 61.00000000000004263, 20.03201627711603905, 42.69646997001225941 ) ) ;
#3398 = CARTESIAN_POINT ( 'NONE',  ( 64.49999999999992895, 22.80000000000001137, -48.00000000000000000 ) ) ;
#3399 = CARTESIAN_POINT ( 'NONE',  ( 72.99999999999997158, 35.00000000000000000, 31.16794919243125506 ) ) ;
#3400 = AXIS2_PLACEMENT_3D ( 'NONE', #6701, #3750, #6389 ) ;
#3401 = FACE_OUTER_BOUND ( 'NONE', #2088, .T. ) ;
#3402 = VECTOR ( 'NONE', #5941, 1000.000000000000000 ) ;
#3403 = ORIENTED_EDGE ( 'NONE', *, *, #8521, .T. ) ;
#3404 = EDGE_CURVE ( 'NONE', #2721, #8307, #5838, .T. ) ;
#3405 = DIRECTION ( 'NONE',  ( -0.7071067811865475727, 0.7071067811865475727, 0.000000000000000000 ) ) ;
#3406 = ORIENTED_EDGE ( 'NONE', *, *, #3577, .F. ) ;
#3407 = ORIENTED_EDGE ( 'NONE', *, *, #5717, .T. ) ;
#3408 = DIRECTION ( 'NONE',  ( -0.000000000000000000, 0.000000000000000000, -1.000000000000000000 ) ) ;
#3409 = EDGE_CURVE ( 'NONE', #3795, #5994, #7304, .T. ) ;
#3410 = CARTESIAN_POINT ( 'NONE',  ( 2.899999999999969269, 21.60000000000000142, -47.99999999999999289 ) ) ;
#3411 = CARTESIAN_POINT ( 'NONE',  ( -59.94974746830582291, 13.87938382346102451, 43.93929289659632076 ) ) ;
#3412 = VERTEX_POINT ( 'NONE', #4709 ) ;
#3413 = ORIENTED_EDGE ( 'NONE', *, *, #4444, .F. ) ;
#3414 = DIRECTION ( 'NONE',  ( 1.000000000000000000, -7.288754100742888174E-17, 0.000000000000000000 ) ) ;
#3415 = ORIENTED_EDGE ( 'NONE', *, *, #2529, .T. ) ;
#3416 = ORIENTED_EDGE ( 'NONE', *, *, #6081, .T. ) ;
#3417 = EDGE_CURVE ( 'NONE', #2663, #468, #7868, .T. ) ;
#3418 = ADVANCED_FACE ( 'NONE', ( #659 ), #6009, .T. ) ;
#3419 = CYLINDRICAL_SURFACE ( 'NONE', #2099, 1.000000000000000222 ) ;
#3420 = DIRECTION ( 'NONE',  ( 0.000000000000000000, -0.8660254037844413721, 0.4999999999999952816 ) ) ;
#3421 = ORIENTED_EDGE ( 'NONE', *, *, #5173, .F. ) ;
#3422 = CARTESIAN_POINT ( 'NONE',  ( 46.51500000000000767, 9.421680357855525045, 46.51294919243110115 ) ) ;
#3423 = LINE ( 'NONE', #6138, #3636 ) ;
#3424 = CARTESIAN_POINT ( 'NONE',  ( -57.29289321881344677, 27.36245894405033141, 38.46423692297871355 ) ) ;
#3425 = EDGE_CURVE ( 'NONE', #3060, #4568, #452, .T. ) ;
#3426 = VERTEX_POINT ( 'NONE', #52 ) ;
#3427 = CYLINDRICAL_SURFACE ( 'NONE', #573, 1.900000000000005240 ) ;
#3428 = CARTESIAN_POINT ( 'NONE',  ( 58.99999999999995026, 9.599999999999999645, 52.59907621135331368 ) ) ;
#3429 = LINE ( 'NONE', #7441, #5561 ) ;
#3430 = LINE ( 'NONE', #2873, #5967 ) ;
#3431 = DIRECTION ( 'NONE',  ( 0.000000000000000000, -0.8660254037844418162, 0.4999999999999946709 ) ) ;
#3432 = ORIENTED_EDGE ( 'NONE', *, *, #4880, .T. ) ;
#3433 = ORIENTED_EDGE ( 'NONE', *, *, #3721, .F. ) ;
#3434 = DIRECTION ( 'NONE',  ( -0.000000000000000000, 1.000000000000000000, 0.000000000000000000 ) ) ;
#3435 = DIRECTION ( 'NONE',  ( 1.000000000000000000, 0.000000000000000000, 0.000000000000000000 ) ) ;
#3436 = CARTESIAN_POINT ( 'NONE',  ( 11.89999999999998082, 21.30000000000000782, -46.50000000000000000 ) ) ;
#3437 = LINE ( 'NONE', #1494, #5317 ) ;
#3438 = CARTESIAN_POINT ( 'NONE',  ( 57.00000000000000711, -18.03863002360481715, -39.58696945032906456 ) ) ;
#3439 = CARTESIAN_POINT ( 'NONE',  ( 12.89999999999998259, 31.00000000000000711, -49.99999999999999289 ) ) ;
#3440 = ORIENTED_EDGE ( 'NONE', *, *, #8114, .F. ) ;
#3441 = DIRECTION ( 'NONE',  ( 0.000000000000000000, 0.8660254037844425934, -0.4999999999999933942 ) ) ;
#3442 = EDGE_CURVE ( 'NONE', #276, #5423, #5351, .T. ) ;
#3443 = VERTEX_POINT ( 'NONE', #7347 ) ;
#3444 = ORIENTED_EDGE ( 'NONE', *, *, #7104, .T. ) ;
#3445 = CARTESIAN_POINT ( 'NONE',  ( -75.00000000000002842, 37.00000000000000711, -50.00000000000000000 ) ) ;
#3446 = CARTESIAN_POINT ( 'NONE',  ( 72.49999999999997158, 7.599999999999995204, 1.599999999999967226 ) ) ;
#3447 = CARTESIAN_POINT ( 'NONE',  ( -26.50000000000002487, 26.20000000000000284, -49.99999999999999289 ) ) ;
#3448 = AXIS2_PLACEMENT_3D ( 'NONE', #3967, #3875, #2762 ) ;
#3449 = VERTEX_POINT ( 'NONE', #7991 ) ;
#3450 = VERTEX_POINT ( 'NONE', #3328 ) ;
#3451 = CARTESIAN_POINT ( 'NONE',  ( -60.65685424949240456, -12.78093107043130416, -42.62250335626173126 ) ) ;
#3452 = EDGE_CURVE ( 'NONE', #6907, #6975, #1996, .T. ) ;
#3453 = ORIENTED_EDGE ( 'NONE', *, *, #3675, .F. ) ;
#3454 = ORIENTED_EDGE ( 'NONE', *, *, #3379, .T. ) ;
#3455 = CARTESIAN_POINT ( 'NONE',  ( -50.30000000000003268, 26.20000000000000284, 50.00100000000001188 ) ) ;
#3456 = DIRECTION ( 'NONE',  ( 0.000000000000000000, -0.000000000000000000, 1.000000000000000000 ) ) ;
#3457 = EDGE_LOOP ( 'NONE', ( #6424, #1386 ) ) ;
#3458 = FACE_OUTER_BOUND ( 'NONE', #6169, .T. ) ;
#3459 = LINE ( 'NONE', #2824, #1700 ) ;
#3460 = CARTESIAN_POINT ( 'NONE',  ( 56.00000000000002842, 27.46752544356884584, 38.40357675119884107 ) ) ;
#3461 = EDGE_CURVE ( 'NONE', #2640, #2876, #8472, .T. ) ;
#3462 = EDGE_CURVE ( 'NONE', #2513, #5759, #7319, .T. ) ;
#3463 = VECTOR ( 'NONE', #263, 1000.000000000000000 ) ;
#3464 = VERTEX_POINT ( 'NONE', #2690 ) ;
#3465 = LINE ( 'NONE', #4197, #7334 ) ;
#3466 = DIRECTION ( 'NONE',  ( 2.403703357979464508E-16, 0.4999999999999947264, 0.8660254037844417052 ) ) ;
#3467 = AXIS2_PLACEMENT_3D ( 'NONE', #7290, #6119, #5505 ) ;
#3468 = CARTESIAN_POINT ( 'NONE',  ( 61.99999999999995737, 22.80000000000001137, -47.99999999999999289 ) ) ;
#3469 = CARTESIAN_POINT ( 'NONE',  ( 60.00000000000000711, -18.18721649217494374, -39.50118301270217103 ) ) ;
#3470 = EDGE_CURVE ( 'NONE', #3834, #6558, #6362, .T. ) ;
#3471 = CARTESIAN_POINT ( 'NONE',  ( -17.80000000000002558, 21.60000000000000142, -47.99999999999999289 ) ) ;
#3472 = ORIENTED_EDGE ( 'NONE', *, *, #1714, .F. ) ;
#3473 = ORIENTED_EDGE ( 'NONE', *, *, #2608, .T. ) ;
#3474 = PLANE ( 'NONE',  #2278 ) ;
#3475 = CIRCLE ( 'NONE', #8303, 4.999999999999997335 ) ;
#3476 = DIRECTION ( 'NONE',  ( -2.403703357979464015E-16, -0.4999999999999946154, -0.8660254037844419273 ) ) ;
#3477 = CARTESIAN_POINT ( 'NONE',  ( 66.00000000000001421, 19.89804168090045522, 40.46441916244339154 ) ) ;
#3478 = DIRECTION ( 'NONE',  ( 0.6546536707079794182, -0.7559289460184525078, 0.000000000000000000 ) ) ;
#3479 = DIRECTION ( 'NONE',  ( -0.7071067811865496822, 0.6123724356957949144, -0.3535533905932687349 ) ) ;
#3480 = ORIENTED_EDGE ( 'NONE', *, *, #2529, .F. ) ;
#3481 = CIRCLE ( 'NONE', #7615, 3.000000000000002665 ) ;
#3482 = AXIS2_PLACEMENT_3D ( 'NONE', #6478, #6566, #4009 ) ;
#3483 = DIRECTION ( 'NONE',  ( -0.000000000000000000, 1.000000000000000000, 0.000000000000000000 ) ) ;
#3484 = ORIENTED_EDGE ( 'NONE', *, *, #2928, .F. ) ;
#3485 = ORIENTED_EDGE ( 'NONE', *, *, #5327, .T. ) ;
#3486 = CARTESIAN_POINT ( 'NONE',  ( 71.49999999999997158, 31.00000000000001066, 0.000000000000000000 ) ) ;
#3487 = LINE ( 'NONE', #2276, #1084 ) ;
#3488 = CARTESIAN_POINT ( 'NONE',  ( 71.49999999999997158, 23.07179676972450011, 35.39888930010710766 ) ) ;
#3489 = AXIS2_PLACEMENT_3D ( 'NONE', #4843, #800, #6187 ) ;
#3490 = ADVANCED_FACE ( 'NONE', ( #7182 ), #3893, .F. ) ;
#3491 = VERTEX_POINT ( 'NONE', #4749 ) ;
#3492 = EDGE_LOOP ( 'NONE', ( #5778, #4029, #7978, #5690 ) ) ;
#3493 = VECTOR ( 'NONE', #4721, 1000.000000000000000 ) ;
#3494 = DIRECTION ( 'NONE',  ( 2.403703357979464508E-16, 0.4999999999999947264, 0.8660254037844417052 ) ) ;
#3495 = CIRCLE ( 'NONE', #6804, 1.000000000000000222 ) ;
#3496 = ORIENTED_EDGE ( 'NONE', *, *, #4673, .F. ) ;
#3497 = ORIENTED_EDGE ( 'NONE', *, *, #2747, .T. ) ;
#3498 = CARTESIAN_POINT ( 'NONE',  ( -60.65685424949239035, 32.72522439674235528, 35.36804284526619568 ) ) ;
#3499 = CIRCLE ( 'NONE', #2540, 2.999999999999997780 ) ;
#3500 = LINE ( 'NONE', #5519, #6079 ) ;
#3501 =( LENGTH_UNIT ( ) NAMED_UNIT ( * ) SI_UNIT ( .MILLI., .METRE. ) );
#3502 = EDGE_CURVE ( 'NONE', #4486, #7139, #6742, .T. ) ;
#3503 = FACE_BOUND ( 'NONE', #6979, .T. ) ;
#3504 = LINE ( 'NONE', #878, #5122 ) ;
#3505 = VECTOR ( 'NONE', #5396, 1000.000000000000000 ) ;
#3506 = VECTOR ( 'NONE', #2474, 1000.000000000000114 ) ;
#3507 = VERTEX_POINT ( 'NONE', #5441 ) ;
#3508 = EDGE_CURVE ( 'NONE', #276, #2109, #1597, .T. ) ;
#3509 = PLANE ( 'NONE',  #3198 ) ;
#3510 = EDGE_CURVE ( 'NONE', #4265, #8497, #303, .T. ) ;
#3511 = VECTOR ( 'NONE', #3479, 1000.000000000000000 ) ;
#3512 = DIRECTION ( 'NONE',  ( -0.000000000000000000, 1.000000000000000000, -0.000000000000000000 ) ) ;
#3513 = DIRECTION ( 'NONE',  ( 2.403703357979463522E-16, 0.4999999999999947820, 0.8660254037844418162 ) ) ;
#3514 = PLANE ( 'NONE',  #5137 ) ;
#3515 = CIRCLE ( 'NONE', #4623, 1.000000000000000222 ) ;
#3516 = VERTEX_POINT ( 'NONE', #8207 ) ;
#3517 = VERTEX_POINT ( 'NONE', #2941 ) ;
#3518 = CARTESIAN_POINT ( 'NONE',  ( 75.00000000000002842, 6.599999999999999645, 37.19999999999996732 ) ) ;
#3519 = PLANE ( 'NONE',  #2209 ) ;
#3520 = EDGE_CURVE ( 'NONE', #6587, #174, #7594, .T. ) ;
#3521 = DIRECTION ( 'NONE',  ( 0.5773502691896245098, -0.5773502691896248429, -0.5773502691896280625 ) ) ;
#3522 = ADVANCED_FACE ( 'NONE', ( #8079 ), #1515, .F. ) ;
#3523 = DIRECTION ( 'NONE',  ( -1.000000000000000000, 0.000000000000000000, 0.000000000000000000 ) ) ;
#3524 = CARTESIAN_POINT ( 'NONE',  ( -71.49999999999997158, 32.00000000000001421, -1.532606157515309375 ) ) ;
#3525 = EDGE_LOOP ( 'NONE', ( #4382, #1252, #2102, #2031 ) ) ;
#3526 = DIRECTION ( 'NONE',  ( 2.403703357979463522E-16, 0.4999999999999947820, 0.8660254037844418162 ) ) ;
#3527 = AXIS2_PLACEMENT_3D ( 'NONE', #7286, #2054, #2095 ) ;
#3528 = ORIENTED_EDGE ( 'NONE', *, *, #4909, .T. ) ;
#3529 = CARTESIAN_POINT ( 'NONE',  ( 11.89999999999998082, 21.30000000000000782, -46.50000000000000000 ) ) ;
#3530 = AXIS2_PLACEMENT_3D ( 'NONE', #3438, #6068, #2179 ) ;
#3531 = EDGE_CURVE ( 'NONE', #3575, #5993, #4872, .T. ) ;
#3532 = LINE ( 'NONE', #6124, #6872 ) ;
#3533 = FACE_OUTER_BOUND ( 'NONE', #5168, .T. ) ;
#3534 = ORIENTED_EDGE ( 'NONE', *, *, #7361, .T. ) ;
#3535 = AXIS2_PLACEMENT_3D ( 'NONE', #677, #3476, #6155 ) ;
#3536 = ORIENTED_EDGE ( 'NONE', *, *, #582, .T. ) ;
#3537 = LINE ( 'NONE', #8329, #2234 ) ;
#3538 = VERTEX_POINT ( 'NONE', #6175 ) ;
#3539 = EDGE_CURVE ( 'NONE', #4630, #8307, #3500, .T. ) ;
#3540 = VERTEX_POINT ( 'NONE', #790 ) ;
#3541 = LINE ( 'NONE', #4140, #5966 ) ;
#3542 = DIRECTION ( 'NONE',  ( 2.403703357979464508E-16, 0.4999999999999947264, 0.8660254037844417052 ) ) ;
#3543 = DIRECTION ( 'NONE',  ( -4.625929269271485791E-17, 0.000000000000000000, 1.000000000000000000 ) ) ;
#3544 = CIRCLE ( 'NONE', #7789, 1.000000000000000222 ) ;
#3545 = EDGE_LOOP ( 'NONE', ( #8236, #2728, #7049, #2322 ) ) ;
#3546 = LINE ( 'NONE', #3671, #4855 ) ;
#3547 = EDGE_LOOP ( 'NONE', ( #657, #3086, #3413, #1773 ) ) ;
#3548 = DIRECTION ( 'NONE',  ( 0.000000000000000000, 0.000000000000000000, 1.000000000000000000 ) ) ;
#3549 = ADVANCED_FACE ( 'NONE', ( #6700 ), #4917, .T. ) ;
#3550 = ORIENTED_EDGE ( 'NONE', *, *, #7386, .T. ) ;
#3551 = EDGE_CURVE ( 'NONE', #1089, #6817, #2774, .T. ) ;
#3552 = DIRECTION ( 'NONE',  ( 0.000000000000000000, -0.8660254037844418162, 0.4999999999999946709 ) ) ;
#3553 = DIRECTION ( 'NONE',  ( 0.000000000000000000, 0.000000000000000000, 1.000000000000000000 ) ) ;
#3554 = CARTESIAN_POINT ( 'NONE',  ( 12.89999999999997904, -23.39953810567660497, -1.800461894323673873 ) ) ;
#3555 = FACE_OUTER_BOUND ( 'NONE', #4695, .T. ) ;
#3556 = EDGE_CURVE ( 'NONE', #5759, #3449, #8034, .T. ) ;
#3557 = ORIENTED_EDGE ( 'NONE', *, *, #6474, .T. ) ;
#3558 = ORIENTED_EDGE ( 'NONE', *, *, #8256, .F. ) ;
#3559 = LINE ( 'NONE', #1490, #5586 ) ;
#3560 = DIRECTION ( 'NONE',  ( 0.000000000000000000, 1.000000000000000000, -0.000000000000000000 ) ) ;
#3561 = CYLINDRICAL_SURFACE ( 'NONE', #6531, 1.000000000000000222 ) ;
#3562 = CARTESIAN_POINT ( 'NONE',  ( -54.99999999999998579, 19.16599087333158025, 43.19646997001229494 ) ) ;
#3563 = DIRECTION ( 'NONE',  ( 1.000000000000000000, 0.000000000000000000, 0.000000000000000000 ) ) ;
#3564 = VECTOR ( 'NONE', #5643, 1000.000000000000000 ) ;
#3565 = ORIENTED_EDGE ( 'NONE', *, *, #3747, .T. ) ;
#3566 = DIRECTION ( 'NONE',  ( 2.403703357979461550E-16, 0.4999999999999947820, 0.8660254037844415942 ) ) ;
#3567 = EDGE_CURVE ( 'NONE', #2933, #3491, #223, .T. ) ;
#3568 = EDGE_CURVE ( 'NONE', #1363, #3214, #2863, .T. ) ;
#3569 = ORIENTED_EDGE ( 'NONE', *, *, #2073, .T. ) ;
#3570 = CARTESIAN_POINT ( 'NONE',  ( 72.99999999999997158, 28.00000000000000711, 27.93478768496934705 ) ) ;
#3571 = DIRECTION ( 'NONE',  ( -4.625929269271485791E-17, 0.000000000000000000, 1.000000000000000000 ) ) ;
#3572 = CARTESIAN_POINT ( 'NONE',  ( 65.99999999999998579, -24.24939431866606299, -36.00118301270219234 ) ) ;
#3573 = DIRECTION ( 'NONE',  ( -2.403703357979464015E-16, -0.4999999999999946154, -0.8660254037844419273 ) ) ;
#3574 = ORIENTED_EDGE ( 'NONE', *, *, #804, .F. ) ;
#3575 = VERTEX_POINT ( 'NONE', #4102 ) ;
#3576 = LINE ( 'NONE', #7717, #8444 ) ;
#3577 = EDGE_CURVE ( 'NONE', #6826, #1321, #4185, .T. ) ;
#3578 = ORIENTED_EDGE ( 'NONE', *, *, #1341, .T. ) ;
#3579 = ORIENTED_EDGE ( 'NONE', *, *, #2450, .F. ) ;
#3580 = DIRECTION ( 'NONE',  ( 0.000000000000000000, 0.000000000000000000, -1.000000000000000000 ) ) ;
#3581 = CARTESIAN_POINT ( 'NONE',  ( -26.50000000000003197, 6.599999999999999645, -47.99999999999999289 ) ) ;
#3582 =( NAMED_UNIT ( * ) PLANE_ANGLE_UNIT ( ) SI_UNIT ( $, .RADIAN. ) );
#3583 = ORIENTED_EDGE ( 'NONE', *, *, #1302, .F. ) ;
#3584 = DIRECTION ( 'NONE',  ( 2.403703357979463522E-16, 0.4999999999999947820, 0.8660254037844418162 ) ) ;
#3585 = ORIENTED_EDGE ( 'NONE', *, *, #7211, .T. ) ;
#3586 = DIRECTION ( 'NONE',  ( 0.000000000000000000, -0.000000000000000000, -1.000000000000000000 ) ) ;
#3587 = VERTEX_POINT ( 'NONE', #6089 ) ;
#3588 = CARTESIAN_POINT ( 'NONE',  ( 46.51500000000000767, 35.46025083271662481, 37.25307621135344505 ) ) ;
#3589 = CARTESIAN_POINT ( 'NONE',  ( 66.00000000000001421, 26.09419410360708014, 39.19646997001228073 ) ) ;
#3590 = EDGE_CURVE ( 'NONE', #8497, #7554, #3732, .T. ) ;
#3591 = DIRECTION ( 'NONE',  ( 0.000000000000000000, 0.8660254037844408170, -0.4999999999999962252 ) ) ;
#3592 = VECTOR ( 'NONE', #3938, 1000.000000000000000 ) ;
#3593 = DIRECTION ( 'NONE',  ( 0.000000000000000000, 1.000000000000000000, 1.084202172485503448E-16 ) ) ;
#3594 = VERTEX_POINT ( 'NONE', #7514 ) ;
#3595 = VECTOR ( 'NONE', #1805, 1000.000000000000000 ) ;
#3596 = ORIENTED_EDGE ( 'NONE', *, *, #1073, .F. ) ;
#3597 = DIRECTION ( 'NONE',  ( -0.7071067811865453523, 9.658541207454349543E-17, 0.7071067811865496822 ) ) ;
#3598 = FACE_OUTER_BOUND ( 'NONE', #3801, .T. ) ;
#3599 = LINE ( 'NONE', #6927, #6164 ) ;
#3600 = DIRECTION ( 'NONE',  ( 1.000000000000000000, 0.000000000000000000, 0.000000000000000000 ) ) ;
#3601 = EDGE_CURVE ( 'NONE', #857, #3121, #570, .T. ) ;
#3602 = CARTESIAN_POINT ( 'NONE',  ( 61.36396103067897201, 14.87938382346101207, 45.67134370416513889 ) ) ;
#3603 = VERTEX_POINT ( 'NONE', #6866 ) ;
#3604 = VECTOR ( 'NONE', #2125, 1000.000000000000000 ) ;
#3605 = AXIS2_PLACEMENT_3D ( 'NONE', #5337, #2804, #5424 ) ;
#3606 = DIRECTION ( 'NONE',  ( 6.938893903907226800E-15, 0.8660254037844425934, -0.4999999999999933942 ) ) ;
#3607 = VECTOR ( 'NONE', #438, 1000.000000000000000 ) ;
#3608 = VERTEX_POINT ( 'NONE', #6048 ) ;
#3609 = CARTESIAN_POINT ( 'NONE',  ( 61.36396103067897201, 31.11285196104657302, 33.98954542829056180 ) ) ;
#3610 = DIRECTION ( 'NONE',  ( 1.000000000000000000, 0.000000000000000000, 0.000000000000000000 ) ) ;
#3611 = FACE_OUTER_BOUND ( 'NONE', #3246, .T. ) ;
#3612 = FACE_OUTER_BOUND ( 'NONE', #2079, .T. ) ;
#3613 = EDGE_CURVE ( 'NONE', #102, #1548, #955, .T. ) ;
#3614 = DIRECTION ( 'NONE',  ( -1.665334536937734811E-16, -0.4999999999999947264, -0.8660254037844417052 ) ) ;
#3615 = EDGE_CURVE ( 'NONE', #3723, #825, #5393, .T. ) ;
#3616 = ORIENTED_EDGE ( 'NONE', *, *, #6616, .T. ) ;
#3617 = AXIS2_PLACEMENT_3D ( 'NONE', #2729, #7341, #4703 ) ;
#3618 = ORIENTED_EDGE ( 'NONE', *, *, #1223, .F. ) ;
#3619 = CYLINDRICAL_SURFACE ( 'NONE', #5271, 4.999999999999997335 ) ;
#3620 = ORIENTED_EDGE ( 'NONE', *, *, #2112, .T. ) ;
#3621 = ORIENTED_EDGE ( 'NONE', *, *, #6980, .T. ) ;
#3622 = CIRCLE ( 'NONE', #1828, 1.000000000000000222 ) ;
#3623 = CARTESIAN_POINT ( 'NONE',  ( -60.99999999999998579, 20.89804168090044811, 42.19646997001227362 ) ) ;
#3624 = FACE_OUTER_BOUND ( 'NONE', #4845, .T. ) ;
#3625 = DIRECTION ( 'NONE',  ( -2.403703357979463522E-16, -0.4999999999999947820, -0.8660254037844418162 ) ) ;
#3626 = ADVANCED_FACE ( 'NONE', ( #3624 ), #4396, .F. ) ;
#3627 = ORIENTED_EDGE ( 'NONE', *, *, #4227, .T. ) ;
#3628 = DIRECTION ( 'NONE',  ( 0.000000000000000000, -0.8660254037844412611, 0.4999999999999953926 ) ) ;
#3629 = VERTEX_POINT ( 'NONE', #7038 ) ;
#3630 = DIRECTION ( 'NONE',  ( 0.000000000000000000, 1.365923996832131116E-16, 1.000000000000000000 ) ) ;
#3631 = CIRCLE ( 'NONE', #7491, 0.9999999999999987788 ) ;
#3632 = ORIENTED_EDGE ( 'NONE', *, *, #836, .F. ) ;
#3633 = DIRECTION ( 'NONE',  ( 0.000000000000000000, 1.000000000000000000, 0.000000000000000000 ) ) ;
#3634 = DIRECTION ( 'NONE',  ( 1.141265444721583511E-16, 1.000000000000000000, 0.000000000000000000 ) ) ;
#3635 = DIRECTION ( 'NONE',  ( 0.000000000000000000, -0.8660254037844418162, 0.4999999999999944489 ) ) ;
#3636 = VECTOR ( 'NONE', #140, 1000.000000000000000 ) ;
#3637 = DIRECTION ( 'NONE',  ( -0.000000000000000000, -1.000000000000000000, -0.000000000000000000 ) ) ;
#3638 = ORIENTED_EDGE ( 'NONE', *, *, #2039, .F. ) ;
#3639 = ADVANCED_FACE ( 'NONE', ( #3114 ), #1724, .F. ) ;
#3640 = CIRCLE ( 'NONE', #5432, 1.000000000000000222 ) ;
#3641 = ORIENTED_EDGE ( 'NONE', *, *, #4644, .T. ) ;
#3642 = CARTESIAN_POINT ( 'NONE',  ( -61.00000000000000711, -24.24939431866604167, -36.00118301270217103 ) ) ;
#3643 = DIRECTION ( 'NONE',  ( 2.403703357979463522E-16, 0.4999999999999947820, 0.8660254037844418162 ) ) ;
#3644 = LINE ( 'NONE', #3004, #68 ) ;
#3645 = CARTESIAN_POINT ( 'NONE',  ( -43.00000000000000000, -17.32730527968156409, -39.99765298271437786 ) ) ;
#3646 = DIRECTION ( 'NONE',  ( 0.000000000000000000, 0.8660254037844421493, -0.4999999999999941158 ) ) ;
#3647 = ORIENTED_EDGE ( 'NONE', *, *, #6586, .F. ) ;
#3648 = AXIS2_PLACEMENT_3D ( 'NONE', #3645, #6281, #8311 ) ;
#3649 = CARTESIAN_POINT ( 'NONE',  ( 2.399999999999973710, 21.60000000000000142, -49.99999999999999289 ) ) ;
#3650 = ORIENTED_EDGE ( 'NONE', *, *, #2180, .F. ) ;
#3651 = EDGE_CURVE ( 'NONE', #7464, #2467, #6304, .T. ) ;
#3652 = CARTESIAN_POINT ( 'NONE',  ( 75.00000000000002842, 31.00000000000000711, 29.66683849253821847 ) ) ;
#3653 = FACE_OUTER_BOUND ( 'NONE', #8228, .T. ) ;
#3654 = VECTOR ( 'NONE', #4457, 1000.000000000000000 ) ;
#3655 = PLANE ( 'NONE',  #6736 ) ;
#3656 = LINE ( 'NONE', #3737, #7532 ) ;
#3657 = ADVANCED_FACE ( 'NONE', ( #2372 ), #6905, .F. ) ;
#3658 = CARTESIAN_POINT ( 'NONE',  ( 72.99999999999997158, 2.000000000000000000, 45.00000000000000000 ) ) ;
#3659 = ORIENTED_EDGE ( 'NONE', *, *, #1922, .T. ) ;
#3660 = ORIENTED_EDGE ( 'NONE', *, *, #6237, .F. ) ;
#3661 = AXIS2_PLACEMENT_3D ( 'NONE', #6204, #1666, #6936 ) ;
#3662 = DIRECTION ( 'NONE',  ( -1.000000000000000000, -0.000000000000000000, -0.000000000000000000 ) ) ;
#3663 = EDGE_LOOP ( 'NONE', ( #7783, #2141, #4706, #2032 ) ) ;
#3664 = EDGE_CURVE ( 'NONE', #6049, #6542, #5944, .T. ) ;
#3665 = VECTOR ( 'NONE', #8272, 1000.000000000000000 ) ;
#3666 = ORIENTED_EDGE ( 'NONE', *, *, #1661, .T. ) ;
#3667 = CARTESIAN_POINT ( 'NONE',  ( -72.99999999999997158, 21.27275866404783500, 35.28286389632271636 ) ) ;
#3668 = CARTESIAN_POINT ( 'NONE',  ( 66.00000000000001421, 20.03201627711597865, 42.69646997001225230 ) ) ;
#3669 = ORIENTED_EDGE ( 'NONE', *, *, #4138, .F. ) ;
#3670 = VECTOR ( 'NONE', #3069, 1000.000000000000000 ) ;
#3671 = CARTESIAN_POINT ( 'NONE',  ( -0.6160254037845813713, -34.48539893288675984, 67.47485119443047097 ) ) ;
#3672 = VECTOR ( 'NONE', #8150, 1000.000000000000000 ) ;
#3673 = ORIENTED_EDGE ( 'NONE', *, *, #5404, .F. ) ;
#3674 = PLANE ( 'NONE',  #6919 ) ;
#3675 = EDGE_CURVE ( 'NONE', #2473, #4001, #7645, .T. ) ;
#3676 = EDGE_CURVE ( 'NONE', #6168, #1179, #1079, .T. ) ;
#3677 = ORIENTED_EDGE ( 'NONE', *, *, #4031, .T. ) ;
#3678 = CYLINDRICAL_SURFACE ( 'NONE', #1305, 3.000000000000002665 ) ;
#3679 = DIRECTION ( 'NONE',  ( -2.403703357979464508E-16, -0.4999999999999947264, -0.8660254037844417052 ) ) ;
#3680 = LINE ( 'NONE', #4239, #4602 ) ;
#3681 = CARTESIAN_POINT ( 'NONE',  ( -56.07000000000000028, 0.000000000000000000, -42.53999999999999204 ) ) ;
#3682 = EDGE_CURVE ( 'NONE', #2353, #1861, #294, .T. ) ;
#3683 = EDGE_LOOP ( 'NONE', ( #988, #2146, #4576, #1592 ) ) ;
#3684 = LINE ( 'NONE', #3937, #821 ) ;
#3685 = DIRECTION ( 'NONE',  ( 0.7071067811865369146, -0.3535533905932803367, -0.6123724356958031301 ) ) ;
#3686 = CARTESIAN_POINT ( 'NONE',  ( 46.51500000000000767, 7.776232090665081031, 47.46294919243109689 ) ) ;
#3687 = CARTESIAN_POINT ( 'NONE',  ( 60.99999999999995026, 16.29999999999999716, -46.50000000000000000 ) ) ;
#3688 = DIRECTION ( 'NONE',  ( 2.403703357979464508E-16, 0.4999999999999947264, 0.8660254037844417052 ) ) ;
#3689 = ORIENTED_EDGE ( 'NONE', *, *, #3095, .F. ) ;
#3690 = DIRECTION ( 'NONE',  ( 0.000000000000000000, -0.000000000000000000, 1.000000000000000000 ) ) ;
#3691 = AXIS2_PLACEMENT_3D ( 'NONE', #6906, #350, #956 ) ;
#3692 = ORIENTED_EDGE ( 'NONE', *, *, #8216, .F. ) ;
#3693 = CARTESIAN_POINT ( 'NONE',  ( -71.49999999999997158, 16.29999999999998650, -38.00000000000000000 ) ) ;
#3694 = DIRECTION ( 'NONE',  ( -2.403703357979464508E-16, -0.4999999999999947820, -0.8660254037844417052 ) ) ;
#3695 = FACE_BOUND ( 'NONE', #5079, .T. ) ;
#3696 = DIRECTION ( 'NONE',  ( -2.383034446891947374E-16, -0.4999999999999947264, -0.8660254037844417052 ) ) ;
#3697 = AXIS2_PLACEMENT_3D ( 'NONE', #2725, #7257, #4698 ) ;
#3698 = CARTESIAN_POINT ( 'NONE',  ( 34.94999999999996732, 31.00000000000000711, -46.50000000000000000 ) ) ;
#3699 = VERTEX_POINT ( 'NONE', #2504 ) ;
#3700 = EDGE_CURVE ( 'NONE', #6168, #2297, #5044, .T. ) ;
#3701 = VERTEX_POINT ( 'NONE', #349 ) ;
#3702 = CARTESIAN_POINT ( 'NONE',  ( -26.50000000000002487, 25.69999999999999929, -49.99999999999999289 ) ) ;
#3703 = VERTEX_POINT ( 'NONE', #3068 ) ;
#3704 = VERTEX_POINT ( 'NONE', #3749 ) ;
#3705 = DIRECTION ( 'NONE',  ( 0.000000000000000000, 0.000000000000000000, 1.000000000000000000 ) ) ;
#3706 = CARTESIAN_POINT ( 'NONE',  ( 46.51500000000000767, 33.81480256552618613, 38.20307621135343368 ) ) ;
#3707 = DIRECTION ( 'NONE',  ( 1.000000000000000000, 0.000000000000000000, 0.000000000000000000 ) ) ;
#3708 = LINE ( 'NONE', #6344, #3670 ) ;
#3709 = ORIENTED_EDGE ( 'NONE', *, *, #5934, .F. ) ;
#3710 = EDGE_CURVE ( 'NONE', #3703, #4320, #1394, .T. ) ;
#3711 = CARTESIAN_POINT ( 'NONE',  ( -71.49999999999997158, 21.29999999999999361, -40.00000000000000000 ) ) ;
#3712 = ORIENTED_EDGE ( 'NONE', *, *, #204, .F. ) ;
#3713 = CARTESIAN_POINT ( 'NONE',  ( 46.51500000000000767, 30.92050166543326029, 36.41000000000008896 ) ) ;
#3714 = DIRECTION ( 'NONE',  ( 0.000000000000000000, 0.8660254037844425934, -0.4999999999999933942 ) ) ;
#3715 = EDGE_LOOP ( 'NONE', ( #424, #6232, #560, #5804 ) ) ;
#3716 = VERTEX_POINT ( 'NONE', #4957 ) ;
#3717 = DIRECTION ( 'NONE',  ( 0.000000000000000000, 0.000000000000000000, 1.000000000000000000 ) ) ;
#3718 = DIRECTION ( 'NONE',  ( -0.000000000000000000, 1.000000000000000000, -0.000000000000000000 ) ) ;
#3719 = EDGE_CURVE ( 'NONE', #1315, #2741, #8249, .T. ) ;
#3720 = FACE_OUTER_BOUND ( 'NONE', #4368, .T. ) ;
#3721 = EDGE_CURVE ( 'NONE', #3111, #7534, #475, .T. ) ;
#3722 = CARTESIAN_POINT ( 'NONE',  ( -70.00000000000001421, 0.000000000000000000, -45.00000000000000711 ) ) ;
#3723 = VERTEX_POINT ( 'NONE', #8291 ) ;
#3724 = DIRECTION ( 'NONE',  ( -0.000000000000000000, -1.000000000000000000, -0.000000000000000000 ) ) ;
#3725 = DIRECTION ( 'NONE',  ( 0.000000000000000000, -0.000000000000000000, 1.000000000000000000 ) ) ;
#3726 = LINE ( 'NONE', #4290, #212 ) ;
#3727 = AXIS2_PLACEMENT_3D ( 'NONE', #3074, #7045, #2428 ) ;
#3728 = LINE ( 'NONE', #5023, #4865 ) ;
#3729 = EDGE_CURVE ( 'NONE', #4364, #802, #2984, .T. ) ;
#3730 = ORIENTED_EDGE ( 'NONE', *, *, #5492, .T. ) ;
#3731 = FACE_OUTER_BOUND ( 'NONE', #3715, .T. ) ;
#3732 = CIRCLE ( 'NONE', #6223, 1.000000000000000222 ) ;
#3733 = EDGE_LOOP ( 'NONE', ( #7126, #3650, #7640, #524 ) ) ;
#3734 = PLANE ( 'NONE',  #7800 ) ;
#3735 = DIRECTION ( 'NONE',  ( 0.000000000000000000, 0.000000000000000000, 1.000000000000000000 ) ) ;
#3736 = CARTESIAN_POINT ( 'NONE',  ( -59.99999999999998579, 25.09419410360714053, 37.46441916244347681 ) ) ;
#3737 = CARTESIAN_POINT ( 'NONE',  ( -75.00000000000002842, 0.000000000000000000, -50.00000000000000000 ) ) ;
#3738 = DIRECTION ( 'NONE',  ( 0.000000000000000000, -1.000000000000000000, -2.168404344971008868E-16 ) ) ;
#3739 = EDGE_LOOP ( 'NONE', ( #6912, #7891, #2706, #5177 ) ) ;
#3740 = VECTOR ( 'NONE', #727, 1000.000000000000000 ) ;
#3741 = VERTEX_POINT ( 'NONE', #5613 ) ;
#3742 = AXIS2_PLACEMENT_3D ( 'NONE', #1312, #3899, #620 ) ;
#3743 = LINE ( 'NONE', #6899, #2803 ) ;
#3744 = ORIENTED_EDGE ( 'NONE', *, *, #6092, .F. ) ;
#3745 = ORIENTED_EDGE ( 'NONE', *, *, #33, .F. ) ;
#3746 = DIRECTION ( 'NONE',  ( 0.000000000000000000, 0.000000000000000000, 1.000000000000000000 ) ) ;
#3747 = EDGE_CURVE ( 'NONE', #7338, #6336, #3799, .T. ) ;
#3748 = CARTESIAN_POINT ( 'NONE',  ( -75.00000000000002842, 31.00000000000000711, -39.00000000000000711 ) ) ;
#3749 = CARTESIAN_POINT ( 'NONE',  ( 34.94999999999996732, 30.00000000000000711, -48.00000000000000000 ) ) ;
#3750 = DIRECTION ( 'NONE',  ( 2.403703357979464508E-16, 0.4999999999999947264, 0.8660254037844417052 ) ) ;
#3751 = AXIS2_PLACEMENT_3D ( 'NONE', #2554, #7825, #1904 ) ;
#3752 = ORIENTED_EDGE ( 'NONE', *, *, #1727, .T. ) ;
#3753 = DIRECTION ( 'NONE',  ( 2.403703357979464508E-16, 0.4999999999999947264, 0.8660254037844417052 ) ) ;
#3754 = ORIENTED_EDGE ( 'NONE', *, *, #181, .T. ) ;
#3755 = DIRECTION ( 'NONE',  ( 2.081668171172184784E-16, 0.000000000000000000, 1.000000000000000000 ) ) ;
#3756 = DIRECTION ( 'NONE',  ( 0.000000000000000000, 0.8660254037844385966, -0.5000000000000001110 ) ) ;
#3757 = AXIS2_PLACEMENT_3D ( 'NONE', #4357, #8459, #5127 ) ;
#3758 = AXIS2_PLACEMENT_3D ( 'NONE', #8540, #1288, #6508 ) ;
#3759 = ORIENTED_EDGE ( 'NONE', *, *, #6221, .T. ) ;
#3760 = EDGE_CURVE ( 'NONE', #3214, #4454, #2216, .T. ) ;
#3761 = VERTEX_POINT ( 'NONE', #6951 ) ;
#3762 = CARTESIAN_POINT ( 'NONE',  ( 56.07000000000000028, 5.000000000000000000, -40.93999999999998352 ) ) ;
#3763 = CARTESIAN_POINT ( 'NONE',  ( 61.99999999999995737, 14.79999999999998650, -47.99999999999999289 ) ) ;
#3764 = VECTOR ( 'NONE', #5572, 1000.000000000000000 ) ;
#3765 = EDGE_CURVE ( 'NONE', #1583, #4789, #1039, .T. ) ;
#3766 = CARTESIAN_POINT ( 'NONE',  ( -54.99999999999998579, 26.82624491117602261, 36.46441916244348391 ) ) ;
#3767 = LINE ( 'NONE', #5101, #7079 ) ;
#3768 = CIRCLE ( 'NONE', #5279, 3.500000000000010214 ) ;
#3769 = ADVANCED_FACE ( 'NONE', ( #3929 ), #90, .F. ) ;
#3770 = ADVANCED_FACE ( 'NONE', ( #4658 ), #1339, .F. ) ;
#3771 = ORIENTED_EDGE ( 'NONE', *, *, #7951, .T. ) ;
#3772 = CARTESIAN_POINT ( 'NONE',  ( 56.07000000000000028, 5.000000000000000000, 12.99000000000000909 ) ) ;
#3773 = AXIS2_PLACEMENT_3D ( 'NONE', #5354, #5397, #4752 ) ;
#3774 = CARTESIAN_POINT ( 'NONE',  ( -57.99999999999998579, 26.75008650835452073, 38.81779031357196885 ) ) ;
#3775 = CIRCLE ( 'NONE', #7093, 1.000000000000000222 ) ;
#3776 = DIRECTION ( 'NONE',  ( 0.000000000000000000, 1.000000000000000000, 1.084202172485503448E-16 ) ) ;
#3777 = ORIENTED_EDGE ( 'NONE', *, *, #5820, .T. ) ;
#3778 = LINE ( 'NONE', #6543, #2785 ) ;
#3779 = VECTOR ( 'NONE', #638, 1000.000000000000000 ) ;
#3780 = ORIENTED_EDGE ( 'NONE', *, *, #6888, .T. ) ;
#3781 = AXIS2_PLACEMENT_3D ( 'NONE', #7565, #5662, #3717 ) ;
#3782 = EDGE_CURVE ( 'NONE', #4034, #3629, #689, .T. ) ;
#3783 = LINE ( 'NONE', #7116, #1519 ) ;
#3784 = CIRCLE ( 'NONE', #7103, 2.999999999999999112 ) ;
#3785 = CARTESIAN_POINT ( 'NONE',  ( 72.99999999999997158, 31.00000000000000711, -48.00000000000000000 ) ) ;
#3786 = DIRECTION ( 'NONE',  ( -0.000000000000000000, 0.8660254037844385966, -0.5000000000000001110 ) ) ;
#3787 = CYLINDRICAL_SURFACE ( 'NONE', #4363, 1.000000000000000222 ) ;
#3788 = CARTESIAN_POINT ( 'NONE',  ( -72.99999999999997158, 6.599999999999991651, -47.99999999999999289 ) ) ;
#3789 = CIRCLE ( 'NONE', #5861, 4.999999999999997335 ) ;
#3790 = VERTEX_POINT ( 'NONE', #8460 ) ;
#3791 = ORIENTED_EDGE ( 'NONE', *, *, #1520, .T. ) ;
#3792 = LINE ( 'NONE', #7854, #6925 ) ;
#3793 = EDGE_LOOP ( 'NONE', ( #6620, #3359, #5615, #7553 ) ) ;
#3794 = EDGE_CURVE ( 'NONE', #1734, #4805, #3281, .T. ) ;
#3795 = VERTEX_POINT ( 'NONE', #4490 ) ;
#3796 = DIRECTION ( 'NONE',  ( -2.282530889443167022E-16, -1.000000000000000000, 0.000000000000000000 ) ) ;
#3797 = VECTOR ( 'NONE', #614, 1000.000000000000000 ) ;
#3798 = LINE ( 'NONE', #5086, #6100 ) ;
#3799 = LINE ( 'NONE', #517, #5110 ) ;
#3800 = DIRECTION ( 'NONE',  ( 0.000000000000000000, 0.000000000000000000, 1.000000000000000000 ) ) ;
#3801 = EDGE_LOOP ( 'NONE', ( #1012, #1608, #1088, #7265 ) ) ;
#3802 = DIRECTION ( 'NONE',  ( 3.642463991552349972E-16, 1.365923996832131116E-16, 1.000000000000000000 ) ) ;
#3803 = ORIENTED_EDGE ( 'NONE', *, *, #755, .T. ) ;
#3804 = CARTESIAN_POINT ( 'NONE',  ( -69.99999999999997158, 37.00000000000000711, -48.00000000000000000 ) ) ;
#3805 = EDGE_CURVE ( 'NONE', #3282, #3200, #8151, .T. ) ;
#3806 =( NAMED_UNIT ( * ) SI_UNIT ( $, .STERADIAN. ) SOLID_ANGLE_UNIT ( ) );
#3807 = EDGE_LOOP ( 'NONE', ( #247, #5401, #1683, #6708 ) ) ;
#3808 = VERTEX_POINT ( 'NONE', #603 ) ;
#3809 = AXIS2_PLACEMENT_3D ( 'NONE', #1709, #3100, #6330 ) ;
#3810 = ORIENTED_EDGE ( 'NONE', *, *, #8158, .T. ) ;
#3811 = VECTOR ( 'NONE', #1577, 1000.000000000000000 ) ;
#3812 = PLANE ( 'NONE',  #770 ) ;
#3813 = DIRECTION ( 'NONE',  ( -0.000000000000000000, -0.000000000000000000, -1.000000000000000000 ) ) ;
#3814 = DIRECTION ( 'NONE',  ( 0.000000000000000000, 0.8660254037844425934, -0.4999999999999933942 ) ) ;
#3815 = ADVANCED_FACE ( 'NONE', ( #5826 ), #4532, .F. ) ;
#3816 = VERTEX_POINT ( 'NONE', #7770 ) ;
#3817 = CARTESIAN_POINT ( 'NONE',  ( 61.99999999999997868, 16.29999999999999716, -46.50000000000000000 ) ) ;
#3818 = DIRECTION ( 'NONE',  ( -2.403703357979465494E-16, -0.4999999999999947264, -0.8660254037844417052 ) ) ;
#3819 = DIRECTION ( 'NONE',  ( 1.000000000000000000, 0.000000000000000000, 0.000000000000000000 ) ) ;
#3820 = EDGE_LOOP ( 'NONE', ( #3496, #2312, #7840, #5480, #1883, #788, #4739 ) ) ;
#3821 = ADVANCED_FACE ( 'NONE', ( #1853, #7860 ), #1377, .T. ) ;
#3822 = LINE ( 'NONE', #2446, #3332 ) ;
#3823 = ORIENTED_EDGE ( 'NONE', *, *, #5680, .T. ) ;
#3824 = FACE_OUTER_BOUND ( 'NONE', #1234, .T. ) ;
#3825 = DIRECTION ( 'NONE',  ( 0.000000000000000000, 0.000000000000000000, -1.000000000000000000 ) ) ;
#3826 = LINE ( 'NONE', #7631, #673 ) ;
#3827 = LINE ( 'NONE', #2490, #8495 ) ;
#3828 = DIRECTION ( 'NONE',  ( 2.403703357979463522E-16, 0.4999999999999947820, 0.8660254037844418162 ) ) ;
#3829 = ORIENTED_EDGE ( 'NONE', *, *, #4515, .F. ) ;
#3830 = EDGE_CURVE ( 'NONE', #3723, #5982, #5913, .T. ) ;
#3831 = ORIENTED_EDGE ( 'NONE', *, *, #3910, .F. ) ;
#3832 = EDGE_CURVE ( 'NONE', #5962, #981, #366, .T. ) ;
#3833 = DIRECTION ( 'NONE',  ( 0.000000000000000000, 0.8660254037844425934, -0.4999999999999933942 ) ) ;
#3834 = VERTEX_POINT ( 'NONE', #5951 ) ;
#3835 = EDGE_LOOP ( 'NONE', ( #774, #3053, #4701, #4434 ) ) ;
#3836 = LINE ( 'NONE', #5171, #3945 ) ;
#3837 = CARTESIAN_POINT ( 'NONE',  ( -72.99999999999997158, 37.00000000000000711, -4.900000000000008349 ) ) ;
#3838 = FACE_OUTER_BOUND ( 'NONE', #5009, .T. ) ;
#3839 = CARTESIAN_POINT ( 'NONE',  ( 66.00000000000001421, 20.89804168090043035, 42.19646997001225230 ) ) ;
#3840 = ORIENTED_EDGE ( 'NONE', *, *, #7, .F. ) ;
#3841 = CARTESIAN_POINT ( 'NONE',  ( -65.99999999999998579, 25.09419410360710145, 37.46441916244348391 ) ) ;
#3842 = ORIENTED_EDGE ( 'NONE', *, *, #7718, .T. ) ;
#3843 = EDGE_CURVE ( 'NONE', #550, #4250, #4775, .T. ) ;
#3844 = CARTESIAN_POINT ( 'NONE',  ( 75.00000000000000000, 6.599999999999989875, -36.00000000000004263 ) ) ;
#3845 = AXIS2_PLACEMENT_3D ( 'NONE', #7782, #4582, #1306 ) ;
#3846 = ORIENTED_EDGE ( 'NONE', *, *, #8434, .F. ) ;
#3847 = ORIENTED_EDGE ( 'NONE', *, *, #6023, .F. ) ;
#3848 = LINE ( 'NONE', #4331, #5152 ) ;
#3849 = ORIENTED_EDGE ( 'NONE', *, *, #4555, .T. ) ;
#3850 = DIRECTION ( 'NONE',  ( -0.000000000000000000, 1.000000000000000000, -0.000000000000000000 ) ) ;
#3851 = FACE_BOUND ( 'NONE', #508, .T. ) ;
#3852 = FACE_OUTER_BOUND ( 'NONE', #7975, .T. ) ;
#3853 = ORIENTED_EDGE ( 'NONE', *, *, #3987, .T. ) ;
#3854 = EDGE_CURVE ( 'NONE', #1055, #414, #1940, .T. ) ;
#3855 = FACE_OUTER_BOUND ( 'NONE', #3492, .T. ) ;
#3856 = VECTOR ( 'NONE', #7420, 1000.000000000000000 ) ;
#3857 = CARTESIAN_POINT ( 'NONE',  ( -72.99999999999997158, 71.03072758308040591, 10.94294919243170305 ) ) ;
#3858 = DIRECTION ( 'NONE',  ( 2.403703357979464508E-16, 0.4999999999999947264, 0.8660254037844417052 ) ) ;
#3859 = EDGE_LOOP ( 'NONE', ( #359, #5878, #3302, #1955 ) ) ;
#3860 = FACE_OUTER_BOUND ( 'NONE', #7511, .T. ) ;
#3861 = ORIENTED_EDGE ( 'NONE', *, *, #4575, .F. ) ;
#3862 = DIRECTION ( 'NONE',  ( 0.000000000000000000, 1.000000000000000000, 0.000000000000000000 ) ) ;
#3863 = VECTOR ( 'NONE', #2746, 1000.000000000000000 ) ;
#3864 = DIRECTION ( 'NONE',  ( -0.000000000000000000, -1.734723475976805517E-15, 1.000000000000000000 ) ) ;
#3865 = EDGE_CURVE ( 'NONE', #8364, #2444, #1, .T. ) ;
#3866 = DIRECTION ( 'NONE',  ( -1.000000000000000000, 0.000000000000000000, 0.000000000000000000 ) ) ;
#3867 = FACE_OUTER_BOUND ( 'NONE', #8299, .T. ) ;
#3868 = LINE ( 'NONE', #2537, #8478 ) ;
#3869 = ORIENTED_EDGE ( 'NONE', *, *, #8215, .T. ) ;
#3870 = ORIENTED_EDGE ( 'NONE', *, *, #5576, .F. ) ;
#3871 = AXIS2_PLACEMENT_3D ( 'NONE', #7391, #7433, #5568 ) ;
#3872 = CARTESIAN_POINT ( 'NONE',  ( -18.30000000000003268, 6.899999999999999467, 50.00100000000001188 ) ) ;
#3873 = ORIENTED_EDGE ( 'NONE', *, *, #1795, .F. ) ;
#3874 = ORIENTED_EDGE ( 'NONE', *, *, #1561, .F. ) ;
#3875 = DIRECTION ( 'NONE',  ( 0.000000000000000000, 1.000000000000000000, 0.000000000000000000 ) ) ;
#3876 = ADVANCED_FACE ( 'NONE', ( #3838 ), #7258, .F. ) ;
#3877 = EDGE_CURVE ( 'NONE', #1473, #2513, #6471, .T. ) ;
#3878 = AXIS2_PLACEMENT_3D ( 'NONE', #7083, #5087, #8336 ) ;
#3879 = DIRECTION ( 'NONE',  ( 1.000000000000000000, -5.473822126268816683E-48, -2.775557561562891351E-16 ) ) ;
#3880 = CARTESIAN_POINT ( 'NONE',  ( 46.51500000000001478, 11.92168035785549307, 50.84307621135329924 ) ) ;
#3881 = CARTESIAN_POINT ( 'NONE',  ( 72.99999999999997158, 31.00000000000000711, -1.532606157515349343 ) ) ;
#3882 = CIRCLE ( 'NONE', #4973, 1.000000000000000222 ) ;
#3883 = ORIENTED_EDGE ( 'NONE', *, *, #8371, .F. ) ;
#3884 = PLANE ( 'NONE',  #4592 ) ;
#3885 = ORIENTED_EDGE ( 'NONE', *, *, #3676, .F. ) ;
#3886 = CARTESIAN_POINT ( 'NONE',  ( 56.07000000000000028, 0.000000000000000000, -44.43999999999999062 ) ) ;
#3887 = AXIS2_PLACEMENT_3D ( 'NONE', #8402, #630, #3265 ) ;
#3888 = VERTEX_POINT ( 'NONE', #7296 ) ;
#3889 = ORIENTED_EDGE ( 'NONE', *, *, #4827, .F. ) ;
#3890 = VECTOR ( 'NONE', #7476, 1000.000000000000000 ) ;
#3891 = EDGE_CURVE ( 'NONE', #5650, #2295, #232, .T. ) ;
#3892 = CARTESIAN_POINT ( 'NONE',  ( 2.399999999999967493, 6.899999999999999467, 50.00100000000001188 ) ) ;
#3893 = PLANE ( 'NONE',  #6629 ) ;
#3894 = ORIENTED_EDGE ( 'NONE', *, *, #6765, .T. ) ;
#3895 = CARTESIAN_POINT ( 'NONE',  ( -72.99999999999997158, 69.13072758308062760, 7.652052658050377154 ) ) ;
#3896 = DIRECTION ( 'NONE',  ( -0.000000000000000000, -0.5000000000000015543, -0.8660254037844377084 ) ) ;
#3897 = CIRCLE ( 'NONE', #583, 4.999999999999997335 ) ;
#3898 = VECTOR ( 'NONE', #4350, 1000.000000000000000 ) ;
#3899 = DIRECTION ( 'NONE',  ( 1.000000000000000000, -2.282530889443167022E-16, 4.625929269271486407E-17 ) ) ;
#3900 = EDGE_CURVE ( 'NONE', #6568, #2950, #3362, .T. ) ;
#3901 = ORIENTED_EDGE ( 'NONE', *, *, #7929, .T. ) ;
#3902 = CIRCLE ( 'NONE', #2385, 0.5000000000000004441 ) ;
#3903 = PLANE ( 'NONE',  #758 ) ;
#3904 = PLANE ( 'NONE',  #3244 ) ;
#3905 = FACE_OUTER_BOUND ( 'NONE', #8152, .T. ) ;
#3906 = CIRCLE ( 'NONE', #8319, 1.900000000000005240 ) ;
#3907 = ORIENTED_EDGE ( 'NONE', *, *, #1956, .F. ) ;
#3908 = AXIS2_PLACEMENT_3D ( 'NONE', #8058, #6066, #1408 ) ;
#3909 = DIRECTION ( 'NONE',  ( 0.000000000000000000, 0.8660254037844425934, -0.4999999999999933942 ) ) ;
#3910 = EDGE_CURVE ( 'NONE', #6509, #8470, #8071, .T. ) ;
#3911 = ORIENTED_EDGE ( 'NONE', *, *, #6536, .T. ) ;
#3912 = DIRECTION ( 'NONE',  ( 0.000000000000000000, 0.000000000000000000, 1.000000000000000000 ) ) ;
#3913 = CYLINDRICAL_SURFACE ( 'NONE', #4360, 0.5000000000000004441 ) ;
#3914 = DIRECTION ( 'NONE',  ( 0.7071067811865496822, 0.000000000000000000, 0.7071067811865453523 ) ) ;
#3915 = DIRECTION ( 'NONE',  ( 0.000000000000000000, 0.000000000000000000, 1.000000000000000000 ) ) ;
#3916 = CARTESIAN_POINT ( 'NONE',  ( -60.65685424949238325, 31.36650492913523181, 33.84309881888387395 ) ) ;
#3917 = ORIENTED_EDGE ( 'NONE', *, *, #1359, .F. ) ;
#3918 = ORIENTED_EDGE ( 'NONE', *, *, #2510, .T. ) ;
#3919 = AXIS2_PLACEMENT_3D ( 'NONE', #724, #3352, #8494 ) ;
#3920 = CARTESIAN_POINT ( 'NONE',  ( 39.94999999999996732, 32.00000000000000711, -48.00000000000000000 ) ) ;
#3921 = CIRCLE ( 'NONE', #1575, 4.999999999999997335 ) ;
#3922 = EDGE_CURVE ( 'NONE', #1297, #2159, #8502, .T. ) ;
#3923 = ORIENTED_EDGE ( 'NONE', *, *, #4412, .T. ) ;
#3924 = ORIENTED_EDGE ( 'NONE', *, *, #5071, .F. ) ;
#3925 = EDGE_CURVE ( 'NONE', #1796, #3808, #6292, .T. ) ;
#3926 = CARTESIAN_POINT ( 'NONE',  ( 69.99999999999997158, 2.000000000000000000, -45.00000000000000000 ) ) ;
#3927 = LINE ( 'NONE', #1294, #1912 ) ;
#3928 = VECTOR ( 'NONE', #938, 1000.000000000000114 ) ;
#3929 = FACE_OUTER_BOUND ( 'NONE', #3683, .T. ) ;
#3930 = EDGE_LOOP ( 'NONE', ( #397, #2217, #6212, #6150 ) ) ;
#3931 = ORIENTED_EDGE ( 'NONE', *, *, #8269, .T. ) ;
#3932 = CARTESIAN_POINT ( 'NONE',  ( -71.49999999999997158, 16.29999999999998650, -40.00000000000000000 ) ) ;
#3933 = EDGE_CURVE ( 'NONE', #2392, #1615, #4784, .T. ) ;
#3934 = VECTOR ( 'NONE', #3512, 1000.000000000000000 ) ;
#3935 = EDGE_LOOP ( 'NONE', ( #3874, #6873, #4089, #8508 ) ) ;
#3936 = ORIENTED_EDGE ( 'NONE', *, *, #3577, .T. ) ;
#3937 = CARTESIAN_POINT ( 'NONE',  ( 2.899999999999974154, 21.60000000000000142, -49.99999999999999289 ) ) ;
#3938 = DIRECTION ( 'NONE',  ( -0.5773502691896208461, -0.5773502691896302830, 0.5773502691896262862 ) ) ;
#3939 = ORIENTED_EDGE ( 'NONE', *, *, #989, .T. ) ;
#3940 = LINE ( 'NONE', #2475, #1586 ) ;
#3941 = LINE ( 'NONE', #3295, #4328 ) ;
#3942 = CARTESIAN_POINT ( 'NONE',  ( -55.29289321881343966, 28.07989787926463165, 38.05002336060559998 ) ) ;
#3943 = EDGE_CURVE ( 'NONE', #6024, #2423, #6858, .T. ) ;
#3944 = ADVANCED_FACE ( 'NONE', ( #3533 ), #7381, .F. ) ;
#3945 = VECTOR ( 'NONE', #7683, 1000.000000000000114 ) ;
#3946 = AXIS2_PLACEMENT_3D ( 'NONE', #2139, #159, #7973 ) ;
#3947 = ORIENTED_EDGE ( 'NONE', *, *, #4156, .F. ) ;
#3948 = CARTESIAN_POINT ( 'NONE',  ( -71.49999999999997158, 6.600000000000003197, -3.399999999999998135 ) ) ;
#3949 = LINE ( 'NONE', #3258, #7379 ) ;
#3950 = VECTOR ( 'NONE', #5899, 1000.000000000000000 ) ;
#3951 = DIRECTION ( 'NONE',  ( 0.000000000000000000, -0.5000000000000000000, -0.8660254037844385966 ) ) ;
#3952 = EDGE_LOOP ( 'NONE', ( #986, #1555, #5910, #4745 ) ) ;
#3953 = AXIS2_PLACEMENT_3D ( 'NONE', #6078, #2764, #8023 ) ;
#3954 = ADVANCED_FACE ( 'NONE', ( #2809 ), #1588, .F. ) ;
#3955 = LINE ( 'NONE', #5896, #170 ) ;
#3956 = VERTEX_POINT ( 'NONE', #4131 ) ;
#3957 = CARTESIAN_POINT ( 'NONE',  ( -69.83333333333330017, 30.33333333333334636, -4.865939490848634641 ) ) ;
#3958 = FACE_OUTER_BOUND ( 'NONE', #4283, .T. ) ;
#3959 = FACE_OUTER_BOUND ( 'NONE', #6396, .T. ) ;
#3960 = DIRECTION ( 'NONE',  ( 0.000000000000000000, 1.000000000000000000, -0.000000000000000000 ) ) ;
#3961 = DIRECTION ( 'NONE',  ( 0.5773502691896208461, -0.5773502691896302830, -0.5773502691896262862 ) ) ;
#3962 = ORIENTED_EDGE ( 'NONE', *, *, #3865, .F. ) ;
#3963 = EDGE_LOOP ( 'NONE', ( #5024, #6947, #332, #4615 ) ) ;
#3964 = DIRECTION ( 'NONE',  ( 0.7071067811865475727, 0.000000000000000000, -0.7071067811865475727 ) ) ;
#3965 = ORIENTED_EDGE ( 'NONE', *, *, #2040, .F. ) ;
#3966 = ORIENTED_EDGE ( 'NONE', *, *, #5479, .F. ) ;
#3967 = CARTESIAN_POINT ( 'NONE',  ( -56.07000000000000028, 5.000000000000000000, -44.43999999999999062 ) ) ;
#3968 = LINE ( 'NONE', #2808, #6319 ) ;
#3969 = DIRECTION ( 'NONE',  ( 0.000000000000000000, 0.000000000000000000, -1.000000000000000000 ) ) ;
#3970 = ADVANCED_FACE ( 'NONE', ( #6167 ), #2231, .F. ) ;
#3971 = VERTEX_POINT ( 'NONE', #1464 ) ;
#3972 = ORIENTED_EDGE ( 'NONE', *, *, #3985, .F. ) ;
#3973 = LINE ( 'NONE', #4495, #1686 ) ;
#3974 = ORIENTED_EDGE ( 'NONE', *, *, #6929, .T. ) ;
#3975 = ORIENTED_EDGE ( 'NONE', *, *, #2827, .T. ) ;
#3976 = CARTESIAN_POINT ( 'NONE',  ( 57.00000000000002842, 27.10880597596169039, 38.61068353238540851 ) ) ;
#3977 = CARTESIAN_POINT ( 'NONE',  ( 72.49999999999997158, 7.599999999999995204, -3.400000000000032774 ) ) ;
#3978 = ORIENTED_EDGE ( 'NONE', *, *, #3297, .F. ) ;
#3979 = EDGE_CURVE ( 'NONE', #295, #8346, #4861, .T. ) ;
#3980 = DIRECTION ( 'NONE',  ( 0.000000000000000000, 0.000000000000000000, 1.000000000000000000 ) ) ;
#3981 = AXIS2_PLACEMENT_3D ( 'NONE', #5430, #2150, #5555 ) ;
#3982 = DIRECTION ( 'NONE',  ( 0.000000000000000000, 0.4999999999999981681, 0.8660254037844397068 ) ) ;
#3983 = CARTESIAN_POINT ( 'NONE',  ( 57.00000000000002132, -24.90528672341347871, -35.62250335626184494 ) ) ;
#3984 = ORIENTED_EDGE ( 'NONE', *, *, #6237, .T. ) ;
#3985 = EDGE_CURVE ( 'NONE', #7681, #3464, #4220, .T. ) ;
#3986 = CARTESIAN_POINT ( 'NONE',  ( 72.99999999999997158, 32.00000000000001421, -1.532606157515349343 ) ) ;
#3987 = EDGE_CURVE ( 'NONE', #2072, #8136, #1471, .T. ) ;
#3988 = FACE_BOUND ( 'NONE', #6233, .T. ) ;
#3989 = DIRECTION ( 'NONE',  ( -0.7071067811865474617, 0.000000000000000000, -0.7071067811865474617 ) ) ;
#3990 = ORIENTED_EDGE ( 'NONE', *, *, #836, .T. ) ;
#3991 = CARTESIAN_POINT ( 'NONE',  ( 75.61602540378441972, 30.46650635094615112, 29.97485119443042123 ) ) ;
#3992 = VERTEX_POINT ( 'NONE', #3488 ) ;
#3993 = FACE_BOUND ( 'NONE', #1707, .T. ) ;
#3994 = CARTESIAN_POINT ( 'NONE',  ( 46.51500000000001478, 14.96142952513888602, 49.08807621135331090 ) ) ;
#3995 = EDGE_CURVE ( 'NONE', #1178, #1594, #6125, .T. ) ;
#3996 = DIRECTION ( 'NONE',  ( -2.403703357979464015E-16, -0.4999999999999946154, -0.8660254037844419273 ) ) ;
#3997 = LINE ( 'NONE', #5288, #1047 ) ;
#3998 = PLANE ( 'NONE',  #891 ) ;
#3999 = EDGE_LOOP ( 'NONE', ( #7811, #5989, #2065, #3831 ) ) ;
#4000 = PLANE ( 'NONE',  #4152 ) ;
#4001 = VERTEX_POINT ( 'NONE', #6206 ) ;
#4002 = EDGE_LOOP ( 'NONE', ( #1835, #6772, #1892, #3188 ) ) ;
#4003 = CARTESIAN_POINT ( 'NONE',  ( 43.00000000000001421, 12.96372425933389216, 44.46794919243112787 ) ) ;
#4004 = DIRECTION ( 'NONE',  ( 0.000000000000000000, -0.8660254037844412611, 0.4999999999999953926 ) ) ;
#4005 = VECTOR ( 'NONE', #5632, 1000.000000000000114 ) ;
#4006 = ORIENTED_EDGE ( 'NONE', *, *, #1726, .F. ) ;
#4007 =( GEOMETRIC_REPRESENTATION_CONTEXT ( 3 ) GLOBAL_UNCERTAINTY_ASSIGNED_CONTEXT ( ( #7807 ) ) GLOBAL_UNIT_ASSIGNED_CONTEXT ( ( #7090, #5136, #3806 ) ) REPRESENTATION_CONTEXT ( 'NONE', 'WORKASPACE' ) );
#4008 = ORIENTED_EDGE ( 'NONE', *, *, #3933, .T. ) ;
#4009 = DIRECTION ( 'NONE',  ( 0.000000000000000000, 0.8660254037844425934, -0.4999999999999933942 ) ) ;
#4010 = EDGE_LOOP ( 'NONE', ( #4681, #1304, #5799, #7745 ) ) ;
#4011 = ADVANCED_FACE ( 'NONE', ( #4093 ), #5343, .F. ) ;
#4012 = VECTOR ( 'NONE', #6216, 1000.000000000000000 ) ;
#4013 = VERTEX_POINT ( 'NONE', #8111 ) ;
#4014 = DIRECTION ( 'NONE',  ( -0.000000000000000000, 1.000000000000000000, -0.000000000000000000 ) ) ;
#4015 = CARTESIAN_POINT ( 'NONE',  ( -72.99999999999997158, 17.14833395016074391, 37.20000000000000995 ) ) ;
#4016 = ORIENTED_EDGE ( 'NONE', *, *, #2251, .F. ) ;
#4017 = CARTESIAN_POINT ( 'NONE',  ( -72.99999999999997158, 32.00000000000001421, -6.532606157515307821 ) ) ;
#4018 = VECTOR ( 'NONE', #6788, 1000.000000000000000 ) ;
#4019 = FACE_BOUND ( 'NONE', #5637, .T. ) ;
#4020 = FACE_OUTER_BOUND ( 'NONE', #6646, .T. ) ;
#4021 = CIRCLE ( 'NONE', #6507, 0.5000000000000004441 ) ;
#4022 = EDGE_CURVE ( 'NONE', #7760, #307, #2188, .T. ) ;
#4023 = ORIENTED_EDGE ( 'NONE', *, *, #1895, .F. ) ;
#4024 = EDGE_CURVE ( 'NONE', #437, #7817, #1335, .T. ) ;
#4025 = LINE ( 'NONE', #6710, #6913 ) ;
#4026 = CARTESIAN_POINT ( 'NONE',  ( -61.99999999999998579, 26.09419410360711922, 39.19646997001233046 ) ) ;
#4027 = AXIS2_PLACEMENT_3D ( 'NONE', #5562, #8201, #6298 ) ;
#4028 = CARTESIAN_POINT ( 'NONE',  ( -72.99999999999997158, 2.000000000000000000, -45.00000000000000000 ) ) ;
#4029 = ORIENTED_EDGE ( 'NONE', *, *, #5705, .F. ) ;
#4030 = PLANE ( 'NONE',  #2791 ) ;
#4031 = EDGE_CURVE ( 'NONE', #6897, #1511, #2157, .T. ) ;
#4032 = VECTOR ( 'NONE', #4319, 1000.000000000000000 ) ;
#4033 = VERTEX_POINT ( 'NONE', #3411 ) ;
#4034 = VERTEX_POINT ( 'NONE', #1156 ) ;
#4035 = DIRECTION ( 'NONE',  ( 0.000000000000000000, -1.000000000000000000, 0.000000000000000000 ) ) ;
#4036 = CARTESIAN_POINT ( 'NONE',  ( 2.399999999999968825, 21.60000000000000142, 50.00100000000001188 ) ) ;
#4037 = CARTESIAN_POINT ( 'NONE',  ( -72.99999999999995737, 29.50000000000000711, 30.53286389632270215 ) ) ;
#4038 = DIRECTION ( 'NONE',  ( -0.000000000000000000, 1.000000000000000000, -0.000000000000000000 ) ) ;
#4039 = CARTESIAN_POINT ( 'NONE',  ( -50.30000000000002558, 26.20000000000000284, -49.99999999999999289 ) ) ;
#4040 = FACE_OUTER_BOUND ( 'NONE', #2925, .T. ) ;
#4041 = ORIENTED_EDGE ( 'NONE', *, *, #5626, .F. ) ;
#4042 = CARTESIAN_POINT ( 'NONE',  ( -46.51500000000001478, -34.72575564171098961, -29.95265298271447563 ) ) ;
#4043 = ADVANCED_FACE ( 'NONE', ( #8281 ), #3787, .T. ) ;
#4044 = EDGE_CURVE ( 'NONE', #4747, #4304, #337, .T. ) ;
#4045 = AXIS2_PLACEMENT_3D ( 'NONE', #4841, #4153, #6792 ) ;
#4046 = ORIENTED_EDGE ( 'NONE', *, *, #6835, .F. ) ;
#4047 = ORIENTED_EDGE ( 'NONE', *, *, #5297, .F. ) ;
#4048 = DIRECTION ( 'NONE',  ( 1.000000000000000000, 0.000000000000000000, -0.000000000000000000 ) ) ;
#4049 = DIRECTION ( 'NONE',  ( 0.000000000000000000, 1.000000000000000000, 0.000000000000000000 ) ) ;
#4050 = CARTESIAN_POINT ( 'NONE',  ( -62.00000000000000711, -25.11541972245048626, -35.50118301270217103 ) ) ;
#4051 = VECTOR ( 'NONE', #2960, 1000.000000000000000 ) ;
#4052 = ORIENTED_EDGE ( 'NONE', *, *, #88, .T. ) ;
#4053 = ORIENTED_EDGE ( 'NONE', *, *, #144, .T. ) ;
#4054 = CARTESIAN_POINT ( 'NONE',  ( -42.99999999999997868, 29.41820693123827724, 34.96794919243122735 ) ) ;
#4055 = EDGE_CURVE ( 'NONE', #7719, #217, #4386, .T. ) ;
#4056 = ORIENTED_EDGE ( 'NONE', *, *, #2020, .F. ) ;
#4057 = VECTOR ( 'NONE', #7759, 1000.000000000000114 ) ;
#4058 = ORIENTED_EDGE ( 'NONE', *, *, #667, .T. ) ;
#4059 = CARTESIAN_POINT ( 'NONE',  ( -57.00000000000000711, -25.26400619102063416, -35.41539657507527039 ) ) ;
#4060 = CARTESIAN_POINT ( 'NONE',  ( 46.51500000000001478, 11.92168035785549307, 50.84307621135329924 ) ) ;
#4061 = EDGE_LOOP ( 'NONE', ( #5064, #5388 ) ) ;
#4062 = AXIS2_PLACEMENT_3D ( 'NONE', #7747, #7233, #3215 ) ;
#4063 = PLANE ( 'NONE',  #7503 ) ;
#4064 = DIRECTION ( 'NONE',  ( 0.000000000000000000, 0.8660254037844425934, -0.4999999999999933942 ) ) ;
#4065 = AXIS2_PLACEMENT_3D ( 'NONE', #3428, #4071, #3338 ) ;
#4066 = CARTESIAN_POINT ( 'NONE',  ( 72.99999999999997158, 33.50000000000001421, -48.00000000000000000 ) ) ;
#4067 = AXIS2_PLACEMENT_3D ( 'NONE', #5795, #5191, #5142 ) ;
#4068 = VERTEX_POINT ( 'NONE', #1668 ) ;
#4069 = AXIS2_PLACEMENT_3D ( 'NONE', #3518, #972, #1616 ) ;
#4070 = DIRECTION ( 'NONE',  ( 0.000000000000000000, 0.000000000000000000, -1.000000000000000000 ) ) ;
#4071 = DIRECTION ( 'NONE',  ( -4.625929269271485791E-17, 0.000000000000000000, 1.000000000000000000 ) ) ;
#4072 = EDGE_CURVE ( 'NONE', #2473, #8512, #6421, .T. ) ;
#4073 = CARTESIAN_POINT ( 'NONE',  ( -46.51499999999998636, 11.92168035785550018, 50.84307621135332766 ) ) ;
#4074 = CARTESIAN_POINT ( 'NONE',  ( 46.00000000000002132, 16.56180047068719219, 44.70000000000001705 ) ) ;
#4075 = VECTOR ( 'NONE', #4690, 1000.000000000000114 ) ;
#4076 = ORIENTED_EDGE ( 'NONE', *, *, #6311, .T. ) ;
#4077 = ORIENTED_EDGE ( 'NONE', *, *, #7742, .T. ) ;
#4078 = LINE ( 'NONE', #7488, #7387 ) ;
#4079 = LINE ( 'NONE', #5331, #7535 ) ;
#4080 = DIRECTION ( 'NONE',  ( 2.403703357979464508E-16, 0.4999999999999947264, 0.8660254037844417052 ) ) ;
#4081 = LINE ( 'NONE', #8011, #4214 ) ;
#4082 = CARTESIAN_POINT ( 'NONE',  ( 72.99999999999997158, 14.79999999999998650, -39.00000000000004263 ) ) ;
#4083 = AXIS2_PLACEMENT_3D ( 'NONE', #476, #2053, #1080 ) ;
#4084 = EDGE_CURVE ( 'NONE', #1861, #2594, #1792, .T. ) ;
#4085 = CARTESIAN_POINT ( 'NONE',  ( -72.99999999999997158, 28.00000000000000711, -36.00000000000000711 ) ) ;
#4086 = VECTOR ( 'NONE', #291, 1000.000000000000000 ) ;
#4087 = ORIENTED_EDGE ( 'NONE', *, *, #7014, .F. ) ;
#4088 = LINE ( 'NONE', #4653, #5533 ) ;
#4089 = ORIENTED_EDGE ( 'NONE', *, *, #7563, .F. ) ;
#4090 = EDGE_LOOP ( 'NONE', ( #5170, #5629, #2006, #1150 ) ) ;
#4091 = LINE ( 'NONE', #2807, #4132 ) ;
#4092 = FACE_OUTER_BOUND ( 'NONE', #1360, .T. ) ;
#4093 = FACE_OUTER_BOUND ( 'NONE', #8488, .T. ) ;
#4094 = EDGE_CURVE ( 'NONE', #174, #2403, #2930, .T. ) ;
#4095 = EDGE_CURVE ( 'NONE', #1910, #6763, #3656, .T. ) ;
#4096 = ORIENTED_EDGE ( 'NONE', *, *, #4355, .T. ) ;
#4097 = ORIENTED_EDGE ( 'NONE', *, *, #687, .T. ) ;
#4098 = DIRECTION ( 'NONE',  ( -0.000000000000000000, 0.000000000000000000, -1.000000000000000000 ) ) ;
#4099 = ORIENTED_EDGE ( 'NONE', *, *, #1223, .T. ) ;
#4100 = VERTEX_POINT ( 'NONE', #4428 ) ;
#4101 = FACE_OUTER_BOUND ( 'NONE', #5359, .T. ) ;
#4102 = CARTESIAN_POINT ( 'NONE',  ( -46.51499999999999346, 32.42050166543324963, 39.00807621135344050 ) ) ;
#4103 = FACE_OUTER_BOUND ( 'NONE', #1761, .T. ) ;
#4104 = ADVANCED_FACE ( 'NONE', ( #3612 ), #8240, .F. ) ;
#4105 = DIRECTION ( 'NONE',  ( -2.081668171172184784E-16, 0.000000000000000000, -1.000000000000000000 ) ) ;
#4106 = DIRECTION ( 'NONE',  ( -1.000000000000000000, 0.000000000000000000, 0.000000000000000000 ) ) ;
#4107 = PLANE ( 'NONE',  #2091 ) ;
#4108 = AXIS2_PLACEMENT_3D ( 'NONE', #6811, #7421, #8070 ) ;
#4109 = ORIENTED_EDGE ( 'NONE', *, *, #7950, .T. ) ;
#4110 = CARTESIAN_POINT ( 'NONE',  ( -72.99999999999997158, 21.29999999999999005, -38.00000000000000000 ) ) ;
#4111 = FACE_OUTER_BOUND ( 'NONE', #1437, .T. ) ;
#4112 = CARTESIAN_POINT ( 'NONE',  ( -72.99999999999997158, 17.14833395016074391, 37.20000000000000995 ) ) ;
#4113 = DIRECTION ( 'NONE',  ( 1.382129430838193054E-15, -1.000000000000000000, 0.000000000000000000 ) ) ;
#4114 = LINE ( 'NONE', #8004, #5377 ) ;
#4115 = AXIS2_PLACEMENT_3D ( 'NONE', #8033, #5350, #3372 ) ;
#4116 = ORIENTED_EDGE ( 'NONE', *, *, #827, .T. ) ;
#4117 = EDGE_CURVE ( 'NONE', #3121, #857, #5876, .T. ) ;
#4118 = ORIENTED_EDGE ( 'NONE', *, *, #2112, .F. ) ;
#4119 = LINE ( 'NONE', #6758, #8214 ) ;
#4120 = CARTESIAN_POINT ( 'NONE',  ( -72.99999999999997158, 31.00000000000000711, -1.532606157515312262 ) ) ;
#4121 = DIRECTION ( 'NONE',  ( 2.403703357979464508E-16, 0.4999999999999947264, 0.8660254037844417052 ) ) ;
#4122 = DIRECTION ( 'NONE',  ( -2.403703357979465494E-16, -0.4999999999999947264, -0.8660254037844417052 ) ) ;
#4123 = LINE ( 'NONE', #3524, #2830 ) ;
#4124 = ORIENTED_EDGE ( 'NONE', *, *, #6833, .F. ) ;
#4125 = LINE ( 'NONE', #856, #1814 ) ;
#4126 = ORIENTED_EDGE ( 'NONE', *, *, #1943, .F. ) ;
#4127 = EDGE_CURVE ( 'NONE', #1446, #6383, #1755, .T. ) ;
#4128 = ORIENTED_EDGE ( 'NONE', *, *, #582, .F. ) ;
#4129 = CARTESIAN_POINT ( 'NONE',  ( 69.83333333333330017, 7.266666666666664831, -0.06666666666671267061 ) ) ;
#4130 = DIRECTION ( 'NONE',  ( -2.403703357979464508E-16, -0.4999999999999947264, -0.8660254037844417052 ) ) ;
#4131 = CARTESIAN_POINT ( 'NONE',  ( -46.51499999999998636, 8.881931190572105450, 52.59807621135330891 ) ) ;
#4132 = VECTOR ( 'NONE', #943, 1000.000000000000000 ) ;
#4133 = ORIENTED_EDGE ( 'NONE', *, *, #3404, .T. ) ;
#4134 = ORIENTED_EDGE ( 'NONE', *, *, #7188, .T. ) ;
#4135 = DIRECTION ( 'NONE',  ( 1.000000000000000000, -0.000000000000000000, -0.000000000000000000 ) ) ;
#4136 = ORIENTED_EDGE ( 'NONE', *, *, #189, .F. ) ;
#4137 = EDGE_CURVE ( 'NONE', #1901, #6160, #7264, .T. ) ;
#4138 = EDGE_CURVE ( 'NONE', #5070, #6954, #6959, .T. ) ;
#4139 = ORIENTED_EDGE ( 'NONE', *, *, #5636, .F. ) ;
#4140 = CARTESIAN_POINT ( 'NONE',  ( 61.99999999999995737, 31.00000000000000711, -47.99999999999999289 ) ) ;
#4141 = DIRECTION ( 'NONE',  ( 0.000000000000000000, 0.000000000000000000, -1.000000000000000000 ) ) ;
#4142 = ORIENTED_EDGE ( 'NONE', *, *, #8014, .F. ) ;
#4143 = VECTOR ( 'NONE', #6189, 1000.000000000000000 ) ;
#4144 = FACE_BOUND ( 'NONE', #5183, .T. ) ;
#4145 = DIRECTION ( 'NONE',  ( 0.000000000000000000, 0.8660254037844425934, -0.4999999999999933942 ) ) ;
#4146 = VECTOR ( 'NONE', #6823, 1000.000000000000000 ) ;
#4147 = ADVANCED_FACE ( 'NONE', ( #5731 ), #1027, .F. ) ;
#4148 = EDGE_CURVE ( 'NONE', #8466, #1891, #6294, .T. ) ;
#4149 = ORIENTED_EDGE ( 'NONE', *, *, #4962, .F. ) ;
#4150 = DIRECTION ( 'NONE',  ( -0.000000000000000000, -0.000000000000000000, -1.000000000000000000 ) ) ;
#4151 = LINE ( 'NONE', #6356, #1444 ) ;
#4152 = AXIS2_PLACEMENT_3D ( 'NONE', #122, #3405, #6072 ) ;
#4153 = DIRECTION ( 'NONE',  ( 0.000000000000000000, -1.000000000000000000, 0.000000000000000000 ) ) ;
#4154 = FACE_OUTER_BOUND ( 'NONE', #2447, .T. ) ;
#4155 = CYLINDRICAL_SURFACE ( 'NONE', #704, 1.900000000000005240 ) ;
#4156 = EDGE_CURVE ( 'NONE', #2869, #8373, #7127, .T. ) ;
#4157 = ORIENTED_EDGE ( 'NONE', *, *, #1823, .F. ) ;
#4158 = ORIENTED_EDGE ( 'NONE', *, *, #2656, .F. ) ;
#4159 = DIRECTION ( 'NONE',  ( 1.000000000000000000, 0.000000000000000000, 0.000000000000000000 ) ) ;
#4160 = VECTOR ( 'NONE', #3630, 1000.000000000000000 ) ;
#4161 = DIRECTION ( 'NONE',  ( 1.000000000000000000, 0.000000000000000000, 0.000000000000000000 ) ) ;
#4162 = LINE ( 'NONE', #6760, #3220 ) ;
#4163 = LINE ( 'NONE', #78, #4636 ) ;
#4164 = LINE ( 'NONE', #1452, #619 ) ;
#4165 = ORIENTED_EDGE ( 'NONE', *, *, #4625, .F. ) ;
#4166 = EDGE_CURVE ( 'NONE', #2876, #6907, #4906, .T. ) ;
#4167 = VECTOR ( 'NONE', #5518, 1000.000000000000000 ) ;
#4168 = CIRCLE ( 'NONE', #311, 2.999999999999999112 ) ;
#4169 = CARTESIAN_POINT ( 'NONE',  ( 10.39999999999997904, 37.00000000000000711, -48.00000000000000000 ) ) ;
#4170 = VERTEX_POINT ( 'NONE', #8324 ) ;
#4171 = CARTESIAN_POINT ( 'NONE',  ( 58.00000000000002842, 25.75008650835457047, 37.08573950600307967 ) ) ;
#4172 = DIRECTION ( 'NONE',  ( -0.000000000000000000, 0.000000000000000000, 1.000000000000000000 ) ) ;
#4173 = DIRECTION ( 'NONE',  ( -1.000000000000000000, 1.201851678989720421E-16, 2.081668171172183797E-16 ) ) ;
#4174 = CIRCLE ( 'NONE', #7074, 4.999999999999997335 ) ;
#4175 = ORIENTED_EDGE ( 'NONE', *, *, #729, .T. ) ;
#4176 = EDGE_CURVE ( 'NONE', #7168, #2658, #1711, .T. ) ;
#4177 = VERTEX_POINT ( 'NONE', #5685 ) ;
#4178 = VECTOR ( 'NONE', #8233, 1000.000000000000000 ) ;
#4179 = CYLINDRICAL_SURFACE ( 'NONE', #4306, 3.000000000000002665 ) ;
#4180 = EDGE_CURVE ( 'NONE', #5329, #3834, #639, .T. ) ;
#4181 = ORIENTED_EDGE ( 'NONE', *, *, #7146, .T. ) ;
#4182 = ORIENTED_EDGE ( 'NONE', *, *, #3721, .T. ) ;
#4183 = LINE ( 'NONE', #262, #7900 ) ;
#4184 = VECTOR ( 'NONE', #4106, 1000.000000000000000 ) ;
#4185 = LINE ( 'NONE', #8161, #4146 ) ;
#4186 = DIRECTION ( 'NONE',  ( 0.000000000000000000, 0.8660254037844425934, -0.4999999999999933942 ) ) ;
#4187 = APPLICATION_CONTEXT ( 'automotive_design' ) ;
#4188 = EDGE_LOOP ( 'NONE', ( #5103, #1415, #6607, #3415 ) ) ;
#4189 = EDGE_CURVE ( 'NONE', #1894, #2903, #6567, .T. ) ;
#4190 = LINE ( 'NONE', #6264, #1558 ) ;
#4191 = ORIENTED_EDGE ( 'NONE', *, *, #150, .T. ) ;
#4192 = CARTESIAN_POINT ( 'NONE',  ( 72.99999999999997158, 26.40192378864669109, 31.16683849253822913 ) ) ;
#4193 = VECTOR ( 'NONE', #3018, 1000.000000000000227 ) ;
#4194 = VECTOR ( 'NONE', #668, 1000.000000000000000 ) ;
#4195 = ORIENTED_EDGE ( 'NONE', *, *, #6141, .F. ) ;
#4196 = CIRCLE ( 'NONE', #5298, 3.000000000000002665 ) ;
#4197 = CARTESIAN_POINT ( 'NONE',  ( 34.94999999999996732, 32.00000000000000711, -46.50000000000000000 ) ) ;
#4198 = DIRECTION ( 'NONE',  ( -0.000000000000000000, 0.000000000000000000, -1.000000000000000000 ) ) ;
#4199 = EDGE_CURVE ( 'NONE', #857, #1363, #3997, .T. ) ;
#4200 = CARTESIAN_POINT ( 'NONE',  ( 10.39999999999997904, 22.80000000000001847, -48.00000000000000000 ) ) ;
#4201 = EDGE_CURVE ( 'NONE', #3412, #8339, #1283, .T. ) ;
#4202 = CARTESIAN_POINT ( 'NONE',  ( 71.49999999999997158, 32.00000000000001421, -1.532606157515349343 ) ) ;
#4203 = CIRCLE ( 'NONE', #4891, 3.509999999999991793 ) ;
#4204 = ORIENTED_EDGE ( 'NONE', *, *, #1756, .T. ) ;
#4205 = ORIENTED_EDGE ( 'NONE', *, *, #8425, .T. ) ;
#4206 = LINE ( 'NONE', #155, #1455 ) ;
#4207 = CARTESIAN_POINT ( 'NONE',  ( 66.00000000000001421, 26.96021950739154249, 38.69646997001231625 ) ) ;
#4208 = DIRECTION ( 'NONE',  ( 1.000000000000000000, -0.000000000000000000, -2.775557561562891844E-16 ) ) ;
#4209 = LINE ( 'NONE', #4335, #8343 ) ;
#4210 = DIRECTION ( 'NONE',  ( 0.000000000000000000, 1.000000000000000000, 0.000000000000000000 ) ) ;
#4211 = EDGE_CURVE ( 'NONE', #2304, #2295, #3827, .T. ) ;
#4212 = ORIENTED_EDGE ( 'NONE', *, *, #3510, .T. ) ;
#4213 = CARTESIAN_POINT ( 'NONE',  ( -46.51499999999998636, 11.92168035785550018, 50.84307621135332766 ) ) ;
#4214 = VECTOR ( 'NONE', #4731, 1000.000000000000000 ) ;
#4215 = ORIENTED_EDGE ( 'NONE', *, *, #4421, .F. ) ;
#4216 = PLANE ( 'NONE',  #6756 ) ;
#4217 = CARTESIAN_POINT ( 'NONE',  ( -71.49999999999997158, 26.90192378864667688, 32.03286389632268794 ) ) ;
#4218 = VECTOR ( 'NONE', #1367, 999.9999999999998863 ) ;
#4219 = PLANE ( 'NONE',  #4108 ) ;
#4220 = LINE ( 'NONE', #3447, #786 ) ;
#4221 = ORIENTED_EDGE ( 'NONE', *, *, #8532, .T. ) ;
#4222 = AXIS2_PLACEMENT_3D ( 'NONE', #7410, #4729, #2092 ) ;
#4223 = VERTEX_POINT ( 'NONE', #6460 ) ;
#4224 = DIRECTION ( 'NONE',  ( 1.000000000000000000, 0.000000000000000000, -2.775557561562891351E-16 ) ) ;
#4225 = ORIENTED_EDGE ( 'NONE', *, *, #2023, .T. ) ;
#4226 = VERTEX_POINT ( 'NONE', #5115 ) ;
#4227 = EDGE_CURVE ( 'NONE', #4033, #656, #5859, .T. ) ;
#4228 = FACE_OUTER_BOUND ( 'NONE', #5727, .T. ) ;
#4229 = DIRECTION ( 'NONE',  ( 2.403703357979464508E-16, 0.4999999999999947264, 0.8660254037844417052 ) ) ;
#4230 = FACE_OUTER_BOUND ( 'NONE', #2429, .T. ) ;
#4231 = ORIENTED_EDGE ( 'NONE', *, *, #1751, .T. ) ;
#4232 = DIRECTION ( 'NONE',  ( -0.7071067811865474617, 0.000000000000000000, -0.7071067811865474617 ) ) ;
#4233 = ORIENTED_EDGE ( 'NONE', *, *, #142, .T. ) ;
#4234 = DIRECTION ( 'NONE',  ( 0.000000000000000000, 1.000000000000000000, 0.000000000000000000 ) ) ;
#4235 = EDGE_CURVE ( 'NONE', #6436, #7259, #1889, .T. ) ;
#4236 = ORIENTED_EDGE ( 'NONE', *, *, #4574, .T. ) ;
#4237 = CARTESIAN_POINT ( 'NONE',  ( -61.99999999999998579, 19.03201627711604615, 40.96441916244344128 ) ) ;
#4238 = DIRECTION ( 'NONE',  ( 0.000000000000000000, 0.8660254037844425934, -0.4999999999999933942 ) ) ;
#4239 = CARTESIAN_POINT ( 'NONE',  ( 75.00000000000002842, 31.00000000000000711, 29.66683849253821847 ) ) ;
#4240 = DIRECTION ( 'NONE',  ( -1.000000000000000000, -1.382129430838193054E-15, 1.075528555105613102E-15 ) ) ;
#4241 = EDGE_LOOP ( 'NONE', ( #1123, #4099, #4608, #5709 ) ) ;
#4242 = EDGE_CURVE ( 'NONE', #3196, #8538, #8226, .T. ) ;
#4243 = EDGE_CURVE ( 'NONE', #1345, #7670, #7948, .T. ) ;
#4244 = EDGE_LOOP ( 'NONE', ( #3183, #2035, #3353, #377, #8501, #2982, #771, #3641, #7904, #1454 ) ) ;
#4245 = DIRECTION ( 'NONE',  ( -1.000000000000000000, 1.201851678989719188E-16, 2.081668171172184537E-16 ) ) ;
#4246 = DIRECTION ( 'NONE',  ( -0.000000000000000000, 1.000000000000000000, -0.000000000000000000 ) ) ;
#4247 = CARTESIAN_POINT ( 'NONE',  ( 61.99999999999995026, 16.29999999999999716, 52.59907621135331368 ) ) ;
#4248 = DIRECTION ( 'NONE',  ( -4.625929269271485791E-17, 0.000000000000000000, 1.000000000000000000 ) ) ;
#4249 = DIRECTION ( 'NONE',  ( 2.081668171172171038E-14, 0.8660254037844421493, -0.4999999999999941158 ) ) ;
#4250 = VERTEX_POINT ( 'NONE', #5208 ) ;
#4251 = AXIS2_PLACEMENT_3D ( 'NONE', #2347, #6278, #408 ) ;
#4252 = DIRECTION ( 'NONE',  ( 0.000000000000000000, -0.8660254037844412611, 0.4999999999999953926 ) ) ;
#4253 = ORIENTED_EDGE ( 'NONE', *, *, #7555, .T. ) ;
#4254 = ADVANCED_FACE ( 'NONE', ( #589 ), #8408, .F. ) ;
#4255 = DIRECTION ( 'NONE',  ( 0.000000000000000000, 1.000000000000000000, 0.000000000000000000 ) ) ;
#4256 = CARTESIAN_POINT ( 'NONE',  ( -56.06999999999999318, 0.000000000000000000, 11.09000000000000696 ) ) ;
#4257 = DIRECTION ( 'NONE',  ( 2.403703357979464508E-16, 0.4999999999999947264, 0.8660254037844417052 ) ) ;
#4258 = DIRECTION ( 'NONE',  ( 0.000000000000000000, 0.8660254037844412611, -0.4999999999999956146 ) ) ;
#4259 = CARTESIAN_POINT ( 'NONE',  ( 60.99999999999995026, 21.30000000000000071, -46.50000000000000000 ) ) ;
#4260 = ORIENTED_EDGE ( 'NONE', *, *, #4402, .T. ) ;
#4261 = ORIENTED_EDGE ( 'NONE', *, *, #1416, .T. ) ;
#4262 = DIRECTION ( 'NONE',  ( 0.000000000000000000, 0.000000000000000000, 1.000000000000000000 ) ) ;
#4263 = VERTEX_POINT ( 'NONE', #3310 ) ;
#4264 = ADVANCED_FACE ( 'NONE', ( #3867 ), #6503, .T. ) ;
#4265 = VERTEX_POINT ( 'NONE', #5245 ) ;
#4266 = CIRCLE ( 'NONE', #3448, 1.899999999999999023 ) ;
#4267 = CARTESIAN_POINT ( 'NONE',  ( 65.00000000000001421, 26.96021950739153539, 38.69646997001231625 ) ) ;
#4268 = DIRECTION ( 'NONE',  ( -0.7071067811865491270, 0.000000000000000000, 0.7071067811865459074 ) ) ;
#4269 = CARTESIAN_POINT ( 'NONE',  ( 12.89999999999997726, 16.30000000000000426, 52.59907621135331368 ) ) ;
#4270 = ORIENTED_EDGE ( 'NONE', *, *, #3539, .T. ) ;
#4271 = CARTESIAN_POINT ( 'NONE',  ( -72.99999999999997158, 22.80000000000000426, -39.00000000000000000 ) ) ;
#4272 = ORIENTED_EDGE ( 'NONE', *, *, #2938, .F. ) ;
#4273 = DIRECTION ( 'NONE',  ( 0.000000000000000000, 0.000000000000000000, 1.000000000000000000 ) ) ;
#4274 = EDGE_CURVE ( 'NONE', #6614, #7301, #4479, .T. ) ;
#4275 = VERTEX_POINT ( 'NONE', #1970 ) ;
#4276 = CARTESIAN_POINT ( 'NONE',  ( 71.49999999999997158, 16.29999999999999716, -40.00000000000003553 ) ) ;
#4277 = PLANE ( 'NONE',  #1866 ) ;
#4278 = DIRECTION ( 'NONE',  ( 0.000000000000000000, 0.000000000000000000, -1.000000000000000000 ) ) ;
#4279 = VECTOR ( 'NONE', #1347, 1000.000000000000000 ) ;
#4280 = DIRECTION ( 'NONE',  ( 0.7071067811865475727, -0.7071067811865475727, -0.000000000000000000 ) ) ;
#4281 = ADVANCED_FACE ( 'NONE', ( #4606 ), #7246, .F. ) ;
#4282 = EDGE_CURVE ( 'NONE', #3741, #5125, #6593, .T. ) ;
#4283 = EDGE_LOOP ( 'NONE', ( #1862, #1300, #7822, #7178, #7175, #2346, #3304, #1972 ) ) ;
#4284 = VECTOR ( 'NONE', #2463, 1000.000000000000114 ) ;
#4285 = ORIENTED_EDGE ( 'NONE', *, *, #3305, .F. ) ;
#4286 = DIRECTION ( 'NONE',  ( 1.000000000000000000, -0.000000000000000000, -0.000000000000000000 ) ) ;
#4287 = AXIS2_PLACEMENT_3D ( 'NONE', #3174, #5765, #1275 ) ;
#4288 = CARTESIAN_POINT ( 'NONE',  ( 56.07000000000000028, 5.000000000000000000, -44.43999999999999062 ) ) ;
#4289 = DIRECTION ( 'NONE',  ( -2.335413407764966936E-16, -0.4999999999999946709, -0.8660254037844418162 ) ) ;
#4290 = CARTESIAN_POINT ( 'NONE',  ( -64.99999999999998579, 25.96021950739154605, 36.96441916244349102 ) ) ;
#4291 = LINE ( 'NONE', #3134, #8048 ) ;
#4292 = ORIENTED_EDGE ( 'NONE', *, *, #7871, .T. ) ;
#4293 = CIRCLE ( 'NONE', #4429, 1.000000000000000222 ) ;
#4294 = EDGE_CURVE ( 'NONE', #7416, #6436, #30, .T. ) ;
#4295 = VECTOR ( 'NONE', #1923, 1000.000000000000000 ) ;
#4296 = DIRECTION ( 'NONE',  ( -0.7071067811865509034, 0.000000000000000000, -0.7071067811865442421 ) ) ;
#4297 = VECTOR ( 'NONE', #4590, 1000.000000000000000 ) ;
#4298 = ORIENTED_EDGE ( 'NONE', *, *, #7306, .T. ) ;
#4299 = DIRECTION ( 'NONE',  ( -2.403703357979464508E-16, -0.4999999999999947820, -0.8660254037844417052 ) ) ;
#4300 = DIRECTION ( 'NONE',  ( 0.000000000000000000, -0.8660254037844412611, 0.4999999999999953926 ) ) ;
#4301 = LINE ( 'NONE', #4987, #8118 ) ;
#4302 = CARTESIAN_POINT ( 'NONE',  ( 72.99999999999997158, 70.38072758308065602, 9.817116167511276359 ) ) ;
#4303 = DIRECTION ( 'NONE',  ( 1.000000000000000000, -9.860761315262645378E-32, -2.775557561562891351E-16 ) ) ;
#4304 = VERTEX_POINT ( 'NONE', #1840 ) ;
#4305 = VECTOR ( 'NONE', #6741, 1000.000000000000114 ) ;
#4306 = AXIS2_PLACEMENT_3D ( 'NONE', #7986, #4224, #1470 ) ;
#4307 = EDGE_LOOP ( 'NONE', ( #971, #6288, #2195, #8360 ) ) ;
#4308 = ADVANCED_FACE ( 'NONE', ( #4649 ), #7119, .F. ) ;
#4309 = DIRECTION ( 'NONE',  ( -2.403703357979464508E-16, -0.4999999999999947264, -0.8660254037844417052 ) ) ;
#4310 = ORIENTED_EDGE ( 'NONE', *, *, #1352, .T. ) ;
#4311 = ORIENTED_EDGE ( 'NONE', *, *, #779, .T. ) ;
#4312 = AXIS2_PLACEMENT_3D ( 'NONE', #7087, #7135, #3117 ) ;
#4313 = LINE ( 'NONE', #6949, #7761 ) ;
#4314 = DIRECTION ( 'NONE',  ( 1.000000000000000000, -0.000000000000000000, -0.000000000000000000 ) ) ;
#4315 =( NAMED_UNIT ( * ) SI_UNIT ( $, .STERADIAN. ) SOLID_ANGLE_UNIT ( ) );
#4316 = VECTOR ( 'NONE', #6752, 1000.000000000000000 ) ;
#4317 = EDGE_LOOP ( 'NONE', ( #5877, #5182, #5258, #1287 ) ) ;
#4318 = VECTOR ( 'NONE', #4121, 1000.000000000000000 ) ;
#4319 = DIRECTION ( 'NONE',  ( 1.000000000000000000, 0.000000000000000000, 0.000000000000000000 ) ) ;
#4320 = VERTEX_POINT ( 'NONE', #5162 ) ;
#4321 = EDGE_CURVE ( 'NONE', #3283, #7331, #5373, .T. ) ;
#4322 = DIRECTION ( 'NONE',  ( -0.000000000000000000, 1.000000000000000000, -0.000000000000000000 ) ) ;
#4323 = AXIS2_PLACEMENT_3D ( 'NONE', #7995, #2075, #7394 ) ;
#4324 = ORIENTED_EDGE ( 'NONE', *, *, #3615, .F. ) ;
#4325 = DIRECTION ( 'NONE',  ( 0.000000000000000000, 0.000000000000000000, -1.000000000000000000 ) ) ;
#4326 = CARTESIAN_POINT ( 'NONE',  ( 69.83333333333330017, 30.33333333333334281, -3.199272824182030739 ) ) ;
#4327 = CARTESIAN_POINT ( 'NONE',  ( 12.89999999999998259, 31.00000000000000711, -47.99999999999999289 ) ) ;
#4328 = VECTOR ( 'NONE', #7144, 1000.000000000000114 ) ;
#4329 = LINE ( 'NONE', #8394, #8174 ) ;
#4330 = ORIENTED_EDGE ( 'NONE', *, *, #1391, .F. ) ;
#4331 = CARTESIAN_POINT ( 'NONE',  ( -56.99999999999998579, 19.88342980854586983, 42.78225640763920268 ) ) ;
#4332 = DIRECTION ( 'NONE',  ( 1.000000000000000000, -1.131341397376178572E-16, -2.262682794752357144E-16 ) ) ;
#4333 = ADVANCED_FACE ( 'NONE', ( #5420 ), #810, .F. ) ;
#4334 = FACE_BOUND ( 'NONE', #5707, .T. ) ;
#4335 = CARTESIAN_POINT ( 'NONE',  ( 69.99999999999998579, 2.000000000000000000, 50.00000000000000711 ) ) ;
#4336 = CARTESIAN_POINT ( 'NONE',  ( 72.99999999999997158, 31.00000000000000711, 27.93478768496934705 ) ) ;
#4337 = ORIENTED_EDGE ( 'NONE', *, *, #5022, .F. ) ;
#4338 = VECTOR ( 'NONE', #8356, 1000.000000000000114 ) ;
#4339 = DIRECTION ( 'NONE',  ( 0.000000000000000000, 0.8660254037844413721, -0.4999999999999952816 ) ) ;
#4340 = VERTEX_POINT ( 'NONE', #4082 ) ;
#4341 = CARTESIAN_POINT ( 'NONE',  ( 46.51500000000000767, 37.10569909990706350, 36.30307621135344931 ) ) ;
#4342 = CARTESIAN_POINT ( 'NONE',  ( 12.89999999999997904, 16.30000000000000426, -46.50000000000000000 ) ) ;
#4343 = ADVANCED_FACE ( 'NONE', ( #8060 ), #6721, .F. ) ;
#4344 = DIRECTION ( 'NONE',  ( 0.000000000000000000, -0.000000000000000000, 1.000000000000000000 ) ) ;
#4345 = CARTESIAN_POINT ( 'NONE',  ( -57.29289321881346808, -17.78497705551617258, -39.73341605973575952 ) ) ;
#4346 = DIRECTION ( 'NONE',  ( -2.403703357979464015E-16, -0.4999999999999946154, -0.8660254037844419273 ) ) ;
#4347 = ORIENTED_EDGE ( 'NONE', *, *, #8144, .F. ) ;
#4348 = ORIENTED_EDGE ( 'NONE', *, *, #357, .T. ) ;
#4349 = CIRCLE ( 'NONE', #3527, 1.000000000000000222 ) ;
#4350 = DIRECTION ( 'NONE',  ( -2.403703357979464508E-16, -0.4999999999999947264, -0.8660254037844417052 ) ) ;
#4351 = ORIENTED_EDGE ( 'NONE', *, *, #4969, .F. ) ;
#4352 = VECTOR ( 'NONE', #4908, 1000.000000000000114 ) ;
#4353 = ORIENTED_EDGE ( 'NONE', *, *, #5660, .T. ) ;
#4354 = CARTESIAN_POINT ( 'NONE',  ( -46.51499999999998636, 14.96142952513889668, 49.08807621135333932 ) ) ;
#4355 = EDGE_CURVE ( 'NONE', #7817, #4813, #7451, .T. ) ;
#4356 = ADVANCED_FACE ( 'NONE', ( #4772 ), #205, .T. ) ;
#4357 = CARTESIAN_POINT ( 'NONE',  ( 60.99999999999995026, 21.30000000000000071, -46.50000000000000000 ) ) ;
#4358 = DIRECTION ( 'NONE',  ( 0.000000000000000000, 0.8660254037844412611, -0.4999999999999956146 ) ) ;
#4359 = CARTESIAN_POINT ( 'NONE',  ( -27.00000000000002842, 6.599999999999999645, -47.99999999999999289 ) ) ;
#4360 = AXIS2_PLACEMENT_3D ( 'NONE', #3140, #4604, #5113 ) ;
#4361 = ORIENTED_EDGE ( 'NONE', *, *, #6835, .T. ) ;
#4362 = CARTESIAN_POINT ( 'NONE',  ( -72.99999999999997158, 18.64833395016074391, 36.79807621135333306 ) ) ;
#4363 = AXIS2_PLACEMENT_3D ( 'NONE', #7548, #7713, #1630 ) ;
#4364 = VERTEX_POINT ( 'NONE', #5986 ) ;
#4365 = CARTESIAN_POINT ( 'NONE',  ( -70.00000000000001421, 37.00000000000000711, -45.00000000000000711 ) ) ;
#4366 = ORIENTED_EDGE ( 'NONE', *, *, #8105, .F. ) ;
#4367 = EDGE_CURVE ( 'NONE', #8243, #130, #7413, .T. ) ;
#4368 = EDGE_LOOP ( 'NONE', ( #388, #8227, #4378, #4877 ) ) ;
#4369 = CARTESIAN_POINT ( 'NONE',  ( 60.99999999999995026, 16.29999999999999716, -47.50000000000002842 ) ) ;
#4370 = DIRECTION ( 'NONE',  ( 0.000000000000000000, -0.000000000000000000, -1.000000000000000000 ) ) ;
#4371 = LINE ( 'NONE', #3554, #6535 ) ;
#4372 = CARTESIAN_POINT ( 'NONE',  ( -56.06999999999999318, 5.000000000000000000, 16.49000000000000909 ) ) ;
#4373 = ORIENTED_EDGE ( 'NONE', *, *, #6071, .F. ) ;
#4374 = CYLINDRICAL_SURFACE ( 'NONE', #4828, 1.899999999999999023 ) ;
#4375 = FACE_OUTER_BOUND ( 'NONE', #4061, .T. ) ;
#4376 = LINE ( 'NONE', #2442, #5445 ) ;
#4377 = LINE ( 'NONE', #2443, #5975 ) ;
#4378 = ORIENTED_EDGE ( 'NONE', *, *, #7095, .F. ) ;
#4379 = FACE_BOUND ( 'NONE', #6297, .T. ) ;
#4380 = CIRCLE ( 'NONE', #666, 1.000000000000000222 ) ;
#4381 = EDGE_CURVE ( 'NONE', #197, #3703, #3351, .T. ) ;
#4382 = ORIENTED_EDGE ( 'NONE', *, *, #395, .F. ) ;
#4383 = DIRECTION ( 'NONE',  ( 2.403703357979464508E-16, 0.4999999999999947264, 0.8660254037844417052 ) ) ;
#4384 = LINE ( 'NONE', #6291, #1607 ) ;
#4385 = DIRECTION ( 'NONE',  ( 0.000000000000000000, 1.000000000000000000, 0.000000000000000000 ) ) ;
#4386 = LINE ( 'NONE', #421, #6976 ) ;
#4387 = DIRECTION ( 'NONE',  ( -2.403703357979465001E-16, -0.4999999999999948375, -0.8660254037844418162 ) ) ;
#4388 = ORIENTED_EDGE ( 'NONE', *, *, #272, .F. ) ;
#4389 = EDGE_LOOP ( 'NONE', ( #97, #4954, #16, #4118 ) ) ;
#4390 = CARTESIAN_POINT ( 'NONE',  ( -56.06999999999999318, 5.000000000000000000, 12.99000000000000909 ) ) ;
#4391 = EDGE_CURVE ( 'NONE', #1382, #4013, #6157, .T. ) ;
#4392 = EDGE_LOOP ( 'NONE', ( #3931, #7589, #5571, #8383 ) ) ;
#4393 = EDGE_LOOP ( 'NONE', ( #3596, #1687, #5775, #4405 ) ) ;
#4394 = PLANE ( 'NONE',  #4634 ) ;
#4395 = CARTESIAN_POINT ( 'NONE',  ( -71.49999999999997158, 30.00000000000001421, -6.532606157515309597 ) ) ;
#4396 = CYLINDRICAL_SURFACE ( 'NONE', #2783, 1.900000000000002354 ) ;
#4397 = CARTESIAN_POINT ( 'NONE',  ( 43.00000000000001421, 29.41820693123827724, 34.96794919243121313 ) ) ;
#4398 = ORIENTED_EDGE ( 'NONE', *, *, #3262, .F. ) ;
#4399 = LINE ( 'NONE', #7042, #5411 ) ;
#4400 = VERTEX_POINT ( 'NONE', #6761 ) ;
#4401 = FACE_OUTER_BOUND ( 'NONE', #831, .T. ) ;
#4402 = EDGE_CURVE ( 'NONE', #1035, #7195, #723, .T. ) ;
#4403 = EDGE_CURVE ( 'NONE', #5439, #7760, #6633, .T. ) ;
#4404 =( NAMED_UNIT ( * ) SI_UNIT ( $, .STERADIAN. ) SOLID_ANGLE_UNIT ( ) );
#4405 = ORIENTED_EDGE ( 'NONE', *, *, #7602, .T. ) ;
#4406 = ORIENTED_EDGE ( 'NONE', *, *, #1122, .F. ) ;
#4407 = PLANE ( 'NONE',  #895 ) ;
#4408 = CARTESIAN_POINT ( 'NONE',  ( -69.99999999999997158, 6.846032805709870495, 48.00000000000000711 ) ) ;
#4409 = CARTESIAN_POINT ( 'NONE',  ( -71.49999999999995737, 26.90192378864668399, 32.03286389632268794 ) ) ;
#4410 = CIRCLE ( 'NONE', #6889, 1.000000000000000222 ) ;
#4411 = CARTESIAN_POINT ( 'NONE',  ( 71.49999999999997158, 23.07179676972450011, 35.39888930010710766 ) ) ;
#4412 = EDGE_CURVE ( 'NONE', #1743, #7689, #4163, .T. ) ;
#4413 = ADVANCED_FACE ( 'NONE', ( #1451 ), #2715, .F. ) ;
#4414 = VERTEX_POINT ( 'NONE', #897 ) ;
#4415 = CARTESIAN_POINT ( 'NONE',  ( 56.07000000000000028, -0.001000000000000132727, -44.43999999999999062 ) ) ;
#4416 = AXIS2_PLACEMENT_3D ( 'NONE', #4288, #3724, #6926 ) ;
#4417 = PLANE ( 'NONE',  #6139 ) ;
#4418 = AXIS2_PLACEMENT_3D ( 'NONE', #4643, #2085, #7282 ) ;
#4419 = DIRECTION ( 'NONE',  ( 0.000000000000000000, 1.000000000000000000, 0.000000000000000000 ) ) ;
#4420 = EDGE_LOOP ( 'NONE', ( #8332, #485, #7542, #5936, #2314, #6635, #1372, #4221 ) ) ;
#4421 = EDGE_CURVE ( 'NONE', #295, #3111, #6114, .T. ) ;
#4422 = LINE ( 'NONE', #6455, #163 ) ;
#4423 = AXIS2_PLACEMENT_3D ( 'NONE', #8507, #7820, #1899 ) ;
#4424 = ORIENTED_EDGE ( 'NONE', *, *, #5012, .F. ) ;
#4425 = DIRECTION ( 'NONE',  ( -2.403703357979467959E-16, -0.4999999999999946709, -0.8660254037844417052 ) ) ;
#4426 = FACE_OUTER_BOUND ( 'NONE', #1290, .T. ) ;
#4427 = CARTESIAN_POINT ( 'NONE',  ( 33.44999999999996732, 31.00000000000000711, -47.99999999999999289 ) ) ;
#4428 = CARTESIAN_POINT ( 'NONE',  ( 72.99999999999997158, 30.00000000000001066, -1.532606157515349343 ) ) ;
#4429 = AXIS2_PLACEMENT_3D ( 'NONE', #3385, #2081, #882 ) ;
#4430 = EDGE_CURVE ( 'NONE', #8205, #6841, #2880, .T. ) ;
#4431 = CYLINDRICAL_SURFACE ( 'NONE', #1715, 2.999999999999999112 ) ;
#4432 = ORIENTED_EDGE ( 'NONE', *, *, #2928, .T. ) ;
#4433 = AXIS2_PLACEMENT_3D ( 'NONE', #4483, #7124, #3833 ) ;
#4434 = ORIENTED_EDGE ( 'NONE', *, *, #728, .F. ) ;
#4435 = AXIS2_PLACEMENT_3D ( 'NONE', #7777, #7218, #3284 ) ;
#4436 = LINE ( 'NONE', #5648, #5407 ) ;
#4437 = ORIENTED_EDGE ( 'NONE', *, *, #7612, .F. ) ;
#4438 = ORIENTED_EDGE ( 'NONE', *, *, #6709, .F. ) ;
#4439 = CARTESIAN_POINT ( 'NONE',  ( 72.99999999999997158, 0.000000000000000000, 0.000000000000000000 ) ) ;
#4440 = FACE_OUTER_BOUND ( 'NONE', #7588, .T. ) ;
#4441 = DIRECTION ( 'NONE',  ( -0.000000000000000000, 1.000000000000000000, -0.000000000000000000 ) ) ;
#4442 = CARTESIAN_POINT ( 'NONE',  ( -46.51499999999999346, 35.46025083271663192, 37.25307621135345926 ) ) ;
#4443 = VECTOR ( 'NONE', #1718, 1000.000000000000000 ) ;
#4444 = EDGE_CURVE ( 'NONE', #1202, #4068, #5318, .T. ) ;
#4445 = ORIENTED_EDGE ( 'NONE', *, *, #2628, .T. ) ;
#4446 = CARTESIAN_POINT ( 'NONE',  ( 71.49999999999997158, 32.00000000000001421, -6.532606157515350453 ) ) ;
#4447 = VERTEX_POINT ( 'NONE', #6029 ) ;
#4448 = EDGE_CURVE ( 'NONE', #7121, #4557, #2221, .T. ) ;
#4449 = PLANE ( 'NONE',  #7339 ) ;
#4450 = FILL_AREA_STYLE_COLOUR ( '', #3322 ) ;
#4451 = AXIS2_PLACEMENT_3D ( 'NONE', #6955, #1041, #5005 ) ;
#4452 = ORIENTED_EDGE ( 'NONE', *, *, #1714, .T. ) ;
#4453 = ORIENTED_EDGE ( 'NONE', *, *, #3531, .F. ) ;
#4454 = VERTEX_POINT ( 'NONE', #7326 ) ;
#4455 = EDGE_CURVE ( 'NONE', #675, #5579, #8218, .T. ) ;
#4456 = DIRECTION ( 'NONE',  ( -0.000000000000000000, -1.000000000000000000, -0.000000000000000000 ) ) ;
#4457 = DIRECTION ( 'NONE',  ( 0.000000000000000000, -0.8660254037844385966, 0.5000000000000001110 ) ) ;
#4458 = VECTOR ( 'NONE', #8264, 1000.000000000000000 ) ;
#4459 = FACE_OUTER_BOUND ( 'NONE', #3820, .T. ) ;
#4460 = DIRECTION ( 'NONE',  ( -1.000000000000000000, 0.000000000000000000, 2.775557561562891351E-16 ) ) ;
#4461 = AXIS2_PLACEMENT_3D ( 'NONE', #627, #1358, #3819 ) ;
#4462 = EDGE_LOOP ( 'NONE', ( #6498, #3168, #2098, #3480 ) ) ;
#4463 = EDGE_CURVE ( 'NONE', #2353, #6040, #281, .T. ) ;
#4464 = CARTESIAN_POINT ( 'NONE',  ( -72.99999999999997158, 14.79999999999999361, -48.00000000000000000 ) ) ;
#4465 = EDGE_CURVE ( 'NONE', #4400, #813, #6284, .T. ) ;
#4466 = AXIS2_PLACEMENT_3D ( 'NONE', #445, #2340, #3082 ) ;
#4467 = DIRECTION ( 'NONE',  ( 1.387778780781445360E-14, 0.8660254037844425934, -0.4999999999999933942 ) ) ;
#4468 = CIRCLE ( 'NONE', #6696, 1.000000000000000222 ) ;
#4469 = CYLINDRICAL_SURFACE ( 'NONE', #1976, 3.000000000000001332 ) ;
#4470 = VERTEX_POINT ( 'NONE', #326 ) ;
#4471 = DIRECTION ( 'NONE',  ( 1.000000000000000000, -0.000000000000000000, -0.000000000000000000 ) ) ;
#4472 = VECTOR ( 'NONE', #1157, 1000.000000000000000 ) ;
#4473 = ORIENTED_EDGE ( 'NONE', *, *, #7650, .F. ) ;
#4474 = DIRECTION ( 'NONE',  ( -0.000000000000000000, -1.000000000000000000, -0.000000000000000000 ) ) ;
#4475 = VECTOR ( 'NONE', #2003, 1000.000000000000000 ) ;
#4476 = CARTESIAN_POINT ( 'NONE',  ( -72.99999999999997158, 16.29999999999998650, -38.00000000000000000 ) ) ;
#4477 = EDGE_CURVE ( 'NONE', #911, #2323, #3090, .T. ) ;
#4478 = CARTESIAN_POINT ( 'NONE',  ( -71.49999999999997158, 5.600000000000004086, -3.399999999999998135 ) ) ;
#4479 = LINE ( 'NONE', #5812, #2981 ) ;
#4480 = PLANE ( 'NONE',  #4610 ) ;
#4481 = ORIENTED_EDGE ( 'NONE', *, *, #1499, .T. ) ;
#4482 = ORIENTED_EDGE ( 'NONE', *, *, #403, .T. ) ;
#4483 = CARTESIAN_POINT ( 'NONE',  ( -55.99999999999998579, 27.46752544356883519, 38.40357675119887659 ) ) ;
#4484 = ORIENTED_EDGE ( 'NONE', *, *, #6374, .F. ) ;
#4485 = VECTOR ( 'NONE', #6314, 1000.000000000000000 ) ;
#4486 = VERTEX_POINT ( 'NONE', #2350 ) ;
#4487 = DIRECTION ( 'NONE',  ( 0.000000000000000000, 1.000000000000000000, 0.000000000000000000 ) ) ;
#4488 = AXIS2_PLACEMENT_3D ( 'NONE', #2877, #8137, #6193 ) ;
#4489 = CARTESIAN_POINT ( 'NONE',  ( 69.99999999999997158, 37.00000000000000711, -49.99999999999999289 ) ) ;
#4490 = CARTESIAN_POINT ( 'NONE',  ( -75.00000000000000000, 17.14833395016074391, 37.20000000000000995 ) ) ;
#4491 = CARTESIAN_POINT ( 'NONE',  ( 72.99999999999997158, 33.50000000000001421, -8.032606157515360223 ) ) ;
#4492 = ORIENTED_EDGE ( 'NONE', *, *, #3891, .F. ) ;
#4493 = CARTESIAN_POINT ( 'NONE',  ( 75.00000000000002842, 9.600000000000001421, 34.19999999999996732 ) ) ;
#4494 = ORIENTED_EDGE ( 'NONE', *, *, #1133, .T. ) ;
#4495 = CARTESIAN_POINT ( 'NONE',  ( 34.94999999999996732, 30.00000000000000711, -48.00000000000000000 ) ) ;
#4496 = VECTOR ( 'NONE', #4948, 1000.000000000000000 ) ;
#4497 = EDGE_LOOP ( 'NONE', ( #5764, #4452, #1116, #8120, #5302, #5336, #7204, #5262 ) ) ;
#4498 = ADVANCED_FACE ( 'NONE', ( #5674 ), #373, .F. ) ;
#4499 = VERTEX_POINT ( 'NONE', #2963 ) ;
#4500 = CIRCLE ( 'NONE', #7260, 3.510000000000004672 ) ;
#4501 = CARTESIAN_POINT ( 'NONE',  ( 72.99999999999997158, 37.00000000000000711, -39.00000000000004974 ) ) ;
#4502 = VERTEX_POINT ( 'NONE', #6928 ) ;
#4503 = AXIS2_PLACEMENT_3D ( 'NONE', #6472, #5827, #3800 ) ;
#4504 = LINE ( 'NONE', #6575, #353 ) ;
#4505 = CARTESIAN_POINT ( 'NONE',  ( -72.99999999999997158, 37.00000000000000711, -48.00000000000000000 ) ) ;
#4506 = LINE ( 'NONE', #3942, #1272 ) ;
#4507 = ADVANCED_FACE ( 'NONE', ( #7019 ), #1018, .F. ) ;
#4508 = ORIENTED_EDGE ( 'NONE', *, *, #4545, .F. ) ;
#4509 = CARTESIAN_POINT ( 'NONE',  ( -56.07000000000000028, 5.000000000000000000, -44.43999999999999062 ) ) ;
#4510 = DIRECTION ( 'NONE',  ( 0.000000000000000000, -0.8660254037844417052, 0.4999999999999947264 ) ) ;
#4511 = DIRECTION ( 'NONE',  ( 1.000000000000000000, 0.000000000000000000, 0.000000000000000000 ) ) ;
#4512 = ORIENTED_EDGE ( 'NONE', *, *, #1781, .F. ) ;
#4513 = DIRECTION ( 'NONE',  ( 0.000000000000000000, 1.734723475976805517E-15, -1.000000000000000000 ) ) ;
#4514 = ADVANCED_FACE ( 'NONE', ( #1059 ), #4938, .F. ) ;
#4515 = EDGE_CURVE ( 'NONE', #8470, #6306, #6324, .T. ) ;
#4516 = ORIENTED_EDGE ( 'NONE', *, *, #3425, .F. ) ;
#4517 = CARTESIAN_POINT ( 'NONE',  ( -56.06999999999999318, 5.000000000000000000, 12.99000000000000909 ) ) ;
#4518 = CARTESIAN_POINT ( 'NONE',  ( 72.99999999999997158, 69.13072758308061339, 7.652052658050342515 ) ) ;
#4519 = FACE_OUTER_BOUND ( 'NONE', #6557, .T. ) ;
#4520 = CARTESIAN_POINT ( 'NONE',  ( -60.99999999999998579, 19.89804168090048364, 40.46441916244342707 ) ) ;
#4521 = CARTESIAN_POINT ( 'NONE',  ( 15.89999999999998082, 9.600000000000001421, -47.99999999999999289 ) ) ;
#4522 = ORIENTED_EDGE ( 'NONE', *, *, #2008, .F. ) ;
#4523 = VECTOR ( 'NONE', #4874, 1000.000000000000000 ) ;
#4524 = ORIENTED_EDGE ( 'NONE', *, *, #2122, .T. ) ;
#4525 = DIRECTION ( 'NONE',  ( 0.000000000000000000, 0.8660254037844425934, -0.4999999999999933942 ) ) ;
#4526 = EDGE_CURVE ( 'NONE', #1055, #4263, #5592, .T. ) ;
#4527 = ORIENTED_EDGE ( 'NONE', *, *, #4562, .F. ) ;
#4528 = VECTOR ( 'NONE', #40, 1000.000000000000000 ) ;
#4529 = ORIENTED_EDGE ( 'NONE', *, *, #3682, .F. ) ;
#4530 = FACE_OUTER_BOUND ( 'NONE', #8265, .T. ) ;
#4531 = LINE ( 'NONE', #7170, #2605 ) ;
#4532 = PLANE ( 'NONE',  #5527 ) ;
#4533 = DIRECTION ( 'NONE',  ( 2.403703357979463522E-16, 0.4999999999999947820, 0.8660254037844418162 ) ) ;
#4534 = ORIENTED_EDGE ( 'NONE', *, *, #923, .F. ) ;
#4535 = CARTESIAN_POINT ( 'NONE',  ( 34.94999999999996732, 31.00000000000000711, 52.59907621135331368 ) ) ;
#4536 = ORIENTED_EDGE ( 'NONE', *, *, #5309, .T. ) ;
#4537 = CARTESIAN_POINT ( 'NONE',  ( -56.00000000000000711, -17.67991055599766526, -39.79407623151558226 ) ) ;
#4538 = AXIS2_PLACEMENT_3D ( 'NONE', #7224, #6482, #5631 ) ;
#4539 = ORIENTED_EDGE ( 'NONE', *, *, #7274, .F. ) ;
#4540 = ORIENTED_EDGE ( 'NONE', *, *, #4180, .F. ) ;
#4541 = DIRECTION ( 'NONE',  ( -1.000000000000000000, -0.000000000000000000, -0.000000000000000000 ) ) ;
#4542 = CARTESIAN_POINT ( 'NONE',  ( -42.99999999999997868, 13.96372425933387795, 46.20000000000001705 ) ) ;
#4543 = ORIENTED_EDGE ( 'NONE', *, *, #7005, .T. ) ;
#4544 = LINE ( 'NONE', #1820, #6695 ) ;
#4545 = EDGE_CURVE ( 'NONE', #6407, #5477, #2210, .T. ) ;
#4546 = CARTESIAN_POINT ( 'NONE',  ( 71.49999999999997158, 5.599999999999994316, -3.400000000000032774 ) ) ;
#4547 = DIRECTION ( 'NONE',  ( -2.498001805406602216E-16, -0.4999999999999946709, -0.8660254037844417052 ) ) ;
#4548 = ORIENTED_EDGE ( 'NONE', *, *, #2680, .T. ) ;
#4549 = DIRECTION ( 'NONE',  ( 0.000000000000000000, 0.000000000000000000, -1.000000000000000000 ) ) ;
#4550 = VECTOR ( 'NONE', #4474, 1000.000000000000000 ) ;
#4551 = DIRECTION ( 'NONE',  ( 0.000000000000000000, -0.8660254037844418162, 0.4999999999999944489 ) ) ;
#4552 = EDGE_CURVE ( 'NONE', #4668, #2876, #3726, .T. ) ;
#4553 = CARTESIAN_POINT ( 'NONE',  ( -66.99999999999998579, 26.09419410360707658, 39.19646997001233757 ) ) ;
#4554 = ORIENTED_EDGE ( 'NONE', *, *, #7424, .F. ) ;
#4555 = EDGE_CURVE ( 'NONE', #8376, #957, #4209, .T. ) ;
#4556 = DIRECTION ( 'NONE',  ( 0.000000000000000000, -0.000000000000000000, 1.000000000000000000 ) ) ;
#4557 = VERTEX_POINT ( 'NONE', #6972 ) ;
#4558 = CARTESIAN_POINT ( 'NONE',  ( -71.49999999999997158, 32.00000000000001421, -1.532606157515309375 ) ) ;
#4559 = DIRECTION ( 'NONE',  ( 0.000000000000000000, 0.000000000000000000, 1.000000000000000000 ) ) ;
#4560 = CARTESIAN_POINT ( 'NONE',  ( -27.00000000000002842, 6.599999999999999645, -49.99999999999999289 ) ) ;
#4561 = DIRECTION ( 'NONE',  ( 0.000000000000000000, -0.000000000000000000, -1.000000000000000000 ) ) ;
#4562 = EDGE_CURVE ( 'NONE', #4600, #4565, #411, .T. ) ;
#4563 = CARTESIAN_POINT ( 'NONE',  ( -72.50000000000000000, 21.29999999999999005, -38.00000000000000000 ) ) ;
#4564 = VERTEX_POINT ( 'NONE', #3047 ) ;
#4565 = VERTEX_POINT ( 'NONE', #1656 ) ;
#4566 = AXIS2_PLACEMENT_3D ( 'NONE', #2348, #7537, #323 ) ;
#4567 = CARTESIAN_POINT ( 'NONE',  ( -71.49999999999997158, 7.600000000000004086, 1.600000000000002531 ) ) ;
#4568 = VERTEX_POINT ( 'NONE', #5021 ) ;
#4569 = VERTEX_POINT ( 'NONE', #7539 ) ;
#4570 = CARTESIAN_POINT ( 'NONE',  ( 69.99999999999998579, 7.381931190572101009, 49.99999999999994316 ) ) ;
#4571 = CARTESIAN_POINT ( 'NONE',  ( 60.65685424949242588, 31.50047952535076234, 36.07514962645269918 ) ) ;
#4572 = CARTESIAN_POINT ( 'NONE',  ( 75.00000000000000000, 7.381931190572101009, 49.99999999999993605 ) ) ;
#4573 = CIRCLE ( 'NONE', #3061, 1.000000000000000222 ) ;
#4574 = EDGE_CURVE ( 'NONE', #4263, #7289, #8185, .T. ) ;
#4575 = EDGE_CURVE ( 'NONE', #3163, #4034, #4376, .T. ) ;
#4576 = ORIENTED_EDGE ( 'NONE', *, *, #3539, .F. ) ;
#4577 = EDGE_LOOP ( 'NONE', ( #549, #95, #7110, #8003 ) ) ;
#4578 = CARTESIAN_POINT ( 'NONE',  ( 15.89999999999998792, 28.00000000000000711, -49.99999999999999289 ) ) ;
#4579 = VERTEX_POINT ( 'NONE', #2265 ) ;
#4580 = ORIENTED_EDGE ( 'NONE', *, *, #5059, .F. ) ;
#4581 = VECTOR ( 'NONE', #5619, 1000.000000000000000 ) ;
#4582 = DIRECTION ( 'NONE',  ( -0.000000000000000000, 0.000000000000000000, -1.000000000000000000 ) ) ;
#4583 = CARTESIAN_POINT ( 'NONE',  ( 46.51499999999998636, -12.83263343404031076, -42.59265298271436251 ) ) ;
#4584 = ORIENTED_EDGE ( 'NONE', *, *, #4166, .T. ) ;
#4585 = EDGE_CURVE ( 'NONE', #8097, #4645, #1720, .T. ) ;
#4586 = DIRECTION ( 'NONE',  ( 3.791200677927628645E-32, -1.000000000000000000, 1.365923996832131116E-16 ) ) ;
#4587 = CARTESIAN_POINT ( 'NONE',  ( -61.36396103067892938, 31.11285196104656947, 33.98954542829057601 ) ) ;
#4588 = VECTOR ( 'NONE', #3289, 1000.000000000000114 ) ;
#4589 = VECTOR ( 'NONE', #6426, 1000.000000000000227 ) ;
#4590 = DIRECTION ( 'NONE',  ( 2.383034446891947374E-16, 0.4999999999999948375, 0.8660254037844417052 ) ) ;
#4591 = EDGE_LOOP ( 'NONE', ( #752, #6537, #8481, #6648 ) ) ;
#4592 = AXIS2_PLACEMENT_3D ( 'NONE', #7727, #1857, #607 ) ;
#4593 = LINE ( 'NONE', #6750, #1856 ) ;
#4594 = LINE ( 'NONE', #495, #1314 ) ;
#4595 = CARTESIAN_POINT ( 'NONE',  ( -46.51500000000001478, -34.72575564171098961, -29.95265298271447563 ) ) ;
#4596 = AXIS2_PLACEMENT_3D ( 'NONE', #5324, #7964, #4679 ) ;
#4597 = VERTEX_POINT ( 'NONE', #5106 ) ;
#4598 = VECTOR ( 'NONE', #1211, 1000.000000000000000 ) ;
#4599 = CARTESIAN_POINT ( 'NONE',  ( -46.51499999999999346, 37.00000000000002842, 32.90000000000015490 ) ) ;
#4600 = VERTEX_POINT ( 'NONE', #6409 ) ;
#4601 = EDGE_CURVE ( 'NONE', #6954, #2423, #4594, .T. ) ;
#4602 = VECTOR ( 'NONE', #2301, 1000.000000000000114 ) ;
#4603 = FACE_BOUND ( 'NONE', #4869, .T. ) ;
#4604 = DIRECTION ( 'NONE',  ( 4.625929269271486407E-17, 0.000000000000000000, -1.000000000000000000 ) ) ;
#4605 = CARTESIAN_POINT ( 'NONE',  ( -61.00000000000000711, -24.24939431866604167, -36.00118301270217103 ) ) ;
#4606 = FACE_OUTER_BOUND ( 'NONE', #1748, .T. ) ;
#4607 = DIRECTION ( 'NONE',  ( 0.000000000000000000, -0.000000000000000000, 1.000000000000000000 ) ) ;
#4608 = ORIENTED_EDGE ( 'NONE', *, *, #3017, .T. ) ;
#4609 = ORIENTED_EDGE ( 'NONE', *, *, #249, .T. ) ;
#4610 = AXIS2_PLACEMENT_3D ( 'NONE', #6594, #3181, #5942 ) ;
#4611 = DIRECTION ( 'NONE',  ( 1.000000000000000000, -1.770125995894701202E-16, 4.625929269271486407E-17 ) ) ;
#4612 = CIRCLE ( 'NONE', #5715, 3.500000000000006661 ) ;
#4613 = ORIENTED_EDGE ( 'NONE', *, *, #338, .T. ) ;
#4614 = EDGE_CURVE ( 'NONE', #6614, #2642, #6961, .T. ) ;
#4615 = ORIENTED_EDGE ( 'NONE', *, *, #5607, .T. ) ;
#4616 = FACE_OUTER_BOUND ( 'NONE', #1392, .T. ) ;
#4617 = AXIS2_PLACEMENT_3D ( 'NONE', #7149, #1784, #1271 ) ;
#4618 = DIRECTION ( 'NONE',  ( -1.000000000000000000, 0.000000000000000000, 0.000000000000000000 ) ) ;
#4619 = DIRECTION ( 'NONE',  ( 0.000000000000000000, 0.000000000000000000, 1.000000000000000000 ) ) ;
#4620 = EDGE_LOOP ( 'NONE', ( #6956, #1570, #8124, #847 ) ) ;
#4621 = ORIENTED_EDGE ( 'NONE', *, *, #2131, .F. ) ;
#4622 = DIRECTION ( 'NONE',  ( -2.403703357979464508E-16, -0.4999999999999947820, -0.8660254037844418162 ) ) ;
#4623 = AXIS2_PLACEMENT_3D ( 'NONE', #2043, #2784, #8046 ) ;
#4624 = EDGE_LOOP ( 'NONE', ( #8153, #5831, #8341, #892 ) ) ;
#4625 = EDGE_CURVE ( 'NONE', #1319, #5439, #577, .T. ) ;
#4626 = ADVANCED_FACE ( 'NONE', ( #2611 ), #3300, .F. ) ;
#4627 = VERTEX_POINT ( 'NONE', #7877 ) ;
#4628 = DIRECTION ( 'NONE',  ( 0.000000000000000000, 0.8660254037844425934, -0.4999999999999933942 ) ) ;
#4629 = DIRECTION ( 'NONE',  ( 2.403703357979464508E-16, 0.4999999999999947264, 0.8660254037844417052 ) ) ;
#4630 = VERTEX_POINT ( 'NONE', #5277 ) ;
#4631 = DIRECTION ( 'NONE',  ( -0.6546536707079806394, -0.7559289460184513976, 0.000000000000000000 ) ) ;
#4632 = DIRECTION ( 'NONE',  ( 0.000000000000000000, 0.000000000000000000, -1.000000000000000000 ) ) ;
#4633 = DIRECTION ( 'NONE',  ( 2.403703357979464015E-16, 0.4999999999999946154, 0.8660254037844419273 ) ) ;
#4634 = AXIS2_PLACEMENT_3D ( 'NONE', #4439, #3066, #1897 ) ;
#4635 = EDGE_CURVE ( 'NONE', #8313, #977, #3949, .T. ) ;
#4636 = VECTOR ( 'NONE', #6803, 1000.000000000000000 ) ;
#4637 = VERTEX_POINT ( 'NONE', #6583 ) ;
#4638 = CARTESIAN_POINT ( 'NONE',  ( 66.00000000000001421, 20.89804168090043035, 42.19646997001225230 ) ) ;
#4639 = CARTESIAN_POINT ( 'NONE',  ( -61.36396103067891517, 14.87938382346100497, 45.67134370416518152 ) ) ;
#4640 = CIRCLE ( 'NONE', #643, 3.000000000000001332 ) ;
#4641 = CARTESIAN_POINT ( 'NONE',  ( 55.00000000000002842, 27.46752544356885295, 38.40357675119885528 ) ) ;
#4642 = ORIENTED_EDGE ( 'NONE', *, *, #3700, .F. ) ;
#4643 = CARTESIAN_POINT ( 'NONE',  ( -46.51499999999999346, 35.46025083271663192, 37.25307621135345926 ) ) ;
#4644 = EDGE_CURVE ( 'NONE', #7332, #5914, #8480, .T. ) ;
#4645 = VERTEX_POINT ( 'NONE', #5802 ) ;
#4646 = CARTESIAN_POINT ( 'NONE',  ( 46.51500000000001478, 7.381931190572130319, 49.99999999999998579 ) ) ;
#4647 = CARTESIAN_POINT ( 'NONE',  ( -72.99999999999997158, 16.29999999999998650, -38.00000000000000000 ) ) ;
#4648 = DIRECTION ( 'NONE',  ( 0.000000000000000000, 0.8660254037844385966, -0.5000000000000001110 ) ) ;
#4649 = FACE_OUTER_BOUND ( 'NONE', #6031, .T. ) ;
#4650 = CARTESIAN_POINT ( 'NONE',  ( -56.06999999999999318, 5.000000000000000000, 12.99000000000000909 ) ) ;
#4651 = EDGE_LOOP ( 'NONE', ( #5922, #6360 ) ) ;
#4652 = EDGE_CURVE ( 'NONE', #145, #7168, #5164, .T. ) ;
#4653 = CARTESIAN_POINT ( 'NONE',  ( 9.099999999999511147, -59.30000000000005400, -39.00000000000000711 ) ) ;
#4654 = ORIENTED_EDGE ( 'NONE', *, *, #651, .F. ) ;
#4655 = ORIENTED_EDGE ( 'NONE', *, *, #4969, .T. ) ;
#4656 = LINE ( 'NONE', #3236, #1103 ) ;
#4657 = DIRECTION ( 'NONE',  ( -4.625929269271486407E-17, 0.000000000000000000, 1.000000000000000000 ) ) ;
#4658 = FACE_OUTER_BOUND ( 'NONE', #7305, .T. ) ;
#4659 = ORIENTED_EDGE ( 'NONE', *, *, #4448, .F. ) ;
#4660 = ADVANCED_FACE ( 'NONE', ( #1145 ), #3904, .F. ) ;
#4661 = ORIENTED_EDGE ( 'NONE', *, *, #5032, .F. ) ;
#4662 = CARTESIAN_POINT ( 'NONE',  ( -54.99999999999998579, 27.82624491117599419, 38.19646997001234467 ) ) ;
#4663 = EDGE_CURVE ( 'NONE', #4263, #8376, #3789, .T. ) ;
#4664 = ORIENTED_EDGE ( 'NONE', *, *, #1863, .F. ) ;
#4665 = ORIENTED_EDGE ( 'NONE', *, *, #1025, .F. ) ;
#4666 = CARTESIAN_POINT ( 'NONE',  ( 75.00000000000002842, 29.50000000000000711, 30.53286389632265951 ) ) ;
#4667 = CARTESIAN_POINT ( 'NONE',  ( 71.75735931288068059, 6.846032805709821645, 48.00000000000000711 ) ) ;
#4668 = VERTEX_POINT ( 'NONE', #8525 ) ;
#4669 = DIRECTION ( 'NONE',  ( -4.625929269271487023E-17, -0.000000000000000000, 1.000000000000000000 ) ) ;
#4670 = VECTOR ( 'NONE', #3101, 1000.000000000000114 ) ;
#4671 = ADVANCED_FACE ( 'NONE', ( #7838, #5234 ), #1228, .T. ) ;
#4672 = LINE ( 'NONE', #748, #7638 ) ;
#4673 = EDGE_CURVE ( 'NONE', #6954, #5089, #1958, .T. ) ;
#4674 = FACE_OUTER_BOUND ( 'NONE', #3287, .T. ) ;
#4675 = EDGE_LOOP ( 'NONE', ( #1498, #6109, #3019, #481, #8530, #4734, #690, #641 ) ) ;
#4676 = DIRECTION ( 'NONE',  ( 2.403703357979463522E-16, 0.4999999999999947820, 0.8660254037844418162 ) ) ;
#4677 = CARTESIAN_POINT ( 'NONE',  ( -69.99999999999997158, 2.000000000000001776, 45.00000000000000000 ) ) ;
#4678 = ADVANCED_FACE ( 'NONE', ( #8399 ), #4417, .F. ) ;
#4679 = DIRECTION ( 'NONE',  ( -0.6546536707079806394, 0.7559289460184513976, 0.000000000000000000 ) ) ;
#4680 = EDGE_CURVE ( 'NONE', #8180, #6558, #901, .T. ) ;
#4681 = ORIENTED_EDGE ( 'NONE', *, *, #2732, .F. ) ;
#4682 = CARTESIAN_POINT ( 'NONE',  ( -59.99999999999998579, 20.89804168090045877, 42.19646997001230204 ) ) ;
#4683 = ORIENTED_EDGE ( 'NONE', *, *, #8404, .T. ) ;
#4684 = AXIS2_PLACEMENT_3D ( 'NONE', #5380, #3318, #776 ) ;
#4685 = ORIENTED_EDGE ( 'NONE', *, *, #1025, .T. ) ;
#4686 = CARTESIAN_POINT ( 'NONE',  ( 46.51500000000000767, 34.60569909990709903, 31.97294919243125122 ) ) ;
#4687 = DIRECTION ( 'NONE',  ( -4.625929269271486407E-17, -0.000000000000000000, 1.000000000000000000 ) ) ;
#4688 = FACE_OUTER_BOUND ( 'NONE', #2113, .T. ) ;
#4689 = LINE ( 'NONE', #7325, #2430 ) ;
#4690 = DIRECTION ( 'NONE',  ( -0.7071067811865487940, 0.6123724356957953585, -0.3535533905932695675 ) ) ;
#4691 = DIRECTION ( 'NONE',  ( 0.000000000000000000, -1.000000000000000000, 0.000000000000000000 ) ) ;
#4692 = ADVANCED_FACE ( 'NONE', ( #670 ), #2654, .T. ) ;
#4693 = ORIENTED_EDGE ( 'NONE', *, *, #8144, .T. ) ;
#4694 = DIRECTION ( 'NONE',  ( -0.6546536707079794182, -0.7559289460184525078, 0.000000000000000000 ) ) ;
#4695 = EDGE_LOOP ( 'NONE', ( #8209, #2887, #7377, #5774 ) ) ;
#4696 = ORIENTED_EDGE ( 'NONE', *, *, #403, .F. ) ;
#4697 = DIRECTION ( 'NONE',  ( 2.403703357979464508E-16, 0.4999999999999947264, 0.8660254037844417052 ) ) ;
#4698 = DIRECTION ( 'NONE',  ( -0.000000000000000000, 0.000000000000000000, -1.000000000000000000 ) ) ;
#4699 = DIRECTION ( 'NONE',  ( 0.000000000000000000, 0.8660254037844425934, -0.4999999999999933942 ) ) ;
#4700 = VECTOR ( 'NONE', #3349, 1000.000000000000000 ) ;
#4701 = ORIENTED_EDGE ( 'NONE', *, *, #4242, .F. ) ;
#4702 = ORIENTED_EDGE ( 'NONE', *, *, #3126, .T. ) ;
#4703 = DIRECTION ( 'NONE',  ( 0.000000000000000000, -1.000000000000000000, -2.168404344971008868E-16 ) ) ;
#4704 = ORIENTED_EDGE ( 'NONE', *, *, #4738, .F. ) ;
#4705 = VECTOR ( 'NONE', #2593, 1000.000000000000000 ) ;
#4706 = ORIENTED_EDGE ( 'NONE', *, *, #667, .F. ) ;
#4707 = EDGE_CURVE ( 'NONE', #7985, #6829, #2481, .T. ) ;
#4708 = CARTESIAN_POINT ( 'NONE',  ( -61.99999999999998579, 20.03201627711602129, 42.69646997001230204 ) ) ;
#4709 = CARTESIAN_POINT ( 'NONE',  ( 58.99999999999995737, 6.599999999999999645, -49.99999999999999289 ) ) ;
#4710 = EDGE_LOOP ( 'NONE', ( #5470, #5927, #3574, #4096 ) ) ;
#4711 = CARTESIAN_POINT ( 'NONE',  ( -60.00000000000000711, -18.18721649217495084, -39.50118301270213550 ) ) ;
#4712 = PLANE ( 'NONE',  #58 ) ;
#4713 = AXIS2_PLACEMENT_3D ( 'NONE', #3093, #329, #2484 ) ;
#4714 = CARTESIAN_POINT ( 'NONE',  ( 55.29289321881348229, 27.07989787926466008, 36.31797255303671079 ) ) ;
#4715 = VECTOR ( 'NONE', #5399, 1000.000000000000000 ) ;
#4716 = EDGE_CURVE ( 'NONE', #4894, #277, #6450, .T. ) ;
#4717 = ORIENTED_EDGE ( 'NONE', *, *, #33, .T. ) ;
#4718 = CARTESIAN_POINT ( 'NONE',  ( 72.99999999999997158, 31.00000000000000711, -48.00000000000000000 ) ) ;
#4719 = CARTESIAN_POINT ( 'NONE',  ( 72.99999999999997158, 32.00000000000001421, -6.532606157515350453 ) ) ;
#4720 = VECTOR ( 'NONE', #1634, 1000.000000000000114 ) ;
#4721 = DIRECTION ( 'NONE',  ( -0.000000000000000000, 1.000000000000000000, -0.000000000000000000 ) ) ;
#4722 = CARTESIAN_POINT ( 'NONE',  ( 72.99999999999997158, 17.14833395016074391, 37.19999999999996732 ) ) ;
#4723 = AXIS2_PLACEMENT_3D ( 'NONE', #195, #4761, #5409 ) ;
#4724 = ORIENTED_EDGE ( 'NONE', *, *, #6397, .F. ) ;
#4725 = EDGE_CURVE ( 'NONE', #1704, #1064, #2127, .T. ) ;
#4726 = EDGE_CURVE ( 'NONE', #530, #6609, #1484, .T. ) ;
#4727 = ORIENTED_EDGE ( 'NONE', *, *, #3108, .T. ) ;
#4728 = DIRECTION ( 'NONE',  ( -0.000000000000000000, 0.5000000000000000000, 0.8660254037844385966 ) ) ;
#4729 = DIRECTION ( 'NONE',  ( 2.403703357979463522E-16, 0.4999999999999947820, 0.8660254037844418162 ) ) ;
#4730 = DIRECTION ( 'NONE',  ( 0.000000000000000000, -1.000000000000000000, 0.000000000000000000 ) ) ;
#4731 = DIRECTION ( 'NONE',  ( 0.000000000000000000, -1.365923996832131116E-16, -1.000000000000000000 ) ) ;
#4732 = DIRECTION ( 'NONE',  ( 0.5773502691896245098, 0.5773502691896285066, 0.5773502691896245098 ) ) ;
#4733 = LINE ( 'NONE', #3439, #1990 ) ;
#4734 = ORIENTED_EDGE ( 'NONE', *, *, #6739, .T. ) ;
#4735 = CARTESIAN_POINT ( 'NONE',  ( -46.51499999999999346, 35.46025083271663192, 37.25307621135345926 ) ) ;
#4736 = CIRCLE ( 'NONE', #2673, 3.500000000000006661 ) ;
#4737 = ORIENTED_EDGE ( 'NONE', *, *, #4117, .F. ) ;
#4738 = EDGE_CURVE ( 'NONE', #1412, #647, #1860, .T. ) ;
#4739 = ORIENTED_EDGE ( 'NONE', *, *, #8014, .T. ) ;
#4740 = LINE ( 'NONE', #3278, #2204 ) ;
#4741 = DIRECTION ( 'NONE',  ( 0.000000000000000000, 0.5000000000000000000, 0.8660254037844385966 ) ) ;
#4742 = CARTESIAN_POINT ( 'NONE',  ( -71.49999999999997158, 31.00000000000001421, -6.532606157515309597 ) ) ;
#4743 = AXIS2_PLACEMENT_3D ( 'NONE', #8302, #1648, #7012 ) ;
#4744 = ORIENTED_EDGE ( 'NONE', *, *, #6693, .T. ) ;
#4745 = ORIENTED_EDGE ( 'NONE', *, *, #3891, .T. ) ;
#4746 = LINE ( 'NONE', #2814, #6517 ) ;
#4747 = VERTEX_POINT ( 'NONE', #7357 ) ;
#4748 = CARTESIAN_POINT ( 'NONE',  ( -60.99999999999998579, 26.09419410360710501, 39.19646997001231625 ) ) ;
#4749 = CARTESIAN_POINT ( 'NONE',  ( 72.99999999999997158, 7.599999999999995204, 1.599999999999967226 ) ) ;
#4750 = ORIENTED_EDGE ( 'NONE', *, *, #1350, .T. ) ;
#4751 = DIRECTION ( 'NONE',  ( 1.000000000000000000, 0.000000000000000000, 0.000000000000000000 ) ) ;
#4752 = DIRECTION ( 'NONE',  ( 1.000000000000000000, 0.000000000000000000, -2.775557561562891351E-16 ) ) ;
#4753 = VECTOR ( 'NONE', #2004, 999.9999999999998863 ) ;
#4754 = PLANE ( 'NONE',  #446 ) ;
#4755 = EDGE_CURVE ( 'NONE', #7091, #1321, #4758, .T. ) ;
#4756 = ORIENTED_EDGE ( 'NONE', *, *, #7425, .F. ) ;
#4757 = CARTESIAN_POINT ( 'NONE',  ( 2.399999999999972378, 6.400000000000000355, -49.99999999999999289 ) ) ;
#4758 = LINE ( 'NONE', #798, #2417 ) ;
#4759 = LINE ( 'NONE', #6712, #7910 ) ;
#4760 = AXIS2_PLACEMENT_3D ( 'NONE', #2274, #4905, #3735 ) ;
#4761 = DIRECTION ( 'NONE',  ( -0.000000000000000000, -1.000000000000000000, -0.000000000000000000 ) ) ;
#4762 = EDGE_CURVE ( 'NONE', #8373, #2903, #5405, .T. ) ;
#4763 = CARTESIAN_POINT ( 'NONE',  ( -17.80000000000002913, 21.10000000000000142, 50.00100000000001188 ) ) ;
#4764 = AXIS2_PLACEMENT_3D ( 'NONE', #2055, #4811, #3478 ) ;
#4765 = ORIENTED_EDGE ( 'NONE', *, *, #816, .F. ) ;
#4766 = ORIENTED_EDGE ( 'NONE', *, *, #2367, .F. ) ;
#4768 = FACE_OUTER_BOUND ( 'NONE', #7310, .T. ) ;
#4767 = VECTOR ( 'NONE', #1887, 1000.000000000000000 ) ;
#4769 = DIRECTION ( 'NONE',  ( 0.000000000000000000, 0.000000000000000000, -1.000000000000000000 ) ) ;
#4770 = DIRECTION ( 'NONE',  ( -0.000000000000000000, 0.000000000000000000, -1.000000000000000000 ) ) ;
#4771 = CYLINDRICAL_SURFACE ( 'NONE', #1466, 1.000000000000000222 ) ;
#4772 = FACE_OUTER_BOUND ( 'NONE', #1042, .T. ) ;
#4773 = CIRCLE ( 'NONE', #1880, 3.000000000000002665 ) ;
#4774 = DIRECTION ( 'NONE',  ( -1.000000000000000000, 0.000000000000000000, 0.000000000000000000 ) ) ;
#4775 = CIRCLE ( 'NONE', #7816, 1.900000000000002354 ) ;
#4776 = ORIENTED_EDGE ( 'NONE', *, *, #3676, .T. ) ;
#4777 = ADVANCED_FACE ( 'NONE', ( #6664, #3988 ), #6789, .T. ) ;
#4778 = ADVANCED_FACE ( 'NONE', ( #754 ), #1440, .F. ) ;
#4779 = CARTESIAN_POINT ( 'NONE',  ( -62.07106781186548261, -29.65567974040970256, -32.87986266914255395 ) ) ;
#4780 = ORIENTED_EDGE ( 'NONE', *, *, #7804, .F. ) ;
#4781 = ORIENTED_EDGE ( 'NONE', *, *, #4166, .F. ) ;
#4782 = LINE ( 'NONE', #4904, #3856 ) ;
#4783 = FACE_OUTER_BOUND ( 'NONE', #2337, .T. ) ;
#4784 = LINE ( 'NONE', #6038, #7399 ) ;
#4785 = ORIENTED_EDGE ( 'NONE', *, *, #5383, .F. ) ;
#4786 = ORIENTED_EDGE ( 'NONE', *, *, #4755, .T. ) ;
#4787 = EDGE_CURVE ( 'NONE', #3971, #3704, #192, .T. ) ;
#4788 = DIRECTION ( 'NONE',  ( 0.5773502691896245098, 0.5773502691896285066, -0.5773502691896245098 ) ) ;
#4789 = VERTEX_POINT ( 'NONE', #5972 ) ;
#4790 = ORIENTED_EDGE ( 'NONE', *, *, #250, .T. ) ;
#4791 = DIRECTION ( 'NONE',  ( 1.000000000000000000, 0.000000000000000000, 4.625929269271486407E-17 ) ) ;
#4792 = DIRECTION ( 'NONE',  ( 0.000000000000000000, -0.8660254037844381525, 0.5000000000000008882 ) ) ;
#4793 = VERTEX_POINT ( 'NONE', #64 ) ;
#4794 = FACE_BOUND ( 'NONE', #5866, .T. ) ;
#4795 = DIRECTION ( 'NONE',  ( -0.000000000000000000, -0.7071067811865451302, -0.7071067811865500152 ) ) ;
#4796 = VECTOR ( 'NONE', #1554, 1000.000000000000114 ) ;
#4797 = CIRCLE ( 'NONE', #7015, 0.5000000000000004441 ) ;
#4798 = ORIENTED_EDGE ( 'NONE', *, *, #3568, .F. ) ;
#4799 = ADVANCED_FACE ( 'NONE', ( #236 ), #2831, .F. ) ;
#4800 = DIRECTION ( 'NONE',  ( 0.000000000000000000, -1.000000000000000000, 4.336808689942005903E-16 ) ) ;
#4801 = DIRECTION ( 'NONE',  ( -2.775557561562891351E-16, -2.843808977011156843E-16, -1.000000000000000000 ) ) ;
#4802 = CARTESIAN_POINT ( 'NONE',  ( 12.89999999999998259, 31.00000000000000711, -47.99999999999999289 ) ) ;
#4803 = PLANE ( 'NONE',  #6242 ) ;
#4804 = LINE ( 'NONE', #6668, #7048 ) ;
#4805 = VERTEX_POINT ( 'NONE', #4639 ) ;
#4806 = VERTEX_POINT ( 'NONE', #2871 ) ;
#4807 = DIRECTION ( 'NONE',  ( -0.7071067811865451302, -0.7071067811865500152, 3.973492185398487175E-16 ) ) ;
#4808 = DIRECTION ( 'NONE',  ( 1.000000000000000000, 1.320340642064983005E-15, -1.039854781274499705E-15 ) ) ;
#4809 = ADVANCED_FACE ( 'NONE', ( #4111 ), #5361, .T. ) ;
#4810 = CARTESIAN_POINT ( 'NONE',  ( 71.49999999999997158, 21.30000000000000071, -38.00000000000003553 ) ) ;
#4811 = DIRECTION ( 'NONE',  ( -0.7071067811865465735, -0.6123724356957974679, 0.3535533905932706222 ) ) ;
#4812 = CARTESIAN_POINT ( 'NONE',  ( 39.94999999999996732, 32.00000000000000711, -46.50000000000000000 ) ) ;
#4813 = VERTEX_POINT ( 'NONE', #4026 ) ;
#4814 = EDGE_CURVE ( 'NONE', #4813, #6867, #3515, .T. ) ;
#4815 = CARTESIAN_POINT ( 'NONE',  ( 46.51500000000000767, 32.96025083271665324, 32.92294919243124696 ) ) ;
#4816 = ORIENTED_EDGE ( 'NONE', *, *, #6427, .T. ) ;
#4817 = DIRECTION ( 'NONE',  ( 1.000000000000000000, -0.000000000000000000, -0.000000000000000000 ) ) ;
#4818 = EDGE_CURVE ( 'NONE', #2423, #924, #4196, .T. ) ;
#4819 = FACE_OUTER_BOUND ( 'NONE', #1488, .T. ) ;
#4820 = DIRECTION ( 'NONE',  ( -1.000000000000000000, -3.791200677927628645E-32, 0.000000000000000000 ) ) ;
#4821 = VERTEX_POINT ( 'NONE', #1523 ) ;
#4822 = ORIENTED_EDGE ( 'NONE', *, *, #6681, .F. ) ;
#4823 = DIRECTION ( 'NONE',  ( -2.383034446891941951E-16, -0.4999999999999947820, -0.8660254037844417052 ) ) ;
#4824 = ORIENTED_EDGE ( 'NONE', *, *, #5769, .T. ) ;
#4825 = ORIENTED_EDGE ( 'NONE', *, *, #4707, .F. ) ;
#4826 = ADVANCED_FACE ( 'NONE', ( #1395 ), #3386, .F. ) ;
#4827 = EDGE_CURVE ( 'NONE', #7122, #7331, #5451, .T. ) ;
#4828 = AXIS2_PLACEMENT_3D ( 'NONE', #5019, #4246, #7660 ) ;
#4829 = DIRECTION ( 'NONE',  ( 0.000000000000000000, 1.000000000000000000, 0.000000000000000000 ) ) ;
#4830 = CARTESIAN_POINT ( 'NONE',  ( 72.99999999999997158, 7.599999999999995204, 1.599999999999967226 ) ) ;
#4831 = ORIENTED_EDGE ( 'NONE', *, *, #4055, .F. ) ;
#4832 = CARTESIAN_POINT ( 'NONE',  ( 46.00000000000002132, 26.82013071988495412, 36.46794919243121313 ) ) ;
#4833 = VERTEX_POINT ( 'NONE', #7440 ) ;
#4834 = FACE_OUTER_BOUND ( 'NONE', #3663, .T. ) ;
#4835 = AXIS2_PLACEMENT_3D ( 'NONE', #1407, #6065, #3395 ) ;
#4836 = EDGE_CURVE ( 'NONE', #5166, #8136, #4151, .T. ) ;
#4837 = EDGE_LOOP ( 'NONE', ( #3924, #4097, #6269, #5237 ) ) ;
#4838 = FACE_OUTER_BOUND ( 'NONE', #5846, .T. ) ;
#4839 = DIRECTION ( 'NONE',  ( 0.000000000000000000, 0.000000000000000000, -1.000000000000000000 ) ) ;
#4840 = AXIS2_PLACEMENT_3D ( 'NONE', #415, #4296, #3051 ) ;
#4841 = CARTESIAN_POINT ( 'NONE',  ( 0.000000000000000000, 35.00000000000000000, 0.000000000000000000 ) ) ;
#4842 = VECTOR ( 'NONE', #1811, 1000.000000000000000 ) ;
#4843 = CARTESIAN_POINT ( 'NONE',  ( 61.00000000000002842, 26.09419410360710501, 39.19646997001226651 ) ) ;
#4844 = PRESENTATION_STYLE_ASSIGNMENT (( #7732 ) ) ;
#4845 = EDGE_LOOP ( 'NONE', ( #4816, #868, #7318, #6384 ) ) ;
#4846 = ORIENTED_EDGE ( 'NONE', *, *, #2999, .F. ) ;
#4847 = FACE_OUTER_BOUND ( 'NONE', #2413, .T. ) ;
#4848 = VECTOR ( 'NONE', #6041, 1000.000000000000000 ) ;
#4849 = CARTESIAN_POINT ( 'NONE',  ( -71.49999999999997158, 32.00000000000001421, -1.532606157515309375 ) ) ;
#4850 = DIRECTION ( 'NONE',  ( 0.000000000000000000, -0.8660254037844418162, 0.4999999999999944489 ) ) ;
#4851 = DIRECTION ( 'NONE',  ( 2.403703357979464508E-16, 0.4999999999999947264, 0.8660254037844417052 ) ) ;
#4852 = CARTESIAN_POINT ( 'NONE',  ( 71.49999999999997158, 27.40192378864669109, 32.89888930010710055 ) ) ;
#4853 = ORIENTED_EDGE ( 'NONE', *, *, #5230, .F. ) ;
#4854 = VECTOR ( 'NONE', #7432, 1000.000000000000000 ) ;
#4855 = VECTOR ( 'NONE', #2902, 1000.000000000000000 ) ;
#4856 = CYLINDRICAL_SURFACE ( 'NONE', #8024, 3.510000000000004672 ) ;
#4857 = EDGE_CURVE ( 'NONE', #4568, #1763, #1175, .T. ) ;
#4858 = EDGE_LOOP ( 'NONE', ( #1426, #7579, #2027, #2630 ) ) ;
#4859 = DIRECTION ( 'NONE',  ( -0.000000000000000000, 1.000000000000000000, 0.000000000000000000 ) ) ;
#4860 = LINE ( 'NONE', #7458, #8528 ) ;
#4861 = LINE ( 'NONE', #4742, #6574 ) ;
#4862 = CIRCLE ( 'NONE', #1148, 1.900000000000002576 ) ;
#4863 = ORIENTED_EDGE ( 'NONE', *, *, #2461, .T. ) ;
#4864 = ORIENTED_EDGE ( 'NONE', *, *, #3567, .T. ) ;
#4865 = VECTOR ( 'NONE', #7622, 1000.000000000000000 ) ;
#4866 = LINE ( 'NONE', #8117, #2519 ) ;
#4867 = EDGE_CURVE ( 'NONE', #1530, #284, #444, .T. ) ;
#4868 = ORIENTED_EDGE ( 'NONE', *, *, #7612, .T. ) ;
#4869 = EDGE_LOOP ( 'NONE', ( #2766, #6714 ) ) ;
#4870 = DIRECTION ( 'NONE',  ( -0.7071067811865497932, 0.6123724356957949144, -0.3535533905932687349 ) ) ;
#4871 = AXIS2_PLACEMENT_3D ( 'NONE', #1009, #2256, #3635 ) ;
#4872 = LINE ( 'NONE', #137, #7876 ) ;
#4873 = VECTOR ( 'NONE', #3307, 1000.000000000000227 ) ;
#4874 = DIRECTION ( 'NONE',  ( 4.625929269271486407E-17, 0.000000000000000000, -1.000000000000000000 ) ) ;
#4875 = VERTEX_POINT ( 'NONE', #7482 ) ;
#4876 = DIRECTION ( 'NONE',  ( 0.000000000000000000, 0.000000000000000000, 1.000000000000000000 ) ) ;
#4877 = ORIENTED_EDGE ( 'NONE', *, *, #7030, .F. ) ;
#4878 = FACE_OUTER_BOUND ( 'NONE', #3859, .T. ) ;
#4879 = EDGE_CURVE ( 'NONE', #1642, #134, #8130, .T. ) ;
#4880 = EDGE_CURVE ( 'NONE', #2741, #3245, #2909, .T. ) ;
#4881 = CIRCLE ( 'NONE', #1167, 3.000000000000001332 ) ;
#4882 = VECTOR ( 'NONE', #1016, 1000.000000000000000 ) ;
#4883 = ORIENTED_EDGE ( 'NONE', *, *, #3943, .T. ) ;
#4884 = VECTOR ( 'NONE', #2168, 1000.000000000000000 ) ;
#4885 = LINE ( 'NONE', #7524, #6128 ) ;
#4886 = DIRECTION ( 'NONE',  ( -2.403703357979464015E-16, -0.4999999999999946154, -0.8660254037844419273 ) ) ;
#4887 = FACE_OUTER_BOUND ( 'NONE', #7627, .T. ) ;
#4888 = DIRECTION ( 'NONE',  ( 0.000000000000000000, 0.000000000000000000, 1.000000000000000000 ) ) ;
#4889 = ADVANCED_FACE ( 'NONE', ( #2384 ), #315, .F. ) ;
#4890 = PRODUCT_CONTEXT ( 'NONE', #4187, 'mechanical' ) ;
#4891 = AXIS2_PLACEMENT_3D ( 'NONE', #7738, #7785, #8350 ) ;
#4892 = VECTOR ( 'NONE', #3177, 1000.000000000000227 ) ;
#4893 = ORIENTED_EDGE ( 'NONE', *, *, #2302, .T. ) ;
#4894 = VERTEX_POINT ( 'NONE', #7607 ) ;
#4895 = DIRECTION ( 'NONE',  ( 2.403703357979464508E-16, 0.4999999999999947264, 0.8660254037844417052 ) ) ;
#4896 = LINE ( 'NONE', #935, #2494 ) ;
#4897 = DIRECTION ( 'NONE',  ( -2.403703357979465494E-16, -0.4999999999999947264, -0.8660254037844417052 ) ) ;
#4898 = CARTESIAN_POINT ( 'NONE',  ( 75.00000000000000000, 21.29999999999999361, -39.00000000000004974 ) ) ;
#4899 = DIRECTION ( 'NONE',  ( 0.000000000000000000, 0.8660254037844425934, -0.4999999999999933942 ) ) ;
#4900 = VERTEX_POINT ( 'NONE', #1049 ) ;
#4901 = CARTESIAN_POINT ( 'NONE',  ( 13.89999999999998082, 21.30000000000000782, -48.00000000000000000 ) ) ;
#4902 = VECTOR ( 'NONE', #4648, 1000.000000000000000 ) ;
#4903 = ORIENTED_EDGE ( 'NONE', *, *, #7827, .T. ) ;
#4904 = CARTESIAN_POINT ( 'NONE',  ( 71.49999999999997158, 7.599999999999995204, 1.599999999999967226 ) ) ;
#4905 = DIRECTION ( 'NONE',  ( -0.000000000000000000, 1.000000000000000000, -0.000000000000000000 ) ) ;
#4906 = CIRCLE ( 'NONE', #5040, 1.000000000000000222 ) ;
#4907 = DIRECTION ( 'NONE',  ( 0.000000000000000000, 0.8660254037844425934, -0.4999999999999933942 ) ) ;
#4908 = DIRECTION ( 'NONE',  ( 0.000000000000000000, -0.8660254037844375974, 0.5000000000000016653 ) ) ;
#4909 = EDGE_CURVE ( 'NONE', #8375, #8072, #4965, .T. ) ;
#4910 = CARTESIAN_POINT ( 'NONE',  ( 56.07000000000000028, 5.000000000000000000, -42.53999999999999204 ) ) ;
#4911 = ORIENTED_EDGE ( 'NONE', *, *, #4935, .F. ) ;
#4912 = ORIENTED_EDGE ( 'NONE', *, *, #2367, .T. ) ;
#4913 = LINE ( 'NONE', #7552, #4720 ) ;
#4914 = EDGE_LOOP ( 'NONE', ( #4642, #5004, #3583, #1033 ) ) ;
#4915 = ORIENTED_EDGE ( 'NONE', *, *, #5823, .T. ) ;
#4916 = CARTESIAN_POINT ( 'NONE',  ( -54.99999999999998579, 26.46752544356886361, 36.67152594363003715 ) ) ;
#4917 = PLANE ( 'NONE',  #5665 ) ;
#4918 = PLANE ( 'NONE',  #390 ) ;
#4919 = ADVANCED_FACE ( 'NONE', ( #1689 ), #6964, .F. ) ;
#4920 = ORIENTED_EDGE ( 'NONE', *, *, #5034, .T. ) ;
#4921 = CARTESIAN_POINT ( 'NONE',  ( -26.50000000000002842, 7.100000000000002309, -47.99999999999999289 ) ) ;
#4922 = ORIENTED_EDGE ( 'NONE', *, *, #8043, .F. ) ;
#4923 = ADVANCED_FACE ( 'NONE', ( #1647 ), #6875, .F. ) ;
#4924 = CARTESIAN_POINT ( 'NONE',  ( 72.99999999999997158, 6.599999999999991651, -47.99999999999999289 ) ) ;
#4925 = ORIENTED_EDGE ( 'NONE', *, *, #3367, .F. ) ;
#4926 = ADVANCED_FACE ( 'NONE', ( #5532 ), #6185, .F. ) ;
#4927 = CYLINDRICAL_SURFACE ( 'NONE', #3781, 3.000000000000002665 ) ;
#4928 = CARTESIAN_POINT ( 'NONE',  ( -72.99999999999997158, 31.00000000000000711, -48.00000000000000000 ) ) ;
#4929 = CARTESIAN_POINT ( 'NONE',  ( 46.51500000000001478, 11.92168035785549307, 50.84307621135329924 ) ) ;
#4930 = PLANE ( 'NONE',  #8452 ) ;
#4931 = EDGE_LOOP ( 'NONE', ( #319, #2431, #959, #60 ) ) ;
#4932 = ORIENTED_EDGE ( 'NONE', *, *, #3470, .F. ) ;
#4933 = CARTESIAN_POINT ( 'NONE',  ( 69.99999999999997158, 2.000000000000000000, -49.99999999999999289 ) ) ;
#4934 = DIRECTION ( 'NONE',  ( 0.000000000000000000, 0.000000000000000000, 1.000000000000000000 ) ) ;
#4935 = EDGE_CURVE ( 'NONE', #3092, #5179, #6836, .T. ) ;
#4936 = DIRECTION ( 'NONE',  ( 0.000000000000000000, 0.8660254037844425934, -0.4999999999999933942 ) ) ;
#4937 = EDGE_CURVE ( 'NONE', #6787, #7733, #2299, .T. ) ;
#4938 = CYLINDRICAL_SURFACE ( 'NONE', #2132, 1.000000000000000222 ) ;
#4939 = PLANE ( 'NONE',  #5699 ) ;
#4940 = EDGE_LOOP ( 'NONE', ( #3889, #8283, #7250, #2959 ) ) ;
#4941 = VECTOR ( 'NONE', #2734, 1000.000000000000000 ) ;
#4942 = DIRECTION ( 'NONE',  ( -2.403703357979465001E-16, -0.4999999999999948375, -0.8660254037844418162 ) ) ;
#4943 = ORIENTED_EDGE ( 'NONE', *, *, #2426, .F. ) ;
#4944 = LINE ( 'NONE', #211, #6062 ) ;
#4945 = DIRECTION ( 'NONE',  ( 2.403703357979464508E-16, 0.4999999999999947264, 0.8660254037844417052 ) ) ;
#4946 = EDGE_CURVE ( 'NONE', #825, #8243, #964, .T. ) ;
#4947 = CARTESIAN_POINT ( 'NONE',  ( -71.49999999999997158, 32.00000000000001421, -6.532606157515307821 ) ) ;
#4948 = DIRECTION ( 'NONE',  ( 2.403703357979465494E-16, 0.4999999999999947264, 0.8660254037844417052 ) ) ;
#4949 = CARTESIAN_POINT ( 'NONE',  ( 72.99999999999997158, 71.03072758308037749, 10.94294919243166753 ) ) ;
#4950 = ORIENTED_EDGE ( 'NONE', *, *, #1154, .F. ) ;
#4951 = ORIENTED_EDGE ( 'NONE', *, *, #459, .F. ) ;
#4952 = FACE_OUTER_BOUND ( 'NONE', #6995, .T. ) ;
#4953 = VERTEX_POINT ( 'NONE', #7656 ) ;
#4954 = ORIENTED_EDGE ( 'NONE', *, *, #7752, .F. ) ;
#4955 = CIRCLE ( 'NONE', #7446, 2.999999999999999112 ) ;
#4956 = DIRECTION ( 'NONE',  ( 0.000000000000000000, -0.5000000000000000000, -0.8660254037844385966 ) ) ;
#4957 = CARTESIAN_POINT ( 'NONE',  ( 56.07000000000000028, 5.000000000000000000, 14.89000000000001123 ) ) ;
#4958 = ORIENTED_EDGE ( 'NONE', *, *, #4022, .F. ) ;
#4959 = LINE ( 'NONE', #7599, #4032 ) ;
#4960 = ORIENTED_EDGE ( 'NONE', *, *, #3747, .F. ) ;
#4961 = LINE ( 'NONE', #2296, #6786 ) ;
#4962 = EDGE_CURVE ( 'NONE', #4645, #6530, #271, .T. ) ;
#4963 = ORIENTED_EDGE ( 'NONE', *, *, #6190, .F. ) ;
#4964 = DIRECTION ( 'NONE',  ( -8.628166150854815527E-32, -0.8660254037844417052, 0.4999999999999947264 ) ) ;
#4965 = LINE ( 'NONE', #1091, #8204 ) ;
#4966 = CARTESIAN_POINT ( 'NONE',  ( -71.49999999999997158, 30.00000000000001421, -1.532606157515309597 ) ) ;
#4967 = VECTOR ( 'NONE', #3290, 1000.000000000000114 ) ;
#4968 = LINE ( 'NONE', #4372, #5970 ) ;
#4969 = EDGE_CURVE ( 'NONE', #2699, #3229, #5585, .T. ) ;
#4970 = ORIENTED_EDGE ( 'NONE', *, *, #7871, .F. ) ;
#4971 = VERTEX_POINT ( 'NONE', #1611 ) ;
#4972 = DIRECTION ( 'NONE',  ( 1.000000000000000000, 0.000000000000000000, 0.000000000000000000 ) ) ;
#4973 = AXIS2_PLACEMENT_3D ( 'NONE', #8362, #3221, #3909 ) ;
#4974 = DIRECTION ( 'NONE',  ( 4.625929269271486407E-17, 0.000000000000000000, -1.000000000000000000 ) ) ;
#4975 = CARTESIAN_POINT ( 'NONE',  ( -71.49999999999997158, 31.00000000000001776, -6.532606157515308709 ) ) ;
#4976 = CARTESIAN_POINT ( 'NONE',  ( -72.92893218813451028, 7.381931190572035284, 50.00000000000001421 ) ) ;
#4977 = LINE ( 'NONE', #4336, #1017 ) ;
#4978 = ORIENTED_EDGE ( 'NONE', *, *, #6363, .F. ) ;
#4979 = VECTOR ( 'NONE', #4471, 1000.000000000000000 ) ;
#4980 = FACE_BOUND ( 'NONE', #2861, .T. ) ;
#4981 = ADVANCED_FACE ( 'NONE', ( #7566 ), #4277, .F. ) ;
#4982 = EDGE_CURVE ( 'NONE', #5125, #2109, #6271, .T. ) ;
#4983 = VECTOR ( 'NONE', #5666, 1000.000000000000227 ) ;
#4984 = ORIENTED_EDGE ( 'NONE', *, *, #5299, .T. ) ;
#4985 = CARTESIAN_POINT ( 'NONE',  ( -72.50000000000000000, 16.29999999999998650, -38.00000000000000000 ) ) ;
#4986 = DIRECTION ( 'NONE',  ( -0.000000000000000000, -0.8660254037844382635, 0.5000000000000006661 ) ) ;
#4987 = CARTESIAN_POINT ( 'NONE',  ( -71.49999999999997158, 7.600000000000004086, 1.600000000000002531 ) ) ;
#4988 = CARTESIAN_POINT ( 'NONE',  ( -54.99999999999998579, 26.46752544356884584, 36.67152594363000162 ) ) ;
#4989 = LINE ( 'NONE', #7677, #4193 ) ;
#4990 = ORIENTED_EDGE ( 'NONE', *, *, #3567, .F. ) ;
#4991 = AXIS2_PLACEMENT_3D ( 'NONE', #6174, #995, #4956 ) ;
#4992 = VECTOR ( 'NONE', #4823, 1000.000000000000000 ) ;
#4993 = ORIENTED_EDGE ( 'NONE', *, *, #292, .F. ) ;
#4994 = CARTESIAN_POINT ( 'NONE',  ( -56.99999999999998579, 25.75008650835454560, 37.08573950600311520 ) ) ;
#4995 = ADVANCED_FACE ( 'NONE', ( #8392 ), #3812, .F. ) ;
#4996 = VERTEX_POINT ( 'NONE', #6444 ) ;
#4997 = ORIENTED_EDGE ( 'NONE', *, *, #1457, .T. ) ;
#4998 = VECTOR ( 'NONE', #5178, 1000.000000000000000 ) ;
#4999 = CARTESIAN_POINT ( 'NONE',  ( 8.811090596478031144E-15, 35.00000000000000000, 31.74529946162091321 ) ) ;
#5000 = DIRECTION ( 'NONE',  ( 0.000000000000000000, 0.000000000000000000, 1.000000000000000000 ) ) ;
#5001 = DIRECTION ( 'NONE',  ( 1.000000000000000000, 0.000000000000000000, 0.000000000000000000 ) ) ;
#5002 = CYLINDRICAL_SURFACE ( 'NONE', #3691, 3.500000000000008438 ) ;
#5003 = VECTOR ( 'NONE', #237, 1000.000000000000000 ) ;
#5004 = ORIENTED_EDGE ( 'NONE', *, *, #6578, .F. ) ;
#5005 = DIRECTION ( 'NONE',  ( 0.000000000000000000, 0.8660254037844425934, -0.4999999999999933942 ) ) ;
#5006 = EDGE_LOOP ( 'NONE', ( #4484, #653, #2745, #7180 ) ) ;
#5007 = CARTESIAN_POINT ( 'NONE',  ( 109.2000000000000028, 7.381931190572101009, 49.99999999999992895 ) ) ;
#5008 = VECTOR ( 'NONE', #1682, 1000.000000000000000 ) ;
#5009 = EDGE_LOOP ( 'NONE', ( #933, #5676, #1104, #8098 ) ) ;
#5010 = CARTESIAN_POINT ( 'NONE',  ( -46.51499999999999346, 9.421680357855539256, 46.51294919243112247 ) ) ;
#5011 = DIRECTION ( 'NONE',  ( 0.5773502691896245098, 0.5773502691896245098, 0.5773502691896281735 ) ) ;
#5012 = EDGE_CURVE ( 'NONE', #8470, #4564, #4544, .T. ) ;
#5013 = CARTESIAN_POINT ( 'NONE',  ( 57.29289321881349650, 18.62977684045724303, 41.19665220947702977 ) ) ;
#5014 = AXIS2_PLACEMENT_3D ( 'NONE', #3376, #5314, #7957 ) ;
#5015 = DIRECTION ( 'NONE',  ( 0.000000000000000000, -0.000000000000000000, 1.000000000000000000 ) ) ;
#5016 = AXIS2_PLACEMENT_3D ( 'NONE', #2951, #270, #3036 ) ;
#5017 = CIRCLE ( 'NONE', #1311, 1.899999999999999023 ) ;
#5018 = ORIENTED_EDGE ( 'NONE', *, *, #8475, .T. ) ;
#5019 = CARTESIAN_POINT ( 'NONE',  ( -56.07000000000000028, -0.001000000000000132727, -44.43999999999999062 ) ) ;
#5020 = DIRECTION ( 'NONE',  ( 0.000000000000000000, 0.8660254037844421493, -0.4999999999999941158 ) ) ;
#5021 = CARTESIAN_POINT ( 'NONE',  ( -42.99999999999997868, 13.96372425933388151, 46.20000000000001705 ) ) ;
#5022 = EDGE_CURVE ( 'NONE', #4637, #307, #7098, .T. ) ;
#5023 = CARTESIAN_POINT ( 'NONE',  ( 72.99999999999997158, 30.00000000000001066, -6.532606157515349565 ) ) ;
#5024 = ORIENTED_EDGE ( 'NONE', *, *, #4867, .T. ) ;
#5025 = VECTOR ( 'NONE', #3818, 1000.000000000000000 ) ;
#5026 = LINE ( 'NONE', #7668, #1400 ) ;
#5027 = EDGE_LOOP ( 'NONE', ( #1810, #1046 ) ) ;
#5028 = DIRECTION ( 'NONE',  ( 0.000000000000000000, 0.000000000000000000, 1.000000000000000000 ) ) ;
#5029 = CARTESIAN_POINT ( 'NONE',  ( -75.00000000000000000, 6.599999999999999645, 37.20000000000000995 ) ) ;
#5030 = CARTESIAN_POINT ( 'NONE',  ( 60.99999999999995026, 21.30000000000000071, -48.00000000000000000 ) ) ;
#5031 = DIRECTION ( 'NONE',  ( 0.7071067811865474617, 0.000000000000000000, -0.7071067811865474617 ) ) ;
#5032 = EDGE_CURVE ( 'NONE', #5932, #6383, #2517, .T. ) ;
#5033 = CARTESIAN_POINT ( 'NONE',  ( 46.51500000000001478, 11.92168035785549307, 50.84307621135329924 ) ) ;
#5034 = EDGE_CURVE ( 'NONE', #3608, #8075, #5840, .T. ) ;
#5035 = ORIENTED_EDGE ( 'NONE', *, *, #5310, .T. ) ;
#5036 = EDGE_LOOP ( 'NONE', ( #6546, #1640, #260, #7874, #25, #6851 ) ) ;
#5037 = AXIS2_PLACEMENT_3D ( 'NONE', #1117, #4487, #3746 ) ;
#5038 = CARTESIAN_POINT ( 'NONE',  ( 72.99999999999997158, 33.50000000000001421, -0.03260615751533857409 ) ) ;
#5039 = EDGE_LOOP ( 'NONE', ( #7221, #3692 ) ) ;
#5040 = AXIS2_PLACEMENT_3D ( 'NONE', #7632, #2452, #5075 ) ;
#5041 = ORIENTED_EDGE ( 'NONE', *, *, #1302, .T. ) ;
#5042 = DIRECTION ( 'NONE',  ( -2.403703357979464508E-16, -0.4999999999999947264, -0.8660254037844417052 ) ) ;
#5043 = DIRECTION ( 'NONE',  ( 2.403703357979464508E-16, 0.4999999999999947264, 0.8660254037844417052 ) ) ;
#5044 = LINE ( 'NONE', #6433, #7329 ) ;
#5045 = DIRECTION ( 'NONE',  ( 1.000000000000000000, 0.000000000000000000, 0.000000000000000000 ) ) ;
#5046 = VECTOR ( 'NONE', #6419, 1000.000000000000000 ) ;
#5047 = EDGE_CURVE ( 'NONE', #4971, #4177, #905, .T. ) ;
#5048 = EDGE_CURVE ( 'NONE', #3594, #7056, #6532, .T. ) ;
#5049 = ORIENTED_EDGE ( 'NONE', *, *, #6023, .T. ) ;
#5050 = FACE_OUTER_BOUND ( 'NONE', #3835, .T. ) ;
#5051 = VECTOR ( 'NONE', #215, 1000.000000000000000 ) ;
#5052 = VERTEX_POINT ( 'NONE', #3081 ) ;
#5053 = FACE_BOUND ( 'NONE', #4420, .T. ) ;
#5054 = LINE ( 'NONE', #3160, #2211 ) ;
#5055 = ORIENTED_EDGE ( 'NONE', *, *, #4663, .F. ) ;
#5056 = ORIENTED_EDGE ( 'NONE', *, *, #2938, .T. ) ;
#5057 = AXIS2_PLACEMENT_3D ( 'NONE', #5761, #4289, #5020 ) ;
#5058 = CYLINDRICAL_SURFACE ( 'NONE', #2404, 0.5000000000000004441 ) ;
#5059 = EDGE_CURVE ( 'NONE', #1226, #7195, #1181, .T. ) ;
#5060 = CARTESIAN_POINT ( 'NONE',  ( 61.36396103067897201, 13.87938382346102983, 43.93929289659626392 ) ) ;
#5061 = DIRECTION ( 'NONE',  ( -3.271025955591187068E-17, -0.7071067811865500152, 0.7071067811865451302 ) ) ;
#5062 = DIRECTION ( 'NONE',  ( 0.000000000000000000, 0.5000000000000000000, 0.8660254037844385966 ) ) ;
#5063 = ADVANCED_FACE ( 'NONE', ( #5711 ), #527, .F. ) ;
#5064 = ORIENTED_EDGE ( 'NONE', *, *, #864, .T. ) ;
#5065 = LINE ( 'NONE', #5720, #6854 ) ;
#5066 = DIRECTION ( 'NONE',  ( -0.000000000000000000, 1.000000000000000000, -0.000000000000000000 ) ) ;
#5067 = CARTESIAN_POINT ( 'NONE',  ( 34.94999999999996732, 31.00000000000000711, -47.99999999999999289 ) ) ;
#5068 = EDGE_LOOP ( 'NONE', ( #538, #4388, #2987, #4128 ) ) ;
#5069 = PLANE ( 'NONE',  #575 ) ;
#5070 = VERTEX_POINT ( 'NONE', #4408 ) ;
#5071 = EDGE_CURVE ( 'NONE', #5308, #6530, #7832, .T. ) ;
#5072 = LINE ( 'NONE', #6290, #5981 ) ;
#5073 = DIRECTION ( 'NONE',  ( 0.000000000000000000, 0.000000000000000000, 1.000000000000000000 ) ) ;
#5074 = DIRECTION ( 'NONE',  ( 0.000000000000000000, 0.000000000000000000, 1.000000000000000000 ) ) ;
#5075 = DIRECTION ( 'NONE',  ( 0.000000000000000000, 0.8660254037844425934, -0.4999999999999933942 ) ) ;
#5076 = VECTOR ( 'NONE', #2889, 1000.000000000000000 ) ;
#5077 = EDGE_CURVE ( 'NONE', #3575, #2021, #4203, .T. ) ;
#5078 = DIRECTION ( 'NONE',  ( 0.000000000000000000, 0.8660254037844418162, -0.4999999999999944489 ) ) ;
#5079 = EDGE_LOOP ( 'NONE', ( #5587, #5084 ) ) ;
#5080 = ORIENTED_EDGE ( 'NONE', *, *, #5404, .T. ) ;
#5081 = LINE ( 'NONE', #7591, #5130 ) ;
#5082 = VERTEX_POINT ( 'NONE', #3250 ) ;
#5083 = EDGE_CURVE ( 'NONE', #813, #5052, #5227, .T. ) ;
#5084 = ORIENTED_EDGE ( 'NONE', *, *, #171, .F. ) ;
#5085 = DIRECTION ( 'NONE',  ( 0.000000000000000000, 0.000000000000000000, -1.000000000000000000 ) ) ;
#5086 = CARTESIAN_POINT ( 'NONE',  ( -62.07106781186546129, 15.49175625915680143, 45.31779031357191201 ) ) ;
#5087 = DIRECTION ( 'NONE',  ( -0.000000000000000000, 1.000000000000000000, 0.000000000000000000 ) ) ;
#5088 = LINE ( 'NONE', #434, #1469 ) ;
#5089 = VERTEX_POINT ( 'NONE', #1309 ) ;
#5090 = CARTESIAN_POINT ( 'NONE',  ( 75.00000000000002842, 6.599999999999999645, 37.19999999999996732 ) ) ;
#5091 = ORIENTED_EDGE ( 'NONE', *, *, #3260, .F. ) ;
#5092 = PLANE ( 'NONE',  #7060 ) ;
#5093 = FILL_AREA_STYLE ('',( #4450 ) ) ;
#5094 = ORIENTED_EDGE ( 'NONE', *, *, #4652, .F. ) ;
#5095 = EDGE_CURVE ( 'NONE', #414, #6697, #3940, .T. ) ;
#5096 = EDGE_CURVE ( 'NONE', #6738, #1147, #4504, .T. ) ;
#5097 = VERTEX_POINT ( 'NONE', #5060 ) ;
#5098 = DIRECTION ( 'NONE',  ( -0.000000000000000000, -1.000000000000000000, -0.000000000000000000 ) ) ;
#5099 = CARTESIAN_POINT ( 'NONE',  ( -56.07000000000000028, 5.000000000000000000, -44.43999999999999062 ) ) ;
#5100 = DIRECTION ( 'NONE',  ( -0.000000000000000000, 0.8660254037844419273, -0.4999999999999943934 ) ) ;
#5101 = CARTESIAN_POINT ( 'NONE',  ( 75.00000000000002842, 6.599999999999994316, -3.400000000000034994 ) ) ;
#5102 = ADVANCED_FACE ( 'NONE', ( #3207 ), #7143, .F. ) ;
#5103 = ORIENTED_EDGE ( 'NONE', *, *, #4477, .F. ) ;
#5104 = CARTESIAN_POINT ( 'NONE',  ( 75.00000000000000000, 28.00000000000000711, -36.00000000000004263 ) ) ;
#5105 = AXIS2_PLACEMENT_3D ( 'NONE', #6845, #3685, #2394 ) ;
#5106 = CARTESIAN_POINT ( 'NONE',  ( -56.07000000000000028, 2.000000000000000000, -47.93999999999999773 ) ) ;
#5107 = DIRECTION ( 'NONE',  ( 0.000000000000000000, 0.8660254037844419273, -0.4999999999999943934 ) ) ;
#5108 = ORIENTED_EDGE ( 'NONE', *, *, #4084, .F. ) ;
#5109 = FACE_OUTER_BOUND ( 'NONE', #6494, .T. ) ;
#5110 = VECTOR ( 'NONE', #3152, 1000.000000000000000 ) ;
#5111 = ORIENTED_EDGE ( 'NONE', *, *, #7311, .F. ) ;
#5112 = DIRECTION ( 'NONE',  ( 2.403703357979455140E-16, 0.5000000000000001110, 0.8660254037844385966 ) ) ;
#5113 = DIRECTION ( 'NONE',  ( -1.000000000000000000, 0.000000000000000000, 0.000000000000000000 ) ) ;
#5114 = LINE ( 'NONE', #1155, #3564 ) ;
#5115 = CARTESIAN_POINT ( 'NONE',  ( 72.99999999999997158, 12.04218522841651229, 45.00000000000001421 ) ) ;
#5116 = CIRCLE ( 'NONE', #5813, 1.000000000000000222 ) ;
#5117 = LINE ( 'NONE', #6422, #2260 ) ;
#5118 = ORIENTED_EDGE ( 'NONE', *, *, #3253, .T. ) ;
#5119 = CIRCLE ( 'NONE', #7883, 1.900000000000005240 ) ;
#5120 = EDGE_CURVE ( 'NONE', #1246, #5563, #2275, .T. ) ;
#5121 = ORIENTED_EDGE ( 'NONE', *, *, #5957, .T. ) ;
#5122 = VECTOR ( 'NONE', #7437, 1000.000000000000000 ) ;
#5123 = CARTESIAN_POINT ( 'NONE',  ( 34.94999999999996732, 32.00000000000000711, -46.50000000000000000 ) ) ;
#5124 = ORIENTED_EDGE ( 'NONE', *, *, #1045, .T. ) ;
#5125 = VERTEX_POINT ( 'NONE', #3763 ) ;
#5126 = LINE ( 'NONE', #5029, #7397 ) ;
#5127 = DIRECTION ( 'NONE',  ( 0.000000000000000000, -0.000000000000000000, -1.000000000000000000 ) ) ;
#5128 = CARTESIAN_POINT ( 'NONE',  ( -46.51499999999999346, 9.421680357855539256, 46.51294919243112247 ) ) ;
#5129 = DIRECTION ( 'NONE',  ( 0.000000000000000000, 0.8660254037844425934, -0.4999999999999933942 ) ) ;
#5130 = VECTOR ( 'NONE', #5738, 1000.000000000000000 ) ;
#5131 = VERTEX_POINT ( 'NONE', #6400 ) ;
#5132 = ADVANCED_FACE ( 'NONE', ( #3125 ), #139, .F. ) ;
#5133 = CYLINDRICAL_SURFACE ( 'NONE', #6522, 2.999999999999999112 ) ;
#5134 = VERTEX_POINT ( 'NONE', #4910 ) ;
#5135 = FACE_OUTER_BOUND ( 'NONE', #2682, .T. ) ;
#5136 =( NAMED_UNIT ( * ) PLANE_ANGLE_UNIT ( ) SI_UNIT ( $, .RADIAN. ) );
#5137 = AXIS2_PLACEMENT_3D ( 'NONE', #2171, #149, #6059 ) ;
#5138 = ORIENTED_EDGE ( 'NONE', *, *, #1628, .F. ) ;
#5139 = ORIENTED_EDGE ( 'NONE', *, *, #8215, .F. ) ;
#5140 = CARTESIAN_POINT ( 'NONE',  ( -61.99999999999998579, 20.89804168090046588, 42.19646997001230204 ) ) ;
#5141 = ORIENTED_EDGE ( 'NONE', *, *, #56, .F. ) ;
#5142 = DIRECTION ( 'NONE',  ( 0.000000000000000000, 0.5000000000000000000, 0.8660254037844385966 ) ) ;
#5143 = ADVANCED_FACE ( 'NONE', ( #6702 ), #2074, .T. ) ;
#5144 = CARTESIAN_POINT ( 'NONE',  ( -71.49999999999997158, 26.40192378864669820, 31.16683849253827177 ) ) ;
#5145 = ADVANCED_FACE ( 'NONE', ( #5268 ), #7549, .F. ) ;
#5146 = CARTESIAN_POINT ( 'NONE',  ( 71.49999999999997158, 32.00000000000001421, -6.532606157515350453 ) ) ;
#5147 = AXIS2_PLACEMENT_3D ( 'NONE', #6282, #374, #4899 ) ;
#5148 = VERTEX_POINT ( 'NONE', #747 ) ;
#5149 = DIRECTION ( 'NONE',  ( -0.7071067811865459074, 0.000000000000000000, -0.7071067811865491270 ) ) ;
#5150 = AXIS2_PLACEMENT_3D ( 'NONE', #5924, #13, #6486 ) ;
#5151 = DIRECTION ( 'NONE',  ( 2.403703357979464508E-16, 0.4999999999999947264, 0.8660254037844417052 ) ) ;
#5152 = VECTOR ( 'NONE', #8514, 1000.000000000000227 ) ;
#5153 = DIRECTION ( 'NONE',  ( 0.000000000000000000, -0.8660254037844418162, 0.4999999999999946709 ) ) ;
#5154 = EDGE_CURVE ( 'NONE', #2768, #1179, #662, .T. ) ;
#5155 = ORIENTED_EDGE ( 'NONE', *, *, #7255, .F. ) ;
#5156 = DIRECTION ( 'NONE',  ( 2.403703357979463522E-16, 0.4999999999999947820, 0.8660254037844418162 ) ) ;
#5157 = VECTOR ( 'NONE', #3738, 1000.000000000000000 ) ;
#5158 = ORIENTED_EDGE ( 'NONE', *, *, #338, .F. ) ;
#5159 = DIRECTION ( 'NONE',  ( 0.000000000000000000, 1.000000000000000000, 0.000000000000000000 ) ) ;
#5160 = CARTESIAN_POINT ( 'NONE',  ( -72.99999999999997158, 6.599999999999996980, -3.400000000000000355 ) ) ;
#5161 = DIRECTION ( 'NONE',  ( 0.000000000000000000, 1.000000000000000000, 0.000000000000000000 ) ) ;
#5162 = CARTESIAN_POINT ( 'NONE',  ( -49.80000000000001847, 6.600000000000001421, -49.99999999999999289 ) ) ;
#5163 = LINE ( 'NONE', #1368, #3779 ) ;
#5164 = CIRCLE ( 'NONE', #760, 1.000000000000000222 ) ;
#5165 = ORIENTED_EDGE ( 'NONE', *, *, #2917, .T. ) ;
#5166 = VERTEX_POINT ( 'NONE', #7393 ) ;
#5167 = DIRECTION ( 'NONE',  ( -2.403703357979464015E-16, -0.4999999999999946154, -0.8660254037844419273 ) ) ;
#5168 = EDGE_LOOP ( 'NONE', ( #1521, #5948, #3347, #4351 ) ) ;
#5169 = AXIS2_PLACEMENT_3D ( 'NONE', #7914, #6615, #4631 ) ;
#5170 = ORIENTED_EDGE ( 'NONE', *, *, #5286, .F. ) ;
#5171 = CARTESIAN_POINT ( 'NONE',  ( 60.65685424949243298, 31.72522439674237660, 33.63599203769727808 ) ) ;
#5172 = VECTOR ( 'NONE', #1364, 1000.000000000000114 ) ;
#5173 = EDGE_CURVE ( 'NONE', #7791, #1510, #2118, .T. ) ;
#5174 = DIRECTION ( 'NONE',  ( -4.042064004249299079E-16, -0.000000000000000000, -1.000000000000000000 ) ) ;
#5175 = DIRECTION ( 'NONE',  ( 2.057857651608677062E-16, 0.4999999999999947820, 0.8660254037844417052 ) ) ;
#5176 = DIRECTION ( 'NONE',  ( 1.000000000000000000, 0.000000000000000000, 0.000000000000000000 ) ) ;
#5177 = ORIENTED_EDGE ( 'NONE', *, *, #2414, .F. ) ;
#5178 = DIRECTION ( 'NONE',  ( -2.282530889443167022E-16, -1.000000000000000000, 0.000000000000000000 ) ) ;
#5179 = VERTEX_POINT ( 'NONE', #793 ) ;
#5180 = DIRECTION ( 'NONE',  ( 0.000000000000000000, 0.000000000000000000, -1.000000000000000000 ) ) ;
#5181 = VECTOR ( 'NONE', #2919, 1000.000000000000000 ) ;
#5182 = ORIENTED_EDGE ( 'NONE', *, *, #8531, .T. ) ;
#5183 = EDGE_LOOP ( 'NONE', ( #6153, #6241, #4893, #6776, #154, #3627, #2498, #2531, #210, #5489, #731, #1540, #3869, #3291, #6423 ) ) ;
#5184 = VECTOR ( 'NONE', #5418, 1000.000000000000114 ) ;
#5185 = ADVANCED_FACE ( 'NONE', ( #6744 ), #3292, .F. ) ;
#5186 = DIRECTION ( 'NONE',  ( -0.000000000000000000, 1.000000000000000000, -0.000000000000000000 ) ) ;
#5187 = CARTESIAN_POINT ( 'NONE',  ( 72.99999999999997158, 12.04218522841651229, 45.00000000000001421 ) ) ;
#5188 = ORIENTED_EDGE ( 'NONE', *, *, #6258, .T. ) ;
#5189 = AXIS2_PLACEMENT_3D ( 'NONE', #224, #5484, #2198 ) ;
#5190 = VECTOR ( 'NONE', #4820, 1000.000000000000000 ) ;
#5191 = DIRECTION ( 'NONE',  ( 0.000000000000000000, 0.8660254037844387076, -0.5000000000000001110 ) ) ;
#5192 = EDGE_CURVE ( 'NONE', #4668, #2072, #1998, .T. ) ;
#5193 = CARTESIAN_POINT ( 'NONE',  ( -69.99999999999997158, 2.000000000000001776, -45.00000000000000000 ) ) ;
#5194 = CYLINDRICAL_SURFACE ( 'NONE', #1680, 1.000000000000000222 ) ;
#5195 = EDGE_CURVE ( 'NONE', #468, #276, #1631, .T. ) ;
#5196 = ORIENTED_EDGE ( 'NONE', *, *, #5626, .T. ) ;
#5197 = DIRECTION ( 'NONE',  ( 1.000000000000000000, 0.000000000000000000, -2.775557561562891351E-16 ) ) ;
#5198 = DIRECTION ( 'NONE',  ( -1.000000000000000000, -0.000000000000000000, 2.775557561562891351E-16 ) ) ;
#5199 = LINE ( 'NONE', #4553, #51 ) ;
#5200 = ORIENTED_EDGE ( 'NONE', *, *, #7718, .F. ) ;
#5201 = CARTESIAN_POINT ( 'NONE',  ( 58.00000000000002842, 26.75008650835453849, 38.81779031357194043 ) ) ;
#5202 = ORIENTED_EDGE ( 'NONE', *, *, #4726, .T. ) ;
#5203 = EDGE_CURVE ( 'NONE', #5497, #725, #6402, .T. ) ;
#5204 = EDGE_CURVE ( 'NONE', #385, #2304, #8197, .T. ) ;
#5205 = DIRECTION ( 'NONE',  ( -0.7071067811865474617, -0.000000000000000000, 0.7071067811865474617 ) ) ;
#5206 = DIRECTION ( 'NONE',  ( 0.000000000000000000, 1.000000000000000000, 0.000000000000000000 ) ) ;
#5207 = LINE ( 'NONE', #7199, #5737 ) ;
#5208 = CARTESIAN_POINT ( 'NONE',  ( 56.07000000000000028, 0.000000000000000000, 11.09000000000000696 ) ) ;
#5209 = CARTESIAN_POINT ( 'NONE',  ( 69.99999999999997158, 0.000000000000000000, -49.99999999999999289 ) ) ;
#5210 = ORIENTED_EDGE ( 'NONE', *, *, #1644, .F. ) ;
#5211 = ORIENTED_EDGE ( 'NONE', *, *, #6349, .T. ) ;
#5212 = LINE ( 'NONE', #3314, #2100 ) ;
#5213 = ORIENTED_EDGE ( 'NONE', *, *, #7939, .F. ) ;
#5214 = ADVANCED_FACE ( 'NONE', ( #5353 ), #5923, .F. ) ;
#5215 = EDGE_LOOP ( 'NONE', ( #2280, #4348, #2822, #6989 ) ) ;
#5216 = DIRECTION ( 'NONE',  ( 1.000000000000000000, 3.791200677927628645E-32, 8.220856022675304796E-48 ) ) ;
#5217 = DIRECTION ( 'NONE',  ( -2.403703357979464508E-16, -0.4999999999999947820, -0.8660254037844417052 ) ) ;
#5218 = CARTESIAN_POINT ( 'NONE',  ( -61.36396103067892227, 14.87938382346099964, 45.67134370416518152 ) ) ;
#5219 = VERTEX_POINT ( 'NONE', #5443 ) ;
#5220 = ORIENTED_EDGE ( 'NONE', *, *, #15, .F. ) ;
#5221 = LINE ( 'NONE', #2596, #871 ) ;
#5222 = ORIENTED_EDGE ( 'NONE', *, *, #4614, .F. ) ;
#5223 = ORIENTED_EDGE ( 'NONE', *, *, #5492, .F. ) ;
#5224 = FACE_OUTER_BOUND ( 'NONE', #407, .T. ) ;
#5225 = FACE_OUTER_BOUND ( 'NONE', #4010, .T. ) ;
#5226 = VERTEX_POINT ( 'NONE', #6655 ) ;
#5227 = LINE ( 'NONE', #1911, #6004 ) ;
#5228 = CARTESIAN_POINT ( 'NONE',  ( -72.99999999999997158, 33.50000000000001421, -0.03260615751529694073 ) ) ;
#5229 = CARTESIAN_POINT ( 'NONE',  ( -49.80000000000002558, 26.20000000000000284, -47.99999999999999289 ) ) ;
#5230 = EDGE_CURVE ( 'NONE', #7778, #7681, #7920, .T. ) ;
#5231 = ORIENTED_EDGE ( 'NONE', *, *, #98, .F. ) ;
#5232 = DIRECTION ( 'NONE',  ( -0.7071067811865474617, 0.000000000000000000, -0.7071067811865474617 ) ) ;
#5233 = AXIS2_PLACEMENT_3D ( 'NONE', #3652, #5112, #6457 ) ;
#5234 = FACE_BOUND ( 'NONE', #5039, .T. ) ;
#5235 = DIRECTION ( 'NONE',  ( -0.7071067811865475727, 0.000000000000000000, 0.7071067811865475727 ) ) ;
#5236 =( BOUNDED_CURVE ( )  B_SPLINE_CURVE ( 3, ( #649, #5256, #3280, #6077 ),
 .UNSPECIFIED., .F., .T. ) 
 B_SPLINE_CURVE_WITH_KNOTS ( ( 4, 4 ),
 ( 0.000000000000000000, 1.570796326794896558 ),
 .UNSPECIFIED. ) 
 CURVE ( )  GEOMETRIC_REPRESENTATION_ITEM ( )  RATIONAL_B_SPLINE_CURVE ( ( 1.000000000000000000, 0.8047378541243649375, 0.8047378541243649375, 1.000000000000000000 ) ) 
 REPRESENTATION_ITEM ( '' )  );
#5237 = ORIENTED_EDGE ( 'NONE', *, *, #4962, .T. ) ;
#5238 = EDGE_CURVE ( 'NONE', #1147, #7106, #6012, .T. ) ;
#5239 = DIRECTION ( 'NONE',  ( -6.938893903907226800E-15, 0.8660254037844425934, -0.4999999999999933942 ) ) ;
#5240 = ORIENTED_EDGE ( 'NONE', *, *, #3995, .F. ) ;
#5241 = DIRECTION ( 'NONE',  ( -0.000000000000000000, 1.000000000000000000, -0.000000000000000000 ) ) ;
#5242 = AXIS2_PLACEMENT_3D ( 'NONE', #801, #1527, #713 ) ;
#5243 = CARTESIAN_POINT ( 'NONE',  ( -72.99999999999997158, 21.29999999999999005, -38.00000000000000000 ) ) ;
#5244 = CARTESIAN_POINT ( 'NONE',  ( -69.83333333333330017, 23.68183910936523517, 33.12218029379974382 ) ) ;
#5245 = CARTESIAN_POINT ( 'NONE',  ( -59.99999999999998579, 19.89804168090049075, 40.46441916244344128 ) ) ;
#5246 = PLANE ( 'NONE',  #2826 ) ;
#5247 = ORIENTED_EDGE ( 'NONE', *, *, #1605, .F. ) ;
#5248 = ADVANCED_FACE ( 'NONE', ( #103 ), #7349, .T. ) ;
#5249 = ORIENTED_EDGE ( 'NONE', *, *, #5892, .T. ) ;
#5250 = ADVANCED_FACE ( 'NONE', ( #3458 ), #4063, .F. ) ;
#5251 = VECTOR ( 'NONE', #2916, 1000.000000000000000 ) ;
#5252 = CARTESIAN_POINT ( 'NONE',  ( -49.80000000000003268, 7.100000000000002309, 50.00100000000001188 ) ) ;
#5253 = ORIENTED_EDGE ( 'NONE', *, *, #2874, .F. ) ;
#5254 = ORIENTED_EDGE ( 'NONE', *, *, #7772, .T. ) ;
#5255 = LINE ( 'NONE', #2024, #2765 ) ;
#5256 = CARTESIAN_POINT ( 'NONE',  ( 72.92893218813451028, 7.381931190571979329, 50.00000000000000000 ) ) ;
#5257 = DIRECTION ( 'NONE',  ( 0.000000000000000000, 0.000000000000000000, -1.000000000000000000 ) ) ;
#5258 = ORIENTED_EDGE ( 'NONE', *, *, #5987, .T. ) ;
#5259 = ORIENTED_EDGE ( 'NONE', *, *, #4755, .F. ) ;
#5260 = EDGE_CURVE ( 'NONE', #5513, #4223, #466, .T. ) ;
#5261 = CARTESIAN_POINT ( 'NONE',  ( -27.00000000000003197, 7.100000000000000533, 50.00100000000001188 ) ) ;
#5262 = ORIENTED_EDGE ( 'NONE', *, *, #7466, .T. ) ;
#5263 = ORIENTED_EDGE ( 'NONE', *, *, #1239, .F. ) ;
#5264 = VECTOR ( 'NONE', #4322, 1000.000000000000000 ) ;
#5265 = CARTESIAN_POINT ( 'NONE',  ( -56.07000000000000028, -0.001000000000000132727, -44.43999999999999062 ) ) ;
#5266 = CARTESIAN_POINT ( 'NONE',  ( 12.89999999999997904, 0.000000000000000000, -46.50000000000000000 ) ) ;
#5267 = ORIENTED_EDGE ( 'NONE', *, *, #8158, .F. ) ;
#5268 = FACE_OUTER_BOUND ( 'NONE', #5215, .T. ) ;
#5269 = DIRECTION ( 'NONE',  ( -2.498001805406597779E-16, -0.4999999999999947820, -0.8660254037844417052 ) ) ;
#5270 = CIRCLE ( 'NONE', #8306, 3.509999999999991793 ) ;
#5271 = AXIS2_PLACEMENT_3D ( 'NONE', #426, #7032, #3107 ) ;
#5272 = CYLINDRICAL_SURFACE ( 'NONE', #5818, 3.000000000000002665 ) ;
#5273 = EDGE_LOOP ( 'NONE', ( #5254, #1404, #5436, #4903 ) ) ;
#5274 = VECTOR ( 'NONE', #3157, 1000.000000000000000 ) ;
#5275 = EDGE_CURVE ( 'NONE', #437, #6867, #5117, .T. ) ;
#5276 = CARTESIAN_POINT ( 'NONE',  ( -17.80000000000002558, 21.60000000000000142, -49.99999999999999289 ) ) ;
#5277 = CARTESIAN_POINT ( 'NONE',  ( 61.36396103067896490, 30.88810708965498009, 36.42870301704596869 ) ) ;
#5278 = DIRECTION ( 'NONE',  ( -0.000000000000000000, 0.000000000000000000, 1.000000000000000000 ) ) ;
#5279 = AXIS2_PLACEMENT_3D ( 'NONE', #5850, #1960, #7839 ) ;
#5280 = VERTEX_POINT ( 'NONE', #5686 ) ;
#5281 = CYLINDRICAL_SURFACE ( 'NONE', #5398, 0.5000000000000004441 ) ;
#5282 = ORIENTED_EDGE ( 'NONE', *, *, #1943, .T. ) ;
#5283 = VECTOR ( 'NONE', #8431, 1000.000000000000000 ) ;
#5284 = LINE ( 'NONE', #3957, #7780 ) ;
#5285 = FACE_OUTER_BOUND ( 'NONE', #7480, .T. ) ;
#5286 = EDGE_CURVE ( 'NONE', #3971, #6809, #1757, .T. ) ;
#5287 = PLANE ( 'NONE',  #7945 ) ;
#5288 = CARTESIAN_POINT ( 'NONE',  ( 46.51500000000001478, 8.881931190572098345, 52.59807621135328048 ) ) ;
#5289 = CARTESIAN_POINT ( 'NONE',  ( 72.99999999999997158, 14.79999999999998650, -48.00000000000000000 ) ) ;
#5290 = VERTEX_POINT ( 'NONE', #8370 ) ;
#5291 = ADVANCED_FACE ( 'NONE', ( #8325 ), #8409, .T. ) ;
#5292 = VECTOR ( 'NONE', #7288, 1000.000000000000000 ) ;
#5293 = DIRECTION ( 'NONE',  ( -1.000000000000000000, 5.473822126268816683E-48, 2.775557561562891351E-16 ) ) ;
#5294 = ORIENTED_EDGE ( 'NONE', *, *, #98, .T. ) ;
#5295 = ORIENTED_EDGE ( 'NONE', *, *, #7313, .T. ) ;
#5296 = CARTESIAN_POINT ( 'NONE',  ( 75.00000000000002842, 6.599999999999994316, 1.599999999999969447 ) ) ;
#5297 = EDGE_CURVE ( 'NONE', #7134, #2950, #2409, .T. ) ;
#5298 = AXIS2_PLACEMENT_3D ( 'NONE', #4677, #7314, #839 ) ;
#5299 = EDGE_CURVE ( 'NONE', #712, #7168, #4989, .T. ) ;
#5300 = CARTESIAN_POINT ( 'NONE',  ( 6.616025403783989844, 90.22225921207240162, -4.525148805569561894 ) ) ;
#5301 = DIRECTION ( 'NONE',  ( -0.000000000000000000, -1.000000000000000000, -0.000000000000000000 ) ) ;
#5302 = ORIENTED_EDGE ( 'NONE', *, *, #5096, .F. ) ;
#5303 = ORIENTED_EDGE ( 'NONE', *, *, #5781, .T. ) ;
#5304 = FACE_BOUND ( 'NONE', #5368, .T. ) ;
#5305 = VECTOR ( 'NONE', #5011, 1000.000000000000000 ) ;
#5306 = VECTOR ( 'NONE', #3912, 1000.000000000000000 ) ;
#5307 = ORIENTED_EDGE ( 'NONE', *, *, #7572, .F. ) ;
#5308 = VERTEX_POINT ( 'NONE', #7633 ) ;
#5309 = EDGE_CURVE ( 'NONE', #8217, #3603, #1713, .T. ) ;
#5310 = EDGE_CURVE ( 'NONE', #6697, #8313, #1110, .T. ) ;
#5311 = DIRECTION ( 'NONE',  ( 0.000000000000000000, 0.8660254037844425934, -0.4999999999999933942 ) ) ;
#5312 = CARTESIAN_POINT ( 'NONE',  ( 61.99999999999995026, 21.30000000000000071, 52.59907621135331368 ) ) ;
#5313 = EDGE_LOOP ( 'NONE', ( #2921, #7918, #1623, #7946 ) ) ;
#5314 = DIRECTION ( 'NONE',  ( -4.625929269271485791E-17, 0.000000000000000000, 1.000000000000000000 ) ) ;
#5315 = FACE_OUTER_BOUND ( 'NONE', #1125, .T. ) ;
#5316 = DIRECTION ( 'NONE',  ( 0.000000000000000000, 0.8660254037844425934, -0.4999999999999933942 ) ) ;
#5317 = VECTOR ( 'NONE', #158, 1000.000000000000000 ) ;
#5318 = CIRCLE ( 'NONE', #2717, 0.9999999999999973355 ) ;
#5319 = EDGE_CURVE ( 'NONE', #8187, #7134, #7587, .T. ) ;
#5320 = ORIENTED_EDGE ( 'NONE', *, *, #2949, .T. ) ;
#5321 = DIRECTION ( 'NONE',  ( 0.7071067811865489050, 3.066586833366734471E-16, 0.7071067811865462405 ) ) ;
#5322 = DIRECTION ( 'NONE',  ( 1.000000000000000000, -1.201851678989720175E-16, -2.081668171172183797E-16 ) ) ;
#5323 = AXIS2_PLACEMENT_3D ( 'NONE', #5857, #1790, #8491 ) ;
#5324 = CARTESIAN_POINT ( 'NONE',  ( -60.65685424949241167, -12.42221160282414694, -42.82961013744827738 ) ) ;
#5325 = ORIENTED_EDGE ( 'NONE', *, *, #2656, .T. ) ;
#5326 = DIRECTION ( 'NONE',  ( -4.625929269271486407E-17, 0.000000000000000000, 1.000000000000000000 ) ) ;
#5327 = EDGE_CURVE ( 'NONE', #4170, #2730, #1439, .T. ) ;
#5328 = VERTEX_POINT ( 'NONE', #7714 ) ;
#5329 = VERTEX_POINT ( 'NONE', #8282 ) ;
#5330 = CARTESIAN_POINT ( 'NONE',  ( -71.49999999999997158, 6.600000000000003197, 1.600000000000002531 ) ) ;
#5331 = CARTESIAN_POINT ( 'NONE',  ( 61.36396103067896490, 16.10412869485260501, 44.96423692297859986 ) ) ;
#5332 = CARTESIAN_POINT ( 'NONE',  ( -50.30000000000002558, 25.69999999999999929, -49.99999999999999289 ) ) ;
#5333 = DIRECTION ( 'NONE',  ( 0.000000000000000000, 0.000000000000000000, 1.000000000000000000 ) ) ;
#5334 = DIRECTION ( 'NONE',  ( 0.000000000000000000, 1.000000000000000000, 0.000000000000000000 ) ) ;
#5335 = CARTESIAN_POINT ( 'NONE',  ( 60.99999999999995026, 16.29999999999999716, -46.50000000000000000 ) ) ;
#5336 = ORIENTED_EDGE ( 'NONE', *, *, #3136, .T. ) ;
#5337 = CARTESIAN_POINT ( 'NONE',  ( -17.80000000000002558, 21.10000000000000142, -47.99999999999999289 ) ) ;
#5338 = EDGE_CURVE ( 'NONE', #2295, #5650, #3096, .T. ) ;
#5339 = EDGE_LOOP ( 'NONE', ( #5247, #1212, #6467, #6411 ) ) ;
#5340 = ORIENTED_EDGE ( 'NONE', *, *, #2939, .T. ) ;
#5341 = DIRECTION ( 'NONE',  ( -0.000000000000000000, 1.000000000000000000, -0.000000000000000000 ) ) ;
#5342 = CYLINDRICAL_SURFACE ( 'NONE', #5488, 2.999999999999999112 ) ;
#5343 = PLANE ( 'NONE',  #5602 ) ;
#5344 = VERTEX_POINT ( 'NONE', #1069 ) ;
#5345 = ORIENTED_EDGE ( 'NONE', *, *, #3035, .T. ) ;
#5346 = DIRECTION ( 'NONE',  ( 1.000000000000000000, 0.000000000000000000, 0.000000000000000000 ) ) ;
#5347 = ADVANCED_FACE ( 'NONE', ( #5732 ), #4431, .F. ) ;
#5348 = ORIENTED_EDGE ( 'NONE', *, *, #1457, .F. ) ;
#5349 = ORIENTED_EDGE ( 'NONE', *, *, #3085, .F. ) ;
#5350 = DIRECTION ( 'NONE',  ( 1.000000000000000000, -1.201851678989719188E-16, -2.081668171172184537E-16 ) ) ;
#5351 = LINE ( 'NONE', #5312, #563 ) ;
#5352 = ORIENTED_EDGE ( 'NONE', *, *, #4814, .F. ) ;
#5353 = FACE_OUTER_BOUND ( 'NONE', #2913, .T. ) ;
#5354 = CARTESIAN_POINT ( 'NONE',  ( 75.00000000000002842, 17.95218152745410478, 37.19999999999996732 ) ) ;
#5355 = VECTOR ( 'NONE', #6008, 1000.000000000000000 ) ;
#5356 = DIRECTION ( 'NONE',  ( 2.383034446891943430E-16, 0.4999999999999947820, 0.8660254037844417052 ) ) ;
#5357 = EDGE_CURVE ( 'NONE', #5386, #7689, #1028, .T. ) ;
#5358 = EDGE_CURVE ( 'NONE', #130, #1550, #5773, .T. ) ;
#5359 = EDGE_LOOP ( 'NONE', ( #3677, #738, #4744, #2901 ) ) ;
#5360 = CARTESIAN_POINT ( 'NONE',  ( 46.51500000000000767, 38.50000000000000000, 35.49807621135347091 ) ) ;
#5361 = CYLINDRICAL_SURFACE ( 'NONE', #2270, 3.510000000000004672 ) ;
#5362 = LINE ( 'NONE', #2128, #745 ) ;
#5363 = ORIENTED_EDGE ( 'NONE', *, *, #6628, .T. ) ;
#5364 = ADVANCED_FACE ( 'NONE', ( #2320 ), #985, .F. ) ;
#5365 = DIRECTION ( 'NONE',  ( -0.000000000000000000, 0.000000000000000000, -1.000000000000000000 ) ) ;
#5366 = ORIENTED_EDGE ( 'NONE', *, *, #5934, .T. ) ;
#5367 = AXIS2_PLACEMENT_3D ( 'NONE', #2229, #4255, #6203 ) ;
#5368 = EDGE_LOOP ( 'NONE', ( #5538, #3485, #6715, #7438, #4512, #4727, #1241, #3148 ) ) ;
#5369 = DIRECTION ( 'NONE',  ( -2.403703357979465494E-16, -0.4999999999999947264, -0.8660254037844417052 ) ) ;
#5370 = CARTESIAN_POINT ( 'NONE',  ( 43.00000000000001421, 16.56180047068718508, 44.69999999999998863 ) ) ;
#5371 = CARTESIAN_POINT ( 'NONE',  ( 46.51499999999998636, -36.37120390890144250, -29.00265298271450476 ) ) ;
#5372 = FACE_OUTER_BOUND ( 'NONE', #6483, .T. ) ;
#5373 = LINE ( 'NONE', #2799, #7667 ) ;
#5374 = DIRECTION ( 'NONE',  ( -0.000000000000000000, 1.000000000000000000, -0.000000000000000000 ) ) ;
#5375 = ORIENTED_EDGE ( 'NONE', *, *, #6833, .T. ) ;
#5376 = DIRECTION ( 'NONE',  ( 2.403703357979464508E-16, 0.4999999999999947264, 0.8660254037844417052 ) ) ;
#5377 = VECTOR ( 'NONE', #6795, 1000.000000000000114 ) ;
#5378 = ORIENTED_EDGE ( 'NONE', *, *, #1095, .T. ) ;
#5379 = ORIENTED_EDGE ( 'NONE', *, *, #3830, .F. ) ;
#5380 = CARTESIAN_POINT ( 'NONE',  ( -61.00000000000000711, -19.05324189595938833, -39.00118301270214261 ) ) ;
#5381 = LINE ( 'NONE', #7295, #1222 ) ;
#5382 = DIRECTION ( 'NONE',  ( 0.000000000000000000, 0.000000000000000000, -1.000000000000000000 ) ) ;
#5383 = EDGE_CURVE ( 'NONE', #1319, #4226, #339, .T. ) ;
#5384 = VECTOR ( 'NONE', #4792, 1000.000000000000000 ) ;
#5385 = ORIENTED_EDGE ( 'NONE', *, *, #2328, .T. ) ;
#5386 = VERTEX_POINT ( 'NONE', #3658 ) ;
#5387 = CARTESIAN_POINT ( 'NONE',  ( -60.99999999999998579, 20.03201627711602839, 42.69646997001229494 ) ) ;
#5388 = ORIENTED_EDGE ( 'NONE', *, *, #5716, .T. ) ;
#5389 = AXIS2_PLACEMENT_3D ( 'NONE', #2726, #7213, #5257 ) ;
#5390 = ORIENTED_EDGE ( 'NONE', *, *, #3832, .F. ) ;
#5391 = AXIS2_PLACEMENT_3D ( 'NONE', #7753, #1834, #6588 ) ;
#5392 = DIRECTION ( 'NONE',  ( 1.000000000000000000, 0.000000000000000000, 0.000000000000000000 ) ) ;
#5393 = LINE ( 'NONE', #1120, #3190 ) ;
#5394 = DIRECTION ( 'NONE',  ( 0.000000000000000000, -0.000000000000000000, 1.000000000000000000 ) ) ;
#5395 = EDGE_CURVE ( 'NONE', #7328, #2356, #6295, .T. ) ;
#5396 = DIRECTION ( 'NONE',  ( -4.625929269271486407E-17, 0.000000000000000000, 1.000000000000000000 ) ) ;
#5397 = DIRECTION ( 'NONE',  ( 2.775557561562891351E-16, 0.000000000000000000, 1.000000000000000000 ) ) ;
#5398 = AXIS2_PLACEMENT_3D ( 'NONE', #4763, #5326, #5933 ) ;
#5399 = DIRECTION ( 'NONE',  ( -1.000000000000000000, -0.000000000000000000, -0.000000000000000000 ) ) ;
#5400 = CIRCLE ( 'NONE', #578, 1.000000000000000222 ) ;
#5401 = ORIENTED_EDGE ( 'NONE', *, *, #4937, .T. ) ;
#5402 = EDGE_CURVE ( 'NONE', #4340, #3723, #7850, .T. ) ;
#5403 = LINE ( 'NONE', #2829, #7744 ) ;
#5404 = EDGE_CURVE ( 'NONE', #5656, #3741, #7160, .T. ) ;
#5405 = LINE ( 'NONE', #2083, #3934 ) ;
#5406 = VECTOR ( 'NONE', #4870, 1000.000000000000114 ) ;
#5407 = VECTOR ( 'NONE', #2324, 1000.000000000000000 ) ;
#5408 = CARTESIAN_POINT ( 'NONE',  ( 34.94999999999996732, 32.00000000000000711, -46.50000000000000000 ) ) ;
#5409 = DIRECTION ( 'NONE',  ( 0.000000000000000000, 0.000000000000000000, 1.000000000000000000 ) ) ;
#5410 = FACE_OUTER_BOUND ( 'NONE', #502, .T. ) ;
#5411 = VECTOR ( 'NONE', #1124, 1000.000000000000114 ) ;
#5412 = ORIENTED_EDGE ( 'NONE', *, *, #3987, .F. ) ;
#5413 = ORIENTED_EDGE ( 'NONE', *, *, #249, .F. ) ;
#5414 = PLANE ( 'NONE',  #2700 ) ;
#5415 = DIRECTION ( 'NONE',  ( 1.000000000000000000, 0.000000000000000000, 0.000000000000000000 ) ) ;
#5416 = FACE_BOUND ( 'NONE', #4244, .T. ) ;
#5417 = EDGE_CURVE ( 'NONE', #4033, #4600, #5163, .T. ) ;
#5418 = DIRECTION ( 'NONE',  ( 0.5773502691896241767, -0.5773502691896291728, 0.5773502691896240657 ) ) ;
#5419 = VECTOR ( 'NONE', #3776, 1000.000000000000000 ) ;
#5420 = FACE_OUTER_BOUND ( 'NONE', #2645, .T. ) ;
#5421 = AXIS2_PLACEMENT_3D ( 'NONE', #3477, #6801, #2797 ) ;
#5422 = LINE ( 'NONE', #2756, #6132 ) ;
#5423 = VERTEX_POINT ( 'NONE', #2716 ) ;
#5424 = DIRECTION ( 'NONE',  ( 1.000000000000000000, 0.000000000000000000, 0.000000000000000000 ) ) ;
#5425 = VECTOR ( 'NONE', #833, 1000.000000000000000 ) ;
#5426 = ORIENTED_EDGE ( 'NONE', *, *, #88, .F. ) ;
#5427 = ORIENTED_EDGE ( 'NONE', *, *, #2124, .T. ) ;
#5428 = DIRECTION ( 'NONE',  ( 0.000000000000000000, 0.8660254037844415942, -0.4999999999999951150 ) ) ;
#5429 = ADVANCED_FACE ( 'NONE', ( #544 ), #4480, .T. ) ;
#5430 = CARTESIAN_POINT ( 'NONE',  ( 13.89999999999998082, 21.30000000000000782, -46.50000000000000000 ) ) ;
#5431 = CARTESIAN_POINT ( 'NONE',  ( 71.49999999999997158, 21.30000000000000071, -40.00000000000003553 ) ) ;
#5432 = AXIS2_PLACEMENT_3D ( 'NONE', #5988, #3311, #1890 ) ;
#5433 = ORIENTED_EDGE ( 'NONE', *, *, #1620, .T. ) ;
#5434 = ORIENTED_EDGE ( 'NONE', *, *, #133, .F. ) ;
#5435 = DIRECTION ( 'NONE',  ( -7.288754100742888174E-17, -1.000000000000000000, -3.371726093114909728E-33 ) ) ;
#5436 = ORIENTED_EDGE ( 'NONE', *, *, #1375, .T. ) ;
#5437 = EDGE_CURVE ( 'NONE', #2069, #3060, #4881, .T. ) ;
#5438 = AXIS2_PLACEMENT_3D ( 'NONE', #5645, #4346, #3103 ) ;
#5439 = VERTEX_POINT ( 'NONE', #8450 ) ;
#5440 = DIRECTION ( 'NONE',  ( 1.000000000000000000, -1.201851678989731268E-16, -2.081668171172166541E-16 ) ) ;
#5441 = CARTESIAN_POINT ( 'NONE',  ( -70.00000000000001421, 37.00000000000000711, -50.00000000000000000 ) ) ;
#5442 = EDGE_LOOP ( 'NONE', ( #7564, #6679, #5345, #8522 ) ) ;
#5443 = CARTESIAN_POINT ( 'NONE',  ( 67.00000000000001421, 26.09419410360709790, 39.19646997001230915 ) ) ;
#5444 = FACE_BOUND ( 'NONE', #7907, .T. ) ;
#5445 = VECTOR ( 'NONE', #5066, 1000.000000000000000 ) ;
#5446 = LINE ( 'NONE', #4066, #3890 ) ;
#5447 = EDGE_CURVE ( 'NONE', #3326, #4630, #3640, .T. ) ;
#5448 = ORIENTED_EDGE ( 'NONE', *, *, #3355, .T. ) ;
#5449 = EDGE_CURVE ( 'NONE', #2828, #6505, #79, .T. ) ;
#5450 = DIRECTION ( 'NONE',  ( -4.625929269271486407E-17, 0.000000000000000000, 1.000000000000000000 ) ) ;
#5451 = LINE ( 'NONE', #8091, #4884 ) ;
#5452 = DIRECTION ( 'NONE',  ( -1.000000000000000000, -0.000000000000000000, -0.000000000000000000 ) ) ;
#5453 = VECTOR ( 'NONE', #1067, 1000.000000000000000 ) ;
#5454 = CARTESIAN_POINT ( 'NONE',  ( -71.49999999999997158, 7.600000000000004086, -3.399999999999998135 ) ) ;
#5455 = DIRECTION ( 'NONE',  ( 0.000000000000000000, 0.8660254037844425934, -0.4999999999999933942 ) ) ;
#5456 = EDGE_CURVE ( 'NONE', #908, #4597, #5990, .T. ) ;
#5457 = AXIS2_PLACEMENT_3D ( 'NONE', #6550, #5902, #2536 ) ;
#5458 = ORIENTED_EDGE ( 'NONE', *, *, #6011, .F. ) ;
#5459 = EDGE_LOOP ( 'NONE', ( #3894, #6806, #1460, #5240 ) ) ;
#5461 = CARTESIAN_POINT ( 'NONE',  ( -56.07000000000000028, 0.000000000000000000, -46.33999999999998920 ) ) ;
#5460 = VECTOR ( 'NONE', #1365, 1000.000000000000000 ) ;
#5462 = DIRECTION ( 'NONE',  ( -1.320340642064983005E-15, 1.000000000000000000, 0.000000000000000000 ) ) ;
#5463 = DIRECTION ( 'NONE',  ( -1.000000000000000000, 0.000000000000000000, 2.775557561562891351E-16 ) ) ;
#5464 = CARTESIAN_POINT ( 'NONE',  ( 62.00000000000002842, 25.09419410360713343, 37.46441916244341286 ) ) ;
#5465 = CARTESIAN_POINT ( 'NONE',  ( 62.99999999999994316, 16.29999999999999716, -46.50000000000000000 ) ) ;
#5466 = VECTOR ( 'NONE', #1295, 1000.000000000000114 ) ;
#5467 = ORIENTED_EDGE ( 'NONE', *, *, #1142, .F. ) ;
#5468 = CYLINDRICAL_SURFACE ( 'NONE', #1537, 3.509999999999982911 ) ;
#5469 = EDGE_CURVE ( 'NONE', #7561, #3092, #7372, .T. ) ;
#5470 = ORIENTED_EDGE ( 'NONE', *, *, #1823, .T. ) ;
#5471 = AXIS2_PLACEMENT_3D ( 'NONE', #4415, #7703, #8270 ) ;
#5472 = EDGE_LOOP ( 'NONE', ( #1991, #2049, #251, #3534, #3031, #2194, #6734, #3274, #5485, #7516, #6733, #1979, #4846, #7187, #616, #3323, #344, #7857, #5231, #1262, #8473, #4824, #7494, #2883, #5141, #1422 ) ) ;
#5473 = CARTESIAN_POINT ( 'NONE',  ( -72.50000000000000000, 21.29999999999999005, -38.00000000000000000 ) ) ;
#5474 = CARTESIAN_POINT ( 'NONE',  ( -72.99999999999997158, 26.90192378864669109, 32.03286389632269504 ) ) ;
#5475 = DIRECTION ( 'NONE',  ( 0.000000000000000000, -0.8660254037844385966, 0.5000000000000001110 ) ) ;
#5476 = EDGE_LOOP ( 'NONE', ( #6131, #1580, #6727, #5693 ) ) ;
#5477 = VERTEX_POINT ( 'NONE', #2669 ) ;
#5478 = CARTESIAN_POINT ( 'NONE',  ( -72.99999999999997158, 30.00000000000001421, -1.532606157515309597 ) ) ;
#5479 = EDGE_CURVE ( 'NONE', #1583, #7031, #1852, .T. ) ;
#5480 = ORIENTED_EDGE ( 'NONE', *, *, #189, .T. ) ;
#5481 = ORIENTED_EDGE ( 'NONE', *, *, #8475, .F. ) ;
#5482 = CARTESIAN_POINT ( 'NONE',  ( 2.399999999999973710, 21.10000000000000142, -47.99999999999999289 ) ) ;
#5483 = CARTESIAN_POINT ( 'NONE',  ( 109.2000000000000028, 7.381931190572101009, 49.99999999999992895 ) ) ;
#5484 = DIRECTION ( 'NONE',  ( -1.000000000000000000, 0.000000000000000000, 0.000000000000000000 ) ) ;
#5485 = ORIENTED_EDGE ( 'NONE', *, *, #7198, .T. ) ;
#5486 = FACE_BOUND ( 'NONE', #2727, .T. ) ;
#5487 = CARTESIAN_POINT ( 'NONE',  ( -75.00000000000000000, 2.000000000000000000, 45.00000000000001421 ) ) ;
#5488 = AXIS2_PLACEMENT_3D ( 'NONE', #688, #3319, #7335 ) ;
#5489 = ORIENTED_EDGE ( 'NONE', *, *, #5667, .T. ) ;
#5490 = CARTESIAN_POINT ( 'NONE',  ( 69.99999999999998579, 2.000000000000000000, 45.00000000000000711 ) ) ;
#5491 = DIRECTION ( 'NONE',  ( -0.000000000000000000, 0.5000000000000000000, 0.8660254037844385966 ) ) ;
#5492 = EDGE_CURVE ( 'NONE', #7453, #1226, #3868, .T. ) ;
#5493 = LINE ( 'NONE', #5408, #2115 ) ;
#5494 = CARTESIAN_POINT ( 'NONE',  ( 2.899999999999972378, 6.400000000000000355, -49.99999999999999289 ) ) ;
#5495 = LINE ( 'NONE', #6395, #4143 ) ;
#5496 = EDGE_LOOP ( 'NONE', ( #2595, #1274, #6691, #1425 ) ) ;
#5497 = VERTEX_POINT ( 'NONE', #3916 ) ;
#5498 = LINE ( 'NONE', #8099, #2955 ) ;
#5499 = FACE_OUTER_BOUND ( 'NONE', #865, .T. ) ;
#5500 = CARTESIAN_POINT ( 'NONE',  ( 60.99999999999995026, 21.30000000000000071, -46.50000000000000000 ) ) ;
#5501 = CARTESIAN_POINT ( 'NONE',  ( 62.07106781186551814, 15.49175625915681209, 45.31779031357187648 ) ) ;
#5502 = ADVANCED_FACE ( 'NONE', ( #7808 ), #3998, .F. ) ;
#5503 = LINE ( 'NONE', #7327, #3928 ) ;
#5504 = ORIENTED_EDGE ( 'NONE', *, *, #6917, .F. ) ;
#5505 = DIRECTION ( 'NONE',  ( -1.000000000000000000, 0.000000000000000000, -0.000000000000000000 ) ) ;
#5506 = ORIENTED_EDGE ( 'NONE', *, *, #4201, .T. ) ;
#5507 = DIRECTION ( 'NONE',  ( -0.5773502691896245098, 0.5773502691896248429, -0.5773502691896280625 ) ) ;
#5508 = CARTESIAN_POINT ( 'NONE',  ( 60.99999999999995026, 16.29999999999999716, -48.00000000000000000 ) ) ;
#5509 = CARTESIAN_POINT ( 'NONE',  ( -72.99999999999997158, 37.00000000000000711, 31.16794919243129769 ) ) ;
#5510 = ADVANCED_FACE ( 'NONE', ( #7974 ), #590, .T. ) ;
#5511 = CIRCLE ( 'NONE', #5367, 1.900000000000002354 ) ;
#5512 = ADVANCED_FACE ( 'NONE', ( #6634 ), #2623, .T. ) ;
#5513 = VERTEX_POINT ( 'NONE', #5209 ) ;
#5514 = ORIENTED_EDGE ( 'NONE', *, *, #75, .T. ) ;
#5515 = LINE ( 'NONE', #1509, #1004 ) ;
#5516 = ORIENTED_EDGE ( 'NONE', *, *, #7889, .T. ) ;
#5517 = ORIENTED_EDGE ( 'NONE', *, *, #4444, .T. ) ;
#5518 = DIRECTION ( 'NONE',  ( 0.000000000000000000, -0.8660254037844419273, 0.4999999999999943934 ) ) ;
#5519 = CARTESIAN_POINT ( 'NONE',  ( 61.36396103067895780, 29.88810708965500140, 34.69665220947708661 ) ) ;
#5520 = DIRECTION ( 'NONE',  ( -4.625929269271485791E-17, 0.000000000000000000, 1.000000000000000000 ) ) ;
#5521 = AXIS2_PLACEMENT_3D ( 'NONE', #2130, #5706, #3714 ) ;
#5522 = EDGE_CURVE ( 'NONE', #1278, #1178, #1929, .T. ) ;
#5523 = ORIENTED_EDGE ( 'NONE', *, *, #3230, .F. ) ;
#5524 = LINE ( 'NONE', #6827, #1141 ) ;
#5525 = ORIENTED_EDGE ( 'NONE', *, *, #969, .T. ) ;
#5526 = CARTESIAN_POINT ( 'NONE',  ( 71.49999999999997158, 21.30000000000000071, -40.00000000000003553 ) ) ;
#5527 = AXIS2_PLACEMENT_3D ( 'NONE', #3238, #5869, #7171 ) ;
#5528 = ORIENTED_EDGE ( 'NONE', *, *, #8241, .F. ) ;
#5529 = CIRCLE ( 'NONE', #6642, 1.899999999999999467 ) ;
#5530 = DIRECTION ( 'NONE',  ( 2.403703357979463522E-16, 0.4999999999999947820, 0.8660254037844418162 ) ) ;
#5531 = ADVANCED_FACE ( 'NONE', ( #6551 ), #5246, .F. ) ;
#5532 = FACE_OUTER_BOUND ( 'NONE', #1673, .T. ) ;
#5533 = VECTOR ( 'NONE', #814, 1000.000000000000114 ) ;
#5534 = CARTESIAN_POINT ( 'NONE',  ( -72.99999999999997158, 17.14833395016074391, 34.20000000000000995 ) ) ;
#5535 = CIRCLE ( 'NONE', #3210, 1.899999999999999023 ) ;
#5536 = DIRECTION ( 'NONE',  ( 4.625929269271486407E-17, 0.000000000000000000, -1.000000000000000000 ) ) ;
#5537 = DIRECTION ( 'NONE',  ( 0.000000000000000000, 0.000000000000000000, 1.000000000000000000 ) ) ;
#5538 = ORIENTED_EDGE ( 'NONE', *, *, #854, .F. ) ;
#5539 = ADVANCED_FACE ( 'NONE', ( #7247 ), #6116, .F. ) ;
#5540 = EDGE_LOOP ( 'NONE', ( #6338, #6526 ) ) ;
#5541 = CARTESIAN_POINT ( 'NONE',  ( 71.49999999999997158, 31.00000000000001066, -6.532606157515349565 ) ) ;
#5542 = CIRCLE ( 'NONE', #3339, 1.900000000000002354 ) ;
#5543 = LINE ( 'NONE', #243, #846 ) ;
#5544 = DIRECTION ( 'NONE',  ( 0.000000000000000000, -0.8660254037844425934, 0.4999999999999933942 ) ) ;
#5545 = DIRECTION ( 'NONE',  ( -1.000000000000000000, -4.814824860968085254E-31, 2.775557561562891351E-16 ) ) ;
#5546 = CARTESIAN_POINT ( 'NONE',  ( -60.65685424949238325, 31.72522439674237305, 33.63599203769732071 ) ) ;
#5547 = ORIENTED_EDGE ( 'NONE', *, *, #491, .T. ) ;
#5548 = AXIS2_PLACEMENT_3D ( 'NONE', #6135, #6215, #6904 ) ;
#5549 = VECTOR ( 'NONE', #8421, 1000.000000000000000 ) ;
#5550 = DIRECTION ( 'NONE',  ( -2.403703357979462536E-16, -0.4999999999999947820, -0.8660254037844417052 ) ) ;
#5551 = ORIENTED_EDGE ( 'NONE', *, *, #1094, .T. ) ;
#5552 = ADVANCED_FACE ( 'NONE', ( #4040 ), #8061, .F. ) ;
#5553 = CARTESIAN_POINT ( 'NONE',  ( 71.49999999999997158, 5.599999999999994316, -3.400000000000032774 ) ) ;
#5554 = LINE ( 'NONE', #3178, #6570 ) ;
#5555 = DIRECTION ( 'NONE',  ( 0.000000000000000000, 0.000000000000000000, 1.000000000000000000 ) ) ;
#5556 = DIRECTION ( 'NONE',  ( 0.000000000000000000, -0.8660254037844413721, 0.4999999999999952816 ) ) ;
#5557 = CIRCLE ( 'NONE', #3354, 0.5000000000000000000 ) ;
#5558 = EDGE_CURVE ( 'NONE', #5179, #4499, #4733, .T. ) ;
#5559 = EDGE_LOOP ( 'NONE', ( #4693, #4052, #4786, #3406 ) ) ;
#5560 = ORIENTED_EDGE ( 'NONE', *, *, #1774, .F. ) ;
#5561 = VECTOR ( 'NONE', #148, 1000.000000000000000 ) ;
#5562 = CARTESIAN_POINT ( 'NONE',  ( -46.51499999999998636, 10.42168035785551616, 48.24499999999999744 ) ) ;
#5563 = VERTEX_POINT ( 'NONE', #8013 ) ;
#5564 = EDGE_CURVE ( 'NONE', #3060, #1022, #2140, .T. ) ;
#5565 = VERTEX_POINT ( 'NONE', #1535 ) ;
#5566 = DIRECTION ( 'NONE',  ( -2.403703357979465494E-16, -0.4999999999999947264, -0.8660254037844417052 ) ) ;
#5567 = VECTOR ( 'NONE', #6401, 1000.000000000000114 ) ;
#5568 = DIRECTION ( 'NONE',  ( 2.312964634635741872E-15, 0.8660254037844412611, -0.4999999999999956146 ) ) ;
#5569 = AXIS2_PLACEMENT_3D ( 'NONE', #719, #3862, #1323 ) ;
#5570 = CARTESIAN_POINT ( 'NONE',  ( 61.99999999999995026, 31.00000000000000711, 52.59907621135331368 ) ) ;
#5571 = ORIENTED_EDGE ( 'NONE', *, *, #5935, .T. ) ;
#5572 = DIRECTION ( 'NONE',  ( 0.000000000000000000, -1.000000000000000000, 0.000000000000000000 ) ) ;
#5573 = EDGE_LOOP ( 'NONE', ( #2059, #5041, #7766, #4175 ) ) ;
#5574 = CARTESIAN_POINT ( 'NONE',  ( 60.99999999999995026, 21.30000000000000071, -46.50000000000000000 ) ) ;
#5575 = VECTOR ( 'NONE', #2362, 1000.000000000000000 ) ;
#5576 = EDGE_CURVE ( 'NONE', #4579, #5070, #4164, .T. ) ;
#5577 = ADVANCED_FACE ( 'NONE', ( #769 ), #6069, .F. ) ;
#5578 = VECTOR ( 'NONE', #1316, 1000.000000000000000 ) ;
#5579 = VERTEX_POINT ( 'NONE', #206 ) ;
#5580 = AXIS2_PLACEMENT_3D ( 'NONE', #8439, #5930, #5893 ) ;
#5581 = CARTESIAN_POINT ( 'NONE',  ( 72.99999999999997158, 37.00000000000000711, -48.00000000000000000 ) ) ;
#5582 = CARTESIAN_POINT ( 'NONE',  ( 56.07000000000000028, -0.001000000000000132727, -44.43999999999999062 ) ) ;
#5583 = CYLINDRICAL_SURFACE ( 'NONE', #605, 1.000000000000000222 ) ;
#5584 = CYLINDRICAL_SURFACE ( 'NONE', #2810, 0.5000000000000004441 ) ;
#5585 = CIRCLE ( 'NONE', #7385, 1.000000000000000222 ) ;
#5586 = VECTOR ( 'NONE', #4807, 1000.000000000000114 ) ;
#5587 = ORIENTED_EDGE ( 'NONE', *, *, #5616, .F. ) ;
#5588 = ORIENTED_EDGE ( 'NONE', *, *, #395, .T. ) ;
#5589 = FACE_OUTER_BOUND ( 'NONE', #4624, .T. ) ;
#5590 = FACE_OUTER_BOUND ( 'NONE', #478, .T. ) ;
#5591 = DIRECTION ( 'NONE',  ( 0.000000000000000000, 0.8660254037844425934, -0.4999999999999933942 ) ) ;
#5592 = LINE ( 'NONE', #6884, #623 ) ;
#5593 = DIRECTION ( 'NONE',  ( 0.6546536707079794182, -0.7559289460184525078, 0.000000000000000000 ) ) ;
#5594 = ORIENTED_EDGE ( 'NONE', *, *, #1702, .T. ) ;
#5595 = AXIS2_PLACEMENT_3D ( 'NONE', #3270, #3227, #7806 ) ;
#5596 = CARTESIAN_POINT ( 'NONE',  ( 57.00000000000000711, -18.39734949121196195, -39.37986266914252553 ) ) ;
#5597 = AXIS2_PLACEMENT_3D ( 'NONE', #2459, #1076, #3705 ) ;
#5598 = ORIENTED_EDGE ( 'NONE', *, *, #3865, .T. ) ;
#5599 = CIRCLE ( 'NONE', #1053, 0.9999999999999973355 ) ;
#5600 = CARTESIAN_POINT ( 'NONE',  ( 65.00000000000001421, 25.96021950739156381, 36.96441916244346260 ) ) ;
#5601 = CARTESIAN_POINT ( 'NONE',  ( 15.89999999999997726, 9.600000000000001421, 52.59907621135331368 ) ) ;
#5602 = AXIS2_PLACEMENT_3D ( 'NONE', #820, #2854, #5475 ) ;
#5603 = CARTESIAN_POINT ( 'NONE',  ( 13.89999999999998082, 21.30000000000000782, -48.00000000000000000 ) ) ;
#5604 = DIRECTION ( 'NONE',  ( 2.775557561562891351E-16, 0.000000000000000000, 1.000000000000000000 ) ) ;
#5605 = DIRECTION ( 'NONE',  ( 2.403703357979464508E-16, 0.4999999999999947264, 0.8660254037844417052 ) ) ;
#5606 = ORIENTED_EDGE ( 'NONE', *, *, #5469, .T. ) ;
#5607 = EDGE_CURVE ( 'NONE', #6252, #1530, #8142, .T. ) ;
#5608 = EDGE_LOOP ( 'NONE', ( #8164, #2103, #4825, #746 ) ) ;
#5609 = LINE ( 'NONE', #8245, #6235 ) ;
#5610 = ORIENTED_EDGE ( 'NONE', *, *, #7541, .F. ) ;
#5611 = ORIENTED_EDGE ( 'NONE', *, *, #2668, .T. ) ;
#5612 = CARTESIAN_POINT ( 'NONE',  ( 61.00000000000000711, -19.05324189595938478, -39.00118301270217103 ) ) ;
#5613 = CARTESIAN_POINT ( 'NONE',  ( 64.49999999999992895, 14.79999999999998650, -48.00000000000000000 ) ) ;
#5614 = CARTESIAN_POINT ( 'NONE',  ( 72.99999999999997158, 37.00000000000000711, 37.19999999999996732 ) ) ;
#5615 = ORIENTED_EDGE ( 'NONE', *, *, #4227, .F. ) ;
#5616 = EDGE_CURVE ( 'NONE', #5134, #8511, #5017, .T. ) ;
#5617 = DIRECTION ( 'NONE',  ( 0.000000000000000000, 1.000000000000000000, -2.843808977011156843E-16 ) ) ;
#5618 = ORIENTED_EDGE ( 'NONE', *, *, #3379, .F. ) ;
#5619 = DIRECTION ( 'NONE',  ( 1.000000000000000000, -0.000000000000000000, -0.000000000000000000 ) ) ;
#5620 = ORIENTED_EDGE ( 'NONE', *, *, #4857, .F. ) ;
#5621 = CARTESIAN_POINT ( 'NONE',  ( -72.99999999999995737, 28.00000000000000711, 27.93478768496938969 ) ) ;
#5622 = CARTESIAN_POINT ( 'NONE',  ( 61.99999999999995026, 73.19953810567669450, 10.39953810567632786 ) ) ;
#5623 = PRESENTATION_LAYER_ASSIGNMENT (  '', '', ( #803 ) ) ;
#5624 = EDGE_CURVE ( 'NONE', #7507, #295, #4123, .T. ) ;
#5625 = CARTESIAN_POINT ( 'NONE',  ( 41.44999999999997442, 31.00000000000000711, -47.99999999999999289 ) ) ;
#5626 = EDGE_CURVE ( 'NONE', #7979, #5808, #2410, .T. ) ;
#5627 = CARTESIAN_POINT ( 'NONE',  ( 69.83333333333325754, 23.68183910936526715, 33.12218029379970829 ) ) ;
#5628 = AXIS2_PLACEMENT_3D ( 'NONE', #7212, #1939, #4049 ) ;
#5629 = ORIENTED_EDGE ( 'NONE', *, *, #6365, .F. ) ;
#5630 = VERTEX_POINT ( 'NONE', #2222 ) ;
#5631 = DIRECTION ( 'NONE',  ( 0.000000000000000000, 0.000000000000000000, 1.000000000000000000 ) ) ;
#5632 = DIRECTION ( 'NONE',  ( 0.000000000000000000, -0.8660254037844387076, 0.4999999999999998335 ) ) ;
#5633 = DIRECTION ( 'NONE',  ( -0.7071067811865474617, -0.7071067811865474617, 0.000000000000000000 ) ) ;
#5634 = DIRECTION ( 'NONE',  ( 0.000000000000000000, 0.000000000000000000, 1.000000000000000000 ) ) ;
#5635 = CARTESIAN_POINT ( 'NONE',  ( 46.51499999999998636, -11.18718516684987030, -43.54265298271435825 ) ) ;
#5636 = EDGE_CURVE ( 'NONE', #4579, #2897, #5422, .T. ) ;
#5637 = EDGE_LOOP ( 'NONE', ( #3240, #8044 ) ) ;
#5638 = VECTOR ( 'NONE', #3042, 1000.000000000000000 ) ;
#5639 = DIRECTION ( 'NONE',  ( 2.403703357979463522E-16, 0.4999999999999947820, 0.8660254037844418162 ) ) ;
#5640 = ORIENTED_EDGE ( 'NONE', *, *, #2510, .F. ) ;
#5641 = CARTESIAN_POINT ( 'NONE',  ( 61.36396103067896490, 15.10412869485262100, 43.23218611540973200 ) ) ;
#5642 = CARTESIAN_POINT ( 'NONE',  ( 46.51500000000001478, 14.96142952513888602, 49.08807621135331090 ) ) ;
#5643 = DIRECTION ( 'NONE',  ( 0.000000000000000000, 0.000000000000000000, -1.000000000000000000 ) ) ;
#5644 = DIRECTION ( 'NONE',  ( 0.000000000000000000, 0.000000000000000000, 1.000000000000000000 ) ) ;
#5645 = CARTESIAN_POINT ( 'NONE',  ( -42.99999999999997868, 27.82013071988493635, 38.20000000000008100 ) ) ;
#5646 = ORIENTED_EDGE ( 'NONE', *, *, #1504, .T. ) ;
#5647 = ORIENTED_EDGE ( 'NONE', *, *, #5095, .T. ) ;
#5648 = CARTESIAN_POINT ( 'NONE',  ( 72.99999999999997158, 37.00000000000000711, -39.00000000000004974 ) ) ;
#5649 = ORIENTED_EDGE ( 'NONE', *, *, #7742, .F. ) ;
#5650 = VERTEX_POINT ( 'NONE', #1411 ) ;
#5651 = CARTESIAN_POINT ( 'NONE',  ( 62.00000000000002132, -25.11541972245047560, -35.50118301270221366 ) ) ;
#5652 = ADVANCED_FACE ( 'NONE', ( #3401 ), #6722, .T. ) ;
#5653 = AXIS2_PLACEMENT_3D ( 'NONE', #2926, #4859, #859 ) ;
#5654 = LINE ( 'NONE', #6779, #450 ) ;
#5655 = CARTESIAN_POINT ( 'NONE',  ( -71.49999999999997158, 6.600000000000003197, 1.600000000000002309 ) ) ;
#5656 = VERTEX_POINT ( 'NONE', #5465 ) ;
#5657 = LINE ( 'NONE', #8253, #3764 ) ;
#5658 = VERTEX_POINT ( 'NONE', #2181 ) ;
#5659 = CARTESIAN_POINT ( 'NONE',  ( 39.94999999999996732, 30.00000000000000711, -47.50000000000000000 ) ) ;
#5660 = EDGE_CURVE ( 'NONE', #2603, #3443, #5503, .T. ) ;
#5661 = EDGE_LOOP ( 'NONE', ( #4041, #7851, #3907, #2253 ) ) ;
#5662 = DIRECTION ( 'NONE',  ( 0.000000000000000000, 1.000000000000000000, 0.000000000000000000 ) ) ;
#5663 = DIRECTION ( 'NONE',  ( 0.000000000000000000, 0.8660254037844425934, -0.4999999999999933942 ) ) ;
#5664 = CYLINDRICAL_SURFACE ( 'NONE', #2681, 3.510000000000004672 ) ;
#5665 = AXIS2_PLACEMENT_3D ( 'NONE', #1475, #4141, #6780 ) ;
#5666 = DIRECTION ( 'NONE',  ( 0.000000000000000000, -0.5000000000000000000, -0.8660254037844385966 ) ) ;
#5667 = EDGE_CURVE ( 'NONE', #7418, #5851, #898, .T. ) ;
#5668 = EDGE_CURVE ( 'NONE', #3992, #4001, #120, .T. ) ;
#5669 = ORIENTED_EDGE ( 'NONE', *, *, #5769, .F. ) ;
#5670 = CARTESIAN_POINT ( 'NONE',  ( 15.89999999999998082, 9.600000000000001421, -49.99999999999999289 ) ) ;
#5671 = AXIS2_PLACEMENT_3D ( 'NONE', #979, #3566, #2924 ) ;
#5672 = CARTESIAN_POINT ( 'NONE',  ( 61.36396103067897911, 32.11285196104655881, 35.72159623585942967 ) ) ;
#5673 = LINE ( 'NONE', #4247, #929 ) ;
#5674 = FACE_OUTER_BOUND ( 'NONE', #3999, .T. ) ;
#5675 = DIRECTION ( 'NONE',  ( 0.000000000000000000, 1.000000000000000000, 0.000000000000000000 ) ) ;
#5676 = ORIENTED_EDGE ( 'NONE', *, *, #5833, .F. ) ;
#5677 = CARTESIAN_POINT ( 'NONE',  ( -26.50000000000002842, 6.599999999999999645, -49.99999999999999289 ) ) ;
#5678 = AXIS2_PLACEMENT_3D ( 'NONE', #7651, #8342, #7003 ) ;
#5679 = VERTEX_POINT ( 'NONE', #6158 ) ;
#5680 = EDGE_CURVE ( 'NONE', #924, #2897, #7493, .T. ) ;
#5681 = ADVANCED_FACE ( 'NONE', ( #6197 ), #1622, .F. ) ;
#5682 = LINE ( 'NONE', #1197, #3039 ) ;
#5683 = CYLINDRICAL_SURFACE ( 'NONE', #4760, 1.900000000000002354 ) ;
#5684 = DIRECTION ( 'NONE',  ( -2.851600234482423911E-16, 0.000000000000000000, -1.000000000000000000 ) ) ;
#5685 = CARTESIAN_POINT ( 'NONE',  ( -75.00000000000000000, 29.50000000000000711, 30.53286389632270215 ) ) ;
#5686 = CARTESIAN_POINT ( 'NONE',  ( -72.49999999999997158, 30.00000000000001421, -6.532606157515309597 ) ) ;
#5687 = VERTEX_POINT ( 'NONE', #3602 ) ;
#5688 = AXIS2_PLACEMENT_3D ( 'NONE', #8160, #6303, #3580 ) ;
#5689 = VECTOR ( 'NONE', #910, 1000.000000000000000 ) ;
#5690 = ORIENTED_EDGE ( 'NONE', *, *, #6188, .F. ) ;
#5691 = LINE ( 'NONE', #990, #3898 ) ;
#5692 = EDGE_LOOP ( 'NONE', ( #7853, #2757 ) ) ;
#5693 = ORIENTED_EDGE ( 'NONE', *, *, #8159, .F. ) ;
#5694 = AXIS2_PLACEMENT_3D ( 'NONE', #5146, #490, #2998 ) ;
#5695 = CARTESIAN_POINT ( 'NONE',  ( -26.50000000000002842, 25.69999999999999929, 50.00100000000001188 ) ) ;
#5696 = DIRECTION ( 'NONE',  ( -1.000000000000000000, -0.000000000000000000, -0.000000000000000000 ) ) ;
#5697 = DIRECTION ( 'NONE',  ( -4.625929269271485791E-17, 0.000000000000000000, 1.000000000000000000 ) ) ;
#5698 = DIRECTION ( 'NONE',  ( 2.403703357979464508E-16, 0.4999999999999947264, 0.8660254037844417052 ) ) ;
#5699 = AXIS2_PLACEMENT_3D ( 'NONE', #6367, #2964, #5722 ) ;
#5700 = ORIENTED_EDGE ( 'NONE', *, *, #629, .F. ) ;
#5701 = VECTOR ( 'NONE', #2093, 1000.000000000000000 ) ;
#5702 = CYLINDRICAL_SURFACE ( 'NONE', #736, 1.900000000000002576 ) ;
#5703 = ORIENTED_EDGE ( 'NONE', *, *, #3854, .T. ) ;
#5704 = CARTESIAN_POINT ( 'NONE',  ( -71.49999999999997158, 6.600000000000003197, 0.000000000000000000 ) ) ;
#5705 = EDGE_CURVE ( 'NONE', #5579, #3282, #1100, .T. ) ;
#5706 = DIRECTION ( 'NONE',  ( -2.403703357979464508E-16, -0.4999999999999947264, -0.8660254037844417052 ) ) ;
#5707 = EDGE_LOOP ( 'NONE', ( #3312, #7113 ) ) ;
#5708 = VECTOR ( 'NONE', #5100, 1000.000000000000000 ) ;
#5709 = ORIENTED_EDGE ( 'NONE', *, *, #3334, .F. ) ;
#5710 = FACE_OUTER_BOUND ( 'NONE', #7078, .T. ) ;
#5711 = FACE_OUTER_BOUND ( 'NONE', #4392, .T. ) ;
#5712 = CARTESIAN_POINT ( 'NONE',  ( -42.99999999999997868, 29.41820693123828789, 34.96794919243123445 ) ) ;
#5713 = AXIS2_PLACEMENT_3D ( 'NONE', #4521, #5904, #8537 ) ;
#5714 = DIRECTION ( 'NONE',  ( 0.000000000000000000, 0.8660254037844387076, -0.5000000000000001110 ) ) ;
#5715 = AXIS2_PLACEMENT_3D ( 'NONE', #6914, #8219, #1006 ) ;
#5716 = EDGE_CURVE ( 'NONE', #4275, #458, #4736, .T. ) ;
#5717 = EDGE_CURVE ( 'NONE', #4304, #5097, #3631, .T. ) ;
#5718 = VECTOR ( 'NONE', #883, 1000.000000000000000 ) ;
#5719 = ORIENTED_EDGE ( 'NONE', *, *, #1993, .F. ) ;
#5720 = CARTESIAN_POINT ( 'NONE',  ( 89.48369692124232699, 31.00000000000000711, -24.51630307875777603 ) ) ;
#5721 = CARTESIAN_POINT ( 'NONE',  ( 61.00000000000002132, -24.24939431866603101, -36.00118301270220655 ) ) ;
#5722 = DIRECTION ( 'NONE',  ( 0.000000000000000000, 1.000000000000000000, 0.000000000000000000 ) ) ;
#5723 = VERTEX_POINT ( 'NONE', #2398 ) ;
#5724 = EDGE_CURVE ( 'NONE', #1064, #4100, #3728, .T. ) ;
#5725 = AXIS2_PLACEMENT_3D ( 'NONE', #5582, #3718, #8220 ) ;
#5726 = DIRECTION ( 'NONE',  ( 0.000000000000000000, 0.8660254037844418162, -0.4999999999999946709 ) ) ;
#5727 = EDGE_LOOP ( 'NONE', ( #3712, #1158, #1855, #1516 ) ) ;
#5728 = FACE_OUTER_BOUND ( 'NONE', #2704, .T. ) ;
#5729 = DIRECTION ( 'NONE',  ( -2.775557561562891351E-16, -2.843808977011156843E-16, -1.000000000000000000 ) ) ;
#5730 = PLANE ( 'NONE',  #6657 ) ;
#5731 = FACE_OUTER_BOUND ( 'NONE', #3793, .T. ) ;
#5732 = FACE_OUTER_BOUND ( 'NONE', #328, .T. ) ;
#5733 = ORIENTED_EDGE ( 'NONE', *, *, #8224, .F. ) ;
#5734 = ADVANCED_FACE ( 'NONE', ( #1658 ), #4939, .T. ) ;
#5735 = ORIENTED_EDGE ( 'NONE', *, *, #884, .T. ) ;
#5736 = ADVANCED_FACE ( 'NONE', ( #6885 ), #8186, .F. ) ;
#5737 = VECTOR ( 'NONE', #5333, 1000.000000000000000 ) ;
#5738 = DIRECTION ( 'NONE',  ( 0.000000000000000000, -1.000000000000000000, 2.843808977011156843E-16 ) ) ;
#5739 = ORIENTED_EDGE ( 'NONE', *, *, #8369, .T. ) ;
#5740 = AXIS2_PLACEMENT_3D ( 'NONE', #2973, #1108, #6332 ) ;
#5741 = ORIENTED_EDGE ( 'NONE', *, *, #989, .F. ) ;
#5742 = DIRECTION ( 'NONE',  ( -2.335413407764966443E-16, -0.4999999999999946154, -0.8660254037844417052 ) ) ;
#5743 = DIRECTION ( 'NONE',  ( 2.775557561562891351E-16, 0.000000000000000000, 1.000000000000000000 ) ) ;
#5744 = CARTESIAN_POINT ( 'NONE',  ( 2.399999999999972378, 6.899999999999999467, -49.99999999999999289 ) ) ;
#5745 = CARTESIAN_POINT ( 'NONE',  ( -72.99999999999997158, 31.00000000000000711, 27.93478768496938969 ) ) ;
#5746 = CIRCLE ( 'NONE', #2018, 1.900000000000002354 ) ;
#5747 = ORIENTED_EDGE ( 'NONE', *, *, #6172, .T. ) ;
#5748 = LINE ( 'NONE', #7823, #4998 ) ;
#5749 = EDGE_LOOP ( 'NONE', ( #2202, #417 ) ) ;
#5750 = ADVANCED_FACE ( 'NONE', ( #6240 ), #1747, .F. ) ;
#5751 = FACE_BOUND ( 'NONE', #993, .T. ) ;
#5752 = CARTESIAN_POINT ( 'NONE',  ( 72.99999999999997158, 69.13072758308061339, 7.652052658050342515 ) ) ;
#5753 = ORIENTED_EDGE ( 'NONE', *, *, #827, .F. ) ;
#5754 = ORIENTED_EDGE ( 'NONE', *, *, #553, .F. ) ;
#5755 = CARTESIAN_POINT ( 'NONE',  ( -69.99999999999997158, 2.000000000000000000, 48.00000000000000711 ) ) ;
#5756 = CARTESIAN_POINT ( 'NONE',  ( -72.99999999999997158, 37.00000000000000711, -48.00000000000000000 ) ) ;
#5757 = LINE ( 'NONE', #1822, #1844 ) ;
#5758 = CARTESIAN_POINT ( 'NONE',  ( 60.00000000000002842, 26.09419410360711922, 39.19646997001229494 ) ) ;
#5759 = VERTEX_POINT ( 'NONE', #1703 ) ;
#5760 = EDGE_CURVE ( 'NONE', #6283, #6931, #496, .T. ) ;
#5761 = CARTESIAN_POINT ( 'NONE',  ( 60.65685424949240456, -13.64695647421573454, -42.12250335626177389 ) ) ;
#5762 = DIRECTION ( 'NONE',  ( 0.000000000000000000, -0.8660254037844387076, 0.4999999999999998335 ) ) ;
#5763 = CARTESIAN_POINT ( 'NONE',  ( 60.00000000000004263, 19.89804168090050140, 40.46441916244340575 ) ) ;
#5764 = ORIENTED_EDGE ( 'NONE', *, *, #5558, .F. ) ;
#5765 = DIRECTION ( 'NONE',  ( 1.000000000000000000, -1.201851678989718695E-16, -2.081668171172184784E-16 ) ) ;
#5766 = EDGE_LOOP ( 'NONE', ( #7751, #6438, #6968, #3842 ) ) ;
#5767 = CARTESIAN_POINT ( 'NONE',  ( -72.99999999999997158, 0.000000000000000000, 0.000000000000000000 ) ) ;
#5768 = DIRECTION ( 'NONE',  ( 0.7071067811865500152, 0.7071067811865451302, -0.000000000000000000 ) ) ;
#5769 = EDGE_CURVE ( 'NONE', #5976, #6943, #4377, .T. ) ;
#5770 = DIRECTION ( 'NONE',  ( 6.938893903907226800E-15, 0.8660254037844425934, -0.4999999999999933942 ) ) ;
#5771 = CARTESIAN_POINT ( 'NONE',  ( 55.29289321881347519, 27.07989787926466718, 36.31797255303671079 ) ) ;
#5772 = CIRCLE ( 'NONE', #950, 3.000000000000002665 ) ;
#5773 = LINE ( 'NONE', #6334, #2402 ) ;
#5774 = ORIENTED_EDGE ( 'NONE', *, *, #1662, .F. ) ;
#5775 = ORIENTED_EDGE ( 'NONE', *, *, #2659, .T. ) ;
#5776 = CARTESIAN_POINT ( 'NONE',  ( -72.99999999999997158, 36.99999999999999289, 3.100000000000019185 ) ) ;
#5777 = EDGE_LOOP ( 'NONE', ( #3382, #8134, #5719, #4158 ) ) ;
#5778 = ORIENTED_EDGE ( 'NONE', *, *, #3805, .F. ) ;
#5779 = LINE ( 'NONE', #1764, #6146 ) ;
#5780 = ADVANCED_FACE ( 'NONE', ( #6410 ), #7020, .F. ) ;
#5781 = EDGE_CURVE ( 'NONE', #6553, #6477, #4291, .T. ) ;
#5782 = DIRECTION ( 'NONE',  ( 0.000000000000000000, -1.000000000000000000, 0.000000000000000000 ) ) ;
#5783 = DIRECTION ( 'NONE',  ( 2.403703357979464508E-16, 0.4999999999999947264, 0.8660254037844417052 ) ) ;
#5784 = DIRECTION ( 'NONE',  ( 0.000000000000000000, 2.312964634635740689E-15, 1.000000000000000000 ) ) ;
#5785 = ORIENTED_EDGE ( 'NONE', *, *, #4680, .F. ) ;
#5786 = LINE ( 'NONE', #2552, #877 ) ;
#5787 = VERTEX_POINT ( 'NONE', #5067 ) ;
#5788 = DIRECTION ( 'NONE',  ( -0.000000000000000000, -1.000000000000000000, -0.000000000000000000 ) ) ;
#5789 = DIRECTION ( 'NONE',  ( 0.000000000000000000, -1.000000000000000000, -8.673617379884027583E-16 ) ) ;
#5790 = ORIENTED_EDGE ( 'NONE', *, *, #4294, .F. ) ;
#5791 = VECTOR ( 'NONE', #8237, 1000.000000000000000 ) ;
#5792 = ORIENTED_EDGE ( 'NONE', *, *, #5624, .T. ) ;
#5793 = EDGE_CURVE ( 'NONE', #1642, #6283, #6325, .T. ) ;
#5794 = EDGE_LOOP ( 'NONE', ( #3440, #613, #6821, #4925 ) ) ;
#5795 = CARTESIAN_POINT ( 'NONE',  ( -71.49999999999997158, 23.07179676972450366, 35.39888930010715029 ) ) ;
#5796 = CARTESIAN_POINT ( 'NONE',  ( -69.99999999999997158, 2.000000000000000000, -48.00000000000000000 ) ) ;
#5797 = DIRECTION ( 'NONE',  ( -0.000000000000000000, -0.000000000000000000, -1.000000000000000000 ) ) ;
#5798 = EDGE_CURVE ( 'NONE', #1734, #4033, #2948, .T. ) ;
#5799 = ORIENTED_EDGE ( 'NONE', *, *, #1885, .F. ) ;
#5800 = CARTESIAN_POINT ( 'NONE',  ( 72.50000000000000000, 16.29999999999999716, -38.00000000000003553 ) ) ;
#5801 = AXIS2_PLACEMENT_3D ( 'NONE', #7449, #2052, #1532 ) ;
#5802 = CARTESIAN_POINT ( 'NONE',  ( -17.80000000000002913, 6.399999999999999467, -49.99999999999999289 ) ) ;
#5803 = LINE ( 'NONE', #1878, #1694 ) ;
#5804 = ORIENTED_EDGE ( 'NONE', *, *, #7005, .F. ) ;
#5805 = FACE_OUTER_BOUND ( 'NONE', #5459, .T. ) ;
#5806 = EDGE_CURVE ( 'NONE', #5855, #4894, #7773, .T. ) ;
#5807 = AXIS2_PLACEMENT_3D ( 'NONE', #650, #1210, #2548 ) ;
#5808 = VERTEX_POINT ( 'NONE', #3006 ) ;
#5809 = DIRECTION ( 'NONE',  ( 1.387778780781445360E-14, 0.8660254037844425934, -0.4999999999999933942 ) ) ;
#5810 = DIRECTION ( 'NONE',  ( 0.000000000000000000, 0.000000000000000000, 1.000000000000000000 ) ) ;
#5811 = FACE_OUTER_BOUND ( 'NONE', #606, .T. ) ;
#5812 = CARTESIAN_POINT ( 'NONE',  ( 46.51500000000000767, 32.42050166543324963, 39.00807621135341918 ) ) ;
#5813 = AXIS2_PLACEMENT_3D ( 'NONE', #7481, #4676, #7312 ) ;
#5814 = DIRECTION ( 'NONE',  ( 4.625929269271483744E-15, 0.8660254037844412611, -0.4999999999999956146 ) ) ;
#5815 = VERTEX_POINT ( 'NONE', #2352 ) ;
#5816 = VECTOR ( 'NONE', #3185, 1000.000000000000000 ) ;
#5817 = ORIENTED_EDGE ( 'NONE', *, *, #2731, .T. ) ;
#5818 = AXIS2_PLACEMENT_3D ( 'NONE', #7996, #3333, #57 ) ;
#5819 = CARTESIAN_POINT ( 'NONE',  ( -72.99999999999997158, 31.00000000000000711, -36.00000000000000711 ) ) ;
#5820 = EDGE_CURVE ( 'NONE', #3808, #7581, #4977, .T. ) ;
#5821 = ORIENTED_EDGE ( 'NONE', *, *, #2777, .F. ) ;
#5822 = ORIENTED_EDGE ( 'NONE', *, *, #5760, .T. ) ;
#5823 = EDGE_CURVE ( 'NONE', #1381, #6738, #6974, .T. ) ;
#5824 = DIRECTION ( 'NONE',  ( 1.000000000000000000, -1.201851678989719435E-16, -2.081668171172184784E-16 ) ) ;
#5825 = CYLINDRICAL_SURFACE ( 'NONE', #1497, 3.500000000000010214 ) ;
#5826 = FACE_OUTER_BOUND ( 'NONE', #8539, .T. ) ;
#5827 = DIRECTION ( 'NONE',  ( 0.000000000000000000, 1.000000000000000000, 0.000000000000000000 ) ) ;
#5828 = AXIS2_PLACEMENT_3D ( 'NONE', #5252, #3147, #7937 ) ;
#5829 = ORIENTED_EDGE ( 'NONE', *, *, #5918, .F. ) ;
#5830 = DIRECTION ( 'NONE',  ( 0.000000000000000000, 0.000000000000000000, -1.000000000000000000 ) ) ;
#5831 = ORIENTED_EDGE ( 'NONE', *, *, #780, .T. ) ;
#5832 = CARTESIAN_POINT ( 'NONE',  ( 59.94974746830587975, 32.11285196104656592, 35.72159623585942256 ) ) ;
#5833 = EDGE_CURVE ( 'NONE', #5148, #5166, #8041, .T. ) ;
#5834 = VECTOR ( 'NONE', #5536, 1000.000000000000000 ) ;
#5835 = ORIENTED_EDGE ( 'NONE', *, *, #4022, .T. ) ;
#5836 = ORIENTED_EDGE ( 'NONE', *, *, #509, .F. ) ;
#5837 = PLANE ( 'NONE',  #3845 ) ;
#5838 = LINE ( 'NONE', #5921, #4967 ) ;
#5839 = ORIENTED_EDGE ( 'NONE', *, *, #498, .T. ) ;
#5840 = LINE ( 'NONE', #7870, #2001 ) ;
#5841 = LINE ( 'NONE', #1870, #3089 ) ;
#5842 = FACE_OUTER_BOUND ( 'NONE', #2363, .T. ) ;
#5843 = ADVANCED_FACE ( 'NONE', ( #7879 ), #6452, .T. ) ;
#5844 = ADVANCED_FACE ( 'NONE', ( #2005 ), #7150, .F. ) ;
#5845 = AXIS2_PLACEMENT_3D ( 'NONE', #4073, #6837, #3340 ) ;
#5846 = EDGE_LOOP ( 'NONE', ( #1176, #4373, #6122, #6990 ) ) ;
#5847 = PLANE ( 'NONE',  #479 ) ;
#5848 = AXIS2_PLACEMENT_3D ( 'NONE', #1779, #927, #8476 ) ;
#5849 = DIRECTION ( 'NONE',  ( 0.000000000000000000, -1.000000000000000000, 4.336808689942005903E-16 ) ) ;
#5850 = CARTESIAN_POINT ( 'NONE',  ( 56.07000000000000028, 2.000000000000000000, -44.43999999999999062 ) ) ;
#5851 = VERTEX_POINT ( 'NONE', #711 ) ;
#5852 = EDGE_CURVE ( 'NONE', #5052, #7550, #3768, .T. ) ;
#5853 = CARTESIAN_POINT ( 'NONE',  ( -71.49999999999997158, 21.29999999999999005, -38.00000000000000000 ) ) ;
#5854 = AXIS2_PLACEMENT_3D ( 'NONE', #283, #6678, #6850 ) ;
#5855 = VERTEX_POINT ( 'NONE', #5763 ) ;
#5856 = DIRECTION ( 'NONE',  ( 1.000000000000000000, 0.000000000000000000, -0.000000000000000000 ) ) ;
#5857 = CARTESIAN_POINT ( 'NONE',  ( 0.000000000000000000, 37.00000000000000711, 0.000000000000000000 ) ) ;
#5858 = DIRECTION ( 'NONE',  ( 1.000000000000000000, 0.000000000000000000, 0.000000000000000000 ) ) ;
#5859 = LINE ( 'NONE', #636, #8361 ) ;
#5860 = DIRECTION ( 'NONE',  ( 0.000000000000000000, 0.000000000000000000, -1.000000000000000000 ) ) ;
#5861 = AXIS2_PLACEMENT_3D ( 'NONE', #3171, #2526, #1830 ) ;
#5862 = EDGE_LOOP ( 'NONE', ( #1947, #6468, #3621, #4494 ) ) ;
#5863 = ORIENTED_EDGE ( 'NONE', *, *, #4367, .F. ) ;
#5864 = LINE ( 'NONE', #5776, #8157 ) ;
#5865 = ORIENTED_EDGE ( 'NONE', *, *, #3279, .T. ) ;
#5866 = EDGE_LOOP ( 'NONE', ( #1986, #6599, #4133, #4191, #5517, #4233, #7810, #387, #8062, #6842, #8543, #3407, #1572, #4253, #5514 ) ) ;
#5867 = LINE ( 'NONE', #1938, #3313 ) ;
#5868 = CARTESIAN_POINT ( 'NONE',  ( 64.99999999999998579, -18.18721649217496861, -39.50118301270215682 ) ) ;
#5869 = DIRECTION ( 'NONE',  ( -1.000000000000000000, 0.000000000000000000, -4.625929269271486407E-17 ) ) ;
#5870 = DIRECTION ( 'NONE',  ( 2.403703357979463522E-16, 0.4999999999999947820, 0.8660254037844418162 ) ) ;
#5871 = ADVANCED_FACE ( 'NONE', ( #8400 ), #4469, .F. ) ;
#5872 = EDGE_LOOP ( 'NONE', ( #172, #2553, #6921, #3558 ) ) ;
#5873 = AXIS2_PLACEMENT_3D ( 'NONE', #7848, #6632, #6028 ) ;
#5874 = ORIENTED_EDGE ( 'NONE', *, *, #7152, .T. ) ;
#5875 = CARTESIAN_POINT ( 'NONE',  ( -75.00000000000000000, 7.381931190572101009, 49.99999999999997158 ) ) ;
#5876 = CIRCLE ( 'NONE', #8084, 3.510000000000004672 ) ;
#5877 = ORIENTED_EDGE ( 'NONE', *, *, #6499, .T. ) ;
#5878 = ORIENTED_EDGE ( 'NONE', *, *, #4127, .F. ) ;
#5879 = CIRCLE ( 'NONE', #3128, 0.5000000000000004441 ) ;
#5880 = CARTESIAN_POINT ( 'NONE',  ( -61.36396103067892227, 13.87938382346101562, 43.93929289659630655 ) ) ;
#5881 = DIRECTION ( 'NONE',  ( 2.403703357979463522E-16, 0.4999999999999947820, 0.8660254037844418162 ) ) ;
#5882 = ORIENTED_EDGE ( 'NONE', *, *, #1177, .F. ) ;
#5883 = CIRCLE ( 'NONE', #2155, 0.9999999999999973355 ) ;
#5884 = EDGE_CURVE ( 'NONE', #6809, #2416, #8441, .T. ) ;
#5885 = VECTOR ( 'NONE', #7982, 1000.000000000000000 ) ;
#5886 = DIRECTION ( 'NONE',  ( -3.271025955591187068E-17, 0.7071067811865500152, 0.7071067811865451302 ) ) ;
#5887 = CYLINDRICAL_SURFACE ( 'NONE', #5150, 1.000000000000000222 ) ;
#5888 = PLANE ( 'NONE',  #8026 ) ;
#5889 = ORIENTED_EDGE ( 'NONE', *, *, #5238, .F. ) ;
#5890 = ADVANCED_FACE ( 'NONE', ( #1190 ), #671, .F. ) ;
#5891 = FACE_OUTER_BOUND ( 'NONE', #4577, .T. ) ;
#5892 = EDGE_CURVE ( 'NONE', #823, #5219, #8484, .T. ) ;
#5893 = DIRECTION ( 'NONE',  ( 0.000000000000000000, 0.000000000000000000, 1.000000000000000000 ) ) ;
#5894 = DIRECTION ( 'NONE',  ( 0.000000000000000000, 0.000000000000000000, -1.000000000000000000 ) ) ;
#5895 = ORIENTED_EDGE ( 'NONE', *, *, #1885, .T. ) ;
#5896 = CARTESIAN_POINT ( 'NONE',  ( -26.50000000000002842, 7.100000000000000533, -47.99999999999999289 ) ) ;
#5897 = ORIENTED_EDGE ( 'NONE', *, *, #1569, .F. ) ;
#5898 = LINE ( 'NONE', #7321, #1182 ) ;
#5899 = DIRECTION ( 'NONE',  ( 0.000000000000000000, 0.000000000000000000, -1.000000000000000000 ) ) ;
#5900 = EDGE_CURVE ( 'NONE', #1473, #530, #6493, .T. ) ;
#5901 = DIRECTION ( 'NONE',  ( 0.000000000000000000, -1.000000000000000000, 0.000000000000000000 ) ) ;
#5902 = DIRECTION ( 'NONE',  ( 0.000000000000000000, 1.000000000000000000, 0.000000000000000000 ) ) ;
#5903 = UNCERTAINTY_MEASURE_WITH_UNIT (LENGTH_MEASURE( 1.000000000000000082E-05 ), #7693, 'distance_accuracy_value', 'NONE');
#5904 = DIRECTION ( 'NONE',  ( -0.000000000000000000, -0.000000000000000000, -1.000000000000000000 ) ) ;
#5905 = ORIENTED_EDGE ( 'NONE', *, *, #932, .T. ) ;
#5906 = ORIENTED_EDGE ( 'NONE', *, *, #5793, .T. ) ;
#5907 = LINE ( 'NONE', #7764, #4589 ) ;
#5908 = EDGE_LOOP ( 'NONE', ( #7151, #3062, #423, #2366 ) ) ;
#5909 = AXIS2_PLACEMENT_3D ( 'NONE', #984, #906, #253 ) ;
#5910 = ORIENTED_EDGE ( 'NONE', *, *, #358, .T. ) ;
#5911 = DIRECTION ( 'NONE',  ( 3.271025955591187068E-17, -0.7071067811865500152, -0.7071067811865451302 ) ) ;
#5912 = LINE ( 'NONE', #5300, #6600 ) ;
#5913 = LINE ( 'NONE', #6561, #6636 ) ;
#5914 = VERTEX_POINT ( 'NONE', #2657 ) ;
#5915 = VERTEX_POINT ( 'NONE', #1920 ) ;
#5916 = DIRECTION ( 'NONE',  ( -2.403703357979463522E-16, -0.4999999999999945599, -0.8660254037844418162 ) ) ;
#5917 = VERTEX_POINT ( 'NONE', #6623 ) ;
#5918 = EDGE_CURVE ( 'NONE', #4793, #2603, #5199, .T. ) ;
#5919 = EDGE_LOOP ( 'NONE', ( #652, #7765, #256, #3901 ) ) ;
#5920 = FACE_OUTER_BOUND ( 'NONE', #953, .T. ) ;
#5921 = CARTESIAN_POINT ( 'NONE',  ( 57.00000000000002132, 26.10880597596171526, 36.87863272481653354 ) ) ;
#5922 = ORIENTED_EDGE ( 'NONE', *, *, #4117, .T. ) ;
#5923 = PLANE ( 'NONE',  #7234 ) ;
#5924 = CARTESIAN_POINT ( 'NONE',  ( -60.65685424949239035, -29.65567974040969901, -32.87986266914255395 ) ) ;
#5925 = CARTESIAN_POINT ( 'NONE',  ( 74.99999999999997158, 9.599999999999990763, -36.00000000000004263 ) ) ;
#5926 = ADVANCED_FACE ( 'NONE', ( #3905 ), #1318, .T. ) ;
#5927 = ORIENTED_EDGE ( 'NONE', *, *, #6484, .T. ) ;
#5928 = CARTESIAN_POINT ( 'NONE',  ( 55.00000000000002842, 27.46752544356885295, 38.40357675119885528 ) ) ;
#5929 = AXIS2_PLACEMENT_3D ( 'NONE', #3926, #648, #2104 ) ;
#5930 = DIRECTION ( 'NONE',  ( -1.000000000000000000, 0.000000000000000000, 2.775557561562891351E-16 ) ) ;
#5931 = CARTESIAN_POINT ( 'NONE',  ( 98.02453810567661208, 31.00000000000000711, 16.57453810567664831 ) ) ;
#5932 = VERTEX_POINT ( 'NONE', #7923 ) ;
#5933 = DIRECTION ( 'NONE',  ( 1.000000000000000000, 0.000000000000000000, 0.000000000000000000 ) ) ;
#5934 = EDGE_CURVE ( 'NONE', #3464, #197, #6802, .T. ) ;
#5935 = EDGE_CURVE ( 'NONE', #1615, #781, #5803, .T. ) ;
#5936 = ORIENTED_EDGE ( 'NONE', *, *, #2993, .T. ) ;
#5937 = VECTOR ( 'NONE', #3087, 1000.000000000000000 ) ;
#5938 = CARTESIAN_POINT ( 'NONE',  ( 75.00000000000000000, 31.00000000000000711, -6.532606157515351342 ) ) ;
#5939 = CARTESIAN_POINT ( 'NONE',  ( -56.07000000000000028, 2.000000000000000000, -44.43999999999999062 ) ) ;
#5940 = LINE ( 'NONE', #5244, #8081 ) ;
#5941 = DIRECTION ( 'NONE',  ( -1.000000000000000000, 0.000000000000000000, 0.000000000000000000 ) ) ;
#5942 = DIRECTION ( 'NONE',  ( -0.000000000000000000, 1.000000000000000000, 0.000000000000000000 ) ) ;
#5943 = EDGE_LOOP ( 'NONE', ( #7299, #5523, #5754, #909 ) ) ;
#5944 = CIRCLE ( 'NONE', #2502, 0.5000000000000000000 ) ;
#5945 = FACE_OUTER_BOUND ( 'NONE', #6569, .T. ) ;
#5946 = ADVANCED_FACE ( 'NONE', ( #3261 ), #6541, .F. ) ;
#5947 = ORIENTED_EDGE ( 'NONE', *, *, #3531, .T. ) ;
#5948 = ORIENTED_EDGE ( 'NONE', *, *, #716, .F. ) ;
#5949 = LINE ( 'NONE', #3360, #695 ) ;
#5950 = DIRECTION ( 'NONE',  ( 0.000000000000000000, 0.8660254037844425934, -0.4999999999999933942 ) ) ;
#5951 = CARTESIAN_POINT ( 'NONE',  ( -56.06999999999999318, 5.000000000000000000, 9.490000000000009095 ) ) ;
#5952 = VECTOR ( 'NONE', #5550, 1000.000000000000114 ) ;
#5953 = ORIENTED_EDGE ( 'NONE', *, *, #7903, .T. ) ;
#5954 = CIRCLE ( 'NONE', #2795, 3.000000000000002665 ) ;
#5955 = EDGE_LOOP ( 'NONE', ( #7088, #321, #3156, #6428 ) ) ;
#5956 = FACE_BOUND ( 'NONE', #5969, .T. ) ;
#5957 = EDGE_CURVE ( 'NONE', #2850, #7719, #2612, .T. ) ;
#5958 = EDGE_LOOP ( 'NONE', ( #1340, #2556, #2811, #6815 ) ) ;
#5959 = AXIS2_PLACEMENT_3D ( 'NONE', #4, #5916, #6521 ) ;
#5960 = DIRECTION ( 'NONE',  ( 2.081668171172185030E-16, 0.000000000000000000, 1.000000000000000000 ) ) ;
#5961 = CARTESIAN_POINT ( 'NONE',  ( 72.99999999999997158, 8.998349611352747246, 46.75735931288071612 ) ) ;
#5962 = VERTEX_POINT ( 'NONE', #7358 ) ;
#5963 = DIRECTION ( 'NONE',  ( 1.000000000000000000, 0.000000000000000000, 0.000000000000000000 ) ) ;
#5964 = ADVANCED_FACE ( 'NONE', ( #2084 ), #1566, .T. ) ;
#5965 = DIRECTION ( 'NONE',  ( -2.403703357979463522E-16, -0.4999999999999947264, -0.8660254037844417052 ) ) ;
#5966 = VECTOR ( 'NONE', #6259, 1000.000000000000000 ) ;
#5967 = VECTOR ( 'NONE', #2833, 1000.000000000000114 ) ;
#5968 = PLANE ( 'NONE',  #3742 ) ;
#5969 = EDGE_LOOP ( 'NONE', ( #8541, #5895, #6862, #1848, #1916, #2994, #351, #1140, #5741, #7845 ) ) ;
#5970 = VECTOR ( 'NONE', #7788, 1000.000000000000000 ) ;
#5971 = FACE_OUTER_BOUND ( 'NONE', #4914, .T. ) ;
#5972 = CARTESIAN_POINT ( 'NONE',  ( 66.00000000000001421, 20.03201627711600707, 42.69646997001227362 ) ) ;
#5973 = ADVANCED_FACE ( 'NONE', ( #756 ), #1396, .T. ) ;
#5974 = CARTESIAN_POINT ( 'NONE',  ( 72.99999999999997158, 37.00000000000002132, -8.032606157515360223 ) ) ;
#5975 = VECTOR ( 'NONE', #7578, 1000.000000000000000 ) ;
#5976 = VERTEX_POINT ( 'NONE', #7484 ) ;
#5977 = EDGE_CURVE ( 'NONE', #3808, #3282, #5362, .T. ) ;
#5978 = FACE_OUTER_BOUND ( 'NONE', #1159, .T. ) ;
#5979 = ORIENTED_EDGE ( 'NONE', *, *, #6890, .F. ) ;
#5980 = CIRCLE ( 'NONE', #8190, 1.899999999999999467 ) ;
#5981 = VECTOR ( 'NONE', #4299, 1000.000000000000114 ) ;
#5982 = VERTEX_POINT ( 'NONE', #799 ) ;
#5983 = CARTESIAN_POINT ( 'NONE',  ( -72.49999999999994316, 26.40192378864669820, 31.16683849253827177 ) ) ;
#5984 = CARTESIAN_POINT ( 'NONE',  ( 2.899999999999969269, 21.60000000000000142, 50.00100000000001188 ) ) ;
#5985 = DIRECTION ( 'NONE',  ( 0.000000000000000000, -0.5000000000000015543, -0.8660254037844377084 ) ) ;
#5986 = CARTESIAN_POINT ( 'NONE',  ( 72.50000000000000000, 16.29999999999999716, -38.00000000000003553 ) ) ;
#5987 = EDGE_CURVE ( 'NONE', #2297, #3256, #6103, .T. ) ;
#5988 = CARTESIAN_POINT ( 'NONE',  ( 60.65685424949241877, 31.50047952535076234, 36.07514962645266365 ) ) ;
#5989 = ORIENTED_EDGE ( 'NONE', *, *, #5781, .F. ) ;
#5990 = CIRCLE ( 'NONE', #8063, 3.500000000000003109 ) ;
#5991 = DIRECTION ( 'NONE',  ( -0.000000000000000000, -0.000000000000000000, -1.000000000000000000 ) ) ;
#5992 = CIRCLE ( 'NONE', #4062, 3.000000000000002665 ) ;
#5993 = VERTEX_POINT ( 'NONE', #7315 ) ;
#5994 = VERTEX_POINT ( 'NONE', #4112 ) ;
#5995 = DIRECTION ( 'NONE',  ( -1.000000000000000000, 1.070587336541109637E-16, 2.157453674619885658E-16 ) ) ;
#5996 = VECTOR ( 'NONE', #5491, 1000.000000000000227 ) ;
#5997 = DIRECTION ( 'NONE',  ( 0.000000000000000000, 1.000000000000000000, 2.168404344971008868E-16 ) ) ;
#5998 = DIRECTION ( 'NONE',  ( -0.000000000000000000, -1.000000000000000000, -0.000000000000000000 ) ) ;
#5999 = EDGE_CURVE ( 'NONE', #4569, #2860, #840, .T. ) ;
#6000 = EDGE_CURVE ( 'NONE', #2805, #3956, #3218, .T. ) ;
#6001 = ORIENTED_EDGE ( 'NONE', *, *, #7445, .F. ) ;
#6002 = ORIENTED_EDGE ( 'NONE', *, *, #7878, .T. ) ;
#6003 = LINE ( 'NONE', #3368, #4848 ) ;
#6004 = VECTOR ( 'NONE', #6485, 1000.000000000000000 ) ;
#6005 = AXIS2_PLACEMENT_3D ( 'NONE', #4517, #5159, #7284 ) ;
#6006 = EDGE_LOOP ( 'NONE', ( #114, #5049, #4539, #2691, #300, #1214, #8428, #1074, #1625, #3777 ) ) ;
#6007 = ORIENTED_EDGE ( 'NONE', *, *, #1402, .T. ) ;
#6008 = DIRECTION ( 'NONE',  ( -0.000000000000000000, -0.000000000000000000, 1.000000000000000000 ) ) ;
#6009 = PLANE ( 'NONE',  #1390 ) ;
#6010 = ORIENTED_EDGE ( 'NONE', *, *, #7255, .T. ) ;
#6011 = EDGE_CURVE ( 'NONE', #131, #2499, #4759, .T. ) ;
#6012 = LINE ( 'NONE', #2776, #3505 ) ;
#6013 = DIRECTION ( 'NONE',  ( 0.000000000000000000, -0.000000000000000000, -1.000000000000000000 ) ) ;
#6014 = CARTESIAN_POINT ( 'NONE',  ( 12.89999999999998259, 16.30000000000000071, -47.99999999999999289 ) ) ;
#6015 = AXIS2_PLACEMENT_3D ( 'NONE', #245, #8012, #1495 ) ;
#6016 = EDGE_LOOP ( 'NONE', ( #5349, #4212, #3276, #1659 ) ) ;
#6017 = LINE ( 'NONE', #108, #2086 ) ;
#6018 = DIRECTION ( 'NONE',  ( 0.000000000000000000, 1.000000000000000000, -2.843808977011156843E-16 ) ) ;
#6019 = DIRECTION ( 'NONE',  ( -2.403703357979465001E-16, -0.4999999999999948375, -0.8660254037844418162 ) ) ;
#6020 = ORIENTED_EDGE ( 'NONE', *, *, #2615, .F. ) ;
#6021 = DIRECTION ( 'NONE',  ( -2.403703357979464508E-16, -0.4999999999999947264, -0.8660254037844417052 ) ) ;
#6022 = EDGE_LOOP ( 'NONE', ( #7364, #5897, #2931, #219 ) ) ;
#6023 = EDGE_CURVE ( 'NONE', #5082, #3162, #3429, .T. ) ;
#6024 = VERTEX_POINT ( 'NONE', #4028 ) ;
#6025 = LINE ( 'NONE', #7885, #5172 ) ;
#6026 = PLANE ( 'NONE',  #1946 ) ;
#6027 = FACE_OUTER_BOUND ( 'NONE', #7836, .T. ) ;
#6028 = DIRECTION ( 'NONE',  ( 0.000000000000000000, -0.000000000000000000, 1.000000000000000000 ) ) ;
#6029 = CARTESIAN_POINT ( 'NONE',  ( 12.89999999999998259, 21.30000000000000782, -48.00000000000000000 ) ) ;
#6030 = CARTESIAN_POINT ( 'NONE',  ( -56.06999999999999318, 5.000000000000000000, 12.99000000000000909 ) ) ;
#6031 = EDGE_LOOP ( 'NONE', ( #7354, #4766, #199, #4950 ) ) ;
#6032 = CARTESIAN_POINT ( 'NONE',  ( 46.51500000000000767, 35.46025083271662481, 37.25307621135344505 ) ) ;
#6033 = VERTEX_POINT ( 'NONE', #3468 ) ;
#6034 = ADVANCED_FACE ( 'NONE', ( #2044 ), #7404, .F. ) ;
#6035 = EDGE_LOOP ( 'NONE', ( #787, #1472, #2493, #2205 ) ) ;
#6036 = LINE ( 'NONE', #6559, #6 ) ;
#6037 = CARTESIAN_POINT ( 'NONE',  ( 71.49999999999997158, 23.07179676972450011, 35.39888930010710766 ) ) ;
#6038 = CARTESIAN_POINT ( 'NONE',  ( -72.99999999999997158, 69.13072758308062760, 7.652052658050377154 ) ) ;
#6039 = ORIENTED_EDGE ( 'NONE', *, *, #595, .F. ) ;
#6040 = VERTEX_POINT ( 'NONE', #6058 ) ;
#6041 = DIRECTION ( 'NONE',  ( -0.000000000000000000, -1.000000000000000000, 2.843808977011156843E-16 ) ) ;
#6042 = VECTOR ( 'NONE', #2230, 1000.000000000000000 ) ;
#6043 = EDGE_LOOP ( 'NONE', ( #3235, #1467, #1075, #1759, #691, #3754, #2233, #4225, #6312, #6832 ) ) ;
#6044 = EDGE_CURVE ( 'NONE', #6975, #2640, #6253, .T. ) ;
#6045 = EDGE_CURVE ( 'NONE', #3256, #6108, #5493, .T. ) ;
#6046 = ORIENTED_EDGE ( 'NONE', *, *, #1416, .F. ) ;
#6047 = CARTESIAN_POINT ( 'NONE',  ( 72.99999999999997158, 37.00000000000000711, -45.00000000000000000 ) ) ;
#6048 = CARTESIAN_POINT ( 'NONE',  ( 2.899999999999973710, 21.10000000000000142, -47.99999999999999289 ) ) ;
#6049 = VERTEX_POINT ( 'NONE', #3387 ) ;
#6050 = CARTESIAN_POINT ( 'NONE',  ( 71.49999999999997158, 5.599999999999994316, -3.400000000000032774 ) ) ;
#6051 = FACE_OUTER_BOUND ( 'NONE', #930, .T. ) ;
#6052 = AXIS2_PLACEMENT_3D ( 'NONE', #5265, #4014, #1514 ) ;
#6053 = LINE ( 'NONE', #960, #27 ) ;
#6054 = EDGE_CURVE ( 'NONE', #5851, #5497, #1289, .T. ) ;
#6055 = ORIENTED_EDGE ( 'NONE', *, *, #5299, .F. ) ;
#6056 = LINE ( 'NONE', #1522, #4018 ) ;
#6057 = CARTESIAN_POINT ( 'NONE',  ( 55.00000000000002842, 27.82624491117600130, 38.19646997001230915 ) ) ;
#6058 = CARTESIAN_POINT ( 'NONE',  ( -46.51499999999999346, 10.27623209066506327, 51.79307621135331630 ) ) ;
#6059 = DIRECTION ( 'NONE',  ( 0.000000000000000000, -0.5000000000000015543, -0.8660254037844377084 ) ) ;
#6060 = CARTESIAN_POINT ( 'NONE',  ( 62.00000000000004263, 20.03201627711603194, 42.69646997001225941 ) ) ;
#6061 = ORIENTED_EDGE ( 'NONE', *, *, #5383, .T. ) ;
#6062 = VECTOR ( 'NONE', #334, 1000.000000000000114 ) ;
#6063 = ORIENTED_EDGE ( 'NONE', *, *, #7563, .T. ) ;
#6064 = DIRECTION ( 'NONE',  ( 0.000000000000000000, -0.000000000000000000, 1.000000000000000000 ) ) ;
#6065 = DIRECTION ( 'NONE',  ( 1.000000000000000000, -0.000000000000000000, -0.000000000000000000 ) ) ;
#6066 = DIRECTION ( 'NONE',  ( 1.000000000000000000, 0.000000000000000000, -0.000000000000000000 ) ) ;
#6067 = DIRECTION ( 'NONE',  ( -2.403703357979464015E-16, -0.4999999999999946154, -0.8660254037844419273 ) ) ;
#6068 = DIRECTION ( 'NONE',  ( 0.7071067811865472397, -0.6123724356957971349, 0.3535533905932701781 ) ) ;
#6069 = PLANE ( 'NONE',  #1571 ) ;
#6070 = VERTEX_POINT ( 'NONE', #4200 ) ;
#6071 = EDGE_CURVE ( 'NONE', #3517, #209, #8001, .T. ) ;
#6072 = DIRECTION ( 'NONE',  ( 0.000000000000000000, 0.000000000000000000, 1.000000000000000000 ) ) ;
#6073 = AXIS2_PLACEMENT_3D ( 'NONE', #6148, #5537, #8177 ) ;
#6074 = ORIENTED_EDGE ( 'NONE', *, *, #2144, .F. ) ;
#6075 = ORIENTED_EDGE ( 'NONE', *, *, #7343, .F. ) ;
#6076 = CYLINDRICAL_SURFACE ( 'NONE', #6480, 3.500000000000008438 ) ;
#6077 = CARTESIAN_POINT ( 'NONE',  ( 75.00000000000000000, 16.04218522841649275, 45.00000000000000711 ) ) ;
#6078 = CARTESIAN_POINT ( 'NONE',  ( 65.99999999999998579, -19.05324189595941320, -39.00118301270216392 ) ) ;
#6079 = VECTOR ( 'NONE', #2162, 1000.000000000000114 ) ;
#6080 = EDGE_LOOP ( 'NONE', ( #7824, #1259, #7967, #2108 ) ) ;
#6081 = EDGE_CURVE ( 'NONE', #545, #1465, #3906, .T. ) ;
#6082 = ORIENTED_EDGE ( 'NONE', *, *, #4294, .T. ) ;
#6083 = CARTESIAN_POINT ( 'NONE',  ( 71.49999999999997158, 7.599999999999995204, 1.599999999999967226 ) ) ;
#6084 = ADVANCED_FACE ( 'NONE', ( #66 ), #2703, .F. ) ;
#6085 = ORIENTED_EDGE ( 'NONE', *, *, #7889, .F. ) ;
#6086 = ORIENTED_EDGE ( 'NONE', *, *, #6210, .T. ) ;
#6087 = VECTOR ( 'NONE', #773, 1000.000000000000000 ) ;
#6088 = LINE ( 'NONE', #4708, #4854 ) ;
#6089 = CARTESIAN_POINT ( 'NONE',  ( 69.99999999999997158, 37.00000000000000711, -48.00000000000000000 ) ) ;
#6090 = ORIENTED_EDGE ( 'NONE', *, *, #6268, .T. ) ;
#6091 = DIRECTION ( 'NONE',  ( -1.000000000000000000, 0.000000000000000000, 0.000000000000000000 ) ) ;
#6092 = EDGE_CURVE ( 'NONE', #2642, #6614, #1160, .T. ) ;
#6093 = CARTESIAN_POINT ( 'NONE',  ( 46.00000000000002132, 15.56180047068721350, 42.96794919243114919 ) ) ;
#6094 = AXIS2_PLACEMENT_3D ( 'NONE', #1193, #5156, #7799 ) ;
#6095 = CARTESIAN_POINT ( 'NONE',  ( -71.49999999999997158, 23.07179676972450366, 35.39888930010715029 ) ) ;
#6096 = VECTOR ( 'NONE', #6705, 1000.000000000000000 ) ;
#6097 = VERTEX_POINT ( 'NONE', #5712 ) ;
#6098 = DIRECTION ( 'NONE',  ( 0.5773502691896257311, -0.5773502691896257311, 0.5773502691896257311 ) ) ;
#6099 = CARTESIAN_POINT ( 'NONE',  ( 75.00000000000000000, 6.599999999999989875, -39.00000000000004263 ) ) ;
#6100 = VECTOR ( 'NONE', #1166, 1000.000000000000114 ) ;
#6101 = AXIS2_PLACEMENT_3D ( 'NONE', #785, #5435, #3414 ) ;
#6102 = ADVANCED_FACE ( 'NONE', ( #1692 ), #363, .F. ) ;
#6103 = LINE ( 'NONE', #6665, #3493 ) ;
#6104 = EDGE_CURVE ( 'NONE', #7985, #1382, #2954, .T. ) ;
#6105 = FACE_OUTER_BOUND ( 'NONE', #3807, .T. ) ;
#6106 = PLANE ( 'NONE',  #2351 ) ;
#6107 = CIRCLE ( 'NONE', #592, 1.000000000000000222 ) ;
#6108 = VERTEX_POINT ( 'NONE', #273 ) ;
#6109 = ORIENTED_EDGE ( 'NONE', *, *, #1895, .T. ) ;
#6110 = FACE_OUTER_BOUND ( 'NONE', #6043, .T. ) ;
#6111 = FACE_OUTER_BOUND ( 'NONE', #451, .T. ) ;
#6112 = CARTESIAN_POINT ( 'NONE',  ( -46.00000000000000000, -14.72922906832823919, -41.49765298271436365 ) ) ;
#6113 = VECTOR ( 'NONE', #3172, 999.9999999999998863 ) ;
#6114 = LINE ( 'NONE', #119, #6840 ) ;
#6115 = CIRCLE ( 'NONE', #7227, 3.509999999999982911 ) ;
#6116 = PLANE ( 'NONE',  #5854 ) ;
#6117 = EDGE_CURVE ( 'NONE', #2403, #2806, #3499, .T. ) ;
#6118 = VERTEX_POINT ( 'NONE', #5013 ) ;
#6119 = DIRECTION ( 'NONE',  ( -0.000000000000000000, -0.7071067811865475727, 0.7071067811865475727 ) ) ;
#6120 = VECTOR ( 'NONE', #2435, 1000.000000000000000 ) ;
#6121 = EDGE_LOOP ( 'NONE', ( #2670, #536 ) ) ;
#6122 = ORIENTED_EDGE ( 'NONE', *, *, #430, .F. ) ;
#6123 = DIRECTION ( 'NONE',  ( -0.000000000000000000, -1.000000000000000000, -0.000000000000000000 ) ) ;
#6124 = CARTESIAN_POINT ( 'NONE',  ( -54.99999999999998579, 19.52471034093872859, 42.98936318882574881 ) ) ;
#6125 = LINE ( 'NONE', #169, #5051 ) ;
#6126 = AXIS2_PLACEMENT_3D ( 'NONE', #4650, #3228, #5860 ) ;
#6127 = EDGE_LOOP ( 'NONE', ( #7623, #6692, #2246, #7430 ) ) ;
#6128 = VECTOR ( 'NONE', #6399, 1000.000000000000114 ) ;
#6129 = ORIENTED_EDGE ( 'NONE', *, *, #345, .T. ) ;
#6130 = CARTESIAN_POINT ( 'NONE',  ( -64.99999999999998579, 26.96021950739152473, 38.69646997001235889 ) ) ;
#6131 = ORIENTED_EDGE ( 'NONE', *, *, #511, .T. ) ;
#6132 = VECTOR ( 'NONE', #4691, 1000.000000000000000 ) ;
#6133 = VERTEX_POINT ( 'NONE', #8221 ) ;
#6134 = EDGE_CURVE ( 'NONE', #4805, #513, #8328, .T. ) ;
#6135 = CARTESIAN_POINT ( 'NONE',  ( -60.65685424949240456, -13.64695647421574520, -42.12250335626173836 ) ) ;
#6136 = DIRECTION ( 'NONE',  ( -1.663375928314579907E-15, 0.8660254037844418162, -0.4999999999999943934 ) ) ;
#6137 = PLANE ( 'NONE',  #5189 ) ;
#6138 = CARTESIAN_POINT ( 'NONE',  ( 11.89999999999998082, 21.30000000000000782, -48.00000000000000000 ) ) ;
#6139 = AXIS2_PLACEMENT_3D ( 'NONE', #3216, #2572, #5849 ) ;
#6140 = CARTESIAN_POINT ( 'NONE',  ( -72.99999999999997158, 6.599999999999994316, 1.600000000000002309 ) ) ;
#6141 = EDGE_CURVE ( 'NONE', #161, #7056, #3363, .T. ) ;
#6142 = ORIENTED_EDGE ( 'NONE', *, *, #6595, .T. ) ;
#6143 = DIRECTION ( 'NONE',  ( 0.000000000000000000, 0.000000000000000000, -1.000000000000000000 ) ) ;
#6144 = DIRECTION ( 'NONE',  ( -0.000000000000000000, -0.000000000000000000, -1.000000000000000000 ) ) ;
#6145 = DIRECTION ( 'NONE',  ( 1.387778780781445360E-14, 0.8660254037844425934, -0.4999999999999933942 ) ) ;
#6146 = VECTOR ( 'NONE', #429, 1000.000000000000114 ) ;
#6147 = FACE_OUTER_BOUND ( 'NONE', #8104, .T. ) ;
#6148 = CARTESIAN_POINT ( 'NONE',  ( 0.000000000000000000, 0.000000000000000000, 0.000000000000000000 ) ) ;
#6149 = VECTOR ( 'NONE', #5334, 1000.000000000000000 ) ;
#6150 = ORIENTED_EDGE ( 'NONE', *, *, #4148, .T. ) ;
#6151 = EDGE_CURVE ( 'NONE', #647, #1796, #3680, .T. ) ;
#6152 = ADVANCED_FACE ( 'NONE', ( #4887 ), #5664, .T. ) ;
#6153 = ORIENTED_EDGE ( 'NONE', *, *, #3396, .T. ) ;
#6154 = CARTESIAN_POINT ( 'NONE',  ( 66.00000000000001421, 19.03201627711601418, 40.96441916244338444 ) ) ;
#6155 = DIRECTION ( 'NONE',  ( 0.000000000000000000, 0.8660254037844425934, -0.4999999999999933942 ) ) ;
#6156 = DIRECTION ( 'NONE',  ( -1.387778780781445360E-14, 0.8660254037844425934, -0.4999999999999933942 ) ) ;
#6157 = LINE ( 'NONE', #5464, #1328 ) ;
#6158 = CARTESIAN_POINT ( 'NONE',  ( 72.99999999999997158, 29.50000000000000711, 30.53286389632266307 ) ) ;
#6159 = AXIS2_PLACEMENT_3D ( 'NONE', #254, #3573, #6690 ) ;
#6160 = VERTEX_POINT ( 'NONE', #7568 ) ;
#6161 = CARTESIAN_POINT ( 'NONE',  ( 58.99999999999995737, 28.00000000000000711, -47.99999999999999289 ) ) ;
#6162 = ORIENTED_EDGE ( 'NONE', *, *, #1751, .F. ) ;
#6163 = EDGE_CURVE ( 'NONE', #6160, #1901, #5980, .T. ) ;
#6164 = VECTOR ( 'NONE', #6364, 1000.000000000000000 ) ;
#6165 = FACE_OUTER_BOUND ( 'NONE', #7896, .T. ) ;
#6166 = DIRECTION ( 'NONE',  ( 1.000000000000000000, 0.000000000000000000, 0.000000000000000000 ) ) ;
#6167 = FACE_OUTER_BOUND ( 'NONE', #3341, .T. ) ;
#6168 = VERTEX_POINT ( 'NONE', #5625 ) ;
#6169 = EDGE_LOOP ( 'NONE', ( #5155, #5118, #3752, #152 ) ) ;
#6170 = CARTESIAN_POINT ( 'NONE',  ( -72.99999999999997158, 31.00000000000000711, -36.00000000000000711 ) ) ;
#6171 = EDGE_LOOP ( 'NONE', ( #828, #2200, #8065, #5739 ) ) ;
#6172 = EDGE_CURVE ( 'NONE', #6573, #1401, #1092, .T. ) ;
#6173 = ORIENTED_EDGE ( 'NONE', *, *, #7637, .F. ) ;
#6174 = CARTESIAN_POINT ( 'NONE',  ( -71.49999999999997158, 23.07179676972450366, 35.39888930010715029 ) ) ;
#6175 = CARTESIAN_POINT ( 'NONE',  ( 72.99999999999997158, 6.599999999999994316, -3.400000000000032774 ) ) ;
#6176 = CARTESIAN_POINT ( 'NONE',  ( -72.99999999999997158, 6.599999999999993427, -36.00000000000000711 ) ) ;
#6177 = ORIENTED_EDGE ( 'NONE', *, *, #2131, .T. ) ;
#6178 = LINE ( 'NONE', #2376, #7351 ) ;
#6179 = ORIENTED_EDGE ( 'NONE', *, *, #729, .F. ) ;
#6180 = DIRECTION ( 'NONE',  ( -2.403703357979464015E-16, -0.4999999999999946154, -0.8660254037844419273 ) ) ;
#6181 = EDGE_CURVE ( 'NONE', #5994, #6597, #8469, .T. ) ;
#6182 = AXIS2_PLACEMENT_3D ( 'NONE', #2451, #505, #5770 ) ;
#6183 = ORIENTED_EDGE ( 'NONE', *, *, #5077, .F. ) ;
#6184 = CARTESIAN_POINT ( 'NONE',  ( -45.99999999999997868, 30.41820693123827368, 36.70000000000012363 ) ) ;
#6185 = CYLINDRICAL_SURFACE ( 'NONE', #5725, 1.899999999999999023 ) ;
#6186 = DIRECTION ( 'NONE',  ( 0.000000000000000000, 0.8660254037844425934, -0.4999999999999933942 ) ) ;
#6187 = DIRECTION ( 'NONE',  ( 0.000000000000000000, 0.8660254037844425934, -0.4999999999999933942 ) ) ;
#6188 = EDGE_CURVE ( 'NONE', #3200, #675, #8263, .T. ) ;
#6189 = DIRECTION ( 'NONE',  ( 1.000000000000000000, 0.000000000000000000, 0.000000000000000000 ) ) ;
#6190 = EDGE_CURVE ( 'NONE', #7523, #7534, #1739, .T. ) ;
#6191 = VERTEX_POINT ( 'NONE', #7609 ) ;
#6192 = EDGE_LOOP ( 'NONE', ( #1681, #7928, #4785, #8, #2235, #7504, #3923 ) ) ;
#6193 = DIRECTION ( 'NONE',  ( 0.000000000000000000, 0.8660254037844425934, -0.4999999999999933942 ) ) ;
#6194 = DIRECTION ( 'NONE',  ( -2.403703357979464508E-16, -0.4999999999999947264, -0.8660254037844417052 ) ) ;
#6195 = DIRECTION ( 'NONE',  ( 0.000000000000000000, 0.4999999999999947264, 0.8660254037844417052 ) ) ;
#6196 = DIRECTION ( 'NONE',  ( 0.000000000000000000, -1.734723475976805517E-15, 1.000000000000000000 ) ) ;
#6197 = FACE_OUTER_BOUND ( 'NONE', #1508, .T. ) ;
#6198 = ORIENTED_EDGE ( 'NONE', *, *, #7976, .F. ) ;
#6199 = EDGE_CURVE ( 'NONE', #7091, #4447, #404, .T. ) ;
#6200 = EDGE_CURVE ( 'NONE', #4569, #7719, #4371, .T. ) ;
#6201 = FACE_OUTER_BOUND ( 'NONE', #1423, .T. ) ;
#6202 = VERTEX_POINT ( 'NONE', #6965 ) ;
#6203 = DIRECTION ( 'NONE',  ( 0.000000000000000000, 0.000000000000000000, 1.000000000000000000 ) ) ;
#6204 = CARTESIAN_POINT ( 'NONE',  ( -72.99999999999997158, 9.600000000000001421, 34.20000000000000995 ) ) ;
#6205 = CARTESIAN_POINT ( 'NONE',  ( 46.51500000000000767, 35.46025083271662481, 37.25307621135344505 ) ) ;
#6206 = CARTESIAN_POINT ( 'NONE',  ( 71.49999999999997158, 27.40192378864669109, 32.89888930010710055 ) ) ;
#6207 = ORIENTED_EDGE ( 'NONE', *, *, #7445, .T. ) ;
#6208 = ADVANCED_FACE ( 'NONE', ( #3720 ), #5583, .T. ) ;
#6209 = EDGE_LOOP ( 'NONE', ( #91, #2166, #7895, #1719 ) ) ;
#6210 = EDGE_CURVE ( 'NONE', #6829, #4875, #2396, .T. ) ;
#6211 = LINE ( 'NONE', #1760, #7065 ) ;
#6212 = ORIENTED_EDGE ( 'NONE', *, *, #7517, .T. ) ;
#6213 = EDGE_LOOP ( 'NONE', ( #5348, #3149, #1242, #8424 ) ) ;
#6214 = AXIS2_PLACEMENT_3D ( 'NONE', #1261, #5881, #7830 ) ;
#6215 = DIRECTION ( 'NONE',  ( -2.383034446891941951E-16, -0.4999999999999947820, -0.8660254037844417052 ) ) ;
#6216 = DIRECTION ( 'NONE',  ( -1.000000000000000000, 7.288754100742888174E-17, 0.000000000000000000 ) ) ;
#6217 = CARTESIAN_POINT ( 'NONE',  ( 72.99999999999997158, 37.00000000000000711, -0.03260615751533857409 ) ) ;
#6218 = ORIENTED_EDGE ( 'NONE', *, *, #5154, .T. ) ;
#6219 = LINE ( 'NONE', #352, #5008 ) ;
#6220 = EDGE_LOOP ( 'NONE', ( #7573, #2028 ) ) ;
#6221 = EDGE_CURVE ( 'NONE', #6336, #6024, #6260, .T. ) ;
#6222 = DIRECTION ( 'NONE',  ( -1.000000000000000000, 0.000000000000000000, 0.000000000000000000 ) ) ;
#6223 = AXIS2_PLACEMENT_3D ( 'NONE', #179, #915, #2244 ) ;
#6224 = EDGE_LOOP ( 'NONE', ( #6335, #8244, #5352, #1645 ) ) ;
#6225 = VECTOR ( 'NONE', #146, 1000.000000000000000 ) ;
#6226 = FACE_BOUND ( 'NONE', #5472, .T. ) ;
#6227 = DIRECTION ( 'NONE',  ( 0.000000000000000000, 0.8660254037844412611, -0.4999999999999956146 ) ) ;
#6228 = CIRCLE ( 'NONE', #1672, 3.510000000000004672 ) ;
#6229 = CARTESIAN_POINT ( 'NONE',  ( 72.99999999999997158, 28.00000000000000711, -39.00000000000004974 ) ) ;
#6230 = VECTOR ( 'NONE', #7396, 1000.000000000000000 ) ;
#6231 = DIRECTION ( 'NONE',  ( -0.000000000000000000, 1.000000000000000000, -0.000000000000000000 ) ) ;
#6232 = ORIENTED_EDGE ( 'NONE', *, *, #8202, .F. ) ;
#6233 = EDGE_LOOP ( 'NONE', ( #6353, #8029 ) ) ;
#6234 = FACE_OUTER_BOUND ( 'NONE', #1637, .T. ) ;
#6235 = VECTOR ( 'NONE', #4309, 1000.000000000000000 ) ;
#6236 = FACE_OUTER_BOUND ( 'NONE', #6213, .T. ) ;
#6237 = EDGE_CURVE ( 'NONE', #6346, #725, #1183, .T. ) ;
#6238 = FACE_OUTER_BOUND ( 'NONE', #1218, .T. ) ;
#6239 = CARTESIAN_POINT ( 'NONE',  ( 56.07000000000000028, 5.000000000000000000, -44.43999999999999062 ) ) ;
#6240 = FACE_OUTER_BOUND ( 'NONE', #1950, .T. ) ;
#6241 = ORIENTED_EDGE ( 'NONE', *, *, #7425, .T. ) ;
#6242 = AXIS2_PLACEMENT_3D ( 'NONE', #3469, #4240, #4113 ) ;
#6243 = CARTESIAN_POINT ( 'NONE',  ( 75.00000000000000000, 16.29999999999999716, -39.00000000000004263 ) ) ;
#6244 = ORIENTED_EDGE ( 'NONE', *, *, #1313, .F. ) ;
#6245 = FACE_OUTER_BOUND ( 'NONE', #4241, .T. ) ;
#6246 = CYLINDRICAL_SURFACE ( 'NONE', #1189, 1.900000000000002576 ) ;
#6247 = EDGE_CURVE ( 'NONE', #1173, #3163, #1913, .T. ) ;
#6248 = DIRECTION ( 'NONE',  ( -0.7071067811865483499, -0.6123724356957959136, 0.3535533905932696785 ) ) ;
#6249 = CARTESIAN_POINT ( 'NONE',  ( -72.99999999999997158, -3.929765688757191899, -24.36918876172784110 ) ) ;
#6250 = DIRECTION ( 'NONE',  ( 0.000000000000000000, 0.8660254037844425934, -0.4999999999999933942 ) ) ;
#6251 = ORIENTED_EDGE ( 'NONE', *, *, #1644, .T. ) ;
#6252 = VERTEX_POINT ( 'NONE', #1265 ) ;
#6253 = CIRCLE ( 'NONE', #8462, 1.000000000000000222 ) ;
#6254 = LINE ( 'NONE', #2456, #8168 ) ;
#6255 = ORIENTED_EDGE ( 'NONE', *, *, #314, .T. ) ;
#6256 = VERTEX_POINT ( 'NONE', #2518 ) ;
#6257 = EDGE_CURVE ( 'NONE', #6573, #4486, #1224, .T. ) ;
#6258 = EDGE_CURVE ( 'NONE', #6477, #1226, #5757, .T. ) ;
#6259 = DIRECTION ( 'NONE',  ( 0.000000000000000000, -1.000000000000000000, 0.000000000000000000 ) ) ;
#6260 = CIRCLE ( 'NONE', #2121, 3.000000000000002665 ) ;
#6261 = DIRECTION ( 'NONE',  ( 0.000000000000000000, 0.000000000000000000, 1.000000000000000000 ) ) ;
#6262 = VECTOR ( 'NONE', #5856, 1000.000000000000000 ) ;
#6263 = VERTEX_POINT ( 'NONE', #618 ) ;
#6264 = CARTESIAN_POINT ( 'NONE',  ( 75.00000000000000000, 37.00000000000000711, 50.00000000000000711 ) ) ;
#6265 = VERTEX_POINT ( 'NONE', #7786 ) ;
#6266 = LINE ( 'NONE', #7601, #5264 ) ;
#6267 = VECTOR ( 'NONE', #2015, 1000.000000000000000 ) ;
#6268 = EDGE_CURVE ( 'NONE', #3491, #6256, #5841, .T. ) ;
#6269 = ORIENTED_EDGE ( 'NONE', *, *, #6794, .T. ) ;
#6270 = DIRECTION ( 'NONE',  ( 2.403703357979464508E-16, 0.4999999999999947264, 0.8660254037844417052 ) ) ;
#6271 = LINE ( 'NONE', #5622, #7519 ) ;
#6272 = DIRECTION ( 'NONE',  ( -2.403703357979464015E-16, -0.4999999999999946154, -0.8660254037844419273 ) ) ;
#6273 = FACE_OUTER_BOUND ( 'NONE', #7217, .T. ) ;
#6274 = AXIS2_PLACEMENT_3D ( 'NONE', #6050, #7993, #3980 ) ;
#6275 = VECTOR ( 'NONE', #5369, 1000.000000000000000 ) ;
#6276 = ORIENTED_EDGE ( 'NONE', *, *, #5456, .T. ) ;
#6277 = ORIENTED_EDGE ( 'NONE', *, *, #6765, .F. ) ;
#6278 = DIRECTION ( 'NONE',  ( 0.000000000000000000, -1.000000000000000000, 0.000000000000000000 ) ) ;
#6279 = DIRECTION ( 'NONE',  ( 0.000000000000000000, 0.8660254037844421493, -0.4999999999999941158 ) ) ;
#6280 = CARTESIAN_POINT ( 'NONE',  ( 2.399999999999969269, 21.10000000000000142, 50.00100000000001188 ) ) ;
#6281 = DIRECTION ( 'NONE',  ( -2.403703357979465494E-16, -0.4999999999999947264, -0.8660254037844417052 ) ) ;
#6282 = CARTESIAN_POINT ( 'NONE',  ( 61.00000000000004263, 19.89804168090049430, 40.46441916244339154 ) ) ;
#6283 = VERTEX_POINT ( 'NONE', #5228 ) ;
#6284 = CIRCLE ( 'NONE', #7395, 3.500000000000010214 ) ;
#6285 = LINE ( 'NONE', #5677, #6497 ) ;
#6286 = ADVANCED_FACE ( 'NONE', ( #4459, #3851 ), #3252, .T. ) ;
#6287 = CIRCLE ( 'NONE', #5597, 3.499999999999999556 ) ;
#6288 = ORIENTED_EDGE ( 'NONE', *, *, #4084, .T. ) ;
#6289 = AXIS2_PLACEMENT_3D ( 'NONE', #4442, #5698, #8337 ) ;
#6290 = CARTESIAN_POINT ( 'NONE',  ( -46.51499999999998636, 8.881931190572107226, 52.59807621135330891 ) ) ;
#6291 = CARTESIAN_POINT ( 'NONE',  ( 13.89999999999998082, 16.30000000000000426, -47.50000000000000000 ) ) ;
#6292 = CIRCLE ( 'NONE', #1881, 2.999999999999999112 ) ;
#6293 = CARTESIAN_POINT ( 'NONE',  ( 60.99999999999995026, 16.29999999999999716, -48.00000000000000000 ) ) ;
#6294 = LINE ( 'NONE', #4988, #2016 ) ;
#6295 = LINE ( 'NONE', #382, #5575 ) ;
#6296 = ORIENTED_EDGE ( 'NONE', *, *, #2388, .F. ) ;
#6297 = EDGE_LOOP ( 'NONE', ( #5, #1937 ) ) ;
#6298 = DIRECTION ( 'NONE',  ( 0.000000000000000000, -0.8660254037844413721, 0.4999999999999952816 ) ) ;
#6299 = EDGE_CURVE ( 'NONE', #92, #7142, #663, .T. ) ;
#6300 = ORIENTED_EDGE ( 'NONE', *, *, #6929, .F. ) ;
#6301 = ORIENTED_EDGE ( 'NONE', *, *, #1403, .F. ) ;
#6302 = CARTESIAN_POINT ( 'NONE',  ( -42.99999999999997868, 30.41820693123827368, 36.70000000000012363 ) ) ;
#6303 = DIRECTION ( 'NONE',  ( 1.000000000000000000, 0.000000000000000000, -2.775557561562891351E-16 ) ) ;
#6304 = LINE ( 'NONE', #8418, #7740 ) ;
#6305 = CARTESIAN_POINT ( 'NONE',  ( 72.99999999999997158, 6.599999999999991651, -47.99999999999999289 ) ) ;
#6306 = VERTEX_POINT ( 'NONE', #7833 ) ;
#6307 = LINE ( 'NONE', #8294, #194 ) ;
#6308 = ORIENTED_EDGE ( 'NONE', *, *, #1126, .F. ) ;
#6309 = CARTESIAN_POINT ( 'NONE',  ( -46.00000000000000000, -14.72922906832823919, -41.49765298271436365 ) ) ;
#6310 = ADVANCED_FACE ( 'NONE', ( #528 ), #6446, .F. ) ;
#6311 = EDGE_CURVE ( 'NONE', #2185, #6443, #7229, .T. ) ;
#6312 = ORIENTED_EDGE ( 'NONE', *, *, #6718, .F. ) ;
#6313 = CARTESIAN_POINT ( 'NONE',  ( 75.00000000000001421, 9.599999999999990763, -36.00000000000004263 ) ) ;
#6314 = DIRECTION ( 'NONE',  ( 4.625929269271486407E-17, 0.000000000000000000, -1.000000000000000000 ) ) ;
#6315 =( GEOMETRIC_REPRESENTATION_CONTEXT ( 3 ) GLOBAL_UNCERTAINTY_ASSIGNED_CONTEXT ( ( #637 ) ) GLOBAL_UNIT_ASSIGNED_CONTEXT ( ( #3501, #3582, #4315 ) ) REPRESENTATION_CONTEXT ( 'NONE', 'WORKASPACE' ) );
#6316 = DIRECTION ( 'NONE',  ( 0.000000000000000000, 0.8660254037844422603, -0.4999999999999938383 ) ) ;
#6317 = CARTESIAN_POINT ( 'NONE',  ( 2.399999999999974154, 21.10000000000000142, -49.99999999999999289 ) ) ;
#6318 = EDGE_CURVE ( 'NONE', #7043, #2069, #3941, .T. ) ;
#6319 = VECTOR ( 'NONE', #733, 1000.000000000000000 ) ;
#6320 = ORIENTED_EDGE ( 'NONE', *, *, #8464, .F. ) ;
#6321 = CYLINDRICAL_SURFACE ( 'NONE', #4251, 4.999999999999997335 ) ;
#6322 = LINE ( 'NONE', #1097, #4005 ) ;
#6323 = FACE_OUTER_BOUND ( 'NONE', #7136, .T. ) ;
#6324 = LINE ( 'NONE', #4898, #8069 ) ;
#6325 = LINE ( 'NONE', #1785, #5419 ) ;
#6326 = ORIENTED_EDGE ( 'NONE', *, *, #4725, .F. ) ;
#6327 = CARTESIAN_POINT ( 'NONE',  ( -72.99999999999997158, 7.600000000000004086, 1.600000000000002531 ) ) ;
#6328 = ORIENTED_EDGE ( 'NONE', *, *, #4465, .F. ) ;
#6329 = CYLINDRICAL_SURFACE ( 'NONE', #83, 1.000000000000000222 ) ;
#6330 = DIRECTION ( 'NONE',  ( 0.000000000000000000, 0.000000000000000000, -1.000000000000000000 ) ) ;
#6331 = CARTESIAN_POINT ( 'NONE',  ( -72.99999999999997158, 35.00000000000000000, 31.16794919243129769 ) ) ;
#6332 = DIRECTION ( 'NONE',  ( 0.6546536707079790851, 0.7559289460184527298, 0.000000000000000000 ) ) ;
#6333 = ADVANCED_FACE ( 'NONE', ( #489 ), #5887, .F. ) ;
#6334 = CARTESIAN_POINT ( 'NONE',  ( 71.49999999999997158, 21.30000000000000071, -39.00000000000006395 ) ) ;
#6335 = ORIENTED_EDGE ( 'NONE', *, *, #4024, .F. ) ;
#6336 = VERTEX_POINT ( 'NONE', #5796 ) ;
#6337 = DIRECTION ( 'NONE',  ( 0.7071067811865451302, -0.7071067811865500152, 4.826103868906244712E-18 ) ) ;
#6338 = ORIENTED_EDGE ( 'NONE', *, *, #1661, .F. ) ;
#6339 = EDGE_LOOP ( 'NONE', ( #7016, #3965, #472, #6320 ) ) ;
#6340 = CARTESIAN_POINT ( 'NONE',  ( -72.99999999999995737, 9.599999999999990763, -36.00000000000000711 ) ) ;
#6341 = VECTOR ( 'NONE', #2273, 1000.000000000000000 ) ;
#6342 = CARTESIAN_POINT ( 'NONE',  ( -46.51499999999998636, 14.96142952513889490, 49.08807621135333932 ) ) ;
#6343 = DIRECTION ( 'NONE',  ( -2.403703357979464508E-16, -0.4999999999999947264, -0.8660254037844417052 ) ) ;
#6344 = CARTESIAN_POINT ( 'NONE',  ( -69.99999999999998579, 2.000000000000000000, 50.00000000000000711 ) ) ;
#6345 = EDGE_CURVE ( 'NONE', #6443, #1035, #569, .T. ) ;
#6346 = VERTEX_POINT ( 'NONE', #2648 ) ;
#6347 = DIRECTION ( 'NONE',  ( -2.403703357979465001E-16, -0.4999999999999948375, -0.8660254037844418162 ) ) ;
#6348 = ORIENTED_EDGE ( 'NONE', *, *, #1922, .F. ) ;
#6349 = EDGE_CURVE ( 'NONE', #4637, #7338, #6670, .T. ) ;
#6350 = CARTESIAN_POINT ( 'NONE',  ( 75.00000000000002842, 6.599999999999999645, 34.19999999999996732 ) ) ;
#6351 = DIRECTION ( 'NONE',  ( 1.000000000000000000, 0.000000000000000000, 0.000000000000000000 ) ) ;
#6352 = EDGE_LOOP ( 'NONE', ( #4453, #3638, #3022, #2133 ) ) ;
#6353 = ORIENTED_EDGE ( 'NONE', *, *, #2391, .F. ) ;
#6354 = EDGE_CURVE ( 'NONE', #6661, #1891, #1136, .T. ) ;
#6355 = LINE ( 'NONE', #6184, #8338 ) ;
#6356 = CARTESIAN_POINT ( 'NONE',  ( -65.99999999999998579, 20.03201627711599286, 42.69646997001231625 ) ) ;
#6357 = DIRECTION ( 'NONE',  ( 0.000000000000000000, -0.8660254037844425934, 0.4999999999999933942 ) ) ;
#6358 = VECTOR ( 'NONE', #4332, 1000.000000000000000 ) ;
#6359 = PLANE ( 'NONE',  #7767 ) ;
#6360 = ORIENTED_EDGE ( 'NONE', *, *, #3601, .T. ) ;
#6361 = VECTOR ( 'NONE', #1244, 1000.000000000000000 ) ;
#6362 = LINE ( 'NONE', #6653, #5937 ) ;
#6363 = EDGE_CURVE ( 'NONE', #8497, #7464, #3127, .T. ) ;
#6364 = DIRECTION ( 'NONE',  ( 1.000000000000000000, -9.860761315262645378E-32, -2.775557561562891351E-16 ) ) ;
#6365 = EDGE_CURVE ( 'NONE', #7328, #3971, #876, .T. ) ;
#6366 = CARTESIAN_POINT ( 'NONE',  ( -71.49999999999997158, 21.29999999999999005, -38.00000000000000000 ) ) ;
#6367 = CARTESIAN_POINT ( 'NONE',  ( 61.99999999999997868, 0.000000000000000000, -46.50000000000000000 ) ) ;
#6368 = ORIENTED_EDGE ( 'NONE', *, *, #5203, .F. ) ;
#6369 = DIRECTION ( 'NONE',  ( 0.7071067811865482389, -0.6123724356957961357, 0.3535533905932693455 ) ) ;
#6370 = CIRCLE ( 'NONE', #7477, 3.000000000000001332 ) ;
#6371 = EDGE_LOOP ( 'NONE', ( #3873, #1081, #881, #1717, #2968, #8516, #7021, #5267, #241, #7593, #2368, #5790, #2836, #1730, #3064 ) ) ;
#6372 = DIRECTION ( 'NONE',  ( 2.403703357979464508E-16, 0.4999999999999947264, 0.8660254037844417052 ) ) ;
#6373 = DIRECTION ( 'NONE',  ( -1.000000000000000000, 1.201851678989727817E-16, 2.081668171172168760E-16 ) ) ;
#6374 = EDGE_CURVE ( 'NONE', #4627, #1865, #2257, .T. ) ;
#6375 = CARTESIAN_POINT ( 'NONE',  ( 72.99999999999997158, 29.45096189432333489, 33.44792740578373014 ) ) ;
#6376 = CARTESIAN_POINT ( 'NONE',  ( 46.51500000000001478, 11.92168035785549307, 50.84307621135329924 ) ) ;
#6377 = CARTESIAN_POINT ( 'NONE',  ( -72.99999999999997158, 7.600000000000004086, 1.600000000000002531 ) ) ;
#6378 = ORIENTED_EDGE ( 'NONE', *, *, #4601, .F. ) ;
#6379 = VECTOR ( 'NONE', #5440, 1000.000000000000000 ) ;
#6380 = CIRCLE ( 'NONE', #4027, 3.510000000000004672 ) ;
#6381 = ORIENTED_EDGE ( 'NONE', *, *, #4552, .T. ) ;
#6382 = CARTESIAN_POINT ( 'NONE',  ( -27.00000000000002487, 26.20000000000000284, -49.99999999999999289 ) ) ;
#6383 = VERTEX_POINT ( 'NONE', #1388 ) ;
#6384 = ORIENTED_EDGE ( 'NONE', *, *, #4762, .F. ) ;
#6385 = VECTOR ( 'NONE', #3802, 1000.000000000000000 ) ;
#6386 = CARTESIAN_POINT ( 'NONE',  ( 60.65685424949240456, -12.78093107043129351, -42.62250335626176678 ) ) ;
#6387 = CARTESIAN_POINT ( 'NONE',  ( 56.07000000000000028, 5.000000000000000000, -44.43999999999999062 ) ) ;
#6388 = CARTESIAN_POINT ( 'NONE',  ( -49.80000000000002558, 7.100000000000002309, -49.99999999999999289 ) ) ;
#6389 = DIRECTION ( 'NONE',  ( 0.000000000000000000, -0.8660254037844413721, 0.4999999999999952816 ) ) ;
#6390 = VECTOR ( 'NONE', #3563, 1000.000000000000000 ) ;
#6391 = ORIENTED_EDGE ( 'NONE', *, *, #191, .F. ) ;
#6392 = DIRECTION ( 'NONE',  ( 0.000000000000000000, -1.000000000000000000, 0.000000000000000000 ) ) ;
#6393 = ORIENTED_EDGE ( 'NONE', *, *, #1560, .F. ) ;
#6394 = DIRECTION ( 'NONE',  ( 0.7071067811865475727, 0.7071067811865475727, 0.000000000000000000 ) ) ;
#6395 = CARTESIAN_POINT ( 'NONE',  ( 39.94999999999996732, 31.00000000000000711, -46.50000000000000000 ) ) ;
#6396 = EDGE_LOOP ( 'NONE', ( #3135, #442, #1941, #3374 ) ) ;
#6397 = EDGE_CURVE ( 'NONE', #5687, #5097, #7958, .T. ) ;
#6398 = VERTEX_POINT ( 'NONE', #6093 ) ;
#6399 = DIRECTION ( 'NONE',  ( -3.697785493223492290E-32, 0.8660254037844417052, -0.4999999999999947264 ) ) ;
#6400 = CARTESIAN_POINT ( 'NONE',  ( -71.49999999999997158, 5.600000000000004086, 1.600000000000002087 ) ) ;
#6401 = DIRECTION ( 'NONE',  ( 7.395570986446984581E-32, 0.8660254037844417052, -0.4999999999999947264 ) ) ;
#6402 = CIRCLE ( 'NONE', #6539, 1.000000000000000222 ) ;
#6403 = DIRECTION ( 'NONE',  ( -2.403703357979464508E-16, -0.4999999999999947264, -0.8660254037844417052 ) ) ;
#6404 = AXIS2_PLACEMENT_3D ( 'NONE', #4509, #576, #7919 ) ;
#6405 = ADVANCED_FACE ( 'NONE', ( #8037 ), #6656, .F. ) ;
#6406 = AXIS2_PLACEMENT_3D ( 'NONE', #1621, #4248, #3600 ) ;
#6407 = VERTEX_POINT ( 'NONE', #7272 ) ;
#6408 = DIRECTION ( 'NONE',  ( -1.000000000000000000, 0.000000000000000000, 0.000000000000000000 ) ) ;
#6409 = CARTESIAN_POINT ( 'NONE',  ( -59.94974746830582291, 14.87938382346100319, 45.67134370416518152 ) ) ;
#6410 = FACE_OUTER_BOUND ( 'NONE', #2685, .T. ) ;
#6411 = ORIENTED_EDGE ( 'NONE', *, *, #4909, .F. ) ;
#6412 = AXIS2_PLACEMENT_3D ( 'NONE', #7698, #3850, #568 ) ;
#6413 = DIRECTION ( 'NONE',  ( 0.000000000000000000, -0.7071067811865474617, -0.7071067811865474617 ) ) ;
#6414 = VECTOR ( 'NONE', #5205, 1000.000000000000114 ) ;
#6415 = ADVANCED_FACE ( 'NONE', ( #5315 ), #3377, .F. ) ;
#6416 = ADVANCED_FACE ( 'NONE', ( #2119 ), #4712, .F. ) ;
#6417 = ORIENTED_EDGE ( 'NONE', *, *, #3262, .T. ) ;
#6418 = CARTESIAN_POINT ( 'NONE',  ( 72.99999999999997158, 34.99999999999999289, 31.74529946162091321 ) ) ;
#6419 = DIRECTION ( 'NONE',  ( 0.000000000000000000, -1.000000000000000000, 0.000000000000000000 ) ) ;
#6420 = LINE ( 'NONE', #3141, #4670 ) ;
#6421 = LINE ( 'NONE', #4302, #4352 ) ;
#6422 = CARTESIAN_POINT ( 'NONE',  ( -60.99999999999998579, 26.96021950739155670, 38.69646997001233757 ) ) ;
#6423 = ORIENTED_EDGE ( 'NONE', *, *, #2450, .T. ) ;
#6424 = ORIENTED_EDGE ( 'NONE', *, *, #7743, .F. ) ;
#6425 = AXIS2_PLACEMENT_3D ( 'NONE', #5651, #7130, #8288 ) ;
#6426 = DIRECTION ( 'NONE',  ( -0.000000000000000000, -0.5000000000000015543, -0.8660254037844377084 ) ) ;
#6427 = EDGE_CURVE ( 'NONE', #8373, #2869, #1435, .T. ) ;
#6428 = ORIENTED_EDGE ( 'NONE', *, *, #7506, .T. ) ;
#6429 = AXIS2_PLACEMENT_3D ( 'NONE', #1068, #3015, #5644 ) ;
#6430 = ORIENTED_EDGE ( 'NONE', *, *, #6987, .F. ) ;
#6431 = LINE ( 'NONE', #3150, #6838 ) ;
#6432 = DIRECTION ( 'NONE',  ( 0.000000000000000000, -0.000000000000000000, 1.000000000000000000 ) ) ;
#6433 = CARTESIAN_POINT ( 'NONE',  ( 1.425461894323354350, 31.00000000000000711, -7.975461894323562895 ) ) ;
#6434 = CARTESIAN_POINT ( 'NONE',  ( -72.99999999999997158, 33.50000000000000711, -48.00000000000000000 ) ) ;
#6435 = CIRCLE ( 'NONE', #2719, 3.500000000000003109 ) ;
#6436 = VERTEX_POINT ( 'NONE', #183 ) ;
#6437 = LINE ( 'NONE', #7775, #5549 ) ;
#6438 = ORIENTED_EDGE ( 'NONE', *, *, #6000, .F. ) ;
#6439 = DIRECTION ( 'NONE',  ( -1.000000000000000000, -0.000000000000000000, 2.775557561562891351E-16 ) ) ;
#6440 = LINE ( 'NONE', #5752, #425 ) ;
#6441 = ORIENTED_EDGE ( 'NONE', *, *, #3700, .T. ) ;
#6442 = ORIENTED_EDGE ( 'NONE', *, *, #492, .F. ) ;
#6443 = VERTEX_POINT ( 'NONE', #794 ) ;
#6444 = CARTESIAN_POINT ( 'NONE',  ( -56.07000000000000028, 5.000000000000000000, -42.53999999999999204 ) ) ;
#6445 = ADVANCED_FACE ( 'NONE', ( #6051 ), #7350, .F. ) ;
#6446 = PLANE ( 'NONE',  #1985 ) ;
#6447 = CARTESIAN_POINT ( 'NONE',  ( -46.51499999999998636, 11.92168035785550018, 50.84307621135332766 ) ) ;
#6448 = ORIENTED_EDGE ( 'NONE', *, *, #1403, .T. ) ;
#6449 = CARTESIAN_POINT ( 'NONE',  ( 71.49999999999997158, 30.00000000000001066, -6.532606157515349565 ) ) ;
#6450 = LINE ( 'NONE', #7278, #5718 ) ;
#6451 = EDGE_CURVE ( 'NONE', #1246, #4597, #1478, .T. ) ;
#6452 = PLANE ( 'NONE',  #7085 ) ;
#6453 = ORIENTED_EDGE ( 'NONE', *, *, #5395, .T. ) ;
#6454 = EDGE_CURVE ( 'NONE', #2411, #4447, #3423, .T. ) ;
#6455 = CARTESIAN_POINT ( 'NONE',  ( 59.94974746830587975, 32.11285196104657302, 35.72159623585943677 ) ) ;
#6456 = ORIENTED_EDGE ( 'NONE', *, *, #4235, .F. ) ;
#6457 = DIRECTION ( 'NONE',  ( 0.000000000000000000, -0.8660254037844385966, 0.5000000000000001110 ) ) ;
#6458 = DIRECTION ( 'NONE',  ( -2.220446049250312588E-16, -0.4999999999999947820, -0.8660254037844417052 ) ) ;
#6459 = LINE ( 'NONE', #542, #5453 ) ;
#6460 = CARTESIAN_POINT ( 'NONE',  ( -70.00000000000001421, 0.000000000000000000, -50.00000000000000000 ) ) ;
#6461 = EDGE_CURVE ( 'NONE', #624, #2392, #3459, .T. ) ;
#6462 = DIRECTION ( 'NONE',  ( 0.000000000000000000, 0.8660254037844425934, -0.4999999999999933942 ) ) ;
#6463 = ORIENTED_EDGE ( 'NONE', *, *, #7721, .F. ) ;
#6464 = VECTOR ( 'NONE', #4286, 1000.000000000000000 ) ;
#6465 = ORIENTED_EDGE ( 'NONE', *, *, #7465, .F. ) ;
#6466 = CARTESIAN_POINT ( 'NONE',  ( -61.36396103067892938, 15.10412869485261567, 43.23218611540976042 ) ) ;
#6467 = ORIENTED_EDGE ( 'NONE', *, *, #239, .F. ) ;
#6468 = ORIENTED_EDGE ( 'NONE', *, *, #6784, .T. ) ;
#6469 = CARTESIAN_POINT ( 'NONE',  ( -26.50000000000002487, 25.69999999999999929, -47.99999999999999289 ) ) ;
#6470 = CARTESIAN_POINT ( 'NONE',  ( -72.99999999999997158, 6.599999999999999645, 34.20000000000000995 ) ) ;
#6471 = LINE ( 'NONE', #2026, #2859 ) ;
#6472 = CARTESIAN_POINT ( 'NONE',  ( 56.07000000000000028, 5.000000000000000000, -44.43999999999999062 ) ) ;
#6473 = ADVANCED_FACE ( 'NONE', ( #5444, #8083, #226, #2164, #4794, #4144, #3503, #2866, #5486, #8125, #4019, #1351 ), #6617, .T. ) ;
#6474 = EDGE_CURVE ( 'NONE', #134, #4971, #4672, .T. ) ;
#6475 = ORIENTED_EDGE ( 'NONE', *, *, #3306, .T. ) ;
#6476 = DIRECTION ( 'NONE',  ( 0.000000000000000000, 0.8660254037844425934, -0.4999999999999933942 ) ) ;
#6477 = VERTEX_POINT ( 'NONE', #436 ) ;
#6478 = CARTESIAN_POINT ( 'NONE',  ( -60.65685424949236904, 15.49175625915679255, 45.31779031357189069 ) ) ;
#6479 = ORIENTED_EDGE ( 'NONE', *, *, #6163, .F. ) ;
#6480 = AXIS2_PLACEMENT_3D ( 'NONE', #8068, #6123, #2148 ) ;
#6481 = ORIENTED_EDGE ( 'NONE', *, *, #1229, .T. ) ;
#6482 = DIRECTION ( 'NONE',  ( 0.000000000000000000, 1.000000000000000000, 0.000000000000000000 ) ) ;
#6483 = EDGE_LOOP ( 'NONE', ( #3453, #6393, #5481, #4970 ) ) ;
#6484 = EDGE_CURVE ( 'NONE', #1614, #1345, #6307, .T. ) ;
#6485 = DIRECTION ( 'NONE',  ( -0.000000000000000000, -1.000000000000000000, -0.000000000000000000 ) ) ;
#6486 = DIRECTION ( 'NONE',  ( 0.000000000000000000, 0.8660254037844425934, -0.4999999999999933942 ) ) ;
#6487 = DIRECTION ( 'NONE',  ( 1.000000000000000000, 0.000000000000000000, 0.000000000000000000 ) ) ;
#6488 = STYLED_ITEM ( 'NONE', ( #4844 ), #7007 ) ;
#6489 = ORIENTED_EDGE ( 'NONE', *, *, #844, .T. ) ;
#6490 = CYLINDRICAL_SURFACE ( 'NONE', #6404, 3.500000000000003109 ) ;
#6491 = VECTOR ( 'NONE', #3542, 1000.000000000000000 ) ;
#6492 = DIRECTION ( 'NONE',  ( 0.000000000000000000, 0.8660254037844417052, -0.4999999999999947264 ) ) ;
#6493 = LINE ( 'NONE', #4641, #6113 ) ;
#6494 = EDGE_LOOP ( 'NONE', ( #5249, #992, #428, #6129 ) ) ;
#6495 = LINE ( 'NONE', #3137, #7604 ) ;
#6496 = VECTOR ( 'NONE', #6998, 1000.000000000000227 ) ;
#6497 = VECTOR ( 'NONE', #285, 1000.000000000000000 ) ;
#6498 = ORIENTED_EDGE ( 'NONE', *, *, #2328, .F. ) ;
#6499 = EDGE_CURVE ( 'NONE', #6108, #6809, #6219, .T. ) ;
#6500 = FACE_OUTER_BOUND ( 'NONE', #730, .T. ) ;
#6501 = CARTESIAN_POINT ( 'NONE',  ( 75.00000000000001421, 28.00000000000000711, 27.93478768496934705 ) ) ;
#6502 = DIRECTION ( 'NONE',  ( 0.000000000000000000, 0.000000000000000000, 1.000000000000000000 ) ) ;
#6503 = PLANE ( 'NONE',  #1873 ) ;
#6504 = DIRECTION ( 'NONE',  ( 0.000000000000000000, 0.7071067811865451302, -0.7071067811865500152 ) ) ;
#6505 = VERTEX_POINT ( 'NONE', #4921 ) ;
#6506 = EDGE_LOOP ( 'NONE', ( #455, #8454 ) ) ;
#6507 = AXIS2_PLACEMENT_3D ( 'NONE', #228, #795, #2867 ) ;
#6508 = DIRECTION ( 'NONE',  ( 0.000000000000000000, 0.8660254037844425934, -0.4999999999999933942 ) ) ;
#6509 = VERTEX_POINT ( 'NONE', #3711 ) ;
#6510 = ADVANCED_FACE ( 'NONE', ( #7560 ), #5702, .F. ) ;
#6511 = ORIENTED_EDGE ( 'NONE', *, *, #5636, .T. ) ;
#6512 = DIRECTION ( 'NONE',  ( -1.000000000000000000, 0.000000000000000000, -4.625929269271485791E-17 ) ) ;
#6513 = DIRECTION ( 'NONE',  ( 1.734723475976807686E-15, -0.8660254037844418162, 0.4999999999999945599 ) ) ;
#6514 = DIRECTION ( 'NONE',  ( 0.000000000000000000, -0.000000000000000000, 1.000000000000000000 ) ) ;
#6515 = CARTESIAN_POINT ( 'NONE',  ( -50.30000000000002558, 25.69999999999999929, -47.99999999999999289 ) ) ;
#6516 = AXIS2_PLACEMENT_3D ( 'NONE', #3455, #4791, #6612 ) ;
#6517 = VECTOR ( 'NONE', #4135, 1000.000000000000000 ) ;
#6518 = ORIENTED_EDGE ( 'NONE', *, *, #7673, .T. ) ;
#6519 = CARTESIAN_POINT ( 'NONE',  ( 71.49999999999997158, 21.30000000000000071, -40.00000000000003553 ) ) ;
#6520 = EDGE_LOOP ( 'NONE', ( #4554, #71, #85, #8247 ) ) ;
#6521 = DIRECTION ( 'NONE',  ( 0.000000000000000000, 0.8660254037844418162, -0.4999999999999945599 ) ) ;
#6522 = AXIS2_PLACEMENT_3D ( 'NONE', #4493, #8465, #2424 ) ;
#6523 = ORIENTED_EDGE ( 'NONE', *, *, #5357, .T. ) ;
#6524 = ADVANCED_FACE ( 'NONE', ( #1641 ), #2333, .F. ) ;
#6525 = EDGE_CURVE ( 'NONE', #414, #5915, #4190, .T. ) ;
#6526 = ORIENTED_EDGE ( 'NONE', *, *, #3017, .F. ) ;
#6527 = LINE ( 'NONE', #4501, #3364 ) ;
#6528 = AXIS2_PLACEMENT_3D ( 'NONE', #1230, #535, #2527 ) ;
#6529 = CARTESIAN_POINT ( 'NONE',  ( 34.94999999999996732, 32.00000000000000711, -46.50000000000000000 ) ) ;
#6530 = VERTEX_POINT ( 'NONE', #1000 ) ;
#6531 = AXIS2_PLACEMENT_3D ( 'NONE', #8010, #2918, #5544 ) ;
#6532 = LINE ( 'NONE', #1951, #3110 ) ;
#6533 = DIRECTION ( 'NONE',  ( 0.000000000000000000, 0.000000000000000000, 1.000000000000000000 ) ) ;
#6534 = CARTESIAN_POINT ( 'NONE',  ( -45.99999999999997868, 26.82013071988496478, 36.46794919243123445 ) ) ;
#6535 = VECTOR ( 'NONE', #5061, 1000.000000000000114 ) ;
#6536 = EDGE_CURVE ( 'NONE', #6383, #6573, #3546, .T. ) ;
#6537 = ORIENTED_EDGE ( 'NONE', *, *, #3126, .F. ) ;
#6538 = DIRECTION ( 'NONE',  ( 0.000000000000000000, 0.000000000000000000, 1.000000000000000000 ) ) ;
#6539 = AXIS2_PLACEMENT_3D ( 'NONE', #2694, #1349, #7307 ) ;
#6540 = DIRECTION ( 'NONE',  ( 8.012344526598161516E-15, -0.000000000000000000, -1.000000000000000000 ) ) ;
#6541 = PLANE ( 'NONE',  #2813 ) ;
#6542 = VERTEX_POINT ( 'NONE', #8165 ) ;
#6543 = CARTESIAN_POINT ( 'NONE',  ( 39.94999999999996732, 31.00000000000000711, -46.50000000000000000 ) ) ;
#6544 = PRODUCT_RELATED_PRODUCT_CATEGORY ( 'part', '', ( #3212 ) ) ;
#6545 = VECTOR ( 'NONE', #7415, 1000.000000000000000 ) ;
#6546 = ORIENTED_EDGE ( 'NONE', *, *, #804, .T. ) ;
#6547 = CARTESIAN_POINT ( 'NONE',  ( 75.00000000000002842, 17.14833395016074391, 37.19999999999996732 ) ) ;
#6548 = CYLINDRICAL_SURFACE ( 'NONE', #2436, 2.999999999999999112 ) ;
#6549 = LINE ( 'NONE', #635, #7529 ) ;
#6550 = CARTESIAN_POINT ( 'NONE',  ( -56.06999999999999318, 5.000000000000000000, 12.99000000000000909 ) ) ;
#6551 = FACE_OUTER_BOUND ( 'NONE', #6006, .T. ) ;
#6552 = AXIS2_PLACEMENT_3D ( 'NONE', #626, #5151, #4510 ) ;
#6553 = VERTEX_POINT ( 'NONE', #4271 ) ;
#6554 = EDGE_CURVE ( 'NONE', #111, #5290, #5524, .T. ) ;
#6555 = EDGE_LOOP ( 'NONE', ( #2002, #4136, #696, #4960 ) ) ;
#6556 = CARTESIAN_POINT ( 'NONE',  ( 46.00000000000002132, 26.82013071988495767, 36.46794919243121313 ) ) ;
#6557 = EDGE_LOOP ( 'NONE', ( #7077, #6448, #4204, #4958 ) ) ;
#6558 = VERTEX_POINT ( 'NONE', #7474 ) ;
#6559 = CARTESIAN_POINT ( 'NONE',  ( 71.49999999999997158, 20.59611789225410305, 35.67352262806246443 ) ) ;
#6560 = CARTESIAN_POINT ( 'NONE',  ( 66.00000000000001421, 25.96021950739155670, 36.96441916244344839 ) ) ;
#6561 = CARTESIAN_POINT ( 'NONE',  ( 72.99999999999997158, 37.00000000000000711, -41.50000000000003553 ) ) ;
#6562 = ORIENTED_EDGE ( 'NONE', *, *, #1569, .T. ) ;
#6563 = CIRCLE ( 'NONE', #8498, 1.000000000000000222 ) ;
#6564 = EDGE_CURVE ( 'NONE', #813, #4400, #1690, .T. ) ;
#6565 = EDGE_LOOP ( 'NONE', ( #2896, #2268, #8295, #3528 ) ) ;
#6566 = DIRECTION ( 'NONE',  ( -2.403703357979464015E-16, -0.4999999999999946154, -0.8660254037844419273 ) ) ;
#6567 = CIRCLE ( 'NONE', #5457, 1.900000000000002354 ) ;
#6568 = VERTEX_POINT ( 'NONE', #6908 ) ;
#6569 = EDGE_LOOP ( 'NONE', ( #2816, #383, #5433, #2675 ) ) ;
#6570 = VECTOR ( 'NONE', #8406, 1000.000000000000000 ) ;
#6571 = LINE ( 'NONE', #2819, #6790 ) ;
#6572 = CARTESIAN_POINT ( 'NONE',  ( 69.99999999999998579, 6.846032805709803881, 48.00000000000000711 ) ) ;
#6573 = VERTEX_POINT ( 'NONE', #7518 ) ;
#6574 = VECTOR ( 'NONE', #5382, 1000.000000000000000 ) ;
#6575 = CARTESIAN_POINT ( 'NONE',  ( 61.99999999999995737, 31.00000000000000711, -49.99999999999999289 ) ) ;
#6576 = EDGE_CURVE ( 'NONE', #1378, #6306, #2201, .T. ) ;
#6577 = DIRECTION ( 'NONE',  ( 0.000000000000000000, 0.000000000000000000, -1.000000000000000000 ) ) ;
#6578 = EDGE_CURVE ( 'NONE', #7208, #6168, #5657, .T. ) ;
#6579 = DIRECTION ( 'NONE',  ( 0.000000000000000000, 0.8660254037844425934, -0.4999999999999933942 ) ) ;
#6580 = AXIS2_PLACEMENT_3D ( 'NONE', #494, #974, #5591 ) ;
#6581 = EDGE_LOOP ( 'NONE', ( #6179, #4780, #7242, #2050 ) ) ;
#6582 = CARTESIAN_POINT ( 'NONE',  ( 46.51500000000000767, 31.31480256552621100, 33.87294919243123559 ) ) ;
#6583 = CARTESIAN_POINT ( 'NONE',  ( -72.99999999999997158, 37.00000000000000711, -45.00000000000000000 ) ) ;
#6584 = EDGE_CURVE ( 'NONE', #6398, #8457, #6178, .T. ) ;
#6585 = CARTESIAN_POINT ( 'NONE',  ( 12.89999999999997904, 21.30000000000000782, -46.50000000000000000 ) ) ;
#6586 = EDGE_CURVE ( 'NONE', #1510, #8346, #4959, .T. ) ;
#6587 = VERTEX_POINT ( 'NONE', #4832 ) ;
#6588 = DIRECTION ( 'NONE',  ( 1.000000000000000000, 0.000000000000000000, 0.000000000000000000 ) ) ;
#6589 = EDGE_LOOP ( 'NONE', ( #3105, #5363, #7856, #7467 ) ) ;
#6590 = DIRECTION ( 'NONE',  ( 0.000000000000000000, -1.000000000000000000, 0.000000000000000000 ) ) ;
#6591 = CARTESIAN_POINT ( 'NONE',  ( 12.89999999999998259, 9.600000000000001421, -47.99999999999999289 ) ) ;
#6592 = LINE ( 'NONE', #2666, #7664 ) ;
#6593 = LINE ( 'NONE', #680, #3402 ) ;
#6594 = CARTESIAN_POINT ( 'NONE',  ( -71.49999999999997158, 0.000000000000000000, -39.00000000000002842 ) ) ;
#6595 = EDGE_CURVE ( 'NONE', #4364, #8243, #919, .T. ) ;
#6596 = ORIENTED_EDGE ( 'NONE', *, *, #2300, .T. ) ;
#6597 = VERTEX_POINT ( 'NONE', #4362 ) ;
#6598 = DIRECTION ( 'NONE',  ( 0.000000000000000000, 1.000000000000000000, -2.843808977011156843E-16 ) ) ;
#6599 = ORIENTED_EDGE ( 'NONE', *, *, #1109, .T. ) ;
#6600 = VECTOR ( 'NONE', #2025, 1000.000000000000114 ) ;
#6601 = ORIENTED_EDGE ( 'NONE', *, *, #4367, .T. ) ;
#6602 = CYLINDRICAL_SURFACE ( 'NONE', #547, 3.500000000000003109 ) ;
#6603 = EDGE_CURVE ( 'NONE', #4470, #3326, #2107, .T. ) ;
#6604 = PLANE ( 'NONE',  #5628 ) ;
#6605 = CARTESIAN_POINT ( 'NONE',  ( 56.07000000000000028, 0.000000000000000000, -44.43999999999999062 ) ) ;
#6606 = ORIENTED_EDGE ( 'NONE', *, *, #6987, .T. ) ;
#6607 = ORIENTED_EDGE ( 'NONE', *, *, #320, .T. ) ;
#6608 = FACE_OUTER_BOUND ( 'NONE', #1502, .T. ) ;
#6609 = VERTEX_POINT ( 'NONE', #7648 ) ;
#6610 = ORIENTED_EDGE ( 'NONE', *, *, #1600, .T. ) ;
#6611 = EDGE_CURVE ( 'NONE', #5166, #4668, #3622, .T. ) ;
#6612 = DIRECTION ( 'NONE',  ( 4.625929269271486407E-17, 0.000000000000000000, -1.000000000000000000 ) ) ;
#6613 = DIRECTION ( 'NONE',  ( 4.625929269271486407E-17, 0.000000000000000000, -1.000000000000000000 ) ) ;
#6614 = VERTEX_POINT ( 'NONE', #8210 ) ;
#6615 = DIRECTION ( 'NONE',  ( -0.7071067811865455743, 0.6123724356957985782, -0.3535533905932708998 ) ) ;
#6616 = EDGE_CURVE ( 'NONE', #3540, #1910, #2293, .T. ) ;
#6617 = PLANE ( 'NONE',  #2820 ) ;
#6618 = DIRECTION ( 'NONE',  ( 0.000000000000000000, 0.000000000000000000, 1.000000000000000000 ) ) ;
#6619 = ADVANCED_FACE ( 'NONE', ( #520 ), #2507, .F. ) ;
#6620 = ORIENTED_EDGE ( 'NONE', *, *, #4562, .T. ) ;
#6621 = DIRECTION ( 'NONE',  ( 1.000000000000000000, 4.091328952775488523E-17, 0.000000000000000000 ) ) ;
#6622 = DIRECTION ( 'NONE',  ( 0.000000000000000000, -0.8660254037844417052, 0.4999999999999947264 ) ) ;
#6623 = CARTESIAN_POINT ( 'NONE',  ( -72.99999999999997158, 4.100000000000006750, 3.100000000000012523 ) ) ;
#6624 = EDGE_LOOP ( 'NONE', ( #72, #8030, #4272, #6797 ) ) ;
#6625 = DIRECTION ( 'NONE',  ( 0.7071067811865460184, 0.6123724356957958026, -0.3535533905932747856 ) ) ;
#6626 = ORIENTED_EDGE ( 'NONE', *, *, #565, .F. ) ;
#6627 = ADVANCED_FACE ( 'NONE', ( #8340 ), #3884, .F. ) ;
#6628 = EDGE_CURVE ( 'NONE', #6809, #5787, #7690, .T. ) ;
#6629 = AXIS2_PLACEMENT_3D ( 'NONE', #6529, #8515, #2602 ) ;
#6630 = CARTESIAN_POINT ( 'NONE',  ( 11.89999999999998082, 21.30000000000000782, -46.50000000000000000 ) ) ;
#6631 = CARTESIAN_POINT ( 'NONE',  ( 58.99999999999995737, 28.00000000000000711, -49.99999999999999289 ) ) ;
#6632 = DIRECTION ( 'NONE',  ( 0.000000000000000000, 1.000000000000000000, 0.000000000000000000 ) ) ;
#6633 = LINE ( 'NONE', #3399, #6149 ) ;
#6634 = FACE_OUTER_BOUND ( 'NONE', #5766, .T. ) ;
#6635 = ORIENTED_EDGE ( 'NONE', *, *, #6141, .T. ) ;
#6636 = VECTOR ( 'NONE', #555, 1000.000000000000000 ) ;
#6637 = FACE_OUTER_BOUND ( 'NONE', #4090, .T. ) ;
#6638 = VERTEX_POINT ( 'NONE', #1809 ) ;
#6639 = ADVANCED_FACE ( 'NONE', ( #1902 ), #5133, .F. ) ;
#6640 = VERTEX_POINT ( 'NONE', #4446 ) ;
#6641 = CARTESIAN_POINT ( 'NONE',  ( -61.36396103067892227, 29.88810708965499074, 34.69665220947712925 ) ) ;
#6642 = AXIS2_PLACEMENT_3D ( 'NONE', #3588, #6270, #1736 ) ;
#6643 = FACE_OUTER_BOUND ( 'NONE', #5919, .T. ) ;
#6644 = DIRECTION ( 'NONE',  ( 2.403703357979464508E-16, 0.4999999999999947264, 0.8660254037844417052 ) ) ;
#6645 = VECTOR ( 'NONE', #2225, 1000.000000000000000 ) ;
#6646 = EDGE_LOOP ( 'NONE', ( #8486, #5669, #1354, #3861 ) ) ;
#6647 = AXIS2_PLACEMENT_3D ( 'NONE', #1225, #2697, #2566 ) ;
#6648 = ORIENTED_EDGE ( 'NONE', *, *, #1095, .F. ) ;
#6649 = DIRECTION ( 'NONE',  ( 1.000000000000000000, 0.000000000000000000, -2.775557561562891351E-16 ) ) ;
#6650 = ORIENTED_EDGE ( 'NONE', *, *, #1122, .T. ) ;
#6651 = VECTOR ( 'NONE', #175, 1000.000000000000000 ) ;
#6652 = DIRECTION ( 'NONE',  ( -2.403703357979464015E-16, -0.4999999999999946154, -0.8660254037844419273 ) ) ;
#6653 = CARTESIAN_POINT ( 'NONE',  ( -56.06999999999999318, 5.000000000000000000, 9.490000000000009095 ) ) ;
#6654 = EDGE_LOOP ( 'NONE', ( #7280, #3444, #5282, #7869 ) ) ;
#6655 = CARTESIAN_POINT ( 'NONE',  ( 60.99999999999995026, 21.30000000000000071, -47.50000000000002842 ) ) ;
#6656 = PLANE ( 'NONE',  #7092 ) ;
#6657 = AXIS2_PLACEMENT_3D ( 'NONE', #464, #4385, #4344 ) ;
#6658 = AXIS2_PLACEMENT_3D ( 'NONE', #480, #8384, #5830 ) ;
#6659 = CARTESIAN_POINT ( 'NONE',  ( 67.00000000000001421, 19.89804168090045877, 40.46441916244340575 ) ) ;
#6660 = EDGE_CURVE ( 'NONE', #6907, #4793, #6107, .T. ) ;
#6661 = VERTEX_POINT ( 'NONE', #3195 ) ;
#6662 = AXIS2_PLACEMENT_3D ( 'NONE', #1052, #6403, #3814 ) ;
#6663 = FACE_OUTER_BOUND ( 'NONE', #2227, .T. ) ;
#6664 = FACE_OUTER_BOUND ( 'NONE', #7040, .T. ) ;
#6665 = CARTESIAN_POINT ( 'NONE',  ( 39.94999999999996732, 32.00000000000000711, -46.50000000000000000 ) ) ;
#6666 = EDGE_LOOP ( 'NONE', ( #6173, #2508, #3984, #6368 ) ) ;
#6667 = ADVANCED_FACE ( 'NONE', ( #5050 ), #1213, .F. ) ;
#6668 = CARTESIAN_POINT ( 'NONE',  ( -75.00000000000000000, 18.64833395016074391, 36.79807621135332596 ) ) ;
#6669 = ORIENTED_EDGE ( 'NONE', *, *, #492, .T. ) ;
#6670 = CIRCLE ( 'NONE', #887, 3.000000000000002665 ) ;
#6671 = VECTOR ( 'NONE', #5241, 1000.000000000000000 ) ;
#6672 = ORIENTED_EDGE ( 'NONE', *, *, #8330, .F. ) ;
#6673 = CARTESIAN_POINT ( 'NONE',  ( -72.99999999999997158, 29.45096189432335265, 33.44792740578380830 ) ) ;
#6674 = DIRECTION ( 'NONE',  ( 2.403703357979464508E-16, 0.4999999999999947264, 0.8660254037844417052 ) ) ;
#6675 = PLANE ( 'NONE',  #1978 ) ;
#6676 = CARTESIAN_POINT ( 'NONE',  ( -57.29289321881343966, 26.36245894405035273, 36.73218611540984568 ) ) ;
#6677 = CARTESIAN_POINT ( 'NONE',  ( 72.99999999999997158, 28.00000000000000711, -36.00000000000004263 ) ) ;
#6678 = DIRECTION ( 'NONE',  ( -0.000000000000000000, -0.7071067811865451302, -0.7071067811865500152 ) ) ;
#6679 = ORIENTED_EDGE ( 'NONE', *, *, #2190, .T. ) ;
#6680 = EDGE_CURVE ( 'NONE', #2021, #8313, #4399, .T. ) ;
#6681 = EDGE_CURVE ( 'NONE', #6160, #2761, #5786, .T. ) ;
#6682 = AXIS2_PLACEMENT_3D ( 'NONE', #4711, #3330, #4105 ) ;
#6683 = LINE ( 'NONE', #7330, #8297 ) ;
#6684 = VECTOR ( 'NONE', #1270, 1000.000000000000114 ) ;
#6685 = ORIENTED_EDGE ( 'NONE', *, *, #8464, .T. ) ;
#6686 = ORIENTED_EDGE ( 'NONE', *, *, #2767, .F. ) ;
#6687 = CARTESIAN_POINT ( 'NONE',  ( 46.51499999999998636, -11.18718516684987030, -43.54265298271435825 ) ) ;
#6688 = AXIS2_PLACEMENT_3D ( 'NONE', #710, #7999, #7921 ) ;
#6689 = FACE_OUTER_BOUND ( 'NONE', #737, .T. ) ;
#6690 = DIRECTION ( 'NONE',  ( 0.000000000000000000, 0.8660254037844425934, -0.4999999999999933942 ) ) ;
#6691 = ORIENTED_EDGE ( 'NONE', *, *, #3719, .F. ) ;
#6692 = ORIENTED_EDGE ( 'NONE', *, *, #5154, .F. ) ;
#6693 = EDGE_CURVE ( 'NONE', #7866, #4996, #8038, .T. ) ;
#6694 = DIRECTION ( 'NONE',  ( -2.403703357979465494E-16, -0.4999999999999947264, -0.8660254037844417052 ) ) ;
#6695 = VECTOR ( 'NONE', #7184, 1000.000000000000000 ) ;
#6696 = AXIS2_PLACEMENT_3D ( 'NONE', #2487, #539, #5809 ) ;
#6697 = VERTEX_POINT ( 'NONE', #1172 ) ;
#6698 = ORIENTED_EDGE ( 'NONE', *, *, #6616, .F. ) ;
#6699 = FACE_OUTER_BOUND ( 'NONE', #5908, .T. ) ;
#6700 = FACE_OUTER_BOUND ( 'NONE', #1677, .T. ) ;
#6701 = CARTESIAN_POINT ( 'NONE',  ( 46.51500000000001478, 10.42168035785550906, 48.24499999999997613 ) ) ;
#6702 = FACE_OUTER_BOUND ( 'NONE', #7682, .T. ) ;
#6703 = CARTESIAN_POINT ( 'NONE',  ( -60.65685424949238325, 31.50047952535075524, 36.07514962645270629 ) ) ;
#6704 = AXIS2_PLACEMENT_3D ( 'NONE', #4520, #3142, #7159 ) ;
#6705 = DIRECTION ( 'NONE',  ( 0.000000000000000000, -0.000000000000000000, -1.000000000000000000 ) ) ;
#6706 = VECTOR ( 'NONE', #8292, 1000.000000000000000 ) ;
#6707 = AXIS2_PLACEMENT_3D ( 'NONE', #1543, #7422, #2151 ) ;
#6708 = ORIENTED_EDGE ( 'NONE', *, *, #6846, .T. ) ;
#6709 = EDGE_CURVE ( 'NONE', #1257, #3020, #5748, .T. ) ;
#6710 = CARTESIAN_POINT ( 'NONE',  ( -61.36396103067892227, 30.88810708965496943, 36.42870301704600422 ) ) ;
#6711 = DIRECTION ( 'NONE',  ( 0.000000000000000000, 0.8660254037844413721, -0.4999999999999952816 ) ) ;
#6712 = CARTESIAN_POINT ( 'NONE',  ( -57.29289321881346808, -25.51765915910927518, -35.26894996566853990 ) ) ;
#6713 = DIRECTION ( 'NONE',  ( -1.000000000000000000, 5.473822126268816683E-48, 2.775557561562891351E-16 ) ) ;
#6714 = ORIENTED_EDGE ( 'NONE', *, *, #6784, .F. ) ;
#6715 = ORIENTED_EDGE ( 'NONE', *, *, #2659, .F. ) ;
#6716 = CARTESIAN_POINT ( 'NONE',  ( 72.99999999999997158, 22.07179676972450011, 33.66683849253823269 ) ) ;
#6717 = CARTESIAN_POINT ( 'NONE',  ( 0.000000000000000000, 0.000000000000000000, -48.00000000000000000 ) ) ;
#6718 = EDGE_CURVE ( 'NONE', #7434, #7332, #2466, .T. ) ;
#6719 = PLANE ( 'NONE',  #2111 ) ;
#6720 = CARTESIAN_POINT ( 'NONE',  ( -60.65685424949237614, 31.50047952535076234, 36.07514962645271339 ) ) ;
#6721 = PLANE ( 'NONE',  #3946 ) ;
#6722 = CYLINDRICAL_SURFACE ( 'NONE', #7652, 3.499999999999999556 ) ;
#6723 = ORIENTED_EDGE ( 'NONE', *, *, #2199, .T. ) ;
#6724 = EDGE_CURVE ( 'NONE', #645, #7167, #6437, .T. ) ;
#6725 = DIRECTION ( 'NONE',  ( 1.000000000000000000, 0.000000000000000000, 0.000000000000000000 ) ) ;
#6726 = ORIENTED_EDGE ( 'NONE', *, *, #2801, .F. ) ;
#6727 = ORIENTED_EDGE ( 'NONE', *, *, #8043, .T. ) ;
#6728 = CYLINDRICAL_SURFACE ( 'NONE', #7036, 3.509999999999991793 ) ;
#6729 = ADVANCED_FACE ( 'NONE', ( #6147 ), #5584, .F. ) ;
#6730 = DIRECTION ( 'NONE',  ( 0.000000000000000000, 2.168404344971008868E-16, -1.000000000000000000 ) ) ;
#6731 = CARTESIAN_POINT ( 'NONE',  ( 75.00000000000000000, 28.00000000000000711, 27.93478768496934705 ) ) ;
#6732 = MECHANICAL_DESIGN_GEOMETRIC_PRESENTATION_REPRESENTATION (  '', ( #803 ), #6315 ) ;
#6733 = ORIENTED_EDGE ( 'NONE', *, *, #661, .F. ) ;
#6734 = ORIENTED_EDGE ( 'NONE', *, *, #7730, .F. ) ;
#6735 = CARTESIAN_POINT ( 'NONE',  ( 72.99999999999997158, 31.00000000000000711, 27.93478768496934705 ) ) ;
#6736 = AXIS2_PLACEMENT_3D ( 'NONE', #6894, #4172, #6166 ) ;
#6737 = EDGE_LOOP ( 'NONE', ( #4053, #1164, #7461, #6381, #4584, #3203 ) ) ;
#6738 = VERTEX_POINT ( 'NONE', #2789 ) ;
#6739 = EDGE_CURVE ( 'NONE', #8089, #6763, #7625, .T. ) ;
#6740 = ADVANCED_FACE ( 'NONE', ( #238 ), #1613, .T. ) ;
#6741 = DIRECTION ( 'NONE',  ( 0.7071067811865479058, 0.6123724356957963577, -0.3535533905932696230 ) ) ;
#6742 = LINE ( 'NONE', #2821, #5384 ) ;
#6743 = PLANE ( 'NONE',  #8112 ) ;
#6744 = FACE_OUTER_BOUND ( 'NONE', #6016, .T. ) ;
#6745 = CARTESIAN_POINT ( 'NONE',  ( 71.49999999999997158, 21.30000000000000071, -40.00000000000003553 ) ) ;
#6746 = VECTOR ( 'NONE', #5186, 1000.000000000000000 ) ;
#6747 = DIRECTION ( 'NONE',  ( -0.000000000000000000, 0.000000000000000000, 1.000000000000000000 ) ) ;
#6748 = EDGE_CURVE ( 'NONE', #8212, #7985, #1286, .T. ) ;
#6749 = ORIENTED_EDGE ( 'NONE', *, *, #3502, .T. ) ;
#6750 = CARTESIAN_POINT ( 'NONE',  ( -71.49999999999997158, 32.00000000000001421, -6.532606157515307821 ) ) ;
#6751 = DIRECTION ( 'NONE',  ( 1.000000000000000000, 0.000000000000000000, 0.000000000000000000 ) ) ;
#6752 = DIRECTION ( 'NONE',  ( 0.000000000000000000, 1.000000000000000000, -4.336808689942005903E-16 ) ) ;
#6753 = DIRECTION ( 'NONE',  ( -0.5773502691896249539, -0.5773502691896249539, 0.5773502691896272854 ) ) ;
#6754 = LINE ( 'NONE', #3343, #1798 ) ;
#6755 = ORIENTED_EDGE ( 'NONE', *, *, #1086, .T. ) ;
#6756 = AXIS2_PLACEMENT_3D ( 'NONE', #3486, #1584, #6855 ) ;
#6757 = ORIENTED_EDGE ( 'NONE', *, *, #144, .F. ) ;
#6758 = CARTESIAN_POINT ( 'NONE',  ( 2.899999999999972378, 6.899999999999999467, -47.99999999999999289 ) ) ;
#6759 = CARTESIAN_POINT ( 'NONE',  ( -72.99999999999997158, 0.000000000000000000, 0.000000000000000000 ) ) ;
#6760 = CARTESIAN_POINT ( 'NONE',  ( 71.49999999999997158, 5.599999999999994316, -3.400000000000032774 ) ) ;
#6761 = CARTESIAN_POINT ( 'NONE',  ( 56.07000000000000028, 5.000000000000000000, -40.93999999999998352 ) ) ;
#6762 = DIRECTION ( 'NONE',  ( -1.000000000000000000, 4.807406715958977334E-16, 0.000000000000000000 ) ) ;
#6763 = VERTEX_POINT ( 'NONE', #1486 ) ;
#6764 = LINE ( 'NONE', #3357, #3740 ) ;
#6765 = EDGE_CURVE ( 'NONE', #1178, #8470, #3430, .T. ) ;
#6766 = ORIENTED_EDGE ( 'NONE', *, *, #5724, .F. ) ;
#6767 = ORIENTED_EDGE ( 'NONE', *, *, #2460, .F. ) ;
#6768 = CYLINDRICAL_SURFACE ( 'NONE', #5653, 3.000000000000002665 ) ;
#6769 = DIRECTION ( 'NONE',  ( 1.000000000000000000, 0.000000000000000000, 0.000000000000000000 ) ) ;
#6770 = DIRECTION ( 'NONE',  ( 0.7071067811865475727, 0.000000000000000000, 0.7071067811865475727 ) ) ;
#6771 = AXIS2_PLACEMENT_3D ( 'NONE', #7322, #6674, #116 ) ;
#6772 = ORIENTED_EDGE ( 'NONE', *, *, #8116, .T. ) ;
#6773 = ORIENTED_EDGE ( 'NONE', *, *, #5034, .F. ) ;
#6774 = FACE_OUTER_BOUND ( 'NONE', #3231, .T. ) ;
#6775 = ADVANCED_FACE ( 'NONE', ( #3555 ), #3514, .F. ) ;
#6776 = ORIENTED_EDGE ( 'NONE', *, *, #8371, .T. ) ;
#6777 = ORIENTED_EDGE ( 'NONE', *, *, #4072, .F. ) ;
#6778 = VECTOR ( 'NONE', #8275, 1000.000000000000000 ) ;
#6779 = CARTESIAN_POINT ( 'NONE',  ( 68.38397459621556607, 25.27035392823944804, 32.97485119443046386 ) ) ;
#6780 = DIRECTION ( 'NONE',  ( -1.000000000000000000, 0.000000000000000000, -0.000000000000000000 ) ) ;
#6781 = ORIENTED_EDGE ( 'NONE', *, *, #5564, .F. ) ;
#6782 = DIRECTION ( 'NONE',  ( 0.000000000000000000, -1.000000000000000000, 0.000000000000000000 ) ) ;
#6783 = DIRECTION ( 'NONE',  ( 0.000000000000000000, -1.000000000000000000, 0.000000000000000000 ) ) ;
#6784 = EDGE_CURVE ( 'NONE', #4250, #550, #1421, .T. ) ;
#6785 = ADVANCED_FACE ( 'NONE', ( #6793 ), #4803, .F. ) ;
#6786 = VECTOR ( 'NONE', #1684, 1000.000000000000000 ) ;
#6787 = VERTEX_POINT ( 'NONE', #4202 ) ;
#6788 = DIRECTION ( 'NONE',  ( 2.403703357979464508E-16, 0.4999999999999947264, 0.8660254037844417052 ) ) ;
#6789 = PLANE ( 'NONE',  #1034 ) ;
#6790 = VECTOR ( 'NONE', #2161, 1000.000000000000000 ) ;
#6791 = VECTOR ( 'NONE', #1204, 1000.000000000000000 ) ;
#6792 = DIRECTION ( 'NONE',  ( 0.000000000000000000, -0.000000000000000000, -1.000000000000000000 ) ) ;
#6793 = FACE_OUTER_BOUND ( 'NONE', #8372, .T. ) ;
#6794 = EDGE_CURVE ( 'NONE', #6049, #4645, #842, .T. ) ;
#6795 = DIRECTION ( 'NONE',  ( 0.7071067811865461294, 0.000000000000000000, 0.7071067811865489050 ) ) ;
#6796 = VECTOR ( 'NONE', #7102, 1000.000000000000000 ) ;
#6797 = ORIENTED_EDGE ( 'NONE', *, *, #6299, .F. ) ;
#6798 = ORIENTED_EDGE ( 'NONE', *, *, #7188, .F. ) ;
#6799 = LINE ( 'NONE', #2135, #7522 ) ;
#6800 = LINE ( 'NONE', #4647, #4700 ) ;
#6801 = DIRECTION ( 'NONE',  ( 2.403703357979463522E-16, 0.4999999999999947820, 0.8660254037844418162 ) ) ;
#6802 = CIRCLE ( 'NONE', #4461, 0.5000000000000004441 ) ;
#6803 = DIRECTION ( 'NONE',  ( 0.000000000000000000, -1.000000000000000000, 0.000000000000000000 ) ) ;
#6804 = AXIS2_PLACEMENT_3D ( 'NONE', #896, #1576, #6156 ) ;
#6805 = CARTESIAN_POINT ( 'NONE',  ( 56.07000000000000028, 5.000000000000000000, -44.43999999999999062 ) ) ;
#6806 = ORIENTED_EDGE ( 'NONE', *, *, #4515, .T. ) ;
#6807 = FACE_OUTER_BOUND ( 'NONE', #7161, .T. ) ;
#6808 = VECTOR ( 'NONE', #317, 1000.000000000000000 ) ;
#6809 = VERTEX_POINT ( 'NONE', #6877 ) ;
#6810 = DIRECTION ( 'NONE',  ( -2.403703357979463522E-16, -0.4999999999999947820, -0.8660254037844418162 ) ) ;
#6811 = CARTESIAN_POINT ( 'NONE',  ( 71.49999999999997158, 7.599999999999995204, -3.400000000000032774 ) ) ;
#6812 = CARTESIAN_POINT ( 'NONE',  ( -71.49999999999997158, 21.29999999999999005, -38.00000000000000000 ) ) ;
#6813 = EDGE_CURVE ( 'NONE', #6530, #3020, #3902, .T. ) ;
#6814 = VECTOR ( 'NONE', #2920, 1000.000000000000000 ) ;
#6815 = ORIENTED_EDGE ( 'NONE', *, *, #3782, .F. ) ;
#6816 = AXIS2_PLACEMENT_3D ( 'NONE', #7737, #5098, #487 ) ;
#6817 = VERTEX_POINT ( 'NONE', #8049 ) ;
#6818 = PLANE ( 'NONE',  #6101 ) ;
#6819 = EDGE_LOOP ( 'NONE', ( #7408, #2290, #3497, #4868 ) ) ;
#6820 = AXIS2_PLACEMENT_3D ( 'NONE', #6366, #1099, #6196 ) ;
#6821 = ORIENTED_EDGE ( 'NONE', *, *, #792, .T. ) ;
#6822 = CYLINDRICAL_SURFACE ( 'NONE', #3209, 1.000000000000000222 ) ;
#6823 = DIRECTION ( 'NONE',  ( -0.000000000000000000, -0.000000000000000000, -1.000000000000000000 ) ) ;
#6824 = PRESENTATION_STYLE_ASSIGNMENT (( #304 ) ) ;
#6825 = EDGE_CURVE ( 'NONE', #8075, #5308, #456, .T. ) ;
#6826 = VERTEX_POINT ( 'NONE', #2129 ) ;
#6827 = CARTESIAN_POINT ( 'NONE',  ( 57.00000000000004263, 18.88342980854589825, 41.05020560007029928 ) ) ;
#6828 = VECTOR ( 'NONE', #1387, 1000.000000000000000 ) ;
#6829 = VERTEX_POINT ( 'NONE', #2303 ) ;
#6830 = ADVANCED_FACE ( 'NONE', ( #4154 ), #4930, .F. ) ;
#6831 = FACE_OUTER_BOUND ( 'NONE', #3122, .T. ) ;
#6832 = ORIENTED_EDGE ( 'NONE', *, *, #7572, .T. ) ;
#6833 = EDGE_CURVE ( 'NONE', #102, #2579, #6839, .T. ) ;
#6834 = CARTESIAN_POINT ( 'NONE',  ( 72.99999999999997158, 9.600000000000001421, 37.19999999999996732 ) ) ;
#6835 = EDGE_CURVE ( 'NONE', #2444, #6568, #8176, .T. ) ;
#6836 = LINE ( 'NONE', #926, #4485 ) ;
#6837 = DIRECTION ( 'NONE',  ( 2.403703357979464508E-16, 0.4999999999999947264, 0.8660254037844417052 ) ) ;
#6838 = VECTOR ( 'NONE', #2501, 1000.000000000000114 ) ;
#6839 = LINE ( 'NONE', #2912, #5834 ) ;
#6840 = VECTOR ( 'NONE', #3523, 1000.000000000000000 ) ;
#6841 = VERTEX_POINT ( 'NONE', #318 ) ;
#6842 = ORIENTED_EDGE ( 'NONE', *, *, #3462, .T. ) ;
#6844 = CARTESIAN_POINT ( 'NONE',  ( -71.49999999999997158, 0.000000000000000000, 0.000000000000000000 ) ) ;
#6843 = VECTOR ( 'NONE', #4161, 1000.000000000000000 ) ;
#6845 = CARTESIAN_POINT ( 'NONE',  ( 71.49999999999997158, 27.40192378864669109, 32.89888930010710055 ) ) ;
#6846 = EDGE_CURVE ( 'NONE', #209, #6640, #7569, .T. ) ;
#6847 = CARTESIAN_POINT ( 'NONE',  ( 72.49999999999997158, 26.40192378864669109, 31.16683849253822913 ) ) ;
#6848 = ADVANCED_FACE ( 'NONE', ( #6105 ), #2342, .F. ) ;
#6849 = DIRECTION ( 'NONE',  ( -2.775557561562891351E-16, -0.000000000000000000, -1.000000000000000000 ) ) ;
#6850 = DIRECTION ( 'NONE',  ( -1.000000000000000000, 0.000000000000000000, 0.000000000000000000 ) ) ;
#6851 = ORIENTED_EDGE ( 'NONE', *, *, #4024, .T. ) ;
#6852 = DIRECTION ( 'NONE',  ( -0.7071067811865474617, 0.000000000000000000, 0.7071067811865474617 ) ) ;
#6853 = VERTEX_POINT ( 'NONE', #1825 ) ;
#6854 = VECTOR ( 'NONE', #7058, 1000.000000000000000 ) ;
#6855 = DIRECTION ( 'NONE',  ( 0.000000000000000000, 0.000000000000000000, -1.000000000000000000 ) ) ;
#6856 = LINE ( 'NONE', #2359, #7669 ) ;
#6857 = CARTESIAN_POINT ( 'NONE',  ( -27.00000000000002842, 7.100000000000000533, -47.99999999999999289 ) ) ;
#6858 = LINE ( 'NONE', #7459, #3672 ) ;
#6859 = ORIENTED_EDGE ( 'NONE', *, *, #2907, .F. ) ;
#6860 = ORIENTED_EDGE ( 'NONE', *, *, #6318, .T. ) ;
#6861 = PLANE ( 'NONE',  #3617 ) ;
#6862 = ORIENTED_EDGE ( 'NONE', *, *, #6311, .F. ) ;
#6863 = EDGE_CURVE ( 'NONE', #5808, #2185, #8353, .T. ) ;
#6864 = ORIENTED_EDGE ( 'NONE', *, *, #3425, .T. ) ;
#6865 = DIRECTION ( 'NONE',  ( 1.000000000000000000, 0.000000000000000000, -2.775557561562891351E-16 ) ) ;
#6866 = CARTESIAN_POINT ( 'NONE',  ( -17.80000000000002558, 21.60000000000000142, -49.99999999999999289 ) ) ;
#6867 = VERTEX_POINT ( 'NONE', #1138 ) ;
#6868 = CARTESIAN_POINT ( 'NONE',  ( -65.99999999999998579, 19.89804168090045522, 40.46441916244344839 ) ) ;
#6869 = ORIENTED_EDGE ( 'NONE', *, *, #6461, .T. ) ;
#6870 = DIRECTION ( 'NONE',  ( 0.000000000000000000, -0.4999999999999947264, -0.8660254037844417052 ) ) ;
#6871 = EDGE_CURVE ( 'NONE', #4875, #8212, #2437, .T. ) ;
#6872 = VECTOR ( 'NONE', #380, 1000.000000000000000 ) ;
#6873 = ORIENTED_EDGE ( 'NONE', *, *, #7361, .F. ) ;
#6874 = DIRECTION ( 'NONE',  ( 0.000000000000000000, -0.8660254037844418162, 0.4999999999999946154 ) ) ;
#6875 = PLANE ( 'NONE',  #8211 ) ;
#6876 = DIRECTION ( 'NONE',  ( 2.403703357979463522E-16, 0.4999999999999947820, 0.8660254037844418162 ) ) ;
#6877 = CARTESIAN_POINT ( 'NONE',  ( 34.94999999999996732, 31.00000000000000711, -46.50000000000000000 ) ) ;
#6878 = EDGE_CURVE ( 'NONE', #1910, #4223, #4174, .T. ) ;
#6879 = ORIENTED_EDGE ( 'NONE', *, *, #899, .T. ) ;
#6880 = ORIENTED_EDGE ( 'NONE', *, *, #3133, .F. ) ;
#6881 = DIRECTION ( 'NONE',  ( 2.081668171172184537E-16, 0.000000000000000000, 1.000000000000000000 ) ) ;
#6882 = CARTESIAN_POINT ( 'NONE',  ( 10.39999999999997904, 14.79999999999999361, -48.00000000000000000 ) ) ;
#6883 = CARTESIAN_POINT ( 'NONE',  ( 56.07000000000000028, 5.000000000000000000, 9.490000000000000213 ) ) ;
#6884 = CARTESIAN_POINT ( 'NONE',  ( 75.00000000000000000, 2.000000000000000000, 45.00000000000000711 ) ) ;
#6885 = FACE_OUTER_BOUND ( 'NONE', #3116, .T. ) ;
#6886 = ORIENTED_EDGE ( 'NONE', *, *, #8426, .T. ) ;
#6887 = CARTESIAN_POINT ( 'NONE',  ( 71.49999999999997158, 16.29999999999999716, -39.00000000000006395 ) ) ;
#6888 = EDGE_CURVE ( 'NONE', #6040, #2594, #4862, .T. ) ;
#6889 = AXIS2_PLACEMENT_3D ( 'NONE', #4171, #6810, #904 ) ;
#6890 = EDGE_CURVE ( 'NONE', #7979, #4414, #4329, .T. ) ;
#6891 = ORIENTED_EDGE ( 'NONE', *, *, #6345, .T. ) ;
#6892 = CARTESIAN_POINT ( 'NONE',  ( 61.99999999999995737, 9.599999999999997868, -49.99999999999999289 ) ) ;
#6893 = DIRECTION ( 'NONE',  ( 0.7071067811865483499, -0.6123724356957960246, 0.3535533905932694010 ) ) ;
#6894 = CARTESIAN_POINT ( 'NONE',  ( 0.000000000000000000, 0.000000000000000000, -48.00000000000000000 ) ) ;
#6895 = DIRECTION ( 'NONE',  ( 0.000000000000000000, -0.4999999999999981681, -0.8660254037844397068 ) ) ;
#6896 = DIRECTION ( 'NONE',  ( 0.7071067811865474617, 0.000000000000000000, 0.7071067811865474617 ) ) ;
#6897 = VERTEX_POINT ( 'NONE', #3681 ) ;
#6898 = ORIENTED_EDGE ( 'NONE', *, *, #7794, .T. ) ;
#6899 = CARTESIAN_POINT ( 'NONE',  ( 71.49999999999997158, 32.00000000000001421, -6.532606157515350453 ) ) ;
#6900 = ADVANCED_FACE ( 'NONE', ( #7611 ), #6359, .F. ) ;
#6901 = ORIENTED_EDGE ( 'NONE', *, *, #3568, .T. ) ;
#6902 = ORIENTED_EDGE ( 'NONE', *, *, #8105, .T. ) ;
#6903 = VECTOR ( 'NONE', #409, 1000.000000000000114 ) ;
#6904 = DIRECTION ( 'NONE',  ( 0.000000000000000000, 0.8660254037844421493, -0.4999999999999941158 ) ) ;
#6905 = CYLINDRICAL_SURFACE ( 'NONE', #6911, 3.000000000000001332 ) ;
#6906 = CARTESIAN_POINT ( 'NONE',  ( 56.07000000000000028, 5.000000000000000000, 12.99000000000000909 ) ) ;
#6907 = VERTEX_POINT ( 'NONE', #2387 ) ;
#6908 = CARTESIAN_POINT ( 'NONE',  ( -71.49999999999997158, 6.600000000000003197, -3.399999999999998135 ) ) ;
#6909 = ORIENTED_EDGE ( 'NONE', *, *, #3556, .T. ) ;
#6910 = DIRECTION ( 'NONE',  ( 0.000000000000000000, 0.000000000000000000, 1.000000000000000000 ) ) ;
#6911 = AXIS2_PLACEMENT_3D ( 'NONE', #8379, #996, #4358 ) ;
#6912 = ORIENTED_EDGE ( 'NONE', *, *, #2827, .F. ) ;
#6913 = VECTOR ( 'NONE', #797, 1000.000000000000000 ) ;
#6914 = CARTESIAN_POINT ( 'NONE',  ( 56.07000000000000028, 5.000000000000000000, 12.99000000000000909 ) ) ;
#6915 = CARTESIAN_POINT ( 'NONE',  ( 65.99999999999998579, -24.24939431866606299, -36.00118301270219234 ) ) ;
#6916 = VECTOR ( 'NONE', #7076, 1000.000000000000000 ) ;
#6917 = EDGE_CURVE ( 'NONE', #3041, #3412, #8304, .T. ) ;
#6918 = DIRECTION ( 'NONE',  ( -2.403703357979465001E-16, -0.4999999999999948375, -0.8660254037844418162 ) ) ;
#6919 = AXIS2_PLACEMENT_3D ( 'NONE', #6309, #8213, #3755 ) ;
#6920 = LINE ( 'NONE', #3040, #4983 ) ;
#6921 = ORIENTED_EDGE ( 'NONE', *, *, #5327, .F. ) ;
#6922 = VECTOR ( 'NONE', #2689, 1000.000000000000341 ) ;
#6923 = EDGE_LOOP ( 'NONE', ( #5618, #6244, #8293, #4139 ) ) ;
#6924 = DIRECTION ( 'NONE',  ( 0.000000000000000000, -1.000000000000000000, 2.843808977011156843E-16 ) ) ;
#6925 = VECTOR ( 'NONE', #6598, 1000.000000000000000 ) ;
#6926 = DIRECTION ( 'NONE',  ( 0.000000000000000000, 0.000000000000000000, -1.000000000000000000 ) ) ;
#6927 = CARTESIAN_POINT ( 'NONE',  ( 75.00000000000002842, 17.14833395016074391, 37.19999999999996732 ) ) ;
#6928 = CARTESIAN_POINT ( 'NONE',  ( 2.399999999999973710, 21.60000000000000142, -47.99999999999999289 ) ) ;
#6929 = EDGE_CURVE ( 'NONE', #4806, #8217, #5557, .T. ) ;
#6930 = CARTESIAN_POINT ( 'NONE',  ( 56.07000000000000028, 5.000000000000000000, 12.99000000000000909 ) ) ;
#6931 = VERTEX_POINT ( 'NONE', #7055 ) ;
#6932 = AXIS2_PLACEMENT_3D ( 'NONE', #6519, #1769, #1254 ) ;
#6933 = LINE ( 'NONE', #5596, #5952 ) ;
#6934 = ORIENTED_EDGE ( 'NONE', *, *, #6318, .F. ) ;
#6935 = FACE_OUTER_BOUND ( 'NONE', #3001, .T. ) ;
#6936 = DIRECTION ( 'NONE',  ( 0.000000000000000000, -1.156482317317871725E-15, -1.000000000000000000 ) ) ;
#6937 = VECTOR ( 'NONE', #1745, 1000.000000000000114 ) ;
#6938 = CARTESIAN_POINT ( 'NONE',  ( 46.51500000000000767, 11.06712862504596906, 45.56294919243111252 ) ) ;
#6939 = CARTESIAN_POINT ( 'NONE',  ( -72.99999999999997158, 12.04218522841660288, 45.00000000000001421 ) ) ;
#6940 = EDGE_CURVE ( 'NONE', #3992, #8512, #2477, .T. ) ;
#6941 = DIRECTION ( 'NONE',  ( 0.000000000000000000, -0.8660254037844417052, 0.4999999999999947264 ) ) ;
#6942 = ADVANCED_FACE ( 'NONE', ( #6273 ), #7658, .F. ) ;
#6943 = VERTEX_POINT ( 'NONE', #1741 ) ;
#6944 = ORIENTED_EDGE ( 'NONE', *, *, #2460, .T. ) ;
#6945 = AXIS2_PLACEMENT_3D ( 'NONE', #5635, #3688, #7705 ) ;
#6946 = DIRECTION ( 'NONE',  ( 0.000000000000000000, -1.000000000000000000, 4.336808689942006396E-16 ) ) ;
#6947 = ORIENTED_EDGE ( 'NONE', *, *, #2884, .T. ) ;
#6948 = ORIENTED_EDGE ( 'NONE', *, *, #3675, .T. ) ;
#6949 = CARTESIAN_POINT ( 'NONE',  ( 72.99999999999997158, 37.00000000000000711, -4.900000000000042988 ) ) ;
#6950 = VECTOR ( 'NONE', #7185, 1000.000000000000000 ) ;
#6951 = CARTESIAN_POINT ( 'NONE',  ( 33.44999999999996732, 33.50000000000000711, -48.00000000000000000 ) ) ;
#6952 = DIRECTION ( 'NONE',  ( 1.000000000000000000, 0.000000000000000000, 0.000000000000000000 ) ) ;
#6953 = EDGE_CURVE ( 'NONE', #3538, #3629, #3767, .T. ) ;
#6954 = VERTEX_POINT ( 'NONE', #7741 ) ;
#6955 = CARTESIAN_POINT ( 'NONE',  ( 60.65685424949242588, 31.50047952535076234, 36.07514962645269918 ) ) ;
#6956 = ORIENTED_EDGE ( 'NONE', *, *, #2472, .T. ) ;
#6957 = LINE ( 'NONE', #1043, #305 ) ;
#6958 = VECTOR ( 'NONE', #422, 1000.000000000000000 ) ;
#6959 =( BOUNDED_CURVE ( )  B_SPLINE_CURVE ( 3, ( #465, #3102, #7586, #6939 ),
 .UNSPECIFIED., .F., .T. ) 
 B_SPLINE_CURVE_WITH_KNOTS ( ( 4, 4 ),
 ( 3.141592653589793116, 4.712388980384689674 ),
 .UNSPECIFIED. ) 
 CURVE ( )  GEOMETRIC_REPRESENTATION_ITEM ( )  RATIONAL_B_SPLINE_CURVE ( ( 1.000000000000000000, 0.8047378541243649375, 0.8047378541243649375, 1.000000000000000000 ) ) 
 REPRESENTATION_ITEM ( '' )  );
#6960 = EDGE_LOOP ( 'NONE', ( #521, #4398, #4023, #5138 ) ) ;
#6961 = CIRCLE ( 'NONE', #8348, 3.509999999999982911 ) ;
#6962 = DIRECTION ( 'NONE',  ( -1.000000000000000000, 0.000000000000000000, 0.000000000000000000 ) ) ;
#6963 = EDGE_CURVE ( 'NONE', #2860, #3701, #8178, .T. ) ;
#6964 = CYLINDRICAL_SURFACE ( 'NONE', #486, 1.000000000000000222 ) ;
#6965 = CARTESIAN_POINT ( 'NONE',  ( -26.50000000000002842, 7.100000000000002309, -49.99999999999999289 ) ) ;
#6966 = CARTESIAN_POINT ( 'NONE',  ( 56.07000000000000028, -0.001000000000000132727, 14.89000000000001123 ) ) ;
#6967 = EDGE_CURVE ( 'NONE', #5329, #8180, #4968, .T. ) ;
#6968 = ORIENTED_EDGE ( 'NONE', *, *, #2064, .T. ) ;
#6969 = CARTESIAN_POINT ( 'NONE',  ( -72.99999999999997158, 31.00000000000000711, -0.03260615751529694073 ) ) ;
#6970 = DIRECTION ( 'NONE',  ( -2.335413407764968415E-16, -0.4999999999999948375, -0.8660254037844417052 ) ) ;
#6971 = DIRECTION ( 'NONE',  ( 0.7071067811865475727, 0.000000000000000000, -0.7071067811865475727 ) ) ;
#6972 = CARTESIAN_POINT ( 'NONE',  ( -72.99999999999997158, 6.599999999999997868, 3.100000000000012523 ) ) ;
#6973 = VECTOR ( 'NONE', #3796, 1000.000000000000000 ) ;
#6974 = LINE ( 'NONE', #1273, #461 ) ;
#6975 = VERTEX_POINT ( 'NONE', #406 ) ;
#6976 = VECTOR ( 'NONE', #5031, 1000.000000000000114 ) ;
#6977 = FACE_OUTER_BOUND ( 'NONE', #8119, .T. ) ;
#6978 = VECTOR ( 'NONE', #3694, 1000.000000000000114 ) ;
#6979 = EDGE_LOOP ( 'NONE', ( #8166, #8254, #180, #7691, #6860, #1728, #7666, #2492 ) ) ;
#6980 = EDGE_CURVE ( 'NONE', #550, #3716, #365, .T. ) ;
#6981 = VECTOR ( 'NONE', #2422, 1000.000000000000227 ) ;
#6982 = CARTESIAN_POINT ( 'NONE',  ( -61.99999999999998579, 19.89804168090049430, 40.46441916244344839 ) ) ;
#6983 = CARTESIAN_POINT ( 'NONE',  ( 72.99999999999997158, 6.599999999999997868, 1.599999999999962563 ) ) ;
#6984 = AXIS2_PLACEMENT_3D ( 'NONE', #7336, #1420, #778 ) ;
#6985 = CARTESIAN_POINT ( 'NONE',  ( -72.99999999999997158, 2.000000000000000000, 45.00000000000000000 ) ) ;
#6986 = DIRECTION ( 'NONE',  ( 2.403703357979464508E-16, 0.4999999999999947264, 0.8660254037844417052 ) ) ;
#6987 = EDGE_CURVE ( 'NONE', #1763, #2069, #1693, .T. ) ;
#6988 = CARTESIAN_POINT ( 'NONE',  ( 109.2000000000000028, 37.00000000000000711, 32.90000000000011937 ) ) ;
#6989 = ORIENTED_EDGE ( 'NONE', *, *, #1194, .T. ) ;
#6990 = ORIENTED_EDGE ( 'NONE', *, *, #7772, .F. ) ;
#6991 = CARTESIAN_POINT ( 'NONE',  ( -61.99999999999998579, 25.09419410360714764, 37.46441916244347681 ) ) ;
#6992 = AXIS2_PLACEMENT_3D ( 'NONE', #6280, #372, #6408 ) ;
#6993 = ORIENTED_EDGE ( 'NONE', *, *, #6200, .T. ) ;
#6994 = EDGE_CURVE ( 'NONE', #7139, #2587, #6920, .T. ) ;
#6995 = EDGE_LOOP ( 'NONE', ( #125, #4006, #1818, #6698 ) ) ;
#6996 = LINE ( 'NONE', #389, #3255 ) ;
#6997 = PLANE ( 'NONE',  #3757 ) ;
#6998 = DIRECTION ( 'NONE',  ( -0.5773502691896307271, -0.7886751345948135317, -0.2113248654051710917 ) ) ;
#6999 = FACE_OUTER_BOUND ( 'NONE', #5273, .T. ) ;
#7000 = ORIENTED_EDGE ( 'NONE', *, *, #6268, .F. ) ;
#7001 = CARTESIAN_POINT ( 'NONE',  ( -72.99999999999997158, 37.00000000000000711, -39.00000000000000711 ) ) ;
#7002 = ORIENTED_EDGE ( 'NONE', *, *, #7306, .F. ) ;
#7003 = DIRECTION ( 'NONE',  ( 0.000000000000000000, -0.8660254037844418162, 0.4999999999999944489 ) ) ;
#7004 = ORIENTED_EDGE ( 'NONE', *, *, #4827, .T. ) ;
#7005 = EDGE_CURVE ( 'NONE', #2721, #3888, #3254, .T. ) ;
#7006 = ADVANCED_FACE ( 'NONE', ( #4020 ), #5888, .F. ) ;
#7007 = ADVANCED_BREP_SHAPE_REPRESENTATION ( '\X2\5e95\X0\3', ( #96, #6073 ), #7590 ) ;
#7008 = ORIENTED_EDGE ( 'NONE', *, *, #8477, .T. ) ;
#7009 = DIRECTION ( 'NONE',  ( -0.000000000000000000, -0.000000000000000000, -1.000000000000000000 ) ) ;
#7010 = DIRECTION ( 'NONE',  ( 1.000000000000000000, 0.000000000000000000, -0.000000000000000000 ) ) ;
#7011 = AXIS2_PLACEMENT_3D ( 'NONE', #2736, #7348, #2117 ) ;
#7012 = DIRECTION ( 'NONE',  ( 0.000000000000000000, 0.8660254037844425934, -0.4999999999999933942 ) ) ;
#7013 = DIRECTION ( 'NONE',  ( -0.000000000000000000, 1.000000000000000000, -0.000000000000000000 ) ) ;
#7014 = EDGE_CURVE ( 'NONE', #2589, #7434, #5954, .T. ) ;
#7015 = AXIS2_PLACEMENT_3D ( 'NONE', #6857, #8149, #6769 ) ;
#7016 = ORIENTED_EDGE ( 'NONE', *, *, #2894, .F. ) ;
#7017 = CARTESIAN_POINT ( 'NONE',  ( -46.51499999999998636, 7.381931190572130319, 49.99999999999999289 ) ) ;
#7018 = DIRECTION ( 'NONE',  ( 0.000000000000000000, 1.000000000000000000, 0.000000000000000000 ) ) ;
#7019 = FACE_OUTER_BOUND ( 'NONE', #5872, .T. ) ;
#7020 = CYLINDRICAL_SURFACE ( 'NONE', #6945, 1.900000000000002576 ) ;
#7021 = ORIENTED_EDGE ( 'NONE', *, *, #459, .T. ) ;
#7022 = FACE_BOUND ( 'NONE', #5540, .T. ) ;
#7023 = ORIENTED_EDGE ( 'NONE', *, *, #3470, .T. ) ;
#7024 = FACE_OUTER_BOUND ( 'NONE', #4651, .T. ) ;
#7025 = DIRECTION ( 'NONE',  ( 0.000000000000000000, -1.000000000000000000, 0.000000000000000000 ) ) ;
#7026 = CARTESIAN_POINT ( 'NONE',  ( -75.00000000000000000, 31.00000000000000711, 29.66683849253826111 ) ) ;
#7027 = DIRECTION ( 'NONE',  ( 2.403703357979464508E-16, 0.4999999999999947264, 0.8660254037844417052 ) ) ;
#7028 = CARTESIAN_POINT ( 'NONE',  ( 2.899999999999974154, 21.60000000000000142, -49.99999999999999289 ) ) ;
#7029 = ORIENTED_EDGE ( 'NONE', *, *, #6628, .F. ) ;
#7030 = EDGE_CURVE ( 'NONE', #111, #1089, #2607, .T. ) ;
#7031 = VERTEX_POINT ( 'NONE', #6659 ) ;
#7032 = DIRECTION ( 'NONE',  ( 0.000000000000000000, -1.000000000000000000, 0.000000000000000000 ) ) ;
#7033 = ORIENTED_EDGE ( 'NONE', *, *, #7210, .F. ) ;
#7034 = EDGE_LOOP ( 'NONE', ( #5594, #6562, #6773, #2154 ) ) ;
#7035 = CARTESIAN_POINT ( 'NONE',  ( -56.99999999999998579, 20.24214927615303239, 42.57514962645265655 ) ) ;
#7036 = AXIS2_PLACEMENT_3D ( 'NONE', #818, #2315, #5428 ) ;
#7037 = DIRECTION ( 'NONE',  ( 0.000000000000000000, -0.8660254037844415942, 0.4999999999999951150 ) ) ;
#7038 = CARTESIAN_POINT ( 'NONE',  ( 71.49999999999997158, 6.599999999999994316, -3.400000000000032774 ) ) ;
#7039 = CARTESIAN_POINT ( 'NONE',  ( -66.99999999999998579, 19.03201627711602129, 40.96441916244345549 ) ) ;
#7040 = EDGE_LOOP ( 'NONE', ( #471, #8287 ) ) ;
#7041 = EDGE_CURVE ( 'NONE', #5914, #1412, #1353, .T. ) ;
#7042 = CARTESIAN_POINT ( 'NONE',  ( -46.51499999999999346, 38.50000000000001421, 35.49807621135347802 ) ) ;
#7043 = VERTEX_POINT ( 'NONE', #6534 ) ;
#7044 = FACE_BOUND ( 'NONE', #2375, .T. ) ;
#7045 = DIRECTION ( 'NONE',  ( -2.335413407764966936E-16, -0.4999999999999946709, -0.8660254037844418162 ) ) ;
#7046 = EDGE_LOOP ( 'NONE', ( #3077, #2543, #7968, #427 ) ) ;
#7047 = VECTOR ( 'NONE', #4687, 1000.000000000000000 ) ;
#7048 = VECTOR ( 'NONE', #1487, 1000.000000000000000 ) ;
#7049 = ORIENTED_EDGE ( 'NONE', *, *, #3201, .F. ) ;
#7050 = DIRECTION ( 'NONE',  ( -4.625929269271486407E-17, 0.000000000000000000, 1.000000000000000000 ) ) ;
#7051 = DIRECTION ( 'NONE',  ( 0.000000000000000000, 1.000000000000000000, 0.000000000000000000 ) ) ;
#7052 = ADVANCED_FACE ( 'NONE', ( #1267 ), #14, .F. ) ;
#7053 = DIRECTION ( 'NONE',  ( 0.000000000000000000, 0.000000000000000000, 1.000000000000000000 ) ) ;
#7054 = VECTOR ( 'NONE', #5175, 1000.000000000000114 ) ;
#7055 = CARTESIAN_POINT ( 'NONE',  ( -72.99999999999997158, 33.50000000000001421, -8.032606157515314038 ) ) ;
#7056 = VERTEX_POINT ( 'NONE', #5229 ) ;
#7057 = AXIS2_PLACEMENT_3D ( 'NONE', #4815, #3526, #5726 ) ;
#7058 = DIRECTION ( 'NONE',  ( 0.7071067811865462405, 0.000000000000000000, -0.7071067811865489050 ) ) ;
#7059 = CARTESIAN_POINT ( 'NONE',  ( -71.49999999999997158, 20.59611789225407463, 35.67352262806248575 ) ) ;
#7060 = AXIS2_PLACEMENT_3D ( 'NONE', #7089, #4273, #399 ) ;
#7061 = DIRECTION ( 'NONE',  ( 0.000000000000000000, 1.734723475976805517E-15, -1.000000000000000000 ) ) ;
#7062 = ADVANCED_FACE ( 'NONE', ( #3852 ), #5968, .T. ) ;
#7063 = VERTEX_POINT ( 'NONE', #702 ) ;
#7064 = CARTESIAN_POINT ( 'NONE',  ( -71.49999999999997158, 16.29999999999998650, -38.00000000000000000 ) ) ;
#7065 = VECTOR ( 'NONE', #7680, 1000.000000000000000 ) ;
#7066 = ORIENTED_EDGE ( 'NONE', *, *, #7685, .F. ) ;
#7067 = FACE_BOUND ( 'NONE', #3000, .T. ) ;
#7068 = DIRECTION ( 'NONE',  ( -0.000000000000000000, -0.000000000000000000, -1.000000000000000000 ) ) ;
#7069 = CARTESIAN_POINT ( 'NONE',  ( 72.99999999999997158, 9.599999999999990763, -39.00000000000004263 ) ) ;
#7070 = DIRECTION ( 'NONE',  ( -2.403703357979465494E-16, -0.4999999999999947264, -0.8660254037844417052 ) ) ;
#7071 = CARTESIAN_POINT ( 'NONE',  ( 72.99999999999997158, 2.000000000000000000, -48.00000000000000000 ) ) ;
#7072 = VERTEX_POINT ( 'NONE', #3211 ) ;
#7073 = VECTOR ( 'NONE', #5696, 1000.000000000000000 ) ;
#7074 = AXIS2_PLACEMENT_3D ( 'NONE', #3722, #3637, #1010 ) ;
#7075 = ORIENTED_EDGE ( 'NONE', *, *, #2550, .T. ) ;
#7076 = DIRECTION ( 'NONE',  ( 4.625929269271486407E-17, 0.000000000000000000, -1.000000000000000000 ) ) ;
#7077 = ORIENTED_EDGE ( 'NONE', *, *, #4403, .F. ) ;
#7078 = EDGE_LOOP ( 'NONE', ( #4195, #8415, #3709, #597 ) ) ;
#7079 = VECTOR ( 'NONE', #8433, 1000.000000000000000 ) ;
#7080 = LINE ( 'NONE', #1722, #2573 ) ;
#7081 = EDGE_CURVE ( 'NONE', #6097, #7043, #2651, .T. ) ;
#7082 = LINE ( 'NONE', #3748, #2240 ) ;
#7083 = CARTESIAN_POINT ( 'NONE',  ( -71.49999999999997158, 30.00000000000001421, -1.532606157515309597 ) ) ;
#7084 = CARTESIAN_POINT ( 'NONE',  ( 91.04999999999999716, 6.599999999999996980, 21.15000000000010516 ) ) ;
#7085 = AXIS2_PLACEMENT_3D ( 'NONE', #2574, #5235, #7237 ) ;
#7086 = ORIENTED_EDGE ( 'NONE', *, *, #2073, .F. ) ;
#7087 = CARTESIAN_POINT ( 'NONE',  ( -56.07000000000000028, 5.000000000000000000, -44.43999999999999062 ) ) ;
#7088 = ORIENTED_EDGE ( 'NONE', *, *, #5395, .F. ) ;
#7089 = CARTESIAN_POINT ( 'NONE',  ( -72.99999999999997158, 37.00000000000000711, -48.00000000000000000 ) ) ;
#7090 =( LENGTH_UNIT ( ) NAMED_UNIT ( * ) SI_UNIT ( .MILLI., .METRE. ) );
#7091 = VERTEX_POINT ( 'NONE', #6014 ) ;
#7092 = AXIS2_PLACEMENT_3D ( 'NONE', #104, #2738, #4632 ) ;
#7093 = AXIS2_PLACEMENT_3D ( 'NONE', #7617, #8229, #322 ) ;
#7094 = ORIENTED_EDGE ( 'NONE', *, *, #6967, .F. ) ;
#7095 = EDGE_CURVE ( 'NONE', #1089, #6841, #5400, .T. ) ;
#7096 = EDGE_LOOP ( 'NONE', ( #6442, #7988, #3936, #1921 ) ) ;
#7097 = CARTESIAN_POINT ( 'NONE',  ( -72.99999999999997158, 22.07179676972450366, 33.66683849253826821 ) ) ;
#7098 = LINE ( 'NONE', #5756, #1180 ) ;
#7099 = ADVANCED_FACE ( 'NONE', ( #572 ), #5272, .F. ) ;
#7100 = DIRECTION ( 'NONE',  ( 0.000000000000000000, 0.000000000000000000, -1.000000000000000000 ) ) ;
#7101 = AXIS2_PLACEMENT_3D ( 'NONE', #5033, #1793, #1669 ) ;
#7102 = DIRECTION ( 'NONE',  ( 2.403703357979465494E-16, 0.4999999999999947264, 0.8660254037844417052 ) ) ;
#7103 = AXIS2_PLACEMENT_3D ( 'NONE', #625, #5197, #4549 ) ;
#7104 = EDGE_CURVE ( 'NONE', #7418, #5658, #4506, .T. ) ;
#7105 = VECTOR ( 'NONE', #2207, 1000.000000000000000 ) ;
#7106 = VERTEX_POINT ( 'NONE', #7916 ) ;
#7107 = DIRECTION ( 'NONE',  ( -2.403703357979464015E-16, -0.4999999999999946154, -0.8660254037844419273 ) ) ;
#7108 = DIRECTION ( 'NONE',  ( 0.000000000000000000, 1.000000000000000000, -0.000000000000000000 ) ) ;
#7109 = DIRECTION ( 'NONE',  ( -2.403703357979465494E-16, -0.4999999999999947264, -0.8660254037844417052 ) ) ;
#7110 = ORIENTED_EDGE ( 'NONE', *, *, #6451, .T. ) ;
#7111 = DIRECTION ( 'NONE',  ( -0.7071067811865502373, 0.3535533905932735088, 0.6123724356957915838 ) ) ;
#7112 = AXIS2_PLACEMENT_3D ( 'NONE', #5767, #1708, #7755 ) ;
#7113 = ORIENTED_EDGE ( 'NONE', *, *, #3035, .F. ) ;
#7114 = ADVANCED_FACE ( 'NONE', ( #5842 ), #3296, .F. ) ;
#7115 = ADVANCED_FACE ( 'NONE', ( #2000 ), #5194, .F. ) ;
#7116 = CARTESIAN_POINT ( 'NONE',  ( 72.99999999999997158, 7.599999999999995204, -3.400000000000032774 ) ) ;
#7117 = LINE ( 'NONE', #7244, #922 ) ;
#7118 = CARTESIAN_POINT ( 'NONE',  ( -75.00000000000002842, 6.599999999999989875, -36.00000000000000711 ) ) ;
#7119 = CYLINDRICAL_SURFACE ( 'NONE', #1192, 2.999999999999999112 ) ;
#7120 = CARTESIAN_POINT ( 'NONE',  ( -42.99999999999997868, 15.56180047068721883, 42.96794919243114919 ) ) ;
#7121 = VERTEX_POINT ( 'NONE', #7959 ) ;
#7122 = VERTEX_POINT ( 'NONE', #2038 ) ;
#7123 = AXIS2_PLACEMENT_3D ( 'NONE', #8366, #379, #944 ) ;
#7124 = DIRECTION ( 'NONE',  ( -2.403703357979464015E-16, -0.4999999999999946154, -0.8660254037844419273 ) ) ;
#7125 = VECTOR ( 'NONE', #2712, 1000.000000000000000 ) ;
#7126 = ORIENTED_EDGE ( 'NONE', *, *, #2788, .F. ) ;
#7127 = CIRCLE ( 'NONE', #6429, 1.900000000000002354 ) ;
#7128 = ADVANCED_FACE ( 'NONE', ( #4674 ), #7309, .F. ) ;
#7129 = ORIENTED_EDGE ( 'NONE', *, *, #6044, .T. ) ;
#7130 = DIRECTION ( 'NONE',  ( 1.000000000000000000, 1.382129430838193054E-15, -1.075528555105613102E-15 ) ) ;
#7131 = CARTESIAN_POINT ( 'NONE',  ( 72.49999999999997158, 22.07179676972450011, 33.66683849253823269 ) ) ;
#7132 = CARTESIAN_POINT ( 'NONE',  ( 56.07000000000000028, 0.000000000000000000, 12.99000000000000909 ) ) ;
#7133 = CARTESIAN_POINT ( 'NONE',  ( 0.000000000000000000, 0.000000000000000000, -46.50000000000000000 ) ) ;
#7134 = VERTEX_POINT ( 'NONE', #6140 ) ;
#7135 = DIRECTION ( 'NONE',  ( 0.000000000000000000, 1.000000000000000000, 0.000000000000000000 ) ) ;
#7136 = EDGE_LOOP ( 'NONE', ( #1936, #2458, #7754, #1651 ) ) ;
#7137 = FACE_OUTER_BOUND ( 'NONE', #796, .T. ) ;
#7138 = DIRECTION ( 'NONE',  ( -0.000000000000000000, -0.000000000000000000, -1.000000000000000000 ) ) ;
#7139 = VERTEX_POINT ( 'NONE', #6095 ) ;
#7140 = EDGE_LOOP ( 'NONE', ( #5792, #1716, #1445, #912 ) ) ;
#7141 = CARTESIAN_POINT ( 'NONE',  ( 61.99999999999995026, 31.00000000000000711, -47.99999999999999289 ) ) ;
#7142 = VERTEX_POINT ( 'NONE', #4192 ) ;
#7143 = CYLINDRICAL_SURFACE ( 'NONE', #6412, 1.900000000000002354 ) ;
#7144 = DIRECTION ( 'NONE',  ( 3.697785493223492290E-32, -0.8660254037844417052, 0.4999999999999947264 ) ) ;
#7145 = CARTESIAN_POINT ( 'NONE',  ( -42.99999999999997868, 26.82013071988496122, 36.46794919243122024 ) ) ;
#7146 = EDGE_CURVE ( 'NONE', #4833, #1257, #3504, .T. ) ;
#7147 = ORIENTED_EDGE ( 'NONE', *, *, #8002, .T. ) ;
#7148 = DIRECTION ( 'NONE',  ( 0.7071067811865474617, -0.7071067811865474617, 0.000000000000000000 ) ) ;
#7149 = CARTESIAN_POINT ( 'NONE',  ( -69.99999999999997158, 37.00000000000000711, -45.00000000000000000 ) ) ;
#7150 = PLANE ( 'NONE',  #6528 ) ;
#7151 = ORIENTED_EDGE ( 'NONE', *, *, #367, .F. ) ;
#7152 = EDGE_CURVE ( 'NONE', #3603, #4833, #4021, .T. ) ;
#7153 = CIRCLE ( 'NONE', #7701, 1.000000000000000222 ) ;
#7154 = CARTESIAN_POINT ( 'NONE',  ( -56.06999999999999318, 0.000000000000000000, 14.89000000000001123 ) ) ;
#7155 = EDGE_LOOP ( 'NONE', ( #4765, #5889, #2192, #5504 ) ) ;
#7156 = CARTESIAN_POINT ( 'NONE',  ( -56.07000000000000028, -0.001000000000000132727, -46.33999999999998920 ) ) ;
#7157 = LINE ( 'NONE', #3225, #1332 ) ;
#7158 = PLANE ( 'NONE',  #782 ) ;
#7159 = DIRECTION ( 'NONE',  ( -6.938893903907226800E-15, 0.8660254037844425934, -0.4999999999999933942 ) ) ;
#7160 = LINE ( 'NONE', #1327, #8335 ) ;
#7161 = EDGE_LOOP ( 'NONE', ( #5222, #7164, #4613, #7826 ) ) ;
#7162 = VECTOR ( 'NONE', #7954, 1000.000000000000000 ) ;
#7163 = EDGE_CURVE ( 'NONE', #6763, #6407, #834, .T. ) ;
#7164 = ORIENTED_EDGE ( 'NONE', *, *, #4274, .T. ) ;
#7165 = ADVANCED_FACE ( 'NONE', ( #4834 ), #4754, .F. ) ;
#7166 = LINE ( 'NONE', #4567, #2923 ) ;
#7167 = VERTEX_POINT ( 'NONE', #1518 ) ;
#7168 = VERTEX_POINT ( 'NONE', #3424 ) ;
#7169 = DIRECTION ( 'NONE',  ( -2.081668171172184784E-16, 0.000000000000000000, -1.000000000000000000 ) ) ;
#7170 = CARTESIAN_POINT ( 'NONE',  ( 60.00000000000002842, 26.96021950739156381, 38.69646997001230204 ) ) ;
#7171 = DIRECTION ( 'NONE',  ( -4.625929269271486407E-17, 0.000000000000000000, 1.000000000000000000 ) ) ;
#7172 = FACE_BOUND ( 'NONE', #6506, .T. ) ;
#7173 = ORIENTED_EDGE ( 'NONE', *, *, #1086, .F. ) ;
#7174 = CARTESIAN_POINT ( 'NONE',  ( -75.00000000000002842, 2.000000000000000000, -45.00000000000000711 ) ) ;
#7175 = ORIENTED_EDGE ( 'NONE', *, *, #1142, .T. ) ;
#7176 = ADVANCED_FACE ( 'NONE', ( #6831 ), #8039, .F. ) ;
#7177 = CARTESIAN_POINT ( 'NONE',  ( -55.29289321881343966, 27.07989787926466008, 36.31797255303674632 ) ) ;
#7178 = ORIENTED_EDGE ( 'NONE', *, *, #7281, .T. ) ;
#7179 = VECTOR ( 'NONE', #5216, 1000.000000000000000 ) ;
#7180 = ORIENTED_EDGE ( 'NONE', *, *, #2967, .F. ) ;
#7181 = CYLINDRICAL_SURFACE ( 'NONE', #2326, 0.5000000000000000000 ) ;
#7182 = FACE_OUTER_BOUND ( 'NONE', #5573, .T. ) ;
#7183 = ORIENTED_EDGE ( 'NONE', *, *, #7650, .T. ) ;
#7184 = DIRECTION ( 'NONE',  ( 0.000000000000000000, -1.000000000000000000, 0.000000000000000000 ) ) ;
#7185 = DIRECTION ( 'NONE',  ( 0.000000000000000000, 0.000000000000000000, 1.000000000000000000 ) ) ;
#7186 = DIRECTION ( 'NONE',  ( -1.000000000000000000, 0.000000000000000000, 2.775557561562891351E-16 ) ) ;
#7187 = ORIENTED_EDGE ( 'NONE', *, *, #1560, .T. ) ;
#7188 = EDGE_CURVE ( 'NONE', #3041, #7561, #2203, .T. ) ;
#7189 = DIRECTION ( 'NONE',  ( -0.000000000000000000, 1.000000000000000000, -0.000000000000000000 ) ) ;
#7190 = VECTOR ( 'NONE', #6136, 1000.000000000000227 ) ;
#7191 = DIRECTION ( 'NONE',  ( -0.7071067811865475727, 0.000000000000000000, 0.7071067811865475727 ) ) ;
#7192 = DIRECTION ( 'NONE',  ( 2.403703357979464508E-16, 0.4999999999999947264, 0.8660254037844417052 ) ) ;
#7193 = ORIENTED_EDGE ( 'NONE', *, *, #1605, .T. ) ;
#7194 = CARTESIAN_POINT ( 'NONE',  ( -75.00000000000000000, 6.599999999999999645, 34.20000000000000995 ) ) ;
#7195 = VERTEX_POINT ( 'NONE', #141 ) ;
#7196 = FACE_OUTER_BOUND ( 'NONE', #8234, .T. ) ;
#7197 = LINE ( 'NONE', #5243, #8363 ) ;
#7198 = EDGE_CURVE ( 'NONE', #209, #7733, #5446, .T. ) ;
#7199 = CARTESIAN_POINT ( 'NONE',  ( -72.49999999999997158, 30.00000000000001421, -1.532606157515309597 ) ) ;
#7200 = DIRECTION ( 'NONE',  ( -2.403703357979464508E-16, -0.4999999999999947820, -0.8660254037844417052 ) ) ;
#7201 = DIRECTION ( 'NONE',  ( -0.000000000000000000, 1.000000000000000000, 0.000000000000000000 ) ) ;
#7202 = ORIENTED_EDGE ( 'NONE', *, *, #1492, .F. ) ;
#7203 = AXIS2_PLACEMENT_3D ( 'NONE', #5201, #7842, #5239 ) ;
#7204 = ORIENTED_EDGE ( 'NONE', *, *, #7297, .F. ) ;
#7205 = AXIS2_PLACEMENT_3D ( 'NONE', #7521, #310, #2947 ) ;
#7206 = CARTESIAN_POINT ( 'NONE',  ( 61.99999999999995737, 16.29999999999999716, -48.00000000000000000 ) ) ;
#7207 = ORIENTED_EDGE ( 'NONE', *, *, #6474, .F. ) ;
#7208 = VERTEX_POINT ( 'NONE', #8085 ) ;
#7209 = CYLINDRICAL_SURFACE ( 'NONE', #8135, 1.900000000000002576 ) ;
#7210 = EDGE_CURVE ( 'NONE', #530, #6436, #173, .T. ) ;
#7211 = EDGE_CURVE ( 'NONE', #6265, #6853, #1559, .T. ) ;
#7212 = CARTESIAN_POINT ( 'NONE',  ( 71.49999999999997158, 32.00000000000001421, -1.532606157515349343 ) ) ;
#7213 = DIRECTION ( 'NONE',  ( -0.7071067811865466846, 0.7071067811865483499, 0.000000000000000000 ) ) ;
#7214 = AXIS2_PLACEMENT_3D ( 'NONE', #3191, #7686, #1804 ) ;
#7215 = AXIS2_PLACEMENT_3D ( 'NONE', #1799, #2365, #2934 ) ;
#7216 = ORIENTED_EDGE ( 'NONE', *, *, #7913, .F. ) ;
#7217 = EDGE_LOOP ( 'NONE', ( #3138, #1115, #5412, #3329 ) ) ;
#7218 = DIRECTION ( 'NONE',  ( -2.403703357979463522E-16, -0.4999999999999947820, -0.8660254037844418162 ) ) ;
#7219 = VECTOR ( 'NONE', #6231, 1000.000000000000000 ) ;
#7220 = EDGE_LOOP ( 'NONE', ( #999, #7173, #2123, #7956 ) ) ;
#7221 = ORIENTED_EDGE ( 'NONE', *, *, #6888, .F. ) ;
#7222 = EDGE_CURVE ( 'NONE', #7249, #825, #8167, .T. ) ;
#7223 = EDGE_CURVE ( 'NONE', #3092, #4900, #6053, .T. ) ;
#7224 = CARTESIAN_POINT ( 'NONE',  ( 56.07000000000000028, 2.000000000000000000, 12.99000000000000909 ) ) ;
#7225 = CARTESIAN_POINT ( 'NONE',  ( -56.99999999999998579, 18.88342980854589115, 41.05020560007033481 ) ) ;
#7226 = ORIENTED_EDGE ( 'NONE', *, *, #2379, .T. ) ;
#7227 = AXIS2_PLACEMENT_3D ( 'NONE', #7490, #7411, #4850 ) ;
#7228 = CARTESIAN_POINT ( 'NONE',  ( 2.899999999999967493, 6.400000000000000355, -47.99999999999999289 ) ) ;
#7229 = LINE ( 'NONE', #1310, #3232 ) ;
#7230 = DIRECTION ( 'NONE',  ( 0.000000000000000000, 1.000000000000000000, 0.000000000000000000 ) ) ;
#7231 = VECTOR ( 'NONE', #3208, 1000.000000000000000 ) ;
#7232 = ORIENTED_EDGE ( 'NONE', *, *, #3782, .T. ) ;
#7233 = DIRECTION ( 'NONE',  ( 0.000000000000000000, 1.000000000000000000, 0.000000000000000000 ) ) ;
#7234 = AXIS2_PLACEMENT_3D ( 'NONE', #700, #1477, #5963 ) ;
#7235 = DIRECTION ( 'NONE',  ( 0.000000000000000000, 1.000000000000000000, 0.000000000000000000 ) ) ;
#7236 = AXIS2_PLACEMENT_3D ( 'NONE', #2995, #7009, #2383 ) ;
#7237 = DIRECTION ( 'NONE',  ( 0.000000000000000000, -1.000000000000000000, 0.000000000000000000 ) ) ;
#7238 = EDGE_LOOP ( 'NONE', ( #2382, #7862 ) ) ;
#7239 = DIRECTION ( 'NONE',  ( 2.727936522435911406E-16, 0.4999999999999947264, 0.8660254037844418162 ) ) ;
#7240 = ADVANCED_FACE ( 'NONE', ( #268 ), #2905, .F. ) ;
#7241 = AXIS2_PLACEMENT_3D ( 'NONE', #4085, #2056, #2881 ) ;
#7242 = ORIENTED_EDGE ( 'NONE', *, *, #5884, .F. ) ;
#7243 = FACE_OUTER_BOUND ( 'NONE', #4675, .T. ) ;
#7244 = CARTESIAN_POINT ( 'NONE',  ( -59.99999999999998579, 25.96021950739158157, 36.96441916244348391 ) ) ;
#7245 = FACE_OUTER_BOUND ( 'NONE', #8143, .T. ) ;
#7246 = PLANE ( 'NONE',  #7809 ) ;
#7247 = FACE_OUTER_BOUND ( 'NONE', #4591, .T. ) ;
#7248 = AXIS2_PLACEMENT_3D ( 'NONE', #147, #5322, #7402 ) ;
#7249 = VERTEX_POINT ( 'NONE', #5526 ) ;
#7250 = ORIENTED_EDGE ( 'NONE', *, *, #7994, .F. ) ;
#7251 = DIRECTION ( 'NONE',  ( -2.403703357979465494E-16, -0.4999999999999947264, -0.8660254037844417052 ) ) ;
#7252 = ADVANCED_FACE ( 'NONE', ( #4878 ), #2779, .F. ) ;
#7253 = ORIENTED_EDGE ( 'NONE', *, *, #8139, .F. ) ;
#7254 = ORIENTED_EDGE ( 'NONE', *, *, #1369, .T. ) ;
#7255 = EDGE_CURVE ( 'NONE', #1401, #624, #2120, .T. ) ;
#7256 = CYLINDRICAL_SURFACE ( 'NONE', #4684, 1.000000000000000222 ) ;
#7257 = DIRECTION ( 'NONE',  ( 1.000000000000000000, 0.000000000000000000, -0.000000000000000000 ) ) ;
#7258 = CYLINDRICAL_SURFACE ( 'NONE', #2438, 1.000000000000000222 ) ;
#7259 = VERTEX_POINT ( 'NONE', #4714 ) ;
#7260 = AXIS2_PLACEMENT_3D ( 'NONE', #1366, #1969, #3269 ) ;
#7261 = ORIENTED_EDGE ( 'NONE', *, *, #5900, .T. ) ;
#7262 = DIRECTION ( 'NONE',  ( 0.000000000000000000, 0.000000000000000000, 1.000000000000000000 ) ) ;
#7263 = ADVANCED_FACE ( 'NONE', ( #7352 ), #4107, .T. ) ;
#7264 = CIRCLE ( 'NONE', #499, 1.899999999999999467 ) ;
#7265 = ORIENTED_EDGE ( 'NONE', *, *, #5852, .T. ) ;
#7266 = ORIENTED_EDGE ( 'NONE', *, *, #4044, .T. ) ;
#7267 = CARTESIAN_POINT ( 'NONE',  ( -46.51499999999999346, 11.06712862504598327, 45.56294919243113384 ) ) ;
#7268 = DIRECTION ( 'NONE',  ( 1.000000000000000000, -5.473822126268816683E-48, -2.775557561562891351E-16 ) ) ;
#7269 = ORIENTED_EDGE ( 'NONE', *, *, #2629, .T. ) ;
#7270 = AXIS2_PLACEMENT_3D ( 'NONE', #3880, #6644, #4004 ) ;
#7271 = DIRECTION ( 'NONE',  ( 2.403703357979464508E-16, 0.4999999999999947264, 0.8660254037844417052 ) ) ;
#7272 = CARTESIAN_POINT ( 'NONE',  ( -75.00000000000000000, 16.04218522841654959, 45.00000000000001421 ) ) ;
#7273 = DIRECTION ( 'NONE',  ( 0.7071067811865496822, 0.000000000000000000, -0.7071067811865453523 ) ) ;
#7274 = EDGE_CURVE ( 'NONE', #138, #3162, #7692, .T. ) ;
#7275 = ADVANCED_FACE ( 'NONE', ( #1731 ), #4449, .T. ) ;
#7276 = ORIENTED_EDGE ( 'NONE', *, *, #345, .F. ) ;
#7277 = FACE_OUTER_BOUND ( 'NONE', #4837, .T. ) ;
#7278 = CARTESIAN_POINT ( 'NONE',  ( 61.00000000000004263, 20.03201627711601063, 42.69646997001223809 ) ) ;
#7279 = DIRECTION ( 'NONE',  ( 1.000000000000000000, 0.000000000000000000, 0.000000000000000000 ) ) ;
#7280 = ORIENTED_EDGE ( 'NONE', *, *, #5667, .F. ) ;
#7281 = EDGE_CURVE ( 'NONE', #3507, #3540, #3475, .T. ) ;
#7282 = DIRECTION ( 'NONE',  ( 0.000000000000000000, -0.8660254037844418162, 0.4999999999999946709 ) ) ;
#7283 = ORIENTED_EDGE ( 'NONE', *, *, #234, .T. ) ;
#7284 = DIRECTION ( 'NONE',  ( 0.000000000000000000, 0.000000000000000000, 1.000000000000000000 ) ) ;
#7285 = CARTESIAN_POINT ( 'NONE',  ( 75.00000000000000000, 21.30000000000000071, -39.00000000000004974 ) ) ;
#7286 = CARTESIAN_POINT ( 'NONE',  ( 61.00000000000004263, 20.89804168090045167, 42.19646997001223809 ) ) ;
#7287 = DIRECTION ( 'NONE',  ( -1.000000000000000000, 0.000000000000000000, 0.000000000000000000 ) ) ;
#7288 = DIRECTION ( 'NONE',  ( -1.770125995894701202E-16, -1.000000000000000000, 0.000000000000000000 ) ) ;
#7289 = VERTEX_POINT ( 'NONE', #1003 ) ;
#7290 = CARTESIAN_POINT ( 'NONE',  ( 0.000000000000000000, 31.00000000000000711, -46.50000000000000000 ) ) ;
#7291 = ORIENTED_EDGE ( 'NONE', *, *, #2917, .F. ) ;
#7292 = AXIS2_PLACEMENT_3D ( 'NONE', #1237, #7712, #8448 ) ;
#7293 = ORIENTED_EDGE ( 'NONE', *, *, #8532, .F. ) ;
#7294 = FACE_OUTER_BOUND ( 'NONE', #5794, .T. ) ;
#7295 = CARTESIAN_POINT ( 'NONE',  ( -50.30000000000002558, 25.69999999999999929, -47.99999999999999289 ) ) ;
#7296 = CARTESIAN_POINT ( 'NONE',  ( 57.29289321881348229, 27.36245894405033852, 38.46423692297867802 ) ) ;
#7297 = EDGE_CURVE ( 'NONE', #3450, #2768, #7562, .T. ) ;
#7298 = ORIENTED_EDGE ( 'NONE', *, *, #1513, .T. ) ;
#7299 = ORIENTED_EDGE ( 'NONE', *, *, #932, .F. ) ;
#7300 = DIRECTION ( 'NONE',  ( -0.000000000000000000, 0.8660254037844415942, -0.4999999999999949485 ) ) ;
#7301 = VERTEX_POINT ( 'NONE', #3713 ) ;
#7302 = ORIENTED_EDGE ( 'NONE', *, *, #171, .T. ) ;
#7303 = LINE ( 'NONE', #697, #4588 ) ;
#7304 = LINE ( 'NONE', #4015, #2641 ) ;
#7305 = EDGE_LOOP ( 'NONE', ( #5649, #3473, #7447, #5598 ) ) ;
#7306 = EDGE_CURVE ( 'NONE', #6697, #7301, #863, .T. ) ;
#7307 = DIRECTION ( 'NONE',  ( 0.000000000000000000, 0.8660254037844425934, -0.4999999999999933942 ) ) ;
#7308 = DIRECTION ( 'NONE',  ( -2.403703357979464015E-16, -0.4999999999999946154, -0.8660254037844419273 ) ) ;
#7309 = PLANE ( 'NONE',  #8440 ) ;
#7310 = EDGE_LOOP ( 'NONE', ( #2439, #591, #4750, #4116 ) ) ;
#7311 = EDGE_CURVE ( 'NONE', #3608, #4806, #355, .T. ) ;
#7312 = DIRECTION ( 'NONE',  ( 0.000000000000000000, 0.8660254037844425934, -0.4999999999999933942 ) ) ;
#7313 = EDGE_CURVE ( 'NONE', #7195, #4564, #2427, .T. ) ;
#7314 = DIRECTION ( 'NONE',  ( 0.000000000000000000, 1.000000000000000000, 0.000000000000000000 ) ) ;
#7315 = CARTESIAN_POINT ( 'NONE',  ( -46.51499999999999346, 30.92050166543326384, 36.41000000000011028 ) ) ;
#7316 = ORIENTED_EDGE ( 'NONE', *, *, #8169, .T. ) ;
#7317 = CARTESIAN_POINT ( 'NONE',  ( -54.99999999999998579, 27.46752544356884229, 38.40357675119889791 ) ) ;
#7318 = ORIENTED_EDGE ( 'NONE', *, *, #4189, .T. ) ;
#7319 = CIRCLE ( 'NONE', #6214, 1.000000000000000222 ) ;
#7320 = EDGE_LOOP ( 'NONE', ( #6277, #783, #1191, #4424 ) ) ;
#7321 = CARTESIAN_POINT ( 'NONE',  ( 71.49999999999997158, 32.00000000000001421, -1.532606157515349343 ) ) ;
#7322 = CARTESIAN_POINT ( 'NONE',  ( -46.51499999999999346, 33.96025083271664613, 34.65500000000013614 ) ) ;
#7323 = CARTESIAN_POINT ( 'NONE',  ( 74.99999999999997158, 2.000000000000000000, -49.99999999999999289 ) ) ;
#7324 = ADVANCED_FACE ( 'NONE', ( #1772 ), #3674, .F. ) ;
#7325 = CARTESIAN_POINT ( 'NONE',  ( -45.99999999999997868, 30.41820693123827368, 36.70000000000012363 ) ) ;
#7326 = CARTESIAN_POINT ( 'NONE',  ( -46.51499999999998636, 13.46142952513890911, 46.49000000000000909 ) ) ;
#7327 = CARTESIAN_POINT ( 'NONE',  ( -66.99999999999998579, 20.03201627711599286, 42.69646997001231625 ) ) ;
#7328 = VERTEX_POINT ( 'NONE', #5659 ) ;
#7329 = VECTOR ( 'NONE', #4268, 1000.000000000000000 ) ;
#7330 = CARTESIAN_POINT ( 'NONE',  ( -72.99999999999997158, 7.600000000000004086, -3.399999999999998135 ) ) ;
#7331 = VERTEX_POINT ( 'NONE', #1085 ) ;
#7332 = VERTEX_POINT ( 'NONE', #6350 ) ;
#7333 = FACE_OUTER_BOUND ( 'NONE', #6589, .T. ) ;
#7334 = VECTOR ( 'NONE', #6098, 999.9999999999998863 ) ;
#7335 = DIRECTION ( 'NONE',  ( 0.000000000000000000, 0.000000000000000000, -1.000000000000000000 ) ) ;
#7336 = CARTESIAN_POINT ( 'NONE',  ( -56.07000000000000028, 0.000000000000000000, -44.43999999999999062 ) ) ;
#7337 = AXIS2_PLACEMENT_3D ( 'NONE', #4042, #2886, #1538 ) ;
#7338 = VERTEX_POINT ( 'NONE', #3804 ) ;
#7339 = AXIS2_PLACEMENT_3D ( 'NONE', #5704, #6394, #3073 ) ;
#7340 = ORIENTED_EDGE ( 'NONE', *, *, #2321, .F. ) ;
#7341 = DIRECTION ( 'NONE',  ( -0.7071067811865497932, 1.533293416683369454E-16, -0.7071067811865453523 ) ) ;
#7342 = ORIENTED_EDGE ( 'NONE', *, *, #7950, .F. ) ;
#7343 = EDGE_CURVE ( 'NONE', #957, #1363, #3159, .T. ) ;
#7344 = ORIENTED_EDGE ( 'NONE', *, *, #1662, .T. ) ;
#7345 = VECTOR ( 'NONE', #6694, 1000.000000000000000 ) ;
#7346 = CARTESIAN_POINT ( 'NONE',  ( -71.49999999999997158, 27.40192378864669109, 32.89888930010715029 ) ) ;
#7347 = CARTESIAN_POINT ( 'NONE',  ( -66.99999999999998579, 20.89804168090044101, 42.19646997001232336 ) ) ;
#7348 = DIRECTION ( 'NONE',  ( 2.403703357979464015E-16, 0.4999999999999946154, 0.8660254037844419273 ) ) ;
#7349 = PLANE ( 'NONE',  #7787 ) ;
#7350 = PLANE ( 'NONE',  #7363 ) ;
#7351 = VECTOR ( 'NONE', #1082, 1000.000000000000000 ) ;
#7352 = FACE_OUTER_BOUND ( 'NONE', #4317, .T. ) ;
#7353 = ADVANCED_FACE ( 'NONE', ( #5053, #5751, #4401, #7044 ), #5092, .T. ) ;
#7354 = ORIENTED_EDGE ( 'NONE', *, *, #6963, .F. ) ;
#7355 = EDGE_CURVE ( 'NONE', #1550, #645, #4961, .T. ) ;
#7356 = CARTESIAN_POINT ( 'NONE',  ( -55.29289321881343255, 17.91233790524295344, 41.61086577185015756 ) ) ;
#7357 = CARTESIAN_POINT ( 'NONE',  ( 59.94974746830588685, 14.87938382346100852, 45.67134370416514599 ) ) ;
#7358 = CARTESIAN_POINT ( 'NONE',  ( 56.07000000000000028, 0.000000000000000000, -46.33999999999998920 ) ) ;
#7359 = VECTOR ( 'NONE', #2310, 1000.000000000000000 ) ;
#7360 = FACE_OUTER_BOUND ( 'NONE', #3097, .T. ) ;
#7361 = EDGE_CURVE ( 'NONE', #5982, #7063, #8257, .T. ) ;
#7362 = ORIENTED_EDGE ( 'NONE', *, *, #7951, .F. ) ;
#7363 = AXIS2_PLACEMENT_3D ( 'NONE', #7436, #1432, #1517 ) ;
#7364 = ORIENTED_EDGE ( 'NONE', *, *, #6825, .F. ) ;
#7365 = CARTESIAN_POINT ( 'NONE',  ( -46.51499999999999346, 33.96025083271664613, 34.65500000000013614 ) ) ;
#7366 = DIRECTION ( 'NONE',  ( 1.990511332221004137E-16, 0.4999999999999947264, 0.8660254037844418162 ) ) ;
#7367 = PLANE ( 'NONE',  #880 ) ;
#7368 = DIRECTION ( 'NONE',  ( 0.7071067811865492381, -0.6123724356957924719, 0.3535533905932740639 ) ) ;
#7369 = DIRECTION ( 'NONE',  ( 0.000000000000000000, 1.000000000000000000, -2.843808977011156843E-16 ) ) ;
#7370 = CARTESIAN_POINT ( 'NONE',  ( -71.49999999999997158, 26.40192378864669820, 31.16683849253827177 ) ) ;
#7371 = ORIENTED_EDGE ( 'NONE', *, *, #854, .T. ) ;
#7372 = CIRCLE ( 'NONE', #5713, 2.999999999999999112 ) ;
#7373 = CARTESIAN_POINT ( 'NONE',  ( 2.899999999999971934, 6.899999999999999467, -47.99999999999999289 ) ) ;
#7374 = EDGE_CURVE ( 'NONE', #4875, #5855, #2335, .T. ) ;
#7375 = EDGE_CURVE ( 'NONE', #5976, #8538, #523, .T. ) ;
#7376 = ORIENTED_EDGE ( 'NONE', *, *, #553, .T. ) ;
#7377 = ORIENTED_EDGE ( 'NONE', *, *, #6299, .T. ) ;
#7378 = CARTESIAN_POINT ( 'NONE',  ( -56.07000000000000028, 5.000000000000000000, -44.43999999999999062 ) ) ;
#7379 = VECTOR ( 'NONE', #5198, 1000.000000000000000 ) ;
#7380 = DIRECTION ( 'NONE',  ( -2.403703357979465494E-16, -0.4999999999999947264, -0.8660254037844417052 ) ) ;
#7381 = CYLINDRICAL_SURFACE ( 'NONE', #3953, 1.000000000000000222 ) ;
#7382 = ORIENTED_EDGE ( 'NONE', *, *, #7030, .T. ) ;
#7383 = EDGE_LOOP ( 'NONE', ( #7455, #2183, #3472, #4911 ) ) ;
#7384 = LINE ( 'NONE', #2067, #584 ) ;
#7385 = AXIS2_PLACEMENT_3D ( 'NONE', #3589, #4886, #5663 ) ;
#7386 = EDGE_CURVE ( 'NONE', #6897, #4996, #6266, .T. ) ;
#7387 = VECTOR ( 'NONE', #4728, 1000.000000000000227 ) ;
#7388 = ORIENTED_EDGE ( 'NONE', *, *, #5417, .F. ) ;
#7389 = ORIENTED_EDGE ( 'NONE', *, *, #6813, .F. ) ;
#7390 = CARTESIAN_POINT ( 'NONE',  ( -72.99999999999997158, 35.00000000000000000, 31.16794919243129769 ) ) ;
#7391 = CARTESIAN_POINT ( 'NONE',  ( 43.00000000000001421, 26.82013071988495057, 36.46794919243119892 ) ) ;
#7392 = FACE_BOUND ( 'NONE', #8331, .T. ) ;
#7393 = CARTESIAN_POINT ( 'NONE',  ( -65.99999999999998579, 19.03201627711601418, 40.96441916244344128 ) ) ;
#7394 = DIRECTION ( 'NONE',  ( 0.000000000000000000, 0.000000000000000000, 1.000000000000000000 ) ) ;
#7395 = AXIS2_PLACEMENT_3D ( 'NONE', #6239, #8232, #2309 ) ;
#7396 = DIRECTION ( 'NONE',  ( -1.000000000000000000, 0.000000000000000000, 0.000000000000000000 ) ) ;
#7397 = VECTOR ( 'NONE', #1627, 1000.000000000000000 ) ;
#7398 = AXIS2_PLACEMENT_3D ( 'NONE', #7133, #3193, #5176 ) ;
#7399 = VECTOR ( 'NONE', #2890, 1000.000000000000000 ) ;
#7400 = ORIENTED_EDGE ( 'NONE', *, *, #3922, .F. ) ;
#7401 = CARTESIAN_POINT ( 'NONE',  ( 72.99999999999997158, 28.00000000000000711, -39.00000000000004974 ) ) ;
#7402 = DIRECTION ( 'NONE',  ( -2.081668171172183797E-16, 0.000000000000000000, -1.000000000000000000 ) ) ;
#7403 = EDGE_CURVE ( 'NONE', #2869, #1894, #6957, .T. ) ;
#7404 = CYLINDRICAL_SURFACE ( 'NONE', #2532, 3.000000000000002665 ) ;
#7405 = DIRECTION ( 'NONE',  ( 1.000000000000000000, 0.000000000000000000, 0.000000000000000000 ) ) ;
#7406 = DIRECTION ( 'NONE',  ( 0.000000000000000000, -0.8660254037844382635, 0.5000000000000006661 ) ) ;
#7407 = ORIENTED_EDGE ( 'NONE', *, *, #8298, .T. ) ;
#7408 = ORIENTED_EDGE ( 'NONE', *, *, #552, .T. ) ;
#7409 = DIRECTION ( 'NONE',  ( 0.000000000000000000, 0.5000000000000015543, 0.8660254037844378194 ) ) ;
#7410 = CARTESIAN_POINT ( 'NONE',  ( 46.51500000000000767, 9.421680357855525045, 46.51294919243110115 ) ) ;
#7411 = DIRECTION ( 'NONE',  ( 2.403703357979464508E-16, 0.4999999999999947264, 0.8660254037844417052 ) ) ;
#7412 = DIRECTION ( 'NONE',  ( 0.000000000000000000, 0.8660254037844425934, -0.4999999999999933942 ) ) ;
#7413 = LINE ( 'NONE', #2096, #227 ) ;
#7414 = ADVANCED_FACE ( 'NONE', ( #1380 ), #47, .F. ) ;
#7415 = DIRECTION ( 'NONE',  ( 1.000000000000000000, -0.000000000000000000, -0.000000000000000000 ) ) ;
#7416 = VERTEX_POINT ( 'NONE', #5832 ) ;
#7417 = CARTESIAN_POINT ( 'NONE',  ( 43.00000000000001421, 13.96372425933387085, 46.19999999999999574 ) ) ;
#7418 = VERTEX_POINT ( 'NONE', #7177 ) ;
#7419 = EDGE_LOOP ( 'NONE', ( #8401, #1096, #5640, #2624 ) ) ;
#7420 = DIRECTION ( 'NONE',  ( 1.000000000000000000, -0.000000000000000000, -0.000000000000000000 ) ) ;
#7421 = DIRECTION ( 'NONE',  ( 0.000000000000000000, -1.000000000000000000, 0.000000000000000000 ) ) ;
#7422 = DIRECTION ( 'NONE',  ( 2.403703357979463522E-16, 0.4999999999999947820, 0.8660254037844418162 ) ) ;
#7423 = CIRCLE ( 'NONE', #1905, 3.000000000000002665 ) ;
#7424 = EDGE_CURVE ( 'NONE', #1022, #6398, #6370, .T. ) ;
#7425 = EDGE_CURVE ( 'NONE', #8420, #131, #3335, .T. ) ;
#7426 = EDGE_LOOP ( 'NONE', ( #4437, #3585, #5340, #7997 ) ) ;
#7427 = ORIENTED_EDGE ( 'NONE', *, *, #6117, .F. ) ;
#7428 = CARTESIAN_POINT ( 'NONE',  ( -72.49999999999997158, 30.00000000000001421, -1.532606157515309597 ) ) ;
#7429 = AXIS2_PLACEMENT_3D ( 'NONE', #8022, #7380, #168 ) ;
#7430 = ORIENTED_EDGE ( 'NONE', *, *, #5823, .F. ) ;
#7431 = ORIENTED_EDGE ( 'NONE', *, *, #1795, .T. ) ;
#7432 = DIRECTION ( 'NONE',  ( -0.000000000000000000, -0.8660254037844415942, 0.4999999999999950040 ) ) ;
#7433 = DIRECTION ( 'NONE',  ( 2.403703357979463522E-16, 0.4999999999999947820, 0.8660254037844418162 ) ) ;
#7434 = VERTEX_POINT ( 'NONE', #3844 ) ;
#7435 = EDGE_CURVE ( 'NONE', #977, #6407, #1299, .T. ) ;
#7436 = CARTESIAN_POINT ( 'NONE',  ( -75.00000000000000000, 2.000000000000000000, 50.00000000000000711 ) ) ;
#7437 = DIRECTION ( 'NONE',  ( -4.625929269271486407E-17, -0.000000000000000000, 1.000000000000000000 ) ) ;
#7438 = ORIENTED_EDGE ( 'NONE', *, *, #6117, .T. ) ;
#7439 = LINE ( 'NONE', #5360, #1812 ) ;
#7440 = CARTESIAN_POINT ( 'NONE',  ( -18.30000000000002558, 21.10000000000000142, -49.99999999999999289 ) ) ;
#7441 = CARTESIAN_POINT ( 'NONE',  ( 54.51630307875762327, 31.00000000000000711, -18.51630307875780446 ) ) ;
#7442 = DIRECTION ( 'NONE',  ( 0.000000000000000000, -0.000000000000000000, 1.000000000000000000 ) ) ;
#7443 = CARTESIAN_POINT ( 'NONE',  ( -71.49999999999997158, 0.000000000000000000, 0.000000000000000000 ) ) ;
#7444 = ORIENTED_EDGE ( 'NONE', *, *, #1063, .T. ) ;
#7445 = EDGE_CURVE ( 'NONE', #981, #5962, #5535, .T. ) ;
#7446 = AXIS2_PLACEMENT_3D ( 'NONE', #3570, #4817, #1626 ) ;
#7447 = ORIENTED_EDGE ( 'NONE', *, *, #8169, .F. ) ;
#7448 = CARTESIAN_POINT ( 'NONE',  ( -72.99999999999997158, 31.00000000000000711, -6.532606157515308709 ) ) ;
#7449 = CARTESIAN_POINT ( 'NONE',  ( 71.49999999999997158, 7.599999999999995204, -3.400000000000032774 ) ) ;
#7450 = DIRECTION ( 'NONE',  ( -1.000000000000000000, 0.000000000000000000, 0.000000000000000000 ) ) ;
#7451 = LINE ( 'NONE', #1410, #2567 ) ;
#7452 = CARTESIAN_POINT ( 'NONE',  ( -45.99999999999997868, 12.96372425933390105, 44.46794919243114919 ) ) ;
#7453 = VERTEX_POINT ( 'NONE', #3932 ) ;
#7454 = LINE ( 'NONE', #4169, #717 ) ;
#7455 = ORIENTED_EDGE ( 'NONE', *, *, #5469, .F. ) ;
#7456 = EDGE_CURVE ( 'NONE', #4600, #4805, #7618, .T. ) ;
#7457 = DIRECTION ( 'NONE',  ( -1.000000000000000000, -0.000000000000000000, -0.000000000000000000 ) ) ;
#7458 = CARTESIAN_POINT ( 'NONE',  ( -62.07106781186546840, 14.49175625915682275, 43.58573950600302993 ) ) ;
#7459 = CARTESIAN_POINT ( 'NONE',  ( -72.99999999999997158, 2.000000000000000000, -48.00000000000000000 ) ) ;
#7460 = VECTOR ( 'NONE', #2899, 1000.000000000000000 ) ;
#7461 = ORIENTED_EDGE ( 'NONE', *, *, #6611, .T. ) ;
#7462 = ORIENTED_EDGE ( 'NONE', *, *, #509, .T. ) ;
#7463 = CARTESIAN_POINT ( 'NONE',  ( -60.99999999999998579, 19.03201627711603905, 40.96441916244341996 ) ) ;
#7464 = VERTEX_POINT ( 'NONE', #561 ) ;
#7465 = EDGE_CURVE ( 'NONE', #296, #3795, #726, .T. ) ;
#7466 = EDGE_CURVE ( 'NONE', #3450, #4499, #4168, .T. ) ;
#7467 = ORIENTED_EDGE ( 'NONE', *, *, #4787, .F. ) ;
#7468 = VECTOR ( 'NONE', #6852, 1000.000000000000114 ) ;
#7469 = CARTESIAN_POINT ( 'NONE',  ( -46.51499999999999346, 38.50000000000001421, 35.49807621135347802 ) ) ;
#7470 = DIRECTION ( 'NONE',  ( -1.000000000000000000, -0.000000000000000000, 2.775557561562891351E-16 ) ) ;
#7471 = CARTESIAN_POINT ( 'NONE',  ( 57.00000000000004263, 19.24214927615304660, 40.84309881888375315 ) ) ;
#7472 = AXIS2_PLACEMENT_3D ( 'NONE', #7145, #7873, #8479 ) ;
#7473 = ORIENTED_EDGE ( 'NONE', *, *, #3202, .F. ) ;
#7474 = CARTESIAN_POINT ( 'NONE',  ( -56.06999999999999318, 2.000000000000000000, 9.490000000000009095 ) ) ;
#7475 = ORIENTED_EDGE ( 'NONE', *, *, #4055, .T. ) ;
#7476 = DIRECTION ( 'NONE',  ( 0.000000000000000000, 0.000000000000000000, 1.000000000000000000 ) ) ;
#7477 = AXIS2_PLACEMENT_3D ( 'NONE', #8510, #2684, #1256 ) ;
#7478 = EDGE_CURVE ( 'NONE', #1202, #3326, #5221, .T. ) ;
#7479 = ADVANCED_FACE ( 'NONE', ( #2638, #8423, #2029, #1944, #739, #655, #5304, #6608 ), #3243, .F. ) ;
#7480 = EDGE_LOOP ( 'NONE', ( #6723, #2609, #761, #3346 ) ) ;
#7481 = CARTESIAN_POINT ( 'NONE',  ( 66.00000000000001421, 25.09419410360711211, 37.46441916244344128 ) ) ;
#7482 = CARTESIAN_POINT ( 'NONE',  ( 60.00000000000002842, 25.09419410360714764, 37.46441916244344128 ) ) ;
#7483 = AXIS2_PLACEMENT_3D ( 'NONE', #644, #5167, #4525 ) ;
#7484 = CARTESIAN_POINT ( 'NONE',  ( 72.99999999999997158, 6.599999999999997868, 3.099999999999977884 ) ) ;
#7485 = DIRECTION ( 'NONE',  ( 1.000000000000000000, 0.000000000000000000, 0.000000000000000000 ) ) ;
#7486 = ORIENTED_EDGE ( 'NONE', *, *, #7223, .F. ) ;
#7487 = ORIENTED_EDGE ( 'NONE', *, *, #2252, .T. ) ;
#7488 = CARTESIAN_POINT ( 'NONE',  ( 71.49999999999997158, 23.07179676972450011, 35.39888930010710766 ) ) ;
#7489 = CARTESIAN_POINT ( 'NONE',  ( 69.99999999999997158, 37.00000000000000711, -48.00000000000000000 ) ) ;
#7490 = CARTESIAN_POINT ( 'NONE',  ( 46.51500000000000767, 33.96025083271663902, 34.65500000000011482 ) ) ;
#7491 = AXIS2_PLACEMENT_3D ( 'NONE', #8312, #7540, #4249 ) ;
#7492 = CARTESIAN_POINT ( 'NONE',  ( -72.99999999999997158, 6.599999999999991651, -47.99999999999999289 ) ) ;
#7493 = LINE ( 'NONE', #1579, #6390 ) ;
#7494 = ORIENTED_EDGE ( 'NONE', *, *, #2818, .T. ) ;
#7495 = ADVANCED_FACE ( 'NONE', ( #5135 ), #609, .F. ) ;
#7496 = LINE ( 'NONE', #1582, #7468 ) ;
#7497 = AXIS2_PLACEMENT_3D ( 'NONE', #5534, #2953, #4278 ) ;
#7498 = ORIENTED_EDGE ( 'NONE', *, *, #7528, .T. ) ;
#7499 = FACE_OUTER_BOUND ( 'NONE', #2617, .T. ) ;
#7500 = PLANE ( 'NONE',  #8489 ) ;
#7501 = FACE_OUTER_BOUND ( 'NONE', #7096, .T. ) ;
#7502 = CARTESIAN_POINT ( 'NONE',  ( -60.99999999999998579, 25.09419410360713698, 37.46441916244346260 ) ) ;
#7503 = AXIS2_PLACEMENT_3D ( 'NONE', #182, #8082, #12 ) ;
#7504 = ORIENTED_EDGE ( 'NONE', *, *, #3028, .T. ) ;
#7505 = CIRCLE ( 'NONE', #3098, 1.900000000000004130 ) ;
#7506 = EDGE_CURVE ( 'NONE', #3704, #2356, #3973, .T. ) ;
#7507 = VERTEX_POINT ( 'NONE', #3324 ) ;
#7508 = VECTOR ( 'NONE', #7148, 1000.000000000000114 ) ;
#7509 = FACE_OUTER_BOUND ( 'NONE', #3739, .T. ) ;
#7510 = ADVANCED_FACE ( 'NONE', ( #5956, #7137 ), #1215, .F. ) ;
#7511 = EDGE_LOOP ( 'NONE', ( #1591, #7226, #743, #4548 ) ) ;
#7512 = ORIENTED_EDGE ( 'NONE', *, *, #5358, .T. ) ;
#7513 = CARTESIAN_POINT ( 'NONE',  ( -75.00000000000002842, 0.000000000000000000, -45.00000000000000711 ) ) ;
#7514 = CARTESIAN_POINT ( 'NONE',  ( -27.00000000000002487, 26.20000000000000284, -47.99999999999999289 ) ) ;
#7515 = FILL_AREA_STYLE ('',( #8250 ) ) ;
#7516 = ORIENTED_EDGE ( 'NONE', *, *, #46, .T. ) ;
#7517 = EDGE_CURVE ( 'NONE', #3816, #8466, #7947, .T. ) ;
#7518 = CARTESIAN_POINT ( 'NONE',  ( -71.49999999999997158, 26.90192378864667688, 32.03286389632268794 ) ) ;
#7519 = VECTOR ( 'NONE', #5886, 1000.000000000000114 ) ;
#7520 = ORIENTED_EDGE ( 'NONE', *, *, #6374, .T. ) ;
#7521 = CARTESIAN_POINT ( 'NONE',  ( -71.49999999999997158, 26.40192378864669820, 31.16683849253827177 ) ) ;
#7522 = VECTOR ( 'NONE', #7409, 999.9999999999998863 ) ;
#7523 = VERTEX_POINT ( 'NONE', #7428 ) ;
#7524 = CARTESIAN_POINT ( 'NONE',  ( 46.00000000000002132, 29.41820693123828434, 34.96794919243122735 ) ) ;
#7525 = DIRECTION ( 'NONE',  ( -2.403703357979464015E-16, -0.4999999999999946154, -0.8660254037844419273 ) ) ;
#7526 = ADVANCED_FACE ( 'NONE', ( #1546 ), #4179, .F. ) ;
#7527 = CARTESIAN_POINT ( 'NONE',  ( 58.00000000000002132, -24.90528672341347871, -35.62250335626184494 ) ) ;
#7528 = EDGE_CURVE ( 'NONE', #3516, #7979, #1593, .T. ) ;
#7529 = VECTOR ( 'NONE', #4038, 1000.000000000000000 ) ;
#7530 = CARTESIAN_POINT ( 'NONE',  ( -71.49999999999997158, 31.00000000000001421, 0.000000000000000000 ) ) ;
#7531 = APPLICATION_PROTOCOL_DEFINITION ( 'draft international standard', 'automotive_design', 1998, #2714 ) ;
#7532 = VECTOR ( 'NONE', #5604, 1000.000000000000000 ) ;
#7533 = ORIENTED_EDGE ( 'NONE', *, *, #1154, .T. ) ;
#7534 = VERTEX_POINT ( 'NONE', #5478 ) ;
#7536 = CARTESIAN_POINT ( 'NONE',  ( 43.00000000000001421, 12.96372425933389039, 44.46794919243113497 ) ) ;
#7535 = VECTOR ( 'NONE', #7366, 999.9999999999998863 ) ;
#7537 = DIRECTION ( 'NONE',  ( -0.7071067811865500152, 7.666467083416836178E-17, -0.7071067811865450192 ) ) ;
#7538 = CYLINDRICAL_SURFACE ( 'NONE', #6992, 0.5000000000000000000 ) ;
#7539 = CARTESIAN_POINT ( 'NONE',  ( 12.89999999999998259, 22.80000000000001847, -47.99999999999999289 ) ) ;
#7540 = DIRECTION ( 'NONE',  ( 2.403703357979463522E-16, 0.4999999999999947820, 0.8660254037844418162 ) ) ;
#7541 = EDGE_CURVE ( 'NONE', #7331, #2850, #5515, .T. ) ;
#7542 = ORIENTED_EDGE ( 'NONE', *, *, #3613, .T. ) ;
#7543 = DIRECTION ( 'NONE',  ( -0.000000000000000000, 1.000000000000000000, -0.000000000000000000 ) ) ;
#7544 = ORIENTED_EDGE ( 'NONE', *, *, #5096, .T. ) ;
#7545 = CARTESIAN_POINT ( 'NONE',  ( 71.49999999999997158, 22.57179676972449656, 34.53286389632266662 ) ) ;
#7546 = LINE ( 'NONE', #463, #2709 ) ;
#7547 = DIRECTION ( 'NONE',  ( -4.625929269271486407E-17, -0.000000000000000000, 1.000000000000000000 ) ) ;
#7548 = CARTESIAN_POINT ( 'NONE',  ( -58.00000000000000711, -18.39734949121197616, -39.37986266914248290 ) ) ;
#7549 = PLANE ( 'NONE',  #6274 ) ;
#7550 = VERTEX_POINT ( 'NONE', #2858 ) ;
#7551 = ORIENTED_EDGE ( 'NONE', *, *, #7855, .T. ) ;
#7552 = CARTESIAN_POINT ( 'NONE',  ( -57.00000000000000711, -24.90528672341348582, -35.62250335626180942 ) ) ;
#7553 = ORIENTED_EDGE ( 'NONE', *, *, #5417, .T. ) ;
#7554 = VERTEX_POINT ( 'NONE', #5387 ) ;
#7555 = EDGE_CURVE ( 'NONE', #1336, #6118, #4866, .T. ) ;
#7556 = CARTESIAN_POINT ( 'NONE',  ( -75.00000000000000000, 9.600000000000001421, 37.20000000000000995 ) ) ;
#7557 = DIRECTION ( 'NONE',  ( -2.403703357979464508E-16, -0.4999999999999947820, -0.8660254037844417052 ) ) ;
#7558 = LINE ( 'NONE', #6217, #3285 ) ;
#7559 = ORIENTED_EDGE ( 'NONE', *, *, #4879, .T. ) ;
#7560 = FACE_OUTER_BOUND ( 'NONE', #2865, .T. ) ;
#7561 = VERTEX_POINT ( 'NONE', #1424 ) ;
#7562 = LINE ( 'NONE', #7729, #4581 ) ;
#7563 = EDGE_CURVE ( 'NONE', #7249, #5982, #7384, .T. ) ;
#7564 = ORIENTED_EDGE ( 'NONE', *, *, #3843, .T. ) ;
#7565 = CARTESIAN_POINT ( 'NONE',  ( 69.99999999999997158, 37.00000000000000711, 45.00000000000000711 ) ) ;
#7566 = FACE_OUTER_BOUND ( 'NONE', #7034, .T. ) ;
#7567 = CIRCLE ( 'NONE', #1636, 1.000000000000000222 ) ;
#7568 = CARTESIAN_POINT ( 'NONE',  ( -46.51499999999999346, 34.60569909990710613, 31.97294919243127254 ) ) ;
#7569 = LINE ( 'NONE', #1649, #8314 ) ;
#7570 = ORIENTED_EDGE ( 'NONE', *, *, #7673, .F. ) ;
#7571 = EDGE_CURVE ( 'NONE', #3200, #2589, #6003, .T. ) ;
#7572 = EDGE_CURVE ( 'NONE', #7434, #2749, #132, .T. ) ;
#7573 = ORIENTED_EDGE ( 'NONE', *, *, #6564, .T. ) ;
#7574 = DIRECTION ( 'NONE',  ( 0.000000000000000000, -1.000000000000000000, 0.000000000000000000 ) ) ;
#7575 = CARTESIAN_POINT ( 'NONE',  ( 75.00000000000000000, 31.00000000000000711, -36.00000000000004263 ) ) ;
#7576 = LINE ( 'NONE', #1655, #4882 ) ;
#7577 = DIRECTION ( 'NONE',  ( -4.930380657631323236E-32, 0.8660254037844417052, -0.4999999999999947264 ) ) ;
#7578 = DIRECTION ( 'NONE',  ( 0.000000000000000000, -1.000000000000000000, 0.000000000000000000 ) ) ;
#7579 = ORIENTED_EDGE ( 'NONE', *, *, #5522, .T. ) ;
#7580 = CYLINDRICAL_SURFACE ( 'NONE', #5671, 1.000000000000000222 ) ;
#7581 = VERTEX_POINT ( 'NONE', #6735 ) ;
#7582 = ADVANCED_FACE ( 'NONE', ( #7509 ), #6861, .F. ) ;
#7583 = CARTESIAN_POINT ( 'NONE',  ( -46.51500000000001478, -12.83263343404030365, -42.59265298271434119 ) ) ;
#7584 = FACE_OUTER_BOUND ( 'NONE', #1334, .T. ) ;
#7585 = DIRECTION ( 'NONE',  ( 0.000000000000000000, -8.673617379884027583E-16, 1.000000000000000000 ) ) ;
#7586 = CARTESIAN_POINT ( 'NONE',  ( -72.99999999999997158, 8.998349611352816524, 46.75735931288071612 ) ) ;
#7587 = LINE ( 'NONE', #6377, #5157 ) ;
#7588 = EDGE_LOOP ( 'NONE', ( #1329, #557, #5294, #3106 ) ) ;
#7589 = ORIENTED_EDGE ( 'NONE', *, *, #987, .T. ) ;
#7590 =( GEOMETRIC_REPRESENTATION_CONTEXT ( 3 ) GLOBAL_UNCERTAINTY_ASSIGNED_CONTEXT ( ( #5903 ) ) GLOBAL_UNIT_ASSIGNED_CONTEXT ( ( #7693, #2511, #4404 ) ) REPRESENTATION_CONTEXT ( 'NONE', 'WORKASPACE' ) );
#7591 = CARTESIAN_POINT ( 'NONE',  ( 72.99999999999997158, 37.00000000000000711, -39.00000000000004974 ) ) ;
#7592 = ORIENTED_EDGE ( 'NONE', *, *, #3877, .F. ) ;
#7593 = ORIENTED_EDGE ( 'NONE', *, *, #4726, .F. ) ;
#7594 = CIRCLE ( 'NONE', #3871, 3.000000000000001332 ) ;
#7595 = CARTESIAN_POINT ( 'NONE',  ( 60.00000000000004263, 19.89804168090048719, 40.46441916244337733 ) ) ;
#7596 = CARTESIAN_POINT ( 'NONE',  ( -46.51499999999998636, 10.42168035785551616, 48.24499999999999744 ) ) ;
#7597 = SURFACE_STYLE_FILL_AREA ( #7515 ) ;
#7598 = ORIENTED_EDGE ( 'NONE', *, *, #7939, .T. ) ;
#7599 = CARTESIAN_POINT ( 'NONE',  ( 75.00000000000000000, 31.00000000000000711, -6.532606157515309597 ) ) ;
#7600 = ORIENTED_EDGE ( 'NONE', *, *, #5576, .T. ) ;
#7601 = CARTESIAN_POINT ( 'NONE',  ( -56.07000000000000028, -0.001000000000000132727, -42.53999999999999204 ) ) ;
#7602 = EDGE_CURVE ( 'NONE', #2730, #6097, #93, .T. ) ;
#7603 = AXIS2_PLACEMENT_3D ( 'NONE', #7596, #5783, #1679 ) ;
#7604 = VECTOR ( 'NONE', #7111, 1000.000000000000114 ) ;
#7605 = ORIENTED_EDGE ( 'NONE', *, *, #6454, .F. ) ;
#7606 = CARTESIAN_POINT ( 'NONE',  ( -72.99999999999997158, 22.07179676972450366, 33.66683849253826821 ) ) ;
#7607 = CARTESIAN_POINT ( 'NONE',  ( 61.00000000000004263, 19.03201627711604971, 40.96441916244338444 ) ) ;
#7608 = AXIS2_PLACEMENT_3D ( 'NONE', #1443, #6021, #5455 ) ;
#7609 = CARTESIAN_POINT ( 'NONE',  ( -72.99999999999997158, 9.600000000000001421, 37.20000000000000995 ) ) ;
#7610 = VECTOR ( 'NONE', #2165, 1000.000000000000000 ) ;
#7611 = FACE_OUTER_BOUND ( 'NONE', #3963, .T. ) ;
#7612 = EDGE_CURVE ( 'NONE', #6265, #4100, #4746, .T. ) ;
#7613 = ADVANCED_FACE ( 'NONE', ( #2236 ), #6818, .F. ) ;
#7614 = ORIENTED_EDGE ( 'NONE', *, *, #4274, .F. ) ;
#7615 = AXIS2_PLACEMENT_3D ( 'NONE', #1038, #6865, #8206 ) ;
#7616 = ORIENTED_EDGE ( 'NONE', *, *, #1350, .F. ) ;
#7617 = CARTESIAN_POINT ( 'NONE',  ( 61.00000000000004263, 19.89804168090049430, 40.46441916244339154 ) ) ;
#7618 = CIRCLE ( 'NONE', #3482, 1.000000000000000222 ) ;
#7619 = CARTESIAN_POINT ( 'NONE',  ( 60.65685424949242588, 14.49175625915682275, 43.58573950600300151 ) ) ;
#7620 = DIRECTION ( 'NONE',  ( -2.403703357979464015E-16, -0.4999999999999946154, -0.8660254037844419273 ) ) ;
#7621 = DIRECTION ( 'NONE',  ( 0.000000000000000000, 0.8660254037844425934, -0.4999999999999933942 ) ) ;
#7622 = DIRECTION ( 'NONE',  ( 0.000000000000000000, 0.000000000000000000, 1.000000000000000000 ) ) ;
#7623 = ORIENTED_EDGE ( 'NONE', *, *, #8002, .F. ) ;
#7624 = EDGE_CURVE ( 'NONE', #911, #5226, #2769, .T. ) ;
#7625 = CIRCLE ( 'NONE', #316, 4.999999999999997335 ) ;
#7626 = LINE ( 'NONE', #4901, #571 ) ;
#7627 = EDGE_LOOP ( 'NONE', ( #611, #4737, #5165, #1879 ) ) ;
#7628 = CARTESIAN_POINT ( 'NONE',  ( 38.28333333333328881, 30.33333333333333925, -44.83333333333332860 ) ) ;
#7629 = LINE ( 'NONE', #1066, #1051 ) ;
#7630 = AXIS2_PLACEMENT_3D ( 'NONE', #3839, #1900, #850 ) ;
#7631 = CARTESIAN_POINT ( 'NONE',  ( 72.99999999999997158, 16.29999999999999716, -40.00000000000003553 ) ) ;
#7632 = CARTESIAN_POINT ( 'NONE',  ( -65.99999999999998579, 25.09419410360710145, 37.46441916244348391 ) ) ;
#7633 = CARTESIAN_POINT ( 'NONE',  ( 2.399999999999972378, 6.400000000000000355, -47.99999999999999289 ) ) ;
#7634 = ORIENTED_EDGE ( 'NONE', *, *, #5071, .T. ) ;
#7635 = ADVANCED_FACE ( 'NONE', ( #6774 ), #2110, .F. ) ;
#7636 = ORIENTED_EDGE ( 'NONE', *, *, #1982, .T. ) ;
#7637 = EDGE_CURVE ( 'NONE', #4627, #5497, #824, .T. ) ;
#7638 = VECTOR ( 'NONE', #1556, 1000.000000000000000 ) ;
#7639 = CARTESIAN_POINT ( 'NONE',  ( 33.44999999999996732, 37.00000000000000711, -48.00000000000000000 ) ) ;
#7640 = ORIENTED_EDGE ( 'NONE', *, *, #8271, .F. ) ;
#7641 = ORIENTED_EDGE ( 'NONE', *, *, #6247, .T. ) ;
#7642 = CARTESIAN_POINT ( 'NONE',  ( 46.00000000000002132, 27.82013071988493991, 38.20000000000008100 ) ) ;
#7643 = LINE ( 'NONE', #3498, #5406 ) ;
#7644 = VECTOR ( 'NONE', #507, 1000.000000000000000 ) ;
#7645 = LINE ( 'NONE', #3026, #6496 ) ;
#7646 = LINE ( 'NONE', #5614, #6706 ) ;
#7647 = ORIENTED_EDGE ( 'NONE', *, *, #6397, .T. ) ;
#7648 = CARTESIAN_POINT ( 'NONE',  ( 55.00000000000004263, 19.52471034093873570, 42.98936318882571328 ) ) ;
#7649 = ORIENTED_EDGE ( 'NONE', *, *, #2292, .T. ) ;
#7650 = EDGE_CURVE ( 'NONE', #7776, #145, #8074, .T. ) ;
#7651 = CARTESIAN_POINT ( 'NONE',  ( 46.51500000000000767, 33.96025083271663902, 34.65500000000011482 ) ) ;
#7652 = AXIS2_PLACEMENT_3D ( 'NONE', #6030, #2844, #8103 ) ;
#7653 = EDGE_LOOP ( 'NONE', ( #4076, #6891, #4260, #5295, #8027, #3249, #3829, #1847, #7551, #3175 ) ) ;
#7654 = VECTOR ( 'NONE', #109, 1000.000000000000000 ) ;
#7655 = CARTESIAN_POINT ( 'NONE',  ( -56.07000000000000028, 2.000000000000000000, -40.93999999999999062 ) ) ;
#7656 = CARTESIAN_POINT ( 'NONE',  ( 65.00000000000001421, 25.09419410360711922, 37.46441916244345549 ) ) ;
#7657 = DIRECTION ( 'NONE',  ( 1.000000000000000000, 0.000000000000000000, 0.000000000000000000 ) ) ;
#7658 = CYLINDRICAL_SURFACE ( 'NONE', #6662, 1.000000000000000222 ) ;
#7659 = ORIENTED_EDGE ( 'NONE', *, *, #4879, .F. ) ;
#7660 = DIRECTION ( 'NONE',  ( 0.000000000000000000, 0.000000000000000000, 1.000000000000000000 ) ) ;
#7661 = EDGE_CURVE ( 'NONE', #2072, #2640, #218, .T. ) ;
#7662 = FACE_OUTER_BOUND ( 'NONE', #5339, .T. ) ;
#7663 = CARTESIAN_POINT ( 'NONE',  ( -46.51500000000001478, -36.37120390890142829, -29.00265298271448344 ) ) ;
#7664 = VECTOR ( 'NONE', #2583, 1000.000000000000114 ) ;
#7665 = CARTESIAN_POINT ( 'NONE',  ( 55.00000000000002132, -25.98144512623492020, -35.00118301270221366 ) ) ;
#7666 = ORIENTED_EDGE ( 'NONE', *, *, #5564, .T. ) ;
#7667 = VECTOR ( 'NONE', #4732, 1000.000000000000114 ) ;
#7668 = CARTESIAN_POINT ( 'NONE',  ( -72.99999999999997158, 4.100000000000006750, -48.00000000000000000 ) ) ;
#7669 = VECTOR ( 'NONE', #4986, 1000.000000000000114 ) ;
#7670 = VERTEX_POINT ( 'NONE', #7463 ) ;
#7671 = LINE ( 'NONE', #1105, #416 ) ;
#7672 = CARTESIAN_POINT ( 'NONE',  ( 69.99999999999997158, 2.000000000000000000, 48.00000000000000711 ) ) ;
#7673 = EDGE_CURVE ( 'NONE', #8243, #4340, #3537, .T. ) ;
#7674 = AXIS2_PLACEMENT_3D ( 'NONE', #6605, #5998, #4619 ) ;
#7675 = DIRECTION ( 'NONE',  ( 0.000000000000000000, -1.000000000000000000, 0.000000000000000000 ) ) ;
#7676 = CARTESIAN_POINT ( 'NONE',  ( -43.00000000000000000, -28.58563552887930825, -33.49765298271445602 ) ) ;
#7677 = CARTESIAN_POINT ( 'NONE',  ( -56.99999999999998579, 27.10880597596168329, 38.61068353238544404 ) ) ;
#7678 = ORIENTED_EDGE ( 'NONE', *, *, #629, .T. ) ;
#7679 = EDGE_LOOP ( 'NONE', ( #2334, #3050, #2652, #7961 ) ) ;
#7680 = DIRECTION ( 'NONE',  ( -3.445636432390123477E-16, -0.4999999999999947264, -0.8660254037844417052 ) ) ;
#7681 = VERTEX_POINT ( 'NONE', #6382 ) ;
#7682 = EDGE_LOOP ( 'NONE', ( #3277, #6601, #1536, #7736 ) ) ;
#7683 = DIRECTION ( 'NONE',  ( -0.7071067811865495711, -0.6123724356957949144, 0.3535533905932691234 ) ) ;
#7684 = ADVANCED_FACE ( 'NONE', ( #8374 ), #2415, .F. ) ;
#7685 = EDGE_CURVE ( 'NONE', #3587, #7338, #3576, .T. ) ;
#7686 = DIRECTION ( 'NONE',  ( -0.7071067811865475727, -0.7071067811865475727, 0.000000000000000000 ) ) ;
#7687 = DIRECTION ( 'NONE',  ( -0.5773502691896245098, 0.5773502691896285066, 0.5773502691896245098 ) ) ;
#7688 = CARTESIAN_POINT ( 'NONE',  ( -56.99999999999998579, 26.75008650835452784, 38.81779031357198306 ) ) ;
#7689 = VERTEX_POINT ( 'NONE', #297 ) ;
#7690 = LINE ( 'NONE', #4535, #5274 ) ;
#7691 = ORIENTED_EDGE ( 'NONE', *, *, #7081, .T. ) ;
#7692 = LINE ( 'NONE', #3119, #4842 ) ;
#7693 =( LENGTH_UNIT ( ) NAMED_UNIT ( * ) SI_UNIT ( .MILLI., .METRE. ) );
#7694 = ORIENTED_EDGE ( 'NONE', *, *, #1442, .F. ) ;
#7695 = EDGE_CURVE ( 'NONE', #4565, #656, #6211, .T. ) ;
#7696 = ORIENTED_EDGE ( 'NONE', *, *, #3729, .F. ) ;
#7697 = CARTESIAN_POINT ( 'NONE',  ( -49.80000000000003268, 25.69999999999999929, 50.00100000000001188 ) ) ;
#7698 = CARTESIAN_POINT ( 'NONE',  ( 56.07000000000000028, -0.001000000000000132727, 12.99000000000000909 ) ) ;
#7699 = DIRECTION ( 'NONE',  ( -2.403703357979464015E-16, -0.4999999999999946154, -0.8660254037844419273 ) ) ;
#7700 = DIRECTION ( 'NONE',  ( 4.625929269271487023E-17, 0.000000000000000000, -1.000000000000000000 ) ) ;
#7701 = AXIS2_PLACEMENT_3D ( 'NONE', #4571, #1463, #5950 ) ;
#7702 = ORIENTED_EDGE ( 'NONE', *, *, #5338, .F. ) ;
#7703 = DIRECTION ( 'NONE',  ( -0.000000000000000000, 1.000000000000000000, -0.000000000000000000 ) ) ;
#7704 = CARTESIAN_POINT ( 'NONE',  ( -75.00000000000000000, 16.04218522841654959, 45.00000000000001421 ) ) ;
#7705 = DIRECTION ( 'NONE',  ( 0.000000000000000000, -0.8660254037844412611, 0.4999999999999953926 ) ) ;
#7706 = ORIENTED_EDGE ( 'NONE', *, *, #1359, .T. ) ;
#7707 = LINE ( 'NONE', #537, #4295 ) ;
#7708 = ADVANCED_FACE ( 'NONE', ( #4952 ), #3619, .T. ) ;
#7709 = ORIENTED_EDGE ( 'NONE', *, *, #314, .F. ) ;
#7710 = CARTESIAN_POINT ( 'NONE',  ( -72.99999999999997158, 14.79999999999997939, -41.50000000000000000 ) ) ;
#7711 = LINE ( 'NONE', #3785, #3950 ) ;
#7712 = DIRECTION ( 'NONE',  ( -2.403703357979463522E-16, -0.4999999999999947820, -0.8660254037844418162 ) ) ;
#7713 = DIRECTION ( 'NONE',  ( 2.681259114135753150E-16, 0.4999999999999947820, 0.8660254037844418162 ) ) ;
#7714 = CARTESIAN_POINT ( 'NONE',  ( 71.49999999999997158, 26.90192378864669109, 32.03286389632266662 ) ) ;
#7715 = ORIENTED_EDGE ( 'NONE', *, *, #7374, .F. ) ;
#7716 = ORIENTED_EDGE ( 'NONE', *, *, #6940, .F. ) ;
#7717 = CARTESIAN_POINT ( 'NONE',  ( -72.99999999999997158, 37.00000000000000711, -48.00000000000000000 ) ) ;
#7718 = EDGE_CURVE ( 'NONE', #4454, #3214, #6380, .T. ) ;
#7719 = VERTEX_POINT ( 'NONE', #2283 ) ;
#7720 = ORIENTED_EDGE ( 'NONE', *, *, #2122, .F. ) ;
#7721 = EDGE_CURVE ( 'NONE', #2781, #8420, #4913, .T. ) ;
#7722 = CARTESIAN_POINT ( 'NONE',  ( 58.99999999999995737, 31.00000000000000711, -49.99999999999999289 ) ) ;
#7723 = FACE_OUTER_BOUND ( 'NONE', #2750, .T. ) ;
#7724 = CARTESIAN_POINT ( 'NONE',  ( -72.99999999999997158, 32.00000000000001421, -1.532606157515309375 ) ) ;
#7725 = PLANE ( 'NONE',  #6289 ) ;
#7726 = ORIENTED_EDGE ( 'NONE', *, *, #3028, .F. ) ;
#7727 = CARTESIAN_POINT ( 'NONE',  ( 55.00000000000000711, -17.32119108839050270, -40.00118301270216392 ) ) ;
#7728 = EDGE_LOOP ( 'NONE', ( #3317, #3883, #1696, #32 ) ) ;
#7729 = CARTESIAN_POINT ( 'NONE',  ( 61.99999999999995737, 31.00000000000000711, -49.99999999999999289 ) ) ;
#7730 = EDGE_CURVE ( 'NONE', #3517, #5579, #1114, .T. ) ;
#7731 = EDGE_CURVE ( 'NONE', #6638, #5723, #5691, .T. ) ;
#7732 = SURFACE_STYLE_USAGE ( .BOTH. , #1813 ) ;
#7733 = VERTEX_POINT ( 'NONE', #5038 ) ;
#7734 = VECTOR ( 'NONE', #3043, 1000.000000000000000 ) ;
#7735 = CIRCLE ( 'NONE', #4418, 1.900000000000005240 ) ;
#7736 = ORIENTED_EDGE ( 'NONE', *, *, #7222, .T. ) ;
#7737 = CARTESIAN_POINT ( 'NONE',  ( 69.99999999999997158, 37.00000000000000711, -45.00000000000000000 ) ) ;
#7738 = CARTESIAN_POINT ( 'NONE',  ( -46.51499999999999346, 35.46025083271663192, 37.25307621135345926 ) ) ;
#7739 = DIRECTION ( 'NONE',  ( 0.000000000000000000, 1.000000000000000000, 0.000000000000000000 ) ) ;
#7740 = VECTOR ( 'NONE', #6343, 1000.000000000000000 ) ;
#7741 = CARTESIAN_POINT ( 'NONE',  ( -72.99999999999997158, 12.04218522841660288, 45.00000000000001421 ) ) ;
#7742 = EDGE_CURVE ( 'NONE', #5131, #2444, #470, .T. ) ;
#7743 = EDGE_CURVE ( 'NONE', #2903, #1894, #5542, .T. ) ;
#7744 = VECTOR ( 'NONE', #4150, 1000.000000000000000 ) ;
#7745 = ORIENTED_EDGE ( 'NONE', *, *, #7844, .F. ) ;
#7746 = AXIS2_PLACEMENT_3D ( 'NONE', #6161, #5991, #6725 ) ;
#7747 = CARTESIAN_POINT ( 'NONE',  ( 69.99999999999997158, 2.000000000000001776, -45.00000000000000000 ) ) ;
#7748 = DIRECTION ( 'NONE',  ( 2.403703357979464015E-16, 0.4999999999999946154, 0.8660254037844419273 ) ) ;
#7749 = AXIS2_PLACEMENT_3D ( 'NONE', #1480, #2250, #6870 ) ;
#7750 = DIRECTION ( 'NONE',  ( 4.625929269271486407E-17, -0.000000000000000000, -1.000000000000000000 ) ) ;
#7751 = ORIENTED_EDGE ( 'NONE', *, *, #1301, .F. ) ;
#7752 = EDGE_CURVE ( 'NONE', #7167, #941, #5081, .T. ) ;
#7753 = CARTESIAN_POINT ( 'NONE',  ( 0.000000000000000000, 0.000000000000000000, -48.00000000000000000 ) ) ;
#7754 = ORIENTED_EDGE ( 'NONE', *, *, #2639, .T. ) ;
#7755 = DIRECTION ( 'NONE',  ( 0.000000000000000000, 0.000000000000000000, -1.000000000000000000 ) ) ;
#7756 = CARTESIAN_POINT ( 'NONE',  ( 71.49999999999997158, 16.29999999999999716, -40.00000000000003553 ) ) ;
#7757 = DIRECTION ( 'NONE',  ( -1.734723475976807686E-15, 0.8660254037844417052, -0.4999999999999947264 ) ) ;
#7758 = DIRECTION ( 'NONE',  ( 0.000000000000000000, -1.000000000000000000, 0.000000000000000000 ) ) ;
#7759 = DIRECTION ( 'NONE',  ( 0.000000000000000000, 0.7071067811865474617, 0.7071067811865474617 ) ) ;
#7760 = VERTEX_POINT ( 'NONE', #1674 ) ;
#7761 = VECTOR ( 'NONE', #4829, 1000.000000000000000 ) ;
#7762 = VECTOR ( 'NONE', #6392, 1000.000000000000000 ) ;
#7763 = EDGE_LOOP ( 'NONE', ( #6475, #4481, #6781, #6864 ) ) ;
#7764 = CARTESIAN_POINT ( 'NONE',  ( 71.49999999999997158, 26.40192378864669109, 31.16683849253822913 ) ) ;
#7765 = ORIENTED_EDGE ( 'NONE', *, *, #978, .T. ) ;
#7766 = ORIENTED_EDGE ( 'NONE', *, *, #234, .F. ) ;
#7767 = AXIS2_PLACEMENT_3D ( 'NONE', #4411, #5714, #5062 ) ;
#7768 = FACE_OUTER_BOUND ( 'NONE', #6565, .T. ) ;
#7769 = PLANE ( 'NONE',  #1826 ) ;
#7770 = CARTESIAN_POINT ( 'NONE',  ( -54.99999999999998579, 19.52471034093872859, 42.98936318882574881 ) ) ;
#7771 = LINE ( 'NONE', #1854, #4598 ) ;
#7772 = EDGE_CURVE ( 'NONE', #6640, #1507, #3743, .T. ) ;
#7773 = CIRCLE ( 'NONE', #5147, 1.000000000000000222 ) ;
#7774 = EDGE_LOOP ( 'NONE', ( #3823, #2637, #6523, #7376, #2261, #3759, #4883, #665 ) ) ;
#7775 = CARTESIAN_POINT ( 'NONE',  ( 72.99999999999997158, 21.30000000000000071, -40.00000000000003553 ) ) ;
#7776 = VERTEX_POINT ( 'NONE', #4994 ) ;
#7777 = CARTESIAN_POINT ( 'NONE',  ( -57.99999999999998579, 19.24214927615306436, 40.84309881888380289 ) ) ;
#7778 = VERTEX_POINT ( 'NONE', #3702 ) ;
#7779 = VECTOR ( 'NONE', #5269, 1000.000000000000000 ) ;
#7780 = VECTOR ( 'NONE', #7930, 1000.000000000000000 ) ;
#7781 = ORIENTED_EDGE ( 'NONE', *, *, #2884, .F. ) ;
#7782 = CARTESIAN_POINT ( 'NONE',  ( 71.49999999999997158, 32.00000000000001421, -1.532606157515349343 ) ) ;
#7783 = ORIENTED_EDGE ( 'NONE', *, *, #3417, .F. ) ;
#7784 = EDGE_CURVE ( 'NONE', #4320, #1548, #6254, .T. ) ;
#7785 = DIRECTION ( 'NONE',  ( 2.403703357979464508E-16, 0.4999999999999947264, 0.8660254037844417052 ) ) ;
#7786 = CARTESIAN_POINT ( 'NONE',  ( 72.49999999999997158, 30.00000000000001066, -1.532606157515349343 ) ) ;
#7787 = AXIS2_PLACEMENT_3D ( 'NONE', #8036, #4751, #1431 ) ;
#7788 = DIRECTION ( 'NONE',  ( -0.000000000000000000, -1.000000000000000000, -0.000000000000000000 ) ) ;
#7789 = AXIS2_PLACEMENT_3D ( 'NONE', #8231, #7620, #4936 ) ;
#7790 = VECTOR ( 'NONE', #6849, 1000.000000000000000 ) ;
#7791 = VERTEX_POINT ( 'NONE', #386 ) ;
#7792 = EDGE_CURVE ( 'NONE', #3443, #5148, #5609, .T. ) ;
#7793 = CARTESIAN_POINT ( 'NONE',  ( 72.99999999999997158, 21.30000000000000071, -38.00000000000003553 ) ) ;
#7794 = EDGE_CURVE ( 'NONE', #4340, #2455, #4436, .T. ) ;
#7795 = DIRECTION ( 'NONE',  ( 2.403703357979464508E-16, 0.4999999999999947264, 0.8660254037844417052 ) ) ;
#7796 = CARTESIAN_POINT ( 'NONE',  ( 67.00000000000001421, 20.03201627711599997, 42.69646997001227362 ) ) ;
#7797 = ORIENTED_EDGE ( 'NONE', *, *, #969, .F. ) ;
#7798 = VECTOR ( 'NONE', #3165, 1000.000000000000000 ) ;
#7799 = DIRECTION ( 'NONE',  ( 6.938893903907237055E-15, 0.8660254037844421493, -0.4999999999999941158 ) ) ;
#7800 = AXIS2_PLACEMENT_3D ( 'NONE', #378, #6372, #1665 ) ;
#7801 = ORIENTED_EDGE ( 'NONE', *, *, #6258, .F. ) ;
#7802 = DIRECTION ( 'NONE',  ( -1.000000000000000000, -0.000000000000000000, 2.851600234482423911E-16 ) ) ;
#7803 = CARTESIAN_POINT ( 'NONE',  ( -59.94974746830584422, 31.11285196104658013, 33.98954542829059022 ) ) ;
#7804 = EDGE_CURVE ( 'NONE', #2416, #3761, #8285, .T. ) ;
#7805 = FACE_OUTER_BOUND ( 'NONE', #6220, .T. ) ;
#7806 = DIRECTION ( 'NONE',  ( 0.000000000000000000, 0.000000000000000000, 1.000000000000000000 ) ) ;
#7807 = UNCERTAINTY_MEASURE_WITH_UNIT (LENGTH_MEASURE( 1.000000000000000082E-05 ), #7090, 'distance_accuracy_value', 'NONE');
#7808 = FACE_OUTER_BOUND ( 'NONE', #1379, .T. ) ;
#7809 = AXIS2_PLACEMENT_3D ( 'NONE', #1200, #1326, #3960 ) ;
#7810 = ORIENTED_EDGE ( 'NONE', *, *, #2740, .T. ) ;
#7811 = ORIENTED_EDGE ( 'NONE', *, *, #2668, .F. ) ;
#7812 = VECTOR ( 'NONE', #6893, 1000.000000000000114 ) ;
#7813 = PLANE ( 'NONE',  #3076 ) ;
#7814 = VECTOR ( 'NONE', #7971, 1000.000000000000114 ) ;
#7815 = ORIENTED_EDGE ( 'NONE', *, *, #4982, .T. ) ;
#7816 = AXIS2_PLACEMENT_3D ( 'NONE', #7132, #5301, #734 ) ;
#7817 = VERTEX_POINT ( 'NONE', #6991 ) ;
#7818 = CARTESIAN_POINT ( 'NONE',  ( 72.99999999999997158, 6.599999999999993427, -36.00000000000004263 ) ) ;
#7819 = CARTESIAN_POINT ( 'NONE',  ( 61.99999999999997868, 16.29999999999999716, -46.50000000000000000 ) ) ;
#7820 = DIRECTION ( 'NONE',  ( -1.000000000000000000, 0.000000000000000000, 2.775557561562891351E-16 ) ) ;
#7821 = DIRECTION ( 'NONE',  ( -0.5773502691896245098, 0.5773502691896285066, -0.5773502691896245098 ) ) ;
#7822 = ORIENTED_EDGE ( 'NONE', *, *, #1015, .T. ) ;
#7823 = CARTESIAN_POINT ( 'NONE',  ( -18.30000000000002558, 21.60000000000000142, -47.99999999999999289 ) ) ;
#7824 = ORIENTED_EDGE ( 'NONE', *, *, #3925, .F. ) ;
#7825 = DIRECTION ( 'NONE',  ( 1.000000000000000000, 0.000000000000000000, -2.775557561562891351E-16 ) ) ;
#7826 = ORIENTED_EDGE ( 'NONE', *, *, #779, .F. ) ;
#7827 = EDGE_CURVE ( 'NONE', #6787, #6640, #1072, .T. ) ;
#7828 = EDGE_LOOP ( 'NONE', ( #2364, #267, #7512, #1604 ) ) ;
#7829 = LINE ( 'NONE', #1908, #531 ) ;
#7830 = DIRECTION ( 'NONE',  ( 6.938893903907226800E-15, 0.8660254037844425934, -0.4999999999999933942 ) ) ;
#7831 = ORIENTED_EDGE ( 'NONE', *, *, #4381, .F. ) ;
#7832 = LINE ( 'NONE', #7228, #7935 ) ;
#7833 = CARTESIAN_POINT ( 'NONE',  ( -72.99999999999997158, 21.29999999999999361, -39.00000000000000000 ) ) ;
#7834 = CARTESIAN_POINT ( 'NONE',  ( 75.00000000000002842, 17.95218152745410478, 37.19999999999996732 ) ) ;
#7835 = EDGE_CURVE ( 'NONE', #8136, #3443, #1824, .T. ) ;
#7836 = EDGE_LOOP ( 'NONE', ( #8080, #7678, #3029, #3620 ) ) ;
#7837 = DIRECTION ( 'NONE',  ( 0.000000000000000000, -1.000000000000000000, 0.000000000000000000 ) ) ;
#7838 = FACE_OUTER_BOUND ( 'NONE', #5749, .T. ) ;
#7839 = DIRECTION ( 'NONE',  ( 0.000000000000000000, 0.000000000000000000, 1.000000000000000000 ) ) ;
#7840 = ORIENTED_EDGE ( 'NONE', *, *, #3943, .F. ) ;
#7841 = CIRCLE ( 'NONE', #6182, 1.000000000000000222 ) ;
#7842 = DIRECTION ( 'NONE',  ( 2.403703357979464015E-16, 0.4999999999999946154, 0.8660254037844419273 ) ) ;
#7843 = ADVANCED_FACE ( 'NONE', ( #2588 ), #3275, .F. ) ;
#7844 = EDGE_CURVE ( 'NONE', #45, #2454, #5212, .T. ) ;
#7845 = ORIENTED_EDGE ( 'NONE', *, *, #622, .T. ) ;
#7846 = PLANE ( 'NONE',  #2541 ) ;
#7847 = CARTESIAN_POINT ( 'NONE',  ( -42.99999999999997868, 12.96372425933390105, 44.46794919243114919 ) ) ;
#7848 = CARTESIAN_POINT ( 'NONE',  ( 34.94999999999996732, 30.00000000000000711, -46.50000000000000000 ) ) ;
#7849 = DIRECTION ( 'NONE',  ( 2.403703357979464508E-16, 0.4999999999999947264, 0.8660254037844417052 ) ) ;
#7850 = LINE ( 'NONE', #5289, #6267 ) ;
#7851 = ORIENTED_EDGE ( 'NONE', *, *, #7528, .F. ) ;
#7852 = CIRCLE ( 'NONE', #4538, 3.500000000000006661 ) ;
#7853 = ORIENTED_EDGE ( 'NONE', *, *, #1036, .F. ) ;
#7854 = CARTESIAN_POINT ( 'NONE',  ( -72.99999999999997158, 37.00000000000000711, -39.00000000000000711 ) ) ;
#7855 = EDGE_CURVE ( 'NONE', #6553, #5808, #3792, .T. ) ;
#7856 = ORIENTED_EDGE ( 'NONE', *, *, #3008, .T. ) ;
#7857 = ORIENTED_EDGE ( 'NONE', *, *, #133, .T. ) ;
#7858 = CARTESIAN_POINT ( 'NONE',  ( 56.07000000000000028, 0.000000000000000000, -42.53999999999999204 ) ) ;
#7859 = CARTESIAN_POINT ( 'NONE',  ( -75.00000000000002842, 28.00000000000000355, -39.00000000000000711 ) ) ;
#7860 = FACE_BOUND ( 'NONE', #3457, .T. ) ;
#7861 = ORIENTED_EDGE ( 'NONE', *, *, #2215, .T. ) ;
#7862 = ORIENTED_EDGE ( 'NONE', *, *, #5077, .T. ) ;
#7863 = DIRECTION ( 'NONE',  ( -4.625929269271485791E-17, 0.000000000000000000, 1.000000000000000000 ) ) ;
#7864 = ORIENTED_EDGE ( 'NONE', *, *, #3508, .T. ) ;
#7865 = VECTOR ( 'NONE', #4383, 1000.000000000000000 ) ;
#7866 = VERTEX_POINT ( 'NONE', #1162 ) ;
#7867 = CARTESIAN_POINT ( 'NONE',  ( -26.50000000000002487, 26.20000000000000284, -49.99999999999999289 ) ) ;
#7868 = LINE ( 'NONE', #2644, #3592 ) ;
#7869 = ORIENTED_EDGE ( 'NONE', *, *, #2967, .T. ) ;
#7870 = CARTESIAN_POINT ( 'NONE',  ( 2.899999999999973710, 21.60000000000000142, -47.99999999999999289 ) ) ;
#7871 = EDGE_CURVE ( 'NONE', #4001, #5328, #5907, .T. ) ;
#7872 = CARTESIAN_POINT ( 'NONE',  ( -71.49999999999997158, 21.29999999999999005, -38.00000000000000000 ) ) ;
#7873 = DIRECTION ( 'NONE',  ( 2.403703357979463522E-16, 0.4999999999999947820, 0.8660254037844418162 ) ) ;
#7874 = ORIENTED_EDGE ( 'NONE', *, *, #3085, .T. ) ;
#7875 = CARTESIAN_POINT ( 'NONE',  ( 75.00000000000002842, 18.64833395016074746, 36.79807621135328333 ) ) ;
#7876 = VECTOR ( 'NONE', #7557, 1000.000000000000114 ) ;
#7877 = CARTESIAN_POINT ( 'NONE',  ( -60.65685424949238325, 32.36650492913519628, 35.57514962645269918 ) ) ;
#7878 = EDGE_CURVE ( 'NONE', #2356, #3426, #3233, .T. ) ;
#7879 = FACE_OUTER_BOUND ( 'NONE', #3034, .T. ) ;
#7880 = ORIENTED_EDGE ( 'NONE', *, *, #7976, .T. ) ;
#7881 = ADVANCED_FACE ( 'NONE', ( #8499 ), #7813, .F. ) ;
#7882 = CARTESIAN_POINT ( 'NONE',  ( 56.07000000000000028, 2.000000000000000000, 16.49000000000001975 ) ) ;
#7883 = AXIS2_PLACEMENT_3D ( 'NONE', #4735, #5376, #902 ) ;
#7884 = EDGE_LOOP ( 'NONE', ( #265, #6177, #7344, #5056 ) ) ;
#7885 = CARTESIAN_POINT ( 'NONE',  ( 67.00000000000001421, 19.03201627711602129, 40.96441916244339865 ) ) ;
#7886 = FACE_BOUND ( 'NONE', #546, .T. ) ;
#7887 = CARTESIAN_POINT ( 'NONE',  ( 71.49999999999997158, 26.40192378864669109, 31.16683849253822913 ) ) ;
#7888 = DIRECTION ( 'NONE',  ( -2.403703357979464508E-16, -0.4999999999999947820, -0.8660254037844417052 ) ) ;
#7889 = EDGE_CURVE ( 'NONE', #2603, #6975, #7901, .T. ) ;
#7890 = CARTESIAN_POINT ( 'NONE',  ( 75.00000000000000000, 31.00000000000000711, -39.00000000000004974 ) ) ;
#7891 = ORIENTED_EDGE ( 'NONE', *, *, #7903, .F. ) ;
#7892 = ORIENTED_EDGE ( 'NONE', *, *, #7661, .T. ) ;
#7893 = VECTOR ( 'NONE', #2991, 1000.000000000000114 ) ;
#7894 = DIRECTION ( 'NONE',  ( 2.403703357979464508E-16, 0.4999999999999947264, 0.8660254037844417052 ) ) ;
#7895 = ORIENTED_EDGE ( 'NONE', *, *, #4762, .T. ) ;
#7896 = EDGE_LOOP ( 'NONE', ( #6183, #5947, #3791, #1563 ) ) ;
#7897 = CARTESIAN_POINT ( 'NONE',  ( 75.00000000000002842, 22.57179676972448235, 34.53286389632266662 ) ) ;
#7898 = PLANE ( 'NONE',  #8255 ) ;
#7899 = CARTESIAN_POINT ( 'NONE',  ( 71.49999999999997158, 6.599999999999994316, -3.400000000000032774 ) ) ;
#7900 = VECTOR ( 'NONE', #1248, 1000.000000000000000 ) ;
#7901 = CIRCLE ( 'NONE', #3758, 1.000000000000000222 ) ;
#7902 = ADVANCED_FACE ( 'NONE', ( #5945 ), #1935, .F. ) ;
#7903 = EDGE_CURVE ( 'NONE', #5917, #4557, #5864, .T. ) ;
#7904 = ORIENTED_EDGE ( 'NONE', *, *, #7041, .T. ) ;
#7905 = ORIENTED_EDGE ( 'NONE', *, *, #3334, .T. ) ;
#7906 = DIRECTION ( 'NONE',  ( -0.000000000000000000, -0.8660254037844418162, 0.4999999999999945599 ) ) ;
#7907 = EDGE_LOOP ( 'NONE', ( #255, #2760, #7193, #400, #1896, #6086 ) ) ;
#7908 = ORIENTED_EDGE ( 'NONE', *, *, #7435, .F. ) ;
#7909 = LINE ( 'NONE', #2643, #6379 ) ;
#7910 = VECTOR ( 'NONE', #110, 999.9999999999998863 ) ;
#7911 = DIRECTION ( 'NONE',  ( -0.7071067811865499042, -0.3535533905932731757, -0.6123724356957921389 ) ) ;
#7912 = ORIENTED_EDGE ( 'NONE', *, *, #3120, .F. ) ;
#7913 = EDGE_CURVE ( 'NONE', #3956, #2805, #6228, .T. ) ;
#7914 = CARTESIAN_POINT ( 'NONE',  ( 60.65685424949241167, -12.42221160282413983, -42.82961013744832002 ) ) ;
#7915 = CARTESIAN_POINT ( 'NONE',  ( -69.99999999999997158, 37.00000000000000711, -45.00000000000000000 ) ) ;
#7916 = CARTESIAN_POINT ( 'NONE',  ( 61.99999999999995737, 9.599999999999997868, -47.99999999999999289 ) ) ;
#7917 = VECTOR ( 'NONE', #965, 1000.000000000000000 ) ;
#7918 = ORIENTED_EDGE ( 'NONE', *, *, #768, .T. ) ;
#7919 = DIRECTION ( 'NONE',  ( 0.000000000000000000, 0.000000000000000000, -1.000000000000000000 ) ) ;
#7920 = CIRCLE ( 'NONE', #5014, 0.5000000000000004441 ) ;
#7921 = DIRECTION ( 'NONE',  ( 0.000000000000000000, 0.000000000000000000, 1.000000000000000000 ) ) ;
#7922 = VECTOR ( 'NONE', #8300, 1000.000000000000000 ) ;
#7923 = CARTESIAN_POINT ( 'NONE',  ( -72.99999999999997158, 29.50000000000000711, 30.53286389632270570 ) ) ;
#7924 = ORIENTED_EDGE ( 'NONE', *, *, #6451, .F. ) ;
#7925 = AXIS2_PLACEMENT_3D ( 'NONE', #4638, #7107, #17 ) ;
#7926 = CARTESIAN_POINT ( 'NONE',  ( -72.99999999999997158, 37.00000000000000711, 37.20000000000000995 ) ) ;
#7927 = VECTOR ( 'NONE', #6540, 1000.000000000000000 ) ;
#7928 = ORIENTED_EDGE ( 'NONE', *, *, #1313, .T. ) ;
#7929 = EDGE_CURVE ( 'NONE', #2741, #8187, #7166, .T. ) ;
#7930 = DIRECTION ( 'NONE',  ( -0.5773502691896251759, 0.5773502691896251759, -0.5773502691896270633 ) ) ;
#7931 = PLANE ( 'NONE',  #5801 ) ;
#7932 = CARTESIAN_POINT ( 'NONE',  ( 46.51500000000000767, 38.50000000000000000, 35.49807621135347091 ) ) ;
#7933 = CARTESIAN_POINT ( 'NONE',  ( 61.99999999999995737, 6.599999999999999645, -49.99999999999999289 ) ) ;
#7934 = DIRECTION ( 'NONE',  ( -0.5773502691896248429, -0.5773502691896275074, -0.5773502691896248429 ) ) ;
#7935 = VECTOR ( 'NONE', #2604, 1000.000000000000000 ) ;
#7936 = EDGE_LOOP ( 'NONE', ( #3416, #3336 ) ) ;
#7937 = DIRECTION ( 'NONE',  ( -1.000000000000000000, 0.000000000000000000, 0.000000000000000000 ) ) ;
#7938 = ORIENTED_EDGE ( 'NONE', *, *, #8505, .F. ) ;
#7939 = EDGE_CURVE ( 'NONE', #3629, #1173, #8412, .T. ) ;
#7940 = VERTEX_POINT ( 'NONE', #7206 ) ;
#7941 = CARTESIAN_POINT ( 'NONE',  ( 72.99999999999997158, 30.00000000000001066, -6.532606157515349565 ) ) ;
#7942 = FACE_OUTER_BOUND ( 'NONE', #5608, .T. ) ;
#7943 = DIRECTION ( 'NONE',  ( 0.000000000000000000, 0.8660254037844425934, -0.4999999999999933942 ) ) ;
#7944 = ORIENTED_EDGE ( 'NONE', *, *, #8139, .T. ) ;
#7945 = AXIS2_PLACEMENT_3D ( 'NONE', #7887, #7368, #5985 ) ;
#7946 = ORIENTED_EDGE ( 'NONE', *, *, #3095, .T. ) ;
#7947 = LINE ( 'NONE', #4662, #35 ) ;
#7948 = CIRCLE ( 'NONE', #6704, 1.000000000000000222 ) ;
#7949 = ORIENTED_EDGE ( 'NONE', *, *, #6081, .F. ) ;
#7950 = EDGE_CURVE ( 'NONE', #2806, #6587, #2019, .T. ) ;
#7951 = EDGE_CURVE ( 'NONE', #3020, #8097, #1846, .T. ) ;
#7952 = ORIENTED_EDGE ( 'NONE', *, *, #844, .F. ) ;
#7953 = CIRCLE ( 'NONE', #4222, 1.900000000000004130 ) ;
#7954 = DIRECTION ( 'NONE',  ( 2.403703357979464508E-16, 0.4999999999999947264, 0.8660254037844417052 ) ) ;
#7955 = CARTESIAN_POINT ( 'NONE',  ( -71.49999999999997158, 27.40192378864669109, 32.89888930010715029 ) ) ;
#7956 = ORIENTED_EDGE ( 'NONE', *, *, #3556, .F. ) ;
#7957 = DIRECTION ( 'NONE',  ( 1.000000000000000000, 0.000000000000000000, 0.000000000000000000 ) ) ;
#7958 = LINE ( 'NONE', #55, #612 ) ;
#7959 = CARTESIAN_POINT ( 'NONE',  ( -72.99999999999997158, 6.600000000000002309, 34.20000000000000284 ) ) ;
#7960 = EDGE_CURVE ( 'NONE', #5658, #8466, #1129, .T. ) ;
#7961 = ORIENTED_EDGE ( 'NONE', *, *, #1915, .F. ) ;
#7962 = DIRECTION ( 'NONE',  ( -2.383034446891948854E-16, -0.4999999999999946709, -0.8660254037844418162 ) ) ;
#7963 = CARTESIAN_POINT ( 'NONE',  ( 46.51500000000001478, 11.92168035785549307, 50.84307621135329924 ) ) ;
#7964 = DIRECTION ( 'NONE',  ( 0.7071067811865454633, 0.6123724356957984671, -0.3535533905932713439 ) ) ;
#7965 = VERTEX_POINT ( 'NONE', #6466 ) ;
#7966 = CARTESIAN_POINT ( 'NONE',  ( -75.00000000000000000, 9.600000000000001421, 37.20000000000000995 ) ) ;
#7967 = ORIENTED_EDGE ( 'NONE', *, *, #1185, .F. ) ;
#7968 = ORIENTED_EDGE ( 'NONE', *, *, #7960, .F. ) ;
#7969 = CARTESIAN_POINT ( 'NONE',  ( -72.99999999999997158, 35.00000000000000000, 31.16794919243129769 ) ) ;
#7970 = DIRECTION ( 'NONE',  ( 0.000000000000000000, -1.000000000000000000, 0.000000000000000000 ) ) ;
#7971 = DIRECTION ( 'NONE',  ( 4.930380657631323236E-32, -0.8660254037844417052, 0.4999999999999947264 ) ) ;
#7972 = CARTESIAN_POINT ( 'NONE',  ( -71.49999999999997158, 22.57179676972448590, 34.53286389632268083 ) ) ;
#7973 = DIRECTION ( 'NONE',  ( -0.6546536707079798623, 0.7559289460184521747, 0.000000000000000000 ) ) ;
#7974 = FACE_OUTER_BOUND ( 'NONE', #2285, .T. ) ;
#7975 = EDGE_LOOP ( 'NONE', ( #2325, #4181, #375, #3771 ) ) ;
#7976 = EDGE_CURVE ( 'NONE', #2109, #5656, #548, .T. ) ;
#7977 = FACE_OUTER_BOUND ( 'NONE', #3182, .T. ) ;
#7978 = ORIENTED_EDGE ( 'NONE', *, *, #4455, .F. ) ;
#7979 = VERTEX_POINT ( 'NONE', #5819 ) ;
#7980 = CARTESIAN_POINT ( 'NONE',  ( 75.00000000000002842, 6.599999999999994316, 1.600000000000004086 ) ) ;
#7981 = DIRECTION ( 'NONE',  ( 0.000000000000000000, 1.365923996832131116E-16, 1.000000000000000000 ) ) ;
#7982 = DIRECTION ( 'NONE',  ( -1.000000000000000000, -0.000000000000000000, 2.851600234482423911E-16 ) ) ;
#7983 = ORIENTED_EDGE ( 'NONE', *, *, #5047, .F. ) ;
#7984 = ADVANCED_FACE ( 'NONE', ( #8455 ), #248, .F. ) ;
#7985 = VERTEX_POINT ( 'NONE', #164 ) ;
#7986 = CARTESIAN_POINT ( 'NONE',  ( 75.00000000000000000, 28.00000000000000711, -36.00000000000004263 ) ) ;
#7987 = ADVANCED_FACE ( 'NONE', ( #8145 ), #4000, .T. ) ;
#7988 = ORIENTED_EDGE ( 'NONE', *, *, #2907, .T. ) ;
#7989 = VERTEX_POINT ( 'NONE', #7417 ) ;
#7990 = DIRECTION ( 'NONE',  ( -0.000000000000000000, 0.8660254037844418162, -0.4999999999999946154 ) ) ;
#7991 = CARTESIAN_POINT ( 'NONE',  ( 55.29289321881349650, 18.91233790524293568, 43.34291657941898990 ) ) ;
#7992 = ORIENTED_EDGE ( 'NONE', *, *, #3765, .T. ) ;
#7993 = DIRECTION ( 'NONE',  ( 0.7071067811865477948, 0.7071067811865473507, -0.000000000000000000 ) ) ;
#7994 = EDGE_CURVE ( 'NONE', #3283, #6070, #7454, .T. ) ;
#7995 = CARTESIAN_POINT ( 'NONE',  ( -56.06999999999999318, 0.000000000000000000, 12.99000000000000909 ) ) ;
#7996 = CARTESIAN_POINT ( 'NONE',  ( 58.99999999999995026, 28.00000000000000711, 52.59907621135331368 ) ) ;
#7997 = ORIENTED_EDGE ( 'NONE', *, *, #5724, .T. ) ;
#7998 = DIRECTION ( 'NONE',  ( -2.403703357979464508E-16, -0.4999999999999947820, -0.8660254037844417052 ) ) ;
#7999 = DIRECTION ( 'NONE',  ( -1.000000000000000000, 0.000000000000000000, 2.775557561562891351E-16 ) ) ;
#8000 = EDGE_CURVE ( 'NONE', #8470, #6553, #4088, .T. ) ;
#8001 = LINE ( 'NONE', #5974, #4316 ) ;
#8002 = EDGE_CURVE ( 'NONE', #1179, #1381, #439, .T. ) ;
#8003 = ORIENTED_EDGE ( 'NONE', *, *, #3056, .T. ) ;
#8004 = CARTESIAN_POINT ( 'NONE',  ( -14.48369692124265562, 31.00000000000000711, 50.48369692124222752 ) ) ;
#8005 = VERTEX_POINT ( 'NONE', #1371 ) ;
#8006 = VECTOR ( 'NONE', #101, 1000.000000000000000 ) ;
#8007 = ORIENTED_EDGE ( 'NONE', *, *, #7223, .T. ) ;
#8008 = LINE ( 'NONE', #2090, #2564 ) ;
#8009 = DIRECTION ( 'NONE',  ( -2.403703357979464015E-16, -0.4999999999999946154, -0.8660254037844419273 ) ) ;
#8010 = CARTESIAN_POINT ( 'NONE',  ( -58.00000000000000711, -24.90528672341348226, -35.62250335626180942 ) ) ;
#8011 = CARTESIAN_POINT ( 'NONE',  ( -72.99999999999997158, 6.599999999999991651, -47.99999999999999289 ) ) ;
#8012 = DIRECTION ( 'NONE',  ( 1.000000000000000000, 0.000000000000000000, 0.000000000000000000 ) ) ;
#8013 = CARTESIAN_POINT ( 'NONE',  ( -56.07000000000000028, 5.000000000000000000, -40.93999999999999062 ) ) ;
#8014 = EDGE_CURVE ( 'NONE', #4821, #5089, #6764, .T. ) ;
#8015 = ORIENTED_EDGE ( 'NONE', *, *, #7313, .F. ) ;
#8016 = VECTOR ( 'NONE', #3707, 1000.000000000000000 ) ;
#8017 = CARTESIAN_POINT ( 'NONE',  ( -69.99999999999998579, 0.000000000000000000, 50.00000000000000711 ) ) ;
#8018 = ORIENTED_EDGE ( 'NONE', *, *, #6181, .T. ) ;
#8019 = EDGE_LOOP ( 'NONE', ( #8413, #8286, #7462, #5427 ) ) ;
#8020 = CARTESIAN_POINT ( 'NONE',  ( -72.99999999999997158, 9.599999999999990763, -39.00000000000000000 ) ) ;
#8021 = AXIS2_PLACEMENT_3D ( 'NONE', #5490, #2042, #6143 ) ;
#8022 = CARTESIAN_POINT ( 'NONE',  ( 61.00000000000000711, -19.05324189595938478, -39.00118301270217103 ) ) ;
#8023 = DIRECTION ( 'NONE',  ( 0.000000000000000000, 0.8660254037844425934, -0.4999999999999933942 ) ) ;
#8024 = AXIS2_PLACEMENT_3D ( 'NONE', #4213, #4942, #4339 ) ;
#8025 = ORIENTED_EDGE ( 'NONE', *, *, #2639, .F. ) ;
#8026 = AXIS2_PLACEMENT_3D ( 'NONE', #1954, #7273, #7230 ) ;
#8027 = ORIENTED_EDGE ( 'NONE', *, *, #2379, .F. ) ;
#8028 = CARTESIAN_POINT ( 'NONE',  ( 60.99999999999995026, 21.30000000000000071, -47.50000000000002842 ) ) ;
#8029 = ORIENTED_EDGE ( 'NONE', *, *, #792, .F. ) ;
#8030 = ORIENTED_EDGE ( 'NONE', *, *, #4867, .F. ) ;
#8031 = AXIS2_PLACEMENT_3D ( 'NONE', #5261, #1859, #1343 ) ;
#8032 = ADVANCED_FACE ( 'NONE', ( #6637 ), #2759, .T. ) ;
#8033 = CARTESIAN_POINT ( 'NONE',  ( -65.00000000000001421, -18.18721649217497927, -39.50118301270211418 ) ) ;
#8034 = LINE ( 'NONE', #830, #3463 ) ;
#8035 = FACE_BOUND ( 'NONE', #4497, .T. ) ;
#8036 = CARTESIAN_POINT ( 'NONE',  ( -71.49999999999997158, 0.000000000000000000, 0.000000000000000000 ) ) ;
#8037 = FACE_OUTER_BOUND ( 'NONE', #8410, .T. ) ;
#8038 = CIRCLE ( 'NONE', #4312, 1.899999999999999023 ) ;
#8039 = PLANE ( 'NONE',  #2374 ) ;
#8040 = PRODUCT_DEFINITION_SHAPE ( 'NONE', 'NONE',  #8076 ) ;
#8041 = CIRCLE ( 'NONE', #1428, 1.000000000000000222 ) ;
#8042 = VECTOR ( 'NONE', #4208, 1000.000000000000000 ) ;
#8043 = EDGE_CURVE ( 'NONE', #2950, #2017, #6683, .T. ) ;
#8044 = ORIENTED_EDGE ( 'NONE', *, *, #6163, .T. ) ;
#8045 = CARTESIAN_POINT ( 'NONE',  ( 71.49999999999997158, 32.00000000000001421, -6.532606157515350453 ) ) ;
#8046 = DIRECTION ( 'NONE',  ( 0.000000000000000000, 0.8660254037844425934, -0.4999999999999933942 ) ) ;
#8047 = CARTESIAN_POINT ( 'NONE',  ( -60.65685424949238325, 30.50047952535078721, 34.34309881888385974 ) ) ;
#8048 = VECTOR ( 'NONE', #7061, 1000.000000000000000 ) ;
#8049 = CARTESIAN_POINT ( 'NONE',  ( 57.00000000000002842, 26.75008650835455271, 38.81779031357194754 ) ) ;
#8050 = CYLINDRICAL_SURFACE ( 'NONE', #5521, 1.000000000000000222 ) ;
#8051 = ORIENTED_EDGE ( 'NONE', *, *, #522, .F. ) ;
#8052 = EDGE_CURVE ( 'NONE', #3816, #4565, #4573, .T. ) ;
#8053 = EDGE_CURVE ( 'NONE', #1257, #8442, #2512, .T. ) ;
#8054 = AXIS2_PLACEMENT_3D ( 'NONE', #4505, #2565, #6577 ) ;
#8055 = ORIENTED_EDGE ( 'NONE', *, *, #2837, .T. ) ;
#8056 = CARTESIAN_POINT ( 'NONE',  ( 72.50000000000000000, 21.30000000000000071, -38.00000000000003553 ) ) ;
#8057 = DIRECTION ( 'NONE',  ( 1.000000000000000000, 0.000000000000000000, 0.000000000000000000 ) ) ;
#8058 = CARTESIAN_POINT ( 'NONE',  ( -72.99999999999997158, 0.000000000000000000, 0.000000000000000000 ) ) ;
#8059 = FACE_OUTER_BOUND ( 'NONE', #121, .T. ) ;
#8060 = FACE_OUTER_BOUND ( 'NONE', #5313, .T. ) ;
#8061 = PLANE ( 'NONE',  #1303 ) ;
#8062 = ORIENTED_EDGE ( 'NONE', *, *, #3877, .T. ) ;
#8063 = AXIS2_PLACEMENT_3D ( 'NONE', #1201, #3272, #1240 ) ;
#8064 = CARTESIAN_POINT ( 'NONE',  ( 62.00000000000004263, 20.89804168090047298, 42.19646997001226651 ) ) ;
#8065 = ORIENTED_EDGE ( 'NONE', *, *, #8094, .T. ) ;
#8066 = EDGE_CURVE ( 'NONE', #6133, #2761, #5119, .T. ) ;
#8067 = ORIENTED_EDGE ( 'NONE', *, *, #7146, .F. ) ;
#8068 = CARTESIAN_POINT ( 'NONE',  ( 56.07000000000000028, 5.000000000000000000, 12.99000000000000909 ) ) ;
#8069 = VECTOR ( 'NONE', #5545, 1000.000000000000000 ) ;
#8070 = DIRECTION ( 'NONE',  ( 0.000000000000000000, -0.000000000000000000, -1.000000000000000000 ) ) ;
#8071 = LINE ( 'NONE', #6812, #4086 ) ;
#8072 = VERTEX_POINT ( 'NONE', #8064 ) ;
#8073 = ORIENTED_EDGE ( 'NONE', *, *, #1045, .F. ) ;
#8074 = LINE ( 'NONE', #2156, #1137 ) ;
#8075 = VERTEX_POINT ( 'NONE', #7373 ) ;
#8076 = PRODUCT_DEFINITION ( 'Î´Öª', '', #2636, #2622 ) ;
#8077 = ORIENTED_EDGE ( 'NONE', *, *, #2732, .T. ) ;
#8078 = LINE ( 'NONE', #3976, #4305 ) ;
#8079 = FACE_OUTER_BOUND ( 'NONE', #5559, .T. ) ;
#8080 = ORIENTED_EDGE ( 'NONE', *, *, #7355, .F. ) ;
#8081 = VECTOR ( 'NONE', #29, 1000.000000000000114 ) ;
#8082 = DIRECTION ( 'NONE',  ( -0.000000000000000000, 0.4999999999999998335, 0.8660254037844387076 ) ) ;
#8083 = FACE_BOUND ( 'NONE', #6737, .T. ) ;
#8084 = AXIS2_PLACEMENT_3D ( 'NONE', #6376, #7027, #5556 ) ;
#8085 = CARTESIAN_POINT ( 'NONE',  ( 41.44999999999997442, 33.50000000000000711, -48.00000000000000000 ) ) ;
#8086 = ADVANCED_FACE ( 'NONE', ( #7977 ), #2142, .F. ) ;
#8087 = AXIS2_PLACEMENT_3D ( 'NONE', #8447, #28, #5073 ) ;
#8088 = VECTOR ( 'NONE', #3696, 1000.000000000000000 ) ;
#8089 = VERTEX_POINT ( 'NONE', #8017 ) ;
#8090 = LINE ( 'NONE', #6834, #3604 ) ;
#8091 = CARTESIAN_POINT ( 'NONE',  ( 11.89999999999998082, 21.30000000000000782, -46.50000000000000000 ) ) ;
#8092 = DIRECTION ( 'NONE',  ( 0.000000000000000000, 0.8660254037844425934, -0.4999999999999933942 ) ) ;
#8093 = CARTESIAN_POINT ( 'NONE',  ( -17.80000000000003268, 6.899999999999999467, 50.00100000000001188 ) ) ;
#8094 = EDGE_CURVE ( 'NONE', #3629, #3392, #4125, .T. ) ;
#8095 = AXIS2_PLACEMENT_3D ( 'NONE', #324, #3088, #2962 ) ;
#8096 = LINE ( 'NONE', #7966, #841 ) ;
#8097 = VERTEX_POINT ( 'NONE', #208 ) ;
#8098 = ORIENTED_EDGE ( 'NONE', *, *, #7835, .F. ) ;
#8099 = CARTESIAN_POINT ( 'NONE',  ( 20.48369692124186159, 31.00000000000000711, -93.51630307875780090 ) ) ;
#8100 = FACE_OUTER_BOUND ( 'NONE', #6171, .T. ) ;
#8101 = LINE ( 'NONE', #8183, #2815 ) ;
#8102 = DIRECTION ( 'NONE',  ( 2.403703357979463522E-16, 0.4999999999999947820, 0.8660254037844418162 ) ) ;
#8103 = DIRECTION ( 'NONE',  ( 0.000000000000000000, 0.000000000000000000, -1.000000000000000000 ) ) ;
#8104 = EDGE_LOOP ( 'NONE', ( #7389, #4149, #2957, #7362 ) ) ;
#8105 = EDGE_CURVE ( 'NONE', #2455, #2589, #1414, .T. ) ;
#8106 = ADVANCED_FACE ( 'NONE', ( #6807 ), #5468, .T. ) ;
#8107 = DIRECTION ( 'NONE',  ( 0.7071067811865474617, 0.7071067811865474617, -0.000000000000000000 ) ) ;
#8108 = VERTEX_POINT ( 'NONE', #2184 ) ;
#8109 = CARTESIAN_POINT ( 'NONE',  ( 57.00000000000004263, 20.24214927615302884, 42.57514962645262813 ) ) ;
#8110 = CARTESIAN_POINT ( 'NONE',  ( 60.99999999999995026, 21.30000000000000071, -48.00000000000000000 ) ) ;
#8111 = CARTESIAN_POINT ( 'NONE',  ( 62.00000000000002842, 25.09419410360715119, 37.46441916244344128 ) ) ;
#8112 = AXIS2_PLACEMENT_3D ( 'NONE', #2331, #3543, #2288 ) ;
#8113 = ORIENTED_EDGE ( 'NONE', *, *, #15, .T. ) ;
#8114 = EDGE_CURVE ( 'NONE', #1465, #545, #2649, .T. ) ;
#8115 = ORIENTED_EDGE ( 'NONE', *, *, #3682, .T. ) ;
#8116 = EDGE_CURVE ( 'NONE', #5787, #3426, #1062, .T. ) ;
#8117 = CARTESIAN_POINT ( 'NONE',  ( 62.07106781186551814, 14.49175625915682275, 43.58573950600300151 ) ) ;
#8118 = VECTOR ( 'NONE', #1791, 1000.000000000000000 ) ;
#8119 = EDGE_LOOP ( 'NONE', ( #6039, #5080, #7797, #962 ) ) ;
#8120 = ORIENTED_EDGE ( 'NONE', *, *, #34, .T. ) ;
#8121 = DIRECTION ( 'NONE',  ( -0.000000000000000000, -0.000000000000000000, -1.000000000000000000 ) ) ;
#8122 = CARTESIAN_POINT ( 'NONE',  ( 61.99999999999997868, 16.29999999999999716, -46.50000000000000000 ) ) ;
#8123 = DIRECTION ( 'NONE',  ( 0.7071067811865483499, -0.6123724356957960246, 0.3535533905932694010 ) ) ;
#8124 = ORIENTED_EDGE ( 'NONE', *, *, #4725, .T. ) ;
#8125 = FACE_BOUND ( 'NONE', #1942, .T. ) ;
#8126 = CARTESIAN_POINT ( 'NONE',  ( -71.49999999999997158, 7.600000000000004086, 1.600000000000002531 ) ) ;
#8127 = ORIENTED_EDGE ( 'NONE', *, *, #6188, .T. ) ;
#8128 = ADVANCED_FACE ( 'NONE', ( #6201 ), #4856, .T. ) ;
#8129 = LINE ( 'NONE', #1393, #8435 ) ;
#8130 = LINE ( 'NONE', #4928, #7105 ) ;
#8131 = DIRECTION ( 'NONE',  ( 2.403703357979463522E-16, 0.4999999999999947820, 0.8660254037844418162 ) ) ;
#8132 = CARTESIAN_POINT ( 'NONE',  ( 2.399999999999971934, 6.899999999999999467, -47.99999999999999289 ) ) ;
#8133 = APPLICATION_PROTOCOL_DEFINITION ( 'draft international standard', 'automotive_design', 1998, #4187 ) ;
#8134 = ORIENTED_EDGE ( 'NONE', *, *, #5806, .F. ) ;
#8135 = AXIS2_PLACEMENT_3D ( 'NONE', #6687, #4697, #8504 ) ;
#8136 = VERTEX_POINT ( 'NONE', #1102 ) ;
#8137 = DIRECTION ( 'NONE',  ( -2.890524920077545206E-16, -0.4999999999999946709, -0.8660254037844417052 ) ) ;
#8138 = CARTESIAN_POINT ( 'NONE',  ( 56.07000000000000028, 5.000000000000000000, 9.490000000000000213 ) ) ;
#8139 = EDGE_CURVE ( 'NONE', #2579, #4320, #6285, .T. ) ;
#8140 = CARTESIAN_POINT ( 'NONE',  ( -71.49999999999997158, 31.00000000000001421, -1.532606157515309597 ) ) ;
#8141 = DIRECTION ( 'NONE',  ( -2.081668171172174193E-14, 0.8660254037844417052, -0.4999999999999948375 ) ) ;
#8142 = LINE ( 'NONE', #1496, #6545 ) ;
#8143 = EDGE_LOOP ( 'NONE', ( #7202, #4056, #3369, #5213 ) ) ;
#8144 = EDGE_CURVE ( 'NONE', #6826, #2850, #7496, .T. ) ;
#8145 = FACE_OUTER_BOUND ( 'NONE', #5958, .T. ) ;
#8146 = ORIENTED_EDGE ( 'NONE', *, *, #3551, .T. ) ;
#8147 = FACE_OUTER_BOUND ( 'NONE', #693, .T. ) ;
#8148 = ADVANCED_FACE ( 'NONE', ( #3731 ), #7580, .T. ) ;
#8149 = DIRECTION ( 'NONE',  ( -0.000000000000000000, -0.000000000000000000, -1.000000000000000000 ) ) ;
#8150 = DIRECTION ( 'NONE',  ( 0.000000000000000000, 0.000000000000000000, 1.000000000000000000 ) ) ;
#8151 = CIRCLE ( 'NONE', #4423, 3.000000000000002665 ) ;
#8152 = EDGE_LOOP ( 'NONE', ( #564, #5121, #5378, #7004 ) ) ;
#8153 = ORIENTED_EDGE ( 'NONE', *, *, #8351, .F. ) ;
#8154 = CARTESIAN_POINT ( 'NONE',  ( 72.99999999999997158, 6.599999999999989875, -36.00000000000004263 ) ) ;
#8155 = ORIENTED_EDGE ( 'NONE', *, *, #1177, .T. ) ;
#8156 = ORIENTED_EDGE ( 'NONE', *, *, #7517, .F. ) ;
#8157 = VECTOR ( 'NONE', #2627, 1000.000000000000000 ) ;
#8158 = EDGE_CURVE ( 'NONE', #3449, #4747, #8235, .T. ) ;
#8159 = EDGE_CURVE ( 'NONE', #3245, #2017, #2313, .T. ) ;
#8160 = CARTESIAN_POINT ( 'NONE',  ( -75.00000000000002842, 28.00000000000000711, -36.00000000000000711 ) ) ;
#8161 = CARTESIAN_POINT ( 'NONE',  ( 13.89999999999998082, 16.30000000000000426, -46.50000000000000000 ) ) ;
#8162 = DIRECTION ( 'NONE',  ( 0.000000000000000000, -1.000000000000000000, 0.000000000000000000 ) ) ;
#8163 = AXIS2_PLACEMENT_3D ( 'NONE', #3460, #6180, #4145 ) ;
#8164 = ORIENTED_EDGE ( 'NONE', *, *, #6871, .F. ) ;
#8165 = CARTESIAN_POINT ( 'NONE',  ( 2.899999999999972378, 6.899999999999999467, -49.99999999999999289 ) ) ;
#8166 = ORIENTED_EDGE ( 'NONE', *, *, #923, .T. ) ;
#8167 = LINE ( 'NONE', #921, #2515 ) ;
#8168 = VECTOR ( 'NONE', #343, 1000.000000000000000 ) ;
#8169 = EDGE_CURVE ( 'NONE', #8364, #5917, #5026, .T. ) ;
#8170 = ORIENTED_EDGE ( 'NONE', *, *, #1702, .F. ) ;
#8171 = DIRECTION ( 'NONE',  ( -1.000000000000000000, 7.395570986446985676E-32, 2.775557561562891351E-16 ) ) ;
#8172 = DIRECTION ( 'NONE',  ( 2.403703357979465494E-16, 0.4999999999999947264, 0.8660254037844417052 ) ) ;
#8173 = VECTOR ( 'NONE', #8334, 1000.000000000000000 ) ;
#8174 = VECTOR ( 'NONE', #5015, 1000.000000000000000 ) ;
#8175 = DIRECTION ( 'NONE',  ( -1.000000000000000000, 0.000000000000000000, 2.775557561562891351E-16 ) ) ;
#8176 = LINE ( 'NONE', #5454, #7219 ) ;
#8177 = DIRECTION ( 'NONE',  ( 1.000000000000000000, 0.000000000000000000, 0.000000000000000000 ) ) ;
#8178 = CIRCLE ( 'NONE', #2946, 2.999999999999999112 ) ;
#8179 = ORIENTED_EDGE ( 'NONE', *, *, #4673, .T. ) ;
#8180 = VERTEX_POINT ( 'NONE', #8315 ) ;
#8181 = CARTESIAN_POINT ( 'NONE',  ( 75.00000000000000000, 31.00000000000000711, -39.00000000000004974 ) ) ;
#8182 = CARTESIAN_POINT ( 'NONE',  ( 72.99999999999997158, -10.85796891903276240, -20.36918876172768478 ) ) ;
#8183 = CARTESIAN_POINT ( 'NONE',  ( 61.99999999999995737, 31.00000000000000711, -47.99999999999999289 ) ) ;
#8184 = AXIS2_PLACEMENT_3D ( 'NONE', #4595, #3858, #5153 ) ;
#8185 = LINE ( 'NONE', #1746, #7790 ) ;
#8186 = PLANE ( 'NONE',  #2389 ) ;
#8187 = VERTEX_POINT ( 'NONE', #6327 ) ;
#8188 = DIRECTION ( 'NONE',  ( 2.403703357979464508E-16, 0.4999999999999947264, 0.8660254037844417052 ) ) ;
#8189 = ADVANCED_FACE ( 'NONE', ( #6977 ), #3009, .F. ) ;
#8190 = AXIS2_PLACEMENT_3D ( 'NONE', #2386, #6876, #3591 ) ;
#8191 = AXIS2_PLACEMENT_3D ( 'NONE', #8181, #3434, #6064 ) ;
#8192 = ORIENTED_EDGE ( 'NONE', *, *, #7929, .F. ) ;
#8193 = DIRECTION ( 'NONE',  ( 1.109335647967047632E-31, -0.8660254037844417052, 0.4999999999999947264 ) ) ;
#8194 = CARTESIAN_POINT ( 'NONE',  ( 12.89999999999998259, 28.00000000000000711, -47.99999999999999289 ) ) ;
#8195 = PLANE ( 'NONE',  #3981 ) ;
#8196 = DIRECTION ( 'NONE',  ( 0.000000000000000000, 0.8660254037844408170, -0.4999999999999962252 ) ) ;
#8197 = CIRCLE ( 'NONE', #198, 1.900000000000004130 ) ;
#8198 = EDGE_LOOP ( 'NONE', ( #5588, #718, #5385, #312 ) ) ;
#8199 = ORIENTED_EDGE ( 'NONE', *, *, #8358, .F. ) ;
#8200 = AXIS2_PLACEMENT_3D ( 'NONE', #5104, #8482, #2570 ) ;
#8201 = DIRECTION ( 'NONE',  ( 2.403703357979464508E-16, 0.4999999999999947264, 0.8660254037844417052 ) ) ;
#8202 = EDGE_CURVE ( 'NONE', #6817, #5290, #6933, .T. ) ;
#8203 = ORIENTED_EDGE ( 'NONE', *, *, #220, .F. ) ;
#8204 = VECTOR ( 'NONE', #8172, 1000.000000000000000 ) ;
#8205 = VERTEX_POINT ( 'NONE', #2401 ) ;
#8206 = DIRECTION ( 'NONE',  ( 0.000000000000000000, 0.000000000000000000, -1.000000000000000000 ) ) ;
#8207 = CARTESIAN_POINT ( 'NONE',  ( -75.00000000000002842, 31.00000000000000711, -36.00000000000000711 ) ) ;
#8208 = DIRECTION ( 'NONE',  ( 4.625929269271486407E-17, 0.000000000000000000, -1.000000000000000000 ) ) ;
#8209 = ORIENTED_EDGE ( 'NONE', *, *, #8317, .T. ) ;
#8210 = CARTESIAN_POINT ( 'NONE',  ( 46.51500000000000767, 32.42050166543324963, 39.00807621135341918 ) ) ;
#8211 = AXIS2_PLACEMENT_3D ( 'NONE', #362, #7010, #4198 ) ;
#8212 = VERTEX_POINT ( 'NONE', #1624 ) ;
#8213 = DIRECTION ( 'NONE',  ( -1.000000000000000000, 1.201851678989719435E-16, 2.081668171172184784E-16 ) ) ;
#8214 = VECTOR ( 'NONE', #893, 1000.000000000000000 ) ;
#8215 = EDGE_CURVE ( 'NONE', #725, #1040, #8437, .T. ) ;
#8216 = EDGE_CURVE ( 'NONE', #2594, #6040, #994, .T. ) ;
#8217 = VERTEX_POINT ( 'NONE', #3649 ) ;
#8218 = CIRCLE ( 'NONE', #360, 3.000000000000002665 ) ;
#8219 = DIRECTION ( 'NONE',  ( 0.000000000000000000, 1.000000000000000000, 0.000000000000000000 ) ) ;
#8220 = DIRECTION ( 'NONE',  ( 0.000000000000000000, 0.000000000000000000, 1.000000000000000000 ) ) ;
#8221 = CARTESIAN_POINT ( 'NONE',  ( -46.51499999999999346, 33.81480256552618613, 38.20307621135344789 ) ) ;
#8222 = AXIS2_PLACEMENT_3D ( 'NONE', #1325, #3914, #5901 ) ;
#8223 = DIRECTION ( 'NONE',  ( 4.625929269271486407E-17, 3.421138828918010427E-49, -1.000000000000000000 ) ) ;
#8224 = EDGE_CURVE ( 'NONE', #8243, #941, #2271, .T. ) ;
#8225 = CIRCLE ( 'NONE', #4503, 1.899999999999999023 ) ;
#8226 = CIRCLE ( 'NONE', #2294, 3.000000000000002665 ) ;
#8227 = ORIENTED_EDGE ( 'NONE', *, *, #768, .F. ) ;
#8228 = EDGE_LOOP ( 'NONE', ( #1061, #2486, #7912, #1417, #5733, #6518, #6898, #6902, #233, #8127 ) ) ;
#8229 = DIRECTION ( 'NONE',  ( 2.403703357979463522E-16, 0.4999999999999947820, 0.8660254037844418162 ) ) ;
#8230 = PLANE ( 'NONE',  #4566 ) ;
#8231 = CARTESIAN_POINT ( 'NONE',  ( -60.65685424949238325, 31.50047952535075524, 36.07514962645270629 ) ) ;
#8232 = DIRECTION ( 'NONE',  ( 0.000000000000000000, 1.000000000000000000, 0.000000000000000000 ) ) ;
#8233 = DIRECTION ( 'NONE',  ( 0.000000000000000000, 0.000000000000000000, -1.000000000000000000 ) ) ;
#8234 = EDGE_LOOP ( 'NONE', ( #682, #3803, #7475, #6669 ) ) ;
#8235 = LINE ( 'NONE', #376, #301 ) ;
#8236 = ORIENTED_EDGE ( 'NONE', *, *, #3044, .F. ) ;
#8237 = DIRECTION ( 'NONE',  ( 1.000000000000000000, 0.000000000000000000, 0.000000000000000000 ) ) ;
#8238 = LINE ( 'NONE', #8321, #7812 ) ;
#8239 = FACE_OUTER_BOUND ( 'NONE', #8019, .T. ) ;
#8240 = CYLINDRICAL_SURFACE ( 'NONE', #94, 3.000000000000001332 ) ;
#8241 = EDGE_CURVE ( 'NONE', #1321, #2411, #7626, .T. ) ;
#8242 = CARTESIAN_POINT ( 'NONE',  ( -60.65685424949239035, -29.65567974040970611, -32.87986266914256106 ) ) ;
#8243 = VERTEX_POINT ( 'NONE', #6887 ) ;
#8244 = ORIENTED_EDGE ( 'NONE', *, *, #5275, .T. ) ;
#8245 = CARTESIAN_POINT ( 'NONE',  ( -66.99999999999998579, 19.89804168090044811, 40.46441916244343417 ) ) ;
#8246 = ORIENTED_EDGE ( 'NONE', *, *, #8317, .F. ) ;
#8247 = ORIENTED_EDGE ( 'NONE', *, *, #6584, .F. ) ;
#8248 = LINE ( 'NONE', #1596, #176 ) ;
#8249 = LINE ( 'NONE', #5655, #4284 ) ;
#8250 = FILL_AREA_STYLE_COLOUR ( '', #3010 ) ;
#8251 = ADVANCED_FACE ( 'NONE', ( #2354, #4980, #1705, #4379, #7022 ), #457, .T. ) ;
#8252 = ORIENTED_EDGE ( 'NONE', *, *, #1341, .F. ) ;
#8253 = CARTESIAN_POINT ( 'NONE',  ( 41.44999999999997442, 37.00000000000000711, -48.00000000000000000 ) ) ;
#8254 = ORIENTED_EDGE ( 'NONE', *, *, #3520, .T. ) ;
#8255 = AXIS2_PLACEMENT_3D ( 'NONE', #2105, #6730, #5997 ) ;
#8256 = EDGE_CURVE ( 'NONE', #7043, #4170, #7707, .T. ) ;
#8257 = LINE ( 'NONE', #8386, #3204 ) ;
#8258 = ORIENTED_EDGE ( 'NONE', *, *, #5358, .F. ) ;
#8259 = ADVANCED_FACE ( 'NONE', ( #5805 ), #1787, .F. ) ;
#8260 = DIRECTION ( 'NONE',  ( -1.000000000000000000, -0.000000000000000000, -0.000000000000000000 ) ) ;
#8261 = CARTESIAN_POINT ( 'NONE',  ( -42.99999999999997868, 16.56180047068719929, 44.70000000000001705 ) ) ;
#8262 = AXIS2_PLACEMENT_3D ( 'NONE', #3642, #3002, #1013 ) ;
#8263 = LINE ( 'NONE', #6229, #1296 ) ;
#8264 = DIRECTION ( 'NONE',  ( 0.5773502691896316152, -0.2113248654051960440, 0.7886751345948062042 ) ) ;
#8265 = EDGE_LOOP ( 'NONE', ( #4534, #1903, #684, #4109 ) ) ;
#8266 = ORIENTED_EDGE ( 'NONE', *, *, #595, .T. ) ;
#8267 = FACE_OUTER_BOUND ( 'NONE', #6819, .T. ) ;
#8268 = CARTESIAN_POINT ( 'NONE',  ( -45.99999999999997868, 13.96372425933388151, 46.20000000000001705 ) ) ;
#8269 = EDGE_CURVE ( 'NONE', #1664, #2587, #3822, .T. ) ;
#8270 = DIRECTION ( 'NONE',  ( 0.000000000000000000, 0.000000000000000000, 1.000000000000000000 ) ) ;
#8271 = EDGE_CURVE ( 'NONE', #3109, #7416, #4422, .T. ) ;
#8272 = DIRECTION ( 'NONE',  ( -0.000000000000000000, -0.000000000000000000, -1.000000000000000000 ) ) ;
#8273 = DIRECTION ( 'NONE',  ( 0.000000000000000000, 0.000000000000000000, 1.000000000000000000 ) ) ;
#8274 = VERTEX_POINT ( 'NONE', #7882 ) ;
#8275 = DIRECTION ( 'NONE',  ( 1.000000000000000000, 0.000000000000000000, -2.775557561562891351E-16 ) ) ;
#8276 = ORIENTED_EDGE ( 'NONE', *, *, #6994, .T. ) ;
#8277 = CARTESIAN_POINT ( 'NONE',  ( 56.00000000000000711, -17.67991055599765460, -39.79407623151561779 ) ) ;
#8278 = DIRECTION ( 'NONE',  ( 0.000000000000000000, 0.8660254037844387076, -0.4999999999999998890 ) ) ;
#8279 = ADVANCED_FACE ( 'NONE', ( #3860 ), #5069, .F. ) ;
#8280 = FACE_BOUND ( 'NONE', #5692, .T. ) ;
#8281 = FACE_OUTER_BOUND ( 'NONE', #3146, .T. ) ;
#8282 = CARTESIAN_POINT ( 'NONE',  ( -56.06999999999999318, 5.000000000000000000, 16.49000000000000909 ) ) ;
#8283 = ORIENTED_EDGE ( 'NONE', *, *, #213, .T. ) ;
#8284 = ORIENTED_EDGE ( 'NONE', *, *, #3442, .F. ) ;
#8285 = LINE ( 'NONE', #7639, #4443 ) ;
#8286 = ORIENTED_EDGE ( 'NONE', *, *, #6586, .T. ) ;
#8287 = ORIENTED_EDGE ( 'NONE', *, *, #4614, .T. ) ;
#8288 = DIRECTION ( 'NONE',  ( -1.382129430838193054E-15, 1.000000000000000000, 0.000000000000000000 ) ) ;
#8289 = VECTOR ( 'NONE', #7470, 1000.000000000000000 ) ;
#8290 = CARTESIAN_POINT ( 'NONE',  ( -46.51499999999999346, 31.31480256552621810, 33.87294919243125690 ) ) ;
#8291 = CARTESIAN_POINT ( 'NONE',  ( 72.99999999999997158, 14.79999999999998650, -41.50000000000003553 ) ) ;
#8292 = DIRECTION ( 'NONE',  ( 0.000000000000000000, 1.000000000000000000, -0.000000000000000000 ) ) ;
#8293 = ORIENTED_EDGE ( 'NONE', *, *, #2478, .F. ) ;
#8294 = CARTESIAN_POINT ( 'NONE',  ( -61.99999999999998579, 19.89804168090048364, 40.46441916244342707 ) ) ;
#8295 = ORIENTED_EDGE ( 'NONE', *, *, #2485, .F. ) ;
#8296 = DIRECTION ( 'NONE',  ( 1.000000000000000000, 0.000000000000000000, 0.000000000000000000 ) ) ;
#8297 = VECTOR ( 'NONE', #84, 1000.000000000000000 ) ;
#8298 = EDGE_CURVE ( 'NONE', #2297, #7328, #3778, .T. ) ;
#8299 = EDGE_LOOP ( 'NONE', ( #526, #5865, #3972, #1544 ) ) ;
#8300 = DIRECTION ( 'NONE',  ( -0.000000000000000000, 1.000000000000000000, -0.000000000000000000 ) ) ;
#8301 = CARTESIAN_POINT ( 'NONE',  ( 2.899999999999969269, 21.60000000000000142, 50.00100000000001188 ) ) ;
#8302 = CARTESIAN_POINT ( 'NONE',  ( -60.65685424949237614, 15.49175625915678545, 45.31779031357188359 ) ) ;
#8303 = AXIS2_PLACEMENT_3D ( 'NONE', #4365, #2378, #482 ) ;
#8304 = LINE ( 'NONE', #447, #741 ) ;
#8305 = ADVANCED_FACE ( 'NONE', ( #5109 ), #500, .F. ) ;
#8306 = AXIS2_PLACEMENT_3D ( 'NONE', #8378, #5043, #7037 ) ;
#8307 = VERTEX_POINT ( 'NONE', #1962 ) ;
#8308 = LINE ( 'NONE', #2393, #6746 ) ;
#8309 = CARTESIAN_POINT ( 'NONE',  ( 39.94999999999996732, 32.00000000000000711, -46.50000000000000000 ) ) ;
#8310 = CARTESIAN_POINT ( 'NONE',  ( 61.99999999999997868, 21.30000000000000071, -46.50000000000000000 ) ) ;
#8311 = DIRECTION ( 'NONE',  ( 0.000000000000000000, 0.8660254037844412611, -0.4999999999999956146 ) ) ;
#8312 = CARTESIAN_POINT ( 'NONE',  ( 60.65685424949243298, 14.49175625915682630, 43.58573950600300151 ) ) ;
#8313 = VERTEX_POINT ( 'NONE', #4599 ) ;
#8314 = VECTOR ( 'NONE', #6753, 1000.000000000000114 ) ;
#8315 = CARTESIAN_POINT ( 'NONE',  ( -56.06999999999999318, 2.000000000000000000, 16.49000000000000909 ) ) ;
#8316 = ADVANCED_FACE ( 'NONE', ( #8487 ), #581, .F. ) ;
#8317 = EDGE_CURVE ( 'NONE', #368, #5328, #6495, .T. ) ;
#8318 = ORIENTED_EDGE ( 'NONE', *, *, #4635, .T. ) ;
#8319 = AXIS2_PLACEMENT_3D ( 'NONE', #2872, #8131, #2208 ) ;
#8320 = LINE ( 'NONE', #7583, #7865 ) ;
#8321 = CARTESIAN_POINT ( 'NONE',  ( -56.99999999999998579, 26.10880597596170816, 36.87863272481656907 ) ) ;
#8322 = AXIS2_PLACEMENT_3D ( 'NONE', #518, #8419, #5129 ) ;
#8323 = DIRECTION ( 'NONE',  ( -1.000000000000000000, 0.000000000000000000, 2.851600234482423911E-16 ) ) ;
#8324 = CARTESIAN_POINT ( 'NONE',  ( -45.99999999999997868, 27.82013071988494701, 38.20000000000010942 ) ) ;
#8325 = FACE_OUTER_BOUND ( 'NONE', #3173, .T. ) ;
#8326 = ORIENTED_EDGE ( 'NONE', *, *, #6595, .F. ) ;
#8327 = VERTEX_POINT ( 'NONE', #7194 ) ;
#8328 = CIRCLE ( 'NONE', #4743, 1.000000000000000222 ) ;
#8329 = CARTESIAN_POINT ( 'NONE',  ( 78.09999999999998010, 9.699999999999944222, -39.00000000000004263 ) ) ;
#8330 = EDGE_CURVE ( 'NONE', #8205, #5687, #3882, .T. ) ;
#8331 = EDGE_LOOP ( 'NONE', ( #2551, #5366, #862, #1989, #7253, #5735, #2906, #1011 ) ) ;
#8332 = ORIENTED_EDGE ( 'NONE', *, *, #5449, .T. ) ;
#8333 = CARTESIAN_POINT ( 'NONE',  ( 65.00000000000001421, 26.09419410360709435, 39.19646997001230915 ) ) ;
#8334 = DIRECTION ( 'NONE',  ( 0.000000000000000000, 0.8660254037844382635, -0.5000000000000006661 ) ) ;
#8335 = VECTOR ( 'NONE', #3961, 1000.000000000000000 ) ;
#8336 = DIRECTION ( 'NONE',  ( 0.000000000000000000, -0.000000000000000000, 1.000000000000000000 ) ) ;
#8337 = DIRECTION ( 'NONE',  ( 0.000000000000000000, -0.8660254037844417052, 0.4999999999999947264 ) ) ;
#8338 = VECTOR ( 'NONE', #6874, 1000.000000000000000 ) ;
#8339 = VERTEX_POINT ( 'NONE', #1320 ) ;
#8340 = FACE_OUTER_BOUND ( 'NONE', #3242, .T. ) ;
#8341 = ORIENTED_EDGE ( 'NONE', *, *, #3590, .F. ) ;
#8342 = DIRECTION ( 'NONE',  ( 2.403703357979464508E-16, 0.4999999999999947264, 0.8660254037844417052 ) ) ;
#8343 = VECTOR ( 'NONE', #975, 1000.000000000000000 ) ;
#8344 = VECTOR ( 'NONE', #852, 1000.000000000000114 ) ;
#8345 = FACE_OUTER_BOUND ( 'NONE', #3733, .T. ) ;
#8346 = VERTEX_POINT ( 'NONE', #8443 ) ;
#8347 = ORIENTED_EDGE ( 'NONE', *, *, #2629, .F. ) ;
#8348 = AXIS2_PLACEMENT_3D ( 'NONE', #534, #7795, #4551 ) ;
#8349 = DIRECTION ( 'NONE',  ( 0.000000000000000000, 0.000000000000000000, 1.000000000000000000 ) ) ;
#8350 = DIRECTION ( 'NONE',  ( 0.000000000000000000, -0.8660254037844415942, 0.4999999999999951150 ) ) ;
#8351 = EDGE_CURVE ( 'NONE', #7670, #4265, #1266, .T. ) ;
#8352 = CARTESIAN_POINT ( 'NONE',  ( -49.80000000000002558, 25.69999999999999929, -47.99999999999999289 ) ) ;
#8353 = LINE ( 'NONE', #3129, #1973 ) ;
#8354 = ORIENTED_EDGE ( 'NONE', *, *, #3213, .F. ) ;
#8355 = CYLINDRICAL_SURFACE ( 'NONE', #654, 1.000000000000000222 ) ;
#8356 = DIRECTION ( 'NONE',  ( 0.7071067811865480168, 0.6123724356957964687, -0.3535533905932692345 ) ) ;
#8357 = AXIS2_PLACEMENT_3D ( 'NONE', #1208, #5824, #7169 ) ;
#8358 = EDGE_CURVE ( 'NONE', #6202, #6505, #3955, .T. ) ;
#8359 = DIRECTION ( 'NONE',  ( 0.000000000000000000, -0.000000000000000000, 1.000000000000000000 ) ) ;
#8360 = ORIENTED_EDGE ( 'NONE', *, *, #4463, .F. ) ;
#8361 = VECTOR ( 'NONE', #8493, 1000.000000000000227 ) ;
#8362 = CARTESIAN_POINT ( 'NONE',  ( 60.65685424949242588, 15.49175625915679611, 45.31779031357184806 ) ) ;
#8363 = VECTOR ( 'NONE', #3864, 1000.000000000000000 ) ;
#8364 = VERTEX_POINT ( 'NONE', #674 ) ;
#8365 = LINE ( 'NONE', #7628, #4892 ) ;
#8366 = CARTESIAN_POINT ( 'NONE',  ( 56.07000000000000028, -0.001000000000000132727, 12.99000000000000909 ) ) ;
#8367 = CARTESIAN_POINT ( 'NONE',  ( 72.99999999999997158, 0.000000000000000000, 0.000000000000000000 ) ) ;
#8368 = CARTESIAN_POINT ( 'NONE',  ( -46.51499999999999346, 32.96025083271666034, 32.92294919243126827 ) ) ;
#8369 = EDGE_CURVE ( 'NONE', #3392, #6256, #2614, .T. ) ;
#8370 = CARTESIAN_POINT ( 'NONE',  ( 57.00000000000002842, 25.75008650835456692, 37.08573950600307256 ) ) ;
#8371 = EDGE_CURVE ( 'NONE', #7965, #1734, #2369, .T. ) ;
#8372 = EDGE_LOOP ( 'NONE', ( #7715, #1842, #261, #2848 ) ) ;
#8373 = VERTEX_POINT ( 'NONE', #7154 ) ;
#8374 = FACE_OUTER_BOUND ( 'NONE', #7884, .T. ) ;
#8375 = VERTEX_POINT ( 'NONE', #1233 ) ;
#8376 = VERTEX_POINT ( 'NONE', #2578 ) ;
#8377 = CARTESIAN_POINT ( 'NONE',  ( 60.00000000000004263, 20.89804168090047298, 42.19646997001226651 ) ) ;
#8378 = CARTESIAN_POINT ( 'NONE',  ( -46.51499999999999346, 35.46025083271663192, 37.25307621135345926 ) ) ;
#8379 = CARTESIAN_POINT ( 'NONE',  ( 43.00000000000000000, -17.32730527968157475, -39.99765298271439917 ) ) ;
#8380 = CARTESIAN_POINT ( 'NONE',  ( 60.65685424949242588, 30.50047952535077656, 34.34309881888382421 ) ) ;
#8381 = EDGE_CURVE ( 'NONE', #3888, #6817, #1269, .T. ) ;
#8382 = ADVANCED_FACE ( 'NONE', ( #2660 ), #5281, .F. ) ;
#8383 = ORIENTED_EDGE ( 'NONE', *, *, #1727, .F. ) ;
#8384 = DIRECTION ( 'NONE',  ( 1.000000000000000000, -5.473822126268816683E-48, -2.775557561562891351E-16 ) ) ;
#8385 = EDGE_LOOP ( 'NONE', ( #4756, #6463, #3840, #5458 ) ) ;
#8386 = CARTESIAN_POINT ( 'NONE',  ( 72.99999999999997158, 22.80000000000001137, -48.00000000000000000 ) ) ;
#8387 = CYLINDRICAL_SURFACE ( 'NONE', #3727, 0.9999999999999987788 ) ;
#8388 = ORIENTED_EDGE ( 'NONE', *, *, #8404, .F. ) ;
#8389 = ORIENTED_EDGE ( 'NONE', *, *, #3133, .T. ) ;
#8390 = LINE ( 'NONE', #7097, #3506 ) ;
#8391 = ADVANCED_FACE ( 'NONE', ( #5978 ), #2007, .F. ) ;
#8392 = FACE_OUTER_BOUND ( 'NONE', #2674, .T. ) ;
#8393 = CARTESIAN_POINT ( 'NONE',  ( -72.99999999999995737, 9.599999999999990763, -39.00000000000000000 ) ) ;
#8394 = CARTESIAN_POINT ( 'NONE',  ( -72.99999999999997158, 31.00000000000000711, -48.00000000000000000 ) ) ;
#8395 = VECTOR ( 'NONE', #3786, 1000.000000000000114 ) ;
#8396 = ADVANCED_FACE ( 'NONE', ( #151 ), #4030, .F. ) ;
#8397 = ORIENTED_EDGE ( 'NONE', *, *, #5680, .F. ) ;
#8398 = CARTESIAN_POINT ( 'NONE',  ( -60.99999999999998579, 25.96021950739157802, 36.96441916244346970 ) ) ;
#8399 = FACE_OUTER_BOUND ( 'NONE', #4620, .T. ) ;
#8400 = FACE_OUTER_BOUND ( 'NONE', #6520, .T. ) ;
#8401 = ORIENTED_EDGE ( 'NONE', *, *, #3502, .F. ) ;
#8402 = CARTESIAN_POINT ( 'NONE',  ( -60.99999999999998579, 19.89804168090048364, 40.46441916244342707 ) ) ;
#8403 = ORIENTED_EDGE ( 'NONE', *, *, #2747, .F. ) ;
#8404 = EDGE_CURVE ( 'NONE', #4414, #8346, #4114, .T. ) ;
#8405 = CARTESIAN_POINT ( 'NONE',  ( -56.07000000000000028, 5.000000000000000000, -47.93999999999999773 ) ) ;
#8406 = DIRECTION ( 'NONE',  ( -0.000000000000000000, -1.000000000000000000, -0.000000000000000000 ) ) ;
#8407 = DIRECTION ( 'NONE',  ( 0.000000000000000000, 1.000000000000000000, 0.000000000000000000 ) ) ;
#8408 = CYLINDRICAL_SURFACE ( 'NONE', #2149, 1.000000000000000222 ) ;
#8409 = CYLINDRICAL_SURFACE ( 'NONE', #2126, 3.509999999999982911 ) ;
#8410 = EDGE_LOOP ( 'NONE', ( #8015, #4580, #5223, #7616 ) ) ;
#8411 = ORIENTED_EDGE ( 'NONE', *, *, #3601, .F. ) ;
#8412 = LINE ( 'NONE', #2496, #6361 ) ;
#8413 = ORIENTED_EDGE ( 'NONE', *, *, #5173, .T. ) ;
#8414 = EDGE_CURVE ( 'NONE', #2761, #6133, #7735, .T. ) ;
#8415 = ORIENTED_EDGE ( 'NONE', *, *, #2169, .F. ) ;
#8416 = CARTESIAN_POINT ( 'NONE',  ( -18.30000000000002558, 21.60000000000000142, -49.99999999999999289 ) ) ;
#8417 = FACE_OUTER_BOUND ( 'NONE', #1601, .T. ) ;
#8418 = CARTESIAN_POINT ( 'NONE',  ( -59.99999999999998579, 25.09419410360713343, 37.46441916244346260 ) ) ;
#8419 = DIRECTION ( 'NONE',  ( -2.403703357979464015E-16, -0.4999999999999946154, -0.8660254037844419273 ) ) ;
#8420 = VERTEX_POINT ( 'NONE', #112 ) ;
#8421 = DIRECTION ( 'NONE',  ( -0.000000000000000000, -0.000000000000000000, -1.000000000000000000 ) ) ;
#8422 = EDGE_LOOP ( 'NONE', ( #3689, #3978, #4724, #6672 ) ) ;
#8423 = FACE_BOUND ( 'NONE', #1245, .T. ) ;
#8424 = ORIENTED_EDGE ( 'NONE', *, *, #5624, .F. ) ;
#8425 = EDGE_CURVE ( 'NONE', #8339, #7561, #6754, .T. ) ;
#8426 = EDGE_CURVE ( 'NONE', #5994, #6191, #3389, .T. ) ;
#8427 = AXIS2_PLACEMENT_3D ( 'NONE', #2841, #4808, #5462 ) ;
#8428 = ORIENTED_EDGE ( 'NONE', *, *, #7730, .T. ) ;
#8429 = ORIENTED_EDGE ( 'NONE', *, *, #1850, .F. ) ;
#8430 = DIRECTION ( 'NONE',  ( 0.000000000000000000, -1.365923996832131116E-16, -1.000000000000000000 ) ) ;
#8431 = DIRECTION ( 'NONE',  ( 0.000000000000000000, 0.4999999999999981681, 0.8660254037844397068 ) ) ;
#8432 = VECTOR ( 'NONE', #4314, 1000.000000000000000 ) ;
#8433 = DIRECTION ( 'NONE',  ( -1.000000000000000000, -3.791200677927628645E-32, 0.000000000000000000 ) ) ;
#8434 = EDGE_CURVE ( 'NONE', #6597, #296, #4804, .T. ) ;
#8435 = VECTOR ( 'NONE', #1564, 1000.000000000000114 ) ;
#8436 = ORIENTED_EDGE ( 'NONE', *, *, #7731, .T. ) ;
#8437 = CIRCLE ( 'NONE', #855, 1.000000000000000222 ) ;
#8438 = LINE ( 'NONE', #1957, #4194 ) ;
#8439 = CARTESIAN_POINT ( 'NONE',  ( 75.00000000000000000, 9.600000000000001421, 34.19999999999996732 ) ) ;
#8440 = AXIS2_PLACEMENT_3D ( 'NONE', #105, #2739, #3548 ) ;
#8441 = LINE ( 'NONE', #5931, #1836 ) ;
#8442 = VERTEX_POINT ( 'NONE', #3471 ) ;
#8443 = CARTESIAN_POINT ( 'NONE',  ( -71.49999999999997158, 31.00000000000001421, -6.532606157515308709 ) ) ;
#8444 = VECTOR ( 'NONE', #3662, 1000.000000000000000 ) ;
#8445 = VERTEX_POINT ( 'NONE', #4722 ) ;
#8446 = CARTESIAN_POINT ( 'NONE',  ( 109.2000000000000028, 7.381931190572101009, 49.99999999999992895 ) ) ;
#8447 = CARTESIAN_POINT ( 'NONE',  ( 56.07000000000000028, 2.000000000000000000, 12.99000000000000909 ) ) ;
#8448 = DIRECTION ( 'NONE',  ( 0.000000000000000000, 0.8660254037844425934, -0.4999999999999933942 ) ) ;
#8449 = DIRECTION ( 'NONE',  ( 1.000000000000000000, 0.000000000000000000, 0.000000000000000000 ) ) ;
#8450 = CARTESIAN_POINT ( 'NONE',  ( 72.99999999999997158, 35.00000000000000000, 31.16794919243125150 ) ) ;
#8451 = ORIENTED_EDGE ( 'NONE', *, *, #2979, .F. ) ;
#8452 = AXIS2_PLACEMENT_3D ( 'NONE', #1568, #2956, #3593 ) ;
#8453 = ADVANCED_FACE ( 'NONE', ( #7360 ), #6106, .T. ) ;
#8454 = ORIENTED_EDGE ( 'NONE', *, *, #8414, .F. ) ;
#8455 = FACE_OUTER_BOUND ( 'NONE', #1298, .T. ) ;
#8456 = EDGE_LOOP ( 'NONE', ( #3234, #1632, #7892, #1676 ) ) ;
#8457 = VERTEX_POINT ( 'NONE', #4074 ) ;
#8458 = DIRECTION ( 'NONE',  ( -1.000000000000000000, -0.000000000000000000, -0.000000000000000000 ) ) ;
#8459 = DIRECTION ( 'NONE',  ( 0.000000000000000000, -1.000000000000000000, 0.000000000000000000 ) ) ;
#8460 = CARTESIAN_POINT ( 'NONE',  ( -71.49999999999997158, 32.00000000000001421, -6.532606157515307821 ) ) ;
#8461 = FACE_OUTER_BOUND ( 'NONE', #7238, .T. ) ;
#8462 = AXIS2_PLACEMENT_3D ( 'NONE', #1485, #2787, #8092 ) ;
#8463 = ORIENTED_EDGE ( 'NONE', *, *, #5120, .T. ) ;
#8464 = EDGE_CURVE ( 'NONE', #6191, #1907, #8096, .T. ) ;
#8465 = DIRECTION ( 'NONE',  ( 1.000000000000000000, -5.473822126268816683E-48, -2.775557561562891351E-16 ) ) ;
#8466 = VERTEX_POINT ( 'NONE', #7317 ) ;
#8467 = DIRECTION ( 'NONE',  ( 1.000000000000000000, 0.000000000000000000, 0.000000000000000000 ) ) ;
#8468 = ORIENTED_EDGE ( 'NONE', *, *, #3979, .F. ) ;
#8469 = CIRCLE ( 'NONE', #7497, 2.999999999999999112 ) ;
#8470 = VERTEX_POINT ( 'NONE', #2834 ) ;
#8471 = DIRECTION ( 'NONE',  ( -1.141265444721583511E-16, -1.000000000000000000, 0.000000000000000000 ) ) ;
#8472 = LINE ( 'NONE', #1385, #3052 ) ;
#8473 = ORIENTED_EDGE ( 'NONE', *, *, #7375, .F. ) ;
#8474 = DIRECTION ( 'NONE',  ( -1.000000000000000000, 0.000000000000000000, 0.000000000000000000 ) ) ;
#8475 = EDGE_CURVE ( 'NONE', #5328, #2471, #1362, .T. ) ;
#8476 = DIRECTION ( 'NONE',  ( 0.000000000000000000, 0.8660254037844425934, -0.4999999999999933942 ) ) ;
#8477 = EDGE_CURVE ( 'NONE', #1511, #6897, #1525, .T. ) ;
#8478 = VECTOR ( 'NONE', #7934, 1000.000000000000227 ) ;
#8479 = DIRECTION ( 'NONE',  ( 0.000000000000000000, 0.8660254037844412611, -0.4999999999999956146 ) ) ;
#8480 = CIRCLE ( 'NONE', #5580, 3.000000000000002665 ) ;
#8481 = ORIENTED_EDGE ( 'NONE', *, *, #213, .F. ) ;
#8482 = DIRECTION ( 'NONE',  ( 1.000000000000000000, 0.000000000000000000, -2.775557561562891351E-16 ) ) ;
#8483 = DIRECTION ( 'NONE',  ( 0.000000000000000000, -1.000000000000000000, 0.000000000000000000 ) ) ;
#8484 = LINE ( 'NONE', #7796, #186 ) ;
#8485 = ADVANCED_FACE ( 'NONE', ( #23 ), #4155, .F. ) ;
#8486 = ORIENTED_EDGE ( 'NONE', *, *, #1194, .F. ) ;
#8487 = FACE_OUTER_BOUND ( 'NONE', #4462, .T. ) ;
#8488 = EDGE_LOOP ( 'NONE', ( #2060, #3990, #3403, #3007, #7781, #4445, #4664, #5018, #2009, #3286 ) ) ;
#8490 = CARTESIAN_POINT ( 'NONE',  ( 71.49999999999997158, 0.000000000000000000, 0.000000000000000000 ) ) ;
#8489 = AXIS2_PLACEMENT_3D ( 'NONE', #1753, #5729, #1585 ) ;
#8491 = DIRECTION ( 'NONE',  ( 0.000000000000000000, -0.000000000000000000, 1.000000000000000000 ) ) ;
#8492 = DIRECTION ( 'NONE',  ( -2.403703357979464508E-16, -0.4999999999999947264, -0.8660254037844417052 ) ) ;
#8493 = DIRECTION ( 'NONE',  ( 0.7071067811865479058, 0.6123724356957961357, -0.3535533905932698451 ) ) ;
#8494 = DIRECTION ( 'NONE',  ( 0.000000000000000000, 0.8660254037844413721, -0.4999999999999952816 ) ) ;
#8495 = VECTOR ( 'NONE', #7849, 1000.000000000000000 ) ;
#8496 = ORIENTED_EDGE ( 'NONE', *, *, #7297, .T. ) ;
#8497 = VERTEX_POINT ( 'NONE', #4682 ) ;
#8498 = AXIS2_PLACEMENT_3D ( 'NONE', #722, #3996, #3350 ) ;
#8499 = FACE_OUTER_BOUND ( 'NONE', #6581, .T. ) ;
#8500 = CIRCLE ( 'NONE', #8322, 1.000000000000000222 ) ;
#8501 = ORIENTED_EDGE ( 'NONE', *, *, #7571, .T. ) ;
#8502 = CIRCLE ( 'NONE', #6707, 1.000000000000000222 ) ;
#8503 = ORIENTED_EDGE ( 'NONE', *, *, #2472, .F. ) ;
#8504 = DIRECTION ( 'NONE',  ( 0.000000000000000000, -0.8660254037844412611, 0.4999999999999953926 ) ) ;
#8505 = EDGE_CURVE ( 'NONE', #8072, #1382, #2705, .T. ) ;
#8506 = DIRECTION ( 'NONE',  ( -1.000000000000000000, 1.201851678989718695E-16, 2.081668171172184784E-16 ) ) ;
#8507 = CARTESIAN_POINT ( 'NONE',  ( 74.99999999999997158, 28.00000000000000711, -36.00000000000004263 ) ) ;
#8508 = ORIENTED_EDGE ( 'NONE', *, *, #669, .F. ) ;
#8509 = ORIENTED_EDGE ( 'NONE', *, *, #8414, .T. ) ;
#8510 = CARTESIAN_POINT ( 'NONE',  ( 43.00000000000001421, 15.56180047068722594, 42.96794919243115629 ) ) ;
#8511 = VERTEX_POINT ( 'NONE', #1398 ) ;
#8512 = VERTEX_POINT ( 'NONE', #759 ) ;
#8513 = ADVANCED_FACE ( 'NONE', ( #5410 ), #8050, .F. ) ;
#8514 = DIRECTION ( 'NONE',  ( -0.000000000000000000, -0.8660254037844418162, 0.4999999999999943934 ) ) ;
#8515 = DIRECTION ( 'NONE',  ( -0.000000000000000000, -0.7071067811865475727, -0.7071067811865475727 ) ) ;
#8516 = ORIENTED_EDGE ( 'NONE', *, *, #8330, .T. ) ;
#8517 = DIRECTION ( 'NONE',  ( -1.141265444721583511E-16, -1.000000000000000000, 0.000000000000000000 ) ) ;
#8518 = ADVANCED_FACE ( 'NONE', ( #8345 ), #8387, .F. ) ;
#8519 = DIRECTION ( 'NONE',  ( 0.000000000000000000, -1.000000000000000000, 0.000000000000000000 ) ) ;
#8520 = DIRECTION ( 'NONE',  ( -0.000000000000000000, 1.000000000000000000, -0.000000000000000000 ) ) ;
#8521 = EDGE_CURVE ( 'NONE', #775, #1030, #6440, .T. ) ;
#8522 = ORIENTED_EDGE ( 'NONE', *, *, #6980, .F. ) ;
#8523 = CLOSED_SHELL ( 'NONE', ( #1981, #413, #4809, #8128, #8106, #1087, #961, #5890, #740, #6510, #1144, #5652, #2143, #952, #4926, #3626, #1762, #2885, #6286, #7353, #867, #7479, #8251, #293, #22, #7510, #6445, #1456, #5102, #3251, #2838, #405, #2521, #532, #2497, #3294, #3821, #5510, #448, #61, #3046, #3549, #600, #4981, #3164, #7062, #7613, #7902, #4264, #1808, #6473, #2522, #5973, #2892, #8485, #7984, #5780, #230, #5964, #4777, #5291, #4671, #5512, #1279, #6152, #258, #7324, #7240, #2722, #1037, #707, #1712, #7708, #826, #1195, #6034, #4626, #4995, #6415, #1251, #1539, #4826, #2904, #5531, #4011, #2030, #1482, #2849, #2189, #6639, #3384, #7526, #6667, #886, #621, #5347, #3032, #913, #1737, #8382, #449, #3078, #7495, #6729, #7843, #4889, #82, #5681, #3815, #4778, #7099, #2868, #4308, #2281, #6775, #7684, #6900, #7114, #2500, #333, #6416, #7128, #5143, #5844, #1691, #4678, #610, #106, #2758, #7635, #2345, #3187, #1468, #5145, #3288, #6848, #3970, #8396, #1205, #7987, #5843, #2992, #6619, #2228, #715, #2232, #2561, #7006, #2582, #3143, #5552, #1002, #2616, #7263, #8316, #2082, #4923, #5750, #123, #2336, #2344, #1357, #3522, #5926, #8189, #3490, #384, #5734, #8032, #3418, #5214, #5502, #7165, #642, #7881, #5539, #3154, #7052, #7176, #2239, #4356, #5946, #8259, #6310, #8279, #1547, #1330, #2412, #6830, #3639, #5248, #306, #5577, #5063, #5250, #8453, #4660, #3356, #2080, #3770, #4692, #5429, #7275, #6740, #6405, #4498, #7582, #4281, #2400, #3241, #1994, #7252, #5871, #3657, #4104, #4507, #4413, #1868, #8086, #4147, #4799, #6084, #5132, #6627, #5736, #4343, #3176, #4333, #5185, #3954, #8305, #2158, #1775, #1479, #2707, #6785, #2238, #1884, #3944, #4254, #3769, #8518, #8148, #6208, #7115, #1590, #4919, #2357, #4514, #441, #1263, #6524, #282, #1872, #7414, #4043, #5364, #6333, #483, #6102, #2571, #1650, #3876, #6942, #8513, #968, #2679, #8391 ) ) ;
#8524 = PLANE ( 'NONE',  #2692 ) ;
#8525 = CARTESIAN_POINT ( 'NONE',  ( -64.99999999999998579, 19.89804168090045167, 40.46441916244344839 ) ) ;
#8526 = DIRECTION ( 'NONE',  ( 0.000000000000000000, 0.8660254037844425934, -0.4999999999999933942 ) ) ;
#8527 = ORIENTED_EDGE ( 'NONE', *, *, #1931, .T. ) ;
#8528 = VECTOR ( 'NONE', #6248, 1000.000000000000114 ) ;
#8529 = DIRECTION ( 'NONE',  ( -4.625929269271486407E-17, -0.000000000000000000, 1.000000000000000000 ) ) ;
#8530 = ORIENTED_EDGE ( 'NONE', *, *, #2599, .F. ) ;
#8531 = EDGE_CURVE ( 'NONE', #6809, #2297, #5495, .T. ) ;
#8532 = EDGE_CURVE ( 'NONE', #3594, #2828, #1253, .T. ) ;
#8533 = DIRECTION ( 'NONE',  ( 1.000000000000000000, -1.201851678989723133E-16, -2.081668171172171225E-16 ) ) ;
#8534 = CARTESIAN_POINT ( 'NONE',  ( 58.99999999999995737, 6.599999999999999645, -47.99999999999999289 ) ) ;
#8535 = CARTESIAN_POINT ( 'NONE',  ( -64.99999999999998579, 26.09419410360708724, 39.19646997001235178 ) ) ;
#8536 = DIRECTION ( 'NONE',  ( 0.000000000000000000, 0.8660254037844425934, -0.4999999999999933942 ) ) ;
#8537 = DIRECTION ( 'NONE',  ( 1.000000000000000000, 0.000000000000000000, 0.000000000000000000 ) ) ;
#8538 = VERTEX_POINT ( 'NONE', #2470 ) ;
#8539 = EDGE_LOOP ( 'NONE', ( #7486, #660, #1373, #4912, #3206, #6993, #2248, #3366, #5426, #5124 ) ) ;
#8540 = CARTESIAN_POINT ( 'NONE',  ( -65.99999999999998579, 26.09419410360706948, 39.19646997001232336 ) ) ;
#8541 = ORIENTED_EDGE ( 'NONE', *, *, #2837, .F. ) ;
#8542 = EDGE_CURVE ( 'NONE', #6931, #4414, #5054, .T. ) ;
#8543 = ORIENTED_EDGE ( 'NONE', *, *, #99, .T. ) ;
#8544 = LINE ( 'NONE', #5296, #2626 ) ;
#8545 = CARTESIAN_POINT ( 'NONE',  ( 46.51500000000000767, 13.56712862504592998, 49.89307621135330351 ) ) ;
ENDSEC;
END-ISO-10303-21;
