ISO-10303-21;
HEADER;
FILE_DESCRIPTION (( 'STEP AP214' ),
    '1' );
FILE_NAME ('电机罩.STEP',
    '2025-11-08T08:51:27',
    ( '' ),
    ( '' ),
    'SwSTEP 2.0',
    'SolidWorks 2022',
    '' );
FILE_SCHEMA (( 'AUTOMOTIVE_DESIGN' ));
ENDSEC;

DATA;
#1 = ORIENTED_EDGE ( 'NONE', *, *, #3855, .T. ) ;
#2 = LINE ( 'NONE', #2182, #4225 ) ;
#3 = VERTEX_POINT ( 'NONE', #3810 ) ;
#4 = FACE_OUTER_BOUND ( 'NONE', #6610, .T. ) ;
#5 = DIRECTION ( 'NONE',  ( -0.000000000000000000, -1.000000000000000000, -0.000000000000000000 ) ) ;
#6 = CARTESIAN_POINT ( 'NONE',  ( 9.999999999999976907, 2.501000000000000334, -9.237604307034020579 ) ) ;
#7 = VERTEX_POINT ( 'NONE', #6109 ) ;
#8 = EDGE_CURVE ( 'NONE', #3320, #116, #6176, .T. ) ;
#9 = ORIENTED_EDGE ( 'NONE', *, *, #2678, .F. ) ;
#10 = ORIENTED_EDGE ( 'NONE', *, *, #6329, .F. ) ;
#11 = EDGE_CURVE ( 'NONE', #137, #4779, #7243, .T. ) ;
#12 = CARTESIAN_POINT ( 'NONE',  ( -7.999999999999888978, 2.501000000000000334, 11.54700538379259100 ) ) ;
#13 = EDGE_CURVE ( 'NONE', #627, #1887, #2586, .T. ) ;
#14 = DIRECTION ( 'NONE',  ( 9.013887592422941960E-15, 0.000000000000000000, 1.000000000000000000 ) ) ;
#15 = CARTESIAN_POINT ( 'NONE',  ( -14.99999999999999467, 2.501000000000000334, 7.505553499464564737 ) ) ;
#16 = CARTESIAN_POINT ( 'NONE',  ( 9.999999999999998224, 1.500000000000000000, -1.154700538379251684 ) ) ;
#17 = ORIENTED_EDGE ( 'NONE', *, *, #5794, .F. ) ;
#18 = DIRECTION ( 'NONE',  ( 0.000000000000000000, 0.000000000000000000, 1.000000000000000000 ) ) ;
#19 = ORIENTED_EDGE ( 'NONE', *, *, #3703, .T. ) ;
#20 = PLANE ( 'NONE',  #674 ) ;
#21 = EDGE_CURVE ( 'NONE', #2252, #1863, #6726, .T. ) ;
#22 = LINE ( 'NONE', #4371, #6912 ) ;
#23 = LINE ( 'NONE', #4935, #1221 ) ;
#24 = LINE ( 'NONE', #4290, #1862 ) ;
#25 = EDGE_LOOP ( 'NONE', ( #4583, #153, #6463, #5342 ) ) ;
#26 = EDGE_LOOP ( 'NONE', ( #802, #3311, #2528, #3403 ) ) ;
#27 = LINE ( 'NONE', #138, #2306 ) ;
#28 = EDGE_CURVE ( 'NONE', #2801, #5947, #3845, .T. ) ;
#29 = DIRECTION ( 'NONE',  ( 0.000000000000000000, 0.000000000000000000, -1.000000000000000000 ) ) ;
#30 = DIRECTION ( 'NONE',  ( 0.4999999999999997780, -0.000000000000000000, 0.8660254037844388186 ) ) ;
#31 = VECTOR ( 'NONE', #6500, 1000.000000000000000 ) ;
#32 = LINE ( 'NONE', #3315, #7150 ) ;
#33 = CARTESIAN_POINT ( 'NONE',  ( 2.999999999999993339, 0.000000000000000000, -2.886751345948133540 ) ) ;
#34 = VERTEX_POINT ( 'NONE', #4395 ) ;
#35 = VECTOR ( 'NONE', #1658, 1000.000000000000000 ) ;
#36 = CARTESIAN_POINT ( 'NONE',  ( -14.00000000000005507, 0.000000000000000000, -11.54700538379252706 ) ) ;
#37 = VERTEX_POINT ( 'NONE', #3329 ) ;
#38 = ADVANCED_FACE ( 'NONE', ( #1677 ), #6658, .F. ) ;
#39 = LINE ( 'NONE', #1225, #5217 ) ;
#40 = DIRECTION ( 'NONE',  ( -1.877893248421447063E-16, 0.000000000000000000, -1.000000000000000000 ) ) ;
#41 = LINE ( 'NONE', #6311, #7022 ) ;
#42 = ORIENTED_EDGE ( 'NONE', *, *, #4887, .T. ) ;
#43 = VECTOR ( 'NONE', #4439, 1000.000000000000114 ) ;
#44 = ORIENTED_EDGE ( 'NONE', *, *, #5731, .T. ) ;
#45 = ORIENTED_EDGE ( 'NONE', *, *, #1113, .T. ) ;
#46 = CARTESIAN_POINT ( 'NONE',  ( 15.75500000000000078, 1.500000000000000000, -17.25500000000000256 ) ) ;
#47 = EDGE_CURVE ( 'NONE', #4879, #2065, #6214, .T. ) ;
#48 = DIRECTION ( 'NONE',  ( -1.126735949052868928E-14, 0.000000000000000000, -1.000000000000000000 ) ) ;
#49 = DIRECTION ( 'NONE',  ( 7.511572993685799692E-15, 0.000000000000000000, 1.000000000000000000 ) ) ;
#50 = FACE_OUTER_BOUND ( 'NONE', #4337, .T. ) ;
#51 = ORIENTED_EDGE ( 'NONE', *, *, #1205, .T. ) ;
#52 = EDGE_LOOP ( 'NONE', ( #5068, #5239, #6167, #4541 ) ) ;
#53 = CARTESIAN_POINT ( 'NONE',  ( 3.000000000000072387, 2.501000000000000334, -17.89785834946512111 ) ) ;
#54 = EDGE_CURVE ( 'NONE', #1372, #349, #5623, .T. ) ;
#55 = LINE ( 'NONE', #4510, #2797 ) ;
#56 = DIRECTION ( 'NONE',  ( 0.8660254037844338226, 0.000000000000000000, -0.5000000000000081046 ) ) ;
#57 = CARTESIAN_POINT ( 'NONE',  ( -11.99999999999992006, 1.500000000000000000, 8.082903768654773558 ) ) ;
#58 = EDGE_CURVE ( 'NONE', #6063, #6079, #579, .T. ) ;
#59 = EDGE_CURVE ( 'NONE', #2925, #2849, #4432, .T. ) ;
#60 = ORIENTED_EDGE ( 'NONE', *, *, #308, .T. ) ;
#61 = ORIENTED_EDGE ( 'NONE', *, *, #6613, .F. ) ;
#62 = DIRECTION ( 'NONE',  ( 9.013887592422948271E-15, -0.000000000000000000, 1.000000000000000000 ) ) ;
#63 = EDGE_CURVE ( 'NONE', #7296, #1961, #5585, .T. ) ;
#64 = DIRECTION ( 'NONE',  ( -0.8660254037844394848, 0.000000000000000000, -0.4999999999999985012 ) ) ;
#65 = LINE ( 'NONE', #2839, #4794 ) ;
#66 = AXIS2_PLACEMENT_3D ( 'NONE', #6958, #1984, #2425 ) ;
#67 = DIRECTION ( 'NONE',  ( 0.000000000000000000, 0.000000000000000000, 1.000000000000000000 ) ) ;
#68 = DIRECTION ( 'NONE',  ( 0.8660254037844329345, 0.000000000000000000, -0.5000000000000097700 ) ) ;
#69 = VECTOR ( 'NONE', #6791, 1000.000000000000000 ) ;
#70 = ADVANCED_FACE ( 'NONE', ( #6695 ), #4499, .F. ) ;
#71 = ORIENTED_EDGE ( 'NONE', *, *, #28, .T. ) ;
#72 = AXIS2_PLACEMENT_3D ( 'NONE', #5567, #5645, #4973 ) ;
#73 = DIRECTION ( 'NONE',  ( 0.8660254037844389297, 0.000000000000000000, -0.4999999999999995004 ) ) ;
#74 = ORIENTED_EDGE ( 'NONE', *, *, #494, .F. ) ;
#75 = VECTOR ( 'NONE', #3563, 1000.000000000000114 ) ;
#76 = EDGE_CURVE ( 'NONE', #2612, #292, #1709, .T. ) ;
#77 = CARTESIAN_POINT ( 'NONE',  ( 5.999999999999971578, 0.000000000000000000, -12.70170592217178118 ) ) ;
#78 = DIRECTION ( 'NONE',  ( 0.000000000000000000, 0.000000000000000000, -1.000000000000000000 ) ) ;
#79 = CARTESIAN_POINT ( 'NONE',  ( 15.75499999999999545, 1.500000000000000000, 13.05500000000000149 ) ) ;
#80 = ORIENTED_EDGE ( 'NONE', *, *, #6701, .F. ) ;
#81 = VECTOR ( 'NONE', #849, 1000.000000000000000 ) ;
#82 = VECTOR ( 'NONE', #2846, 1000.000000000000000 ) ;
#83 = ORIENTED_EDGE ( 'NONE', *, *, #6603, .F. ) ;
#84 = ADVANCED_FACE ( 'NONE', ( #3260 ), #538, .F. ) ;
#85 = VERTEX_POINT ( 'NONE', #1090 ) ;
#86 = CARTESIAN_POINT ( 'NONE',  ( -1.205810052990905833E-13, 2.501000000000000334, 12.70170592217149341 ) ) ;
#87 = ORIENTED_EDGE ( 'NONE', *, *, #5644, .F. ) ;
#88 = AXIS2_PLACEMENT_3D ( 'NONE', #6737, #2101, #5006 ) ;
#89 = LINE ( 'NONE', #1857, #1573 ) ;
#90 = DIRECTION ( 'NONE',  ( 9.201676917265100324E-15, 0.000000000000000000, 1.000000000000000000 ) ) ;
#91 = LINE ( 'NONE', #5807, #2762 ) ;
#92 = EDGE_LOOP ( 'NONE', ( #1006, #51, #2569, #391 ) ) ;
#93 = VECTOR ( 'NONE', #6879, 1000.000000000000000 ) ;
#94 = ORIENTED_EDGE ( 'NONE', *, *, #1765, .F. ) ;
#95 = EDGE_CURVE ( 'NONE', #4239, #1667, #3407, .T. ) ;
#96 = FACE_OUTER_BOUND ( 'NONE', #1116, .T. ) ;
#97 = CARTESIAN_POINT ( 'NONE',  ( -8.999999999999710454, 0.000000000000000000, -7.505553499465677625 ) ) ;
#98 = CARTESIAN_POINT ( 'NONE',  ( -10.99999999999999289, 1.500000000000000000, 4.041451884326854760 ) ) ;
#99 = PRODUCT_DEFINITION_CONTEXT ( 'detailed design', #6761, 'design' ) ;
#100 = LINE ( 'NONE', #5781, #1744 ) ;
#101 = ORIENTED_EDGE ( 'NONE', *, *, #2862, .F. ) ;
#102 = EDGE_CURVE ( 'NONE', #837, #3586, #5692, .T. ) ;
#103 = ORIENTED_EDGE ( 'NONE', *, *, #4597, .F. ) ;
#104 = EDGE_CURVE ( 'NONE', #1281, #868, #1890, .T. ) ;
#105 = DIRECTION ( 'NONE',  ( 0.5000000000000003331, 0.000000000000000000, -0.8660254037844385966 ) ) ;
#106 = LINE ( 'NONE', #6883, #4898 ) ;
#107 = AXIS2_PLACEMENT_3D ( 'NONE', #1604, #4922, #6622 ) ;
#108 = LINE ( 'NONE', #181, #6446 ) ;
#109 = EDGE_CURVE ( 'NONE', #4352, #5422, #612, .T. ) ;
#110 = CARTESIAN_POINT ( 'NONE',  ( 12.00000000000014921, 2.501000000000000334, 12.70170592217169769 ) ) ;
#111 = DIRECTION ( 'NONE',  ( 1.877893248421450515E-16, 0.000000000000000000, -1.000000000000000000 ) ) ;
#112 = EDGE_CURVE ( 'NONE', #3404, #5359, #6249, .T. ) ;
#113 = AXIS2_PLACEMENT_3D ( 'NONE', #7197, #3833, #4910 ) ;
#114 = VERTEX_POINT ( 'NONE', #5728 ) ;
#115 = LINE ( 'NONE', #2291, #6045 ) ;
#116 = VERTEX_POINT ( 'NONE', #46 ) ;
#117 = LINE ( 'NONE', #2331, #5017 ) ;
#118 = ADVANCED_FACE ( 'NONE', ( #2851 ), #2450, .F. ) ;
#119 = CARTESIAN_POINT ( 'NONE',  ( 6.000000000000148326, 2.501000000000000334, 12.70170592217169769 ) ) ;
#120 = CARTESIAN_POINT ( 'NONE',  ( 10.99999999999997868, 2.501000000000000334, -4.041451884327467603 ) ) ;
#121 = LINE ( 'NONE', #6860, #7257 ) ;
#122 = ORIENTED_EDGE ( 'NONE', *, *, #5420, .T. ) ;
#123 = EDGE_LOOP ( 'NONE', ( #2536, #1879, #7000, #5683, #3009, #3506 ) ) ;
#124 = VERTEX_POINT ( 'NONE', #5770 ) ;
#125 = CARTESIAN_POINT ( 'NONE',  ( 16.00000000000000000, 2.500000000000000000, -20.00000000000000000 ) ) ;
#126 = EDGE_LOOP ( 'NONE', ( #2686, #1064, #6431, #721, #1019, #2007 ) ) ;
#127 = DIRECTION ( 'NONE',  ( 0.000000000000000000, -1.000000000000000000, 0.000000000000000000 ) ) ;
#128 = FACE_OUTER_BOUND ( 'NONE', #4027, .T. ) ;
#129 = DIRECTION ( 'NONE',  ( -0.5000000000000041078, 0.000000000000000000, -0.8660254037844363761 ) ) ;
#130 = VERTEX_POINT ( 'NONE', #685 ) ;
#131 = ORIENTED_EDGE ( 'NONE', *, *, #2416, .T. ) ;
#132 = CARTESIAN_POINT ( 'NONE',  ( 9.999999999999998224, 1.500000000000000000, -1.154700538379252128 ) ) ;
#133 = FACE_OUTER_BOUND ( 'NONE', #5320, .T. ) ;
#134 = CARTESIAN_POINT ( 'NONE',  ( 20.00000000000000355, 0.000000000000000000, 16.00000000000000355 ) ) ;
#135 = DIRECTION ( 'NONE',  ( 0.8660254037844343777, 0.000000000000000000, -0.5000000000000073275 ) ) ;
#136 = EDGE_LOOP ( 'NONE', ( #1684, #2818, #4732, #6489, #1328, #3512 ) ) ;
#137 = VERTEX_POINT ( 'NONE', #4021 ) ;
#138 = CARTESIAN_POINT ( 'NONE',  ( 2.000000000000447198, 1.500000000000000000, -11.54700538379282904 ) ) ;
#139 = DIRECTION ( 'NONE',  ( -0.8660254037844433705, 0.000000000000000000, -0.4999999999999916733 ) ) ;
#140 = CARTESIAN_POINT ( 'NONE',  ( 11.00000000000004441, 0.000000000000000000, 6.350852961085846182 ) ) ;
#141 = EDGE_CURVE ( 'NONE', #5439, #748, #1750, .T. ) ;
#142 = ADVANCED_FACE ( 'NONE', ( #4057 ), #200, .F. ) ;
#143 = DIRECTION ( 'NONE',  ( -0.8660254037844363761, 0.000000000000000000, 0.5000000000000038858 ) ) ;
#144 = DIRECTION ( 'NONE',  ( 0.000000000000000000, 0.000000000000000000, -1.000000000000000000 ) ) ;
#145 = VERTEX_POINT ( 'NONE', #1307 ) ;
#146 = DIRECTION ( 'NONE',  ( -0.8660254037844385966, 0.000000000000000000, 0.4999999999999999445 ) ) ;
#147 = LINE ( 'NONE', #6934, #6084 ) ;
#148 = VECTOR ( 'NONE', #1383, 1000.000000000000000 ) ;
#149 = LINE ( 'NONE', #4491, #4623 ) ;
#150 = DIRECTION ( 'NONE',  ( -0.4999999999999982792, 0.000000000000000000, 0.8660254037844397068 ) ) ;
#151 = AXIS2_PLACEMENT_3D ( 'NONE', #4153, #4681, #2587 ) ;
#152 = CARTESIAN_POINT ( 'NONE',  ( -1.000000000000029088, 1.500000000000000000, -6.350852961085877268 ) ) ;
#153 = ORIENTED_EDGE ( 'NONE', *, *, #3538, .T. ) ;
#154 = DIRECTION ( 'NONE',  ( 0.8660254037844374864, 0.000000000000000000, -0.5000000000000018874 ) ) ;
#155 = ADVANCED_FACE ( 'NONE', ( #3435 ), #1232, .F. ) ;
#156 = EDGE_LOOP ( 'NONE', ( #715, #4474, #4056, #2956 ) ) ;
#157 = VECTOR ( 'NONE', #6226, 1000.000000000000000 ) ;
#158 = VERTEX_POINT ( 'NONE', #2958 ) ;
#159 = EDGE_CURVE ( 'NONE', #2260, #5843, #2229, .T. ) ;
#160 = CARTESIAN_POINT ( 'NONE',  ( -2.168404344971008868E-16, 0.000000000000000000, -2.309401076758504701 ) ) ;
#161 = ORIENTED_EDGE ( 'NONE', *, *, #7189, .F. ) ;
#162 = EDGE_CURVE ( 'NONE', #3883, #2044, #2887, .T. ) ;
#163 = LINE ( 'NONE', #3437, #6158 ) ;
#164 = VECTOR ( 'NONE', #6075, 1000.000000000000114 ) ;
#165 = CARTESIAN_POINT ( 'NONE',  ( -6.999999999999712230, 2.501000000000000334, -4.041451884327925903 ) ) ;
#166 = DIRECTION ( 'NONE',  ( 0.000000000000000000, 0.000000000000000000, -1.000000000000000000 ) ) ;
#167 = VERTEX_POINT ( 'NONE', #160 ) ;
#168 = ORIENTED_EDGE ( 'NONE', *, *, #799, .F. ) ;
#169 = EDGE_CURVE ( 'NONE', #6254, #4839, #1272, .T. ) ;
#170 = ADVANCED_FACE ( 'NONE', ( #4648 ), #5132, .F. ) ;
#171 = EDGE_CURVE ( 'NONE', #4939, #893, #4128, .T. ) ;
#172 = AXIS2_PLACEMENT_3D ( 'NONE', #900, #796, #1932 ) ;
#173 = DIRECTION ( 'NONE',  ( 1.000000000000000000, 0.000000000000000000, -7.511572993685793381E-15 ) ) ;
#174 = LINE ( 'NONE', #3445, #201 ) ;
#175 = DIRECTION ( 'NONE',  ( 5.258101095580061836E-15, -0.000000000000000000, 1.000000000000000000 ) ) ;
#176 = DIRECTION ( 'NONE',  ( -0.000000000000000000, -1.000000000000000000, -0.000000000000000000 ) ) ;
#177 = ORIENTED_EDGE ( 'NONE', *, *, #6748, .T. ) ;
#178 = ORIENTED_EDGE ( 'NONE', *, *, #1250, .F. ) ;
#179 = CARTESIAN_POINT ( 'NONE',  ( -15.75500000000000078, 2.501000000000000334, -14.25500000000000078 ) ) ;
#180 = LINE ( 'NONE', #4673, #3951 ) ;
#181 = CARTESIAN_POINT ( 'NONE',  ( -10.99999999999999289, 2.501000000000000334, 6.350852961085355020 ) ) ;
#182 = CARTESIAN_POINT ( 'NONE',  ( -1.999999999999550360, 0.000000000000000000, -11.54700538379282904 ) ) ;
#183 = CARTESIAN_POINT ( 'NONE',  ( 3.999999999999973355, 0.000000000000000000, -11.54700538379252528 ) ) ;
#184 = EDGE_LOOP ( 'NONE', ( #6278, #71, #3619, #4927 ) ) ;
#185 = EDGE_CURVE ( 'NONE', #1869, #977, #6282, .T. ) ;
#186 = DIRECTION ( 'NONE',  ( -0.000000000000000000, -1.000000000000000000, -0.000000000000000000 ) ) ;
#187 = VECTOR ( 'NONE', #7217, 1000.000000000000000 ) ;
#188 = CARTESIAN_POINT ( 'NONE',  ( 12.99999999999998046, 2.501000000000000334, -4.041451884327456945 ) ) ;
#189 = LINE ( 'NONE', #5044, #5100 ) ;
#190 = CARTESIAN_POINT ( 'NONE',  ( 8.000000000000000000, 1.500000000000000000, -1.154700538379251018 ) ) ;
#191 = LINE ( 'NONE', #6420, #6554 ) ;
#192 = ORIENTED_EDGE ( 'NONE', *, *, #6633, .F. ) ;
#193 = EDGE_CURVE ( 'NONE', #6833, #4198, #3469, .T. ) ;
#194 = DIRECTION ( 'NONE',  ( -1.000000000000000000, 0.000000000000000000, 0.000000000000000000 ) ) ;
#195 = VECTOR ( 'NONE', #5677, 1000.000000000000000 ) ;
#196 = ORIENTED_EDGE ( 'NONE', *, *, #5563, .F. ) ;
#197 = VERTEX_POINT ( 'NONE', #3511 ) ;
#198 = ADVANCED_FACE ( 'NONE', ( #1855 ), #4096, .F. ) ;
#199 = VECTOR ( 'NONE', #2953, 1000.000000000000000 ) ;
#200 = PLANE ( 'NONE',  #5889 ) ;
#201 = VECTOR ( 'NONE', #6877, 1000.000000000000000 ) ;
#202 = DIRECTION ( 'NONE',  ( 0.000000000000000000, 0.000000000000000000, -1.000000000000000000 ) ) ;
#203 = AXIS2_PLACEMENT_3D ( 'NONE', #4090, #6382, #3026 ) ;
#204 = CARTESIAN_POINT ( 'NONE',  ( 4.484437422587070484E-13, 2.501000000000000334, -12.70170592217207961 ) ) ;
#205 = DIRECTION ( 'NONE',  ( -0.000000000000000000, -1.000000000000000000, -0.000000000000000000 ) ) ;
#206 = ORIENTED_EDGE ( 'NONE', *, *, #7083, .F. ) ;
#207 = EDGE_CURVE ( 'NONE', #332, #5248, #1451, .T. ) ;
#208 = VECTOR ( 'NONE', #704, 1000.000000000000000 ) ;
#209 = VERTEX_POINT ( 'NONE', #4725 ) ;
#210 = ORIENTED_EDGE ( 'NONE', *, *, #810, .F. ) ;
#211 = AXIS2_PLACEMENT_3D ( 'NONE', #2716, #3776, #4436 ) ;
#212 = AXIS2_PLACEMENT_3D ( 'NONE', #3528, #737, #4559 ) ;
#213 = AXIS2_PLACEMENT_3D ( 'NONE', #6232, #4006, #1876 ) ;
#214 = CYLINDRICAL_SURFACE ( 'NONE', #3024, 19.00000000000000000 ) ;
#215 = LINE ( 'NONE', #6843, #2434 ) ;
#216 = DIRECTION ( 'NONE',  ( 1.502314598737163173E-15, -0.000000000000000000, 1.000000000000000000 ) ) ;
#217 = EDGE_CURVE ( 'NONE', #1028, #5616, #3578, .T. ) ;
#218 = AXIS2_PLACEMENT_3D ( 'NONE', #6221, #4093, #4645 ) ;
#219 = DIRECTION ( 'NONE',  ( 0.000000000000000000, 0.000000000000000000, 1.000000000000000000 ) ) ;
#220 = ORIENTED_EDGE ( 'NONE', *, *, #4946, .F. ) ;
#221 = ADVANCED_FACE ( 'NONE', ( #5837 ), #4834, .F. ) ;
#222 = VECTOR ( 'NONE', #1555, 1000.000000000000000 ) ;
#223 = PLANE ( 'NONE',  #66 ) ;
#224 = CARTESIAN_POINT ( 'NONE',  ( 5.999999999999981348, 0.000000000000000000, -8.082903768654771781 ) ) ;
#225 = LINE ( 'NONE', #1608, #6684 ) ;
#226 = DIRECTION ( 'NONE',  ( 0.8660254037844385966, 0.000000000000000000, -0.4999999999999999445 ) ) ;
#227 = CARTESIAN_POINT ( 'NONE',  ( 1.999999999999998668, 0.000000000000000000, -1.154700538379252350 ) ) ;
#228 = ORIENTED_EDGE ( 'NONE', *, *, #5523, .T. ) ;
#229 = CARTESIAN_POINT ( 'NONE',  ( 20.00000000000000355, 2.500000000000000000, 16.00000000000000355 ) ) ;
#230 = DIRECTION ( 'NONE',  ( -0.4999999999999943934, 0.000000000000000000, 0.8660254037844419273 ) ) ;
#231 = LINE ( 'NONE', #1333, #4502 ) ;
#232 = LINE ( 'NONE', #713, #7032 ) ;
#233 = LINE ( 'NONE', #1445, #1493 ) ;
#234 = ORIENTED_EDGE ( 'NONE', *, *, #1167, .F. ) ;
#235 = DIRECTION ( 'NONE',  ( 1.502314598737163173E-15, 0.000000000000000000, 1.000000000000000000 ) ) ;
#236 = ORIENTED_EDGE ( 'NONE', *, *, #5162, .F. ) ;
#237 = EDGE_LOOP ( 'NONE', ( #3208, #7233, #3693, #3197, #2484, #6644 ) ) ;
#238 = CARTESIAN_POINT ( 'NONE',  ( -4.000000000000055067, 0.000000000000000000, -11.54700538379250041 ) ) ;
#239 = ORIENTED_EDGE ( 'NONE', *, *, #3313, .F. ) ;
#240 = DIRECTION ( 'NONE',  ( 0.8660254037844382635, -0.000000000000000000, 0.5000000000000005551 ) ) ;
#241 = CARTESIAN_POINT ( 'NONE',  ( -14.99999999999971045, 2.501000000000000334, -7.505553499465719369 ) ) ;
#242 = LINE ( 'NONE', #3113, #4043 ) ;
#243 = VERTEX_POINT ( 'NONE', #7053 ) ;
#244 = ORIENTED_EDGE ( 'NONE', *, *, #2085, .F. ) ;
#245 = ORIENTED_EDGE ( 'NONE', *, *, #619, .T. ) ;
#246 = EDGE_CURVE ( 'NONE', #5138, #6076, #3178, .T. ) ;
#247 = DIRECTION ( 'NONE',  ( 0.4999999999999895084, 0.000000000000000000, -0.8660254037844448138 ) ) ;
#248 = DIRECTION ( 'NONE',  ( 0.8660254037844342667, 0.000000000000000000, -0.5000000000000075495 ) ) ;
#249 = PLANE ( 'NONE',  #2172 ) ;
#250 = FACE_OUTER_BOUND ( 'NONE', #6270, .T. ) ;
#251 = ADVANCED_FACE ( 'NONE', ( #3141 ), #3686, .F. ) ;
#252 = ORIENTED_EDGE ( 'NONE', *, *, #6927, .F. ) ;
#253 = EDGE_CURVE ( 'NONE', #3177, #4055, #5946, .T. ) ;
#254 = EDGE_CURVE ( 'NONE', #6358, #3286, #4238, .T. ) ;
#255 = ORIENTED_EDGE ( 'NONE', *, *, #4152, .F. ) ;
#256 = DIRECTION ( 'NONE',  ( -0.5000000000000075495, 0.000000000000000000, -0.8660254037844343777 ) ) ;
#257 = DIRECTION ( 'NONE',  ( 0.8660254037844411501, 0.000000000000000000, 0.4999999999999957256 ) ) ;
#258 = FACE_BOUND ( 'NONE', #4127, .T. ) ;
#259 = CARTESIAN_POINT ( 'NONE',  ( 12.99999999999997335, 1.500000000000000000, -6.350852961085958981 ) ) ;
#260 = CARTESIAN_POINT ( 'NONE',  ( 3.999999999999998224, 2.501000000000000334, 1.154700538379252128 ) ) ;
#261 = EDGE_LOOP ( 'NONE', ( #6445, #6086, #2515, #897 ) ) ;
#262 = EDGE_CURVE ( 'NONE', #1525, #2135, #1419, .T. ) ;
#263 = CARTESIAN_POINT ( 'NONE',  ( -0.9999999999999100719, 0.000000000000000000, -14.43375673432737472 ) ) ;
#264 = FACE_OUTER_BOUND ( 'NONE', #4858, .T. ) ;
#265 = CARTESIAN_POINT ( 'NONE',  ( -1.000000000000029088, 2.501000000000000334, -6.350852961085877268 ) ) ;
#266 = ADVANCED_FACE ( 'NONE', ( #2521 ), #5880, .F. ) ;
#267 = DIRECTION ( 'NONE',  ( -0.8660254037844431485, 0.000000000000000000, -0.4999999999999921174 ) ) ;
#268 = LINE ( 'NONE', #3681, #321 ) ;
#269 = VERTEX_POINT ( 'NONE', #3069 ) ;
#270 = FACE_OUTER_BOUND ( 'NONE', #5254, .T. ) ;
#271 = ORIENTED_EDGE ( 'NONE', *, *, #2184, .T. ) ;
#272 = ORIENTED_EDGE ( 'NONE', *, *, #2327, .F. ) ;
#273 = EDGE_CURVE ( 'NONE', #3908, #2554, #4274, .T. ) ;
#274 = LINE ( 'NONE', #1485, #2349 ) ;
#275 = ORIENTED_EDGE ( 'NONE', *, *, #5983, .T. ) ;
#276 = VECTOR ( 'NONE', #970, 1000.000000000000000 ) ;
#277 = PLANE ( 'NONE',  #7221 ) ;
#278 = CARTESIAN_POINT ( 'NONE',  ( 16.00000000000000355, 2.500000000000000000, 16.00000000000000355 ) ) ;
#279 = CARTESIAN_POINT ( 'NONE',  ( 13.00000000000004796, 2.501000000000000334, 6.350852961085841741 ) ) ;
#280 = ORIENTED_EDGE ( 'NONE', *, *, #3419, .T. ) ;
#281 = VECTOR ( 'NONE', #4693, 1000.000000000000000 ) ;
#282 = ORIENTED_EDGE ( 'NONE', *, *, #4805, .F. ) ;
#283 = ORIENTED_EDGE ( 'NONE', *, *, #5307, .F. ) ;
#284 = VECTOR ( 'NONE', #2352, 1000.000000000000000 ) ;
#285 = LINE ( 'NONE', #4703, #3140 ) ;
#286 = CARTESIAN_POINT ( 'NONE',  ( -10.00000000000005329, 2.501000000000000334, -11.54700538379254127 ) ) ;
#287 = LINE ( 'NONE', #4331, #1930 ) ;
#288 = DIRECTION ( 'NONE',  ( -0.8660254037844387076, 0.000000000000000000, 0.4999999999999998335 ) ) ;
#289 = PRODUCT_DEFINITION_FORMATION_WITH_SPECIFIED_SOURCE ( '任何', '', #296, .NOT_KNOWN. ) ;
#290 = VECTOR ( 'NONE', #1575, 1000.000000000000000 ) ;
#291 = VERTEX_POINT ( 'NONE', #5324 ) ;
#292 = VERTEX_POINT ( 'NONE', #2596 ) ;
#293 = LINE ( 'NONE', #5785, #1717 ) ;
#294 = DIRECTION ( 'NONE',  ( -0.000000000000000000, -1.000000000000000000, -0.000000000000000000 ) ) ;
#295 = EDGE_CURVE ( 'NONE', #5698, #114, #274, .T. ) ;
#296 = PRODUCT ( '\X2\7535673a7f69\X0\', '\X2\7535673a7f69\X0\', '', ( #6161 ) ) ;
#297 = FACE_BOUND ( 'NONE', #2759, .T. ) ;
#298 = CARTESIAN_POINT ( 'NONE',  ( -16.99999999999999289, 2.501000000000000334, 4.041451884326812127 ) ) ;
#299 = ORIENTED_EDGE ( 'NONE', *, *, #2829, .F. ) ;
#300 = EDGE_CURVE ( 'NONE', #1156, #3859, #6498, .T. ) ;
#301 = CARTESIAN_POINT ( 'NONE',  ( 15.75500000000000078, 1.500000000000000000, -18.45500000000000185 ) ) ;
#302 = CARTESIAN_POINT ( 'NONE',  ( 5.000000000000073719, 1.500000000000000000, 6.350852961085825754 ) ) ;
#303 = PLANE ( 'NONE',  #1106 ) ;
#304 = FACE_OUTER_BOUND ( 'NONE', #5242, .T. ) ;
#305 = LINE ( 'NONE', #2551, #5491 ) ;
#306 = ORIENTED_EDGE ( 'NONE', *, *, #3317, .F. ) ;
#307 = EDGE_CURVE ( 'NONE', #2280, #1690, #1059, .T. ) ;
#308 = EDGE_CURVE ( 'NONE', #5392, #4707, #5289, .T. ) ;
#309 = DIRECTION ( 'NONE',  ( -0.000000000000000000, -1.000000000000000000, -0.000000000000000000 ) ) ;
#310 = EDGE_LOOP ( 'NONE', ( #2746, #1748, #1435, #3694 ) ) ;
#311 = ORIENTED_EDGE ( 'NONE', *, *, #4513, .T. ) ;
#312 = DIRECTION ( 'NONE',  ( 0.000000000000000000, 0.000000000000000000, -1.000000000000000000 ) ) ;
#313 = ORIENTED_EDGE ( 'NONE', *, *, #2777, .T. ) ;
#314 = DIRECTION ( 'NONE',  ( 0.4999999999999940048, 0.000000000000000000, -0.8660254037844421493 ) ) ;
#315 = CARTESIAN_POINT ( 'NONE',  ( -4.000000000000042633, 1.500000000000000000, -9.237604307033999262 ) ) ;
#316 = CARTESIAN_POINT ( 'NONE',  ( -3.000000000000013767, 2.501000000000000334, -2.886751345948112224 ) ) ;
#317 = ORIENTED_EDGE ( 'NONE', *, *, #5016, .T. ) ;
#318 = AXIS2_PLACEMENT_3D ( 'NONE', #957, #3783, #5485 ) ;
#319 = EDGE_CURVE ( 'NONE', #5881, #3517, #946, .T. ) ;
#320 = VERTEX_POINT ( 'NONE', #4870 ) ;
#321 = VECTOR ( 'NONE', #3573, 1000.000000000000000 ) ;
#322 = VERTEX_POINT ( 'NONE', #384 ) ;
#323 = ORIENTED_EDGE ( 'NONE', *, *, #6856, .F. ) ;
#324 = CIRCLE ( 'NONE', #1491, 4.000000000000000000 ) ;
#325 = CARTESIAN_POINT ( 'NONE',  ( 4.999999999999970690, 2.501000000000000334, 16.74085296108535914 ) ) ;
#326 = DIRECTION ( 'NONE',  ( 0.000000000000000000, 0.000000000000000000, -1.000000000000000000 ) ) ;
#327 = VECTOR ( 'NONE', #2350, 1000.000000000000114 ) ;
#328 = CARTESIAN_POINT ( 'NONE',  ( 3.000000000000032863, 2.501000000000000334, 2.886751345948093128 ) ) ;
#329 = LINE ( 'NONE', #2463, #340 ) ;
#330 = VECTOR ( 'NONE', #1977, 1000.000000000000114 ) ;
#331 = VECTOR ( 'NONE', #421, 1000.000000000000227 ) ;
#332 = VERTEX_POINT ( 'NONE', #2629 ) ;
#333 = AXIS2_PLACEMENT_3D ( 'NONE', #4438, #2787, #49 ) ;
#334 = EDGE_LOOP ( 'NONE', ( #5926, #4715, #7204, #3304 ) ) ;
#335 = CARTESIAN_POINT ( 'NONE',  ( 11.99999999999997335, 2.501000000000000334, -12.70170592217178118 ) ) ;
#336 = DIRECTION ( 'NONE',  ( 0.000000000000000000, 0.000000000000000000, -1.000000000000000000 ) ) ;
#337 = AXIS2_PLACEMENT_3D ( 'NONE', #5647, #2287, #1735 ) ;
#338 = FACE_BOUND ( 'NONE', #678, .T. ) ;
#339 = ADVANCED_FACE ( 'NONE', ( #7120 ), #2069, .F. ) ;
#340 = VECTOR ( 'NONE', #3006, 1000.000000000000000 ) ;
#341 = ORIENTED_EDGE ( 'NONE', *, *, #6772, .T. ) ;
#342 = CARTESIAN_POINT ( 'NONE',  ( -2.999999999999905409, 2.501000000000000334, -13.27905619594811348 ) ) ;
#343 = EDGE_CURVE ( 'NONE', #4852, #733, #1558, .T. ) ;
#344 = CARTESIAN_POINT ( 'NONE',  ( 15.75499999999999545, 2.500000000000000000, 15.75500000000000078 ) ) ;
#345 = DIRECTION ( 'NONE',  ( -1.734723475976807094E-16, -0.000000000000000000, -1.000000000000000000 ) ) ;
#346 = DIRECTION ( 'NONE',  ( -0.000000000000000000, 1.000000000000000000, -0.000000000000000000 ) ) ;
#347 = EDGE_LOOP ( 'NONE', ( #4358, #6523, #2410, #514 ) ) ;
#348 = ORIENTED_EDGE ( 'NONE', *, *, #3721, .T. ) ;
#349 = VERTEX_POINT ( 'NONE', #418 ) ;
#350 = DIRECTION ( 'NONE',  ( 3.004629197474320824E-15, 0.000000000000000000, 1.000000000000000000 ) ) ;
#351 = ORIENTED_EDGE ( 'NONE', *, *, #1982, .T. ) ;
#352 = EDGE_CURVE ( 'NONE', #2554, #6063, #6647, .T. ) ;
#353 = EDGE_CURVE ( 'NONE', #4307, #1237, #1594, .T. ) ;
#354 = CARTESIAN_POINT ( 'NONE',  ( 13.00000000000004796, 1.500000000000000000, 6.350852961085841741 ) ) ;
#355 = VECTOR ( 'NONE', #505, 999.9999999999998863 ) ;
#356 = CARTESIAN_POINT ( 'NONE',  ( 2.999999999999983569, 2.501000000000000334, -7.505553499465142941 ) ) ;
#357 = DIRECTION ( 'NONE',  ( 0.000000000000000000, 0.000000000000000000, -1.000000000000000000 ) ) ;
#358 = ORIENTED_EDGE ( 'NONE', *, *, #7212, .T. ) ;
#359 = ORIENTED_EDGE ( 'NONE', *, *, #5106, .T. ) ;
#360 = VERTEX_POINT ( 'NONE', #1117 ) ;
#361 = VECTOR ( 'NONE', #3211, 1000.000000000000000 ) ;
#362 = EDGE_LOOP ( 'NONE', ( #6318, #6147, #6208, #4730, #2501, #5579 ) ) ;
#363 = ADVANCED_FACE ( 'NONE', ( #6062 ), #7232, .F. ) ;
#364 = LINE ( 'NONE', #5956, #5382 ) ;
#365 = DIRECTION ( 'NONE',  ( 0.000000000000000000, 0.000000000000000000, 1.000000000000000000 ) ) ;
#366 = LINE ( 'NONE', #911, #6524 ) ;
#367 = ORIENTED_EDGE ( 'NONE', *, *, #2243, .F. ) ;
#368 = CARTESIAN_POINT ( 'NONE',  ( -4.000000000000055955, 1.500000000000000000, -11.54700538379250041 ) ) ;
#369 = VERTEX_POINT ( 'NONE', #460 ) ;
#370 = EDGE_CURVE ( 'NONE', #6584, #2021, #2, .T. ) ;
#371 = ORIENTED_EDGE ( 'NONE', *, *, #1765, .T. ) ;
#372 = CARTESIAN_POINT ( 'NONE',  ( 1.000000000000045741, 0.000000000000000000, 4.041451884327369015 ) ) ;
#373 = LINE ( 'NONE', #3595, #2314 ) ;
#374 = LINE ( 'NONE', #5970, #3858 ) ;
#375 = ORIENTED_EDGE ( 'NONE', *, *, #1697, .T. ) ;
#376 = FACE_OUTER_BOUND ( 'NONE', #3212, .T. ) ;
#377 = CARTESIAN_POINT ( 'NONE',  ( 15.75499999999999545, 1.500000000000000000, 15.75500000000000078 ) ) ;
#378 = PLANE ( 'NONE',  #6444 ) ;
#379 = CARTESIAN_POINT ( 'NONE',  ( 1.000000000000072831, 1.500000000000000000, 6.350852961085871051 ) ) ;
#380 = ORIENTED_EDGE ( 'NONE', *, *, #193, .T. ) ;
#381 = DIRECTION ( 'NONE',  ( -0.8660254037844382635, 0.000000000000000000, -0.5000000000000005551 ) ) ;
#382 = ORIENTED_EDGE ( 'NONE', *, *, #7015, .F. ) ;
#383 = ORIENTED_EDGE ( 'NONE', *, *, #7027, .F. ) ;
#384 = CARTESIAN_POINT ( 'NONE',  ( -1.999999999999550360, 0.000000000000000000, -11.54700538379282904 ) ) ;
#385 = ORIENTED_EDGE ( 'NONE', *, *, #6649, .T. ) ;
#386 = FACE_BOUND ( 'NONE', #2174, .T. ) ;
#387 = PLANE ( 'NONE',  #3021 ) ;
#388 = DIRECTION ( 'NONE',  ( -0.000000000000000000, -1.000000000000000000, -0.000000000000000000 ) ) ;
#389 = ORIENTED_EDGE ( 'NONE', *, *, #2507, .T. ) ;
#390 = ORIENTED_EDGE ( 'NONE', *, *, #59, .T. ) ;
#391 = ORIENTED_EDGE ( 'NONE', *, *, #4012, .F. ) ;
#392 = VERTEX_POINT ( 'NONE', #4488 ) ;
#393 = CARTESIAN_POINT ( 'NONE',  ( 15.00000000000004619, 1.500000000000000000, 2.886751345948089575 ) ) ;
#394 = LINE ( 'NONE', #3918, #744 ) ;
#395 = VECTOR ( 'NONE', #6308, 1000.000000000000000 ) ;
#396 = LINE ( 'NONE', #7132, #1037 ) ;
#397 = CARTESIAN_POINT ( 'NONE',  ( 2.000000000000165645, 1.500000000000000000, 9.237604307034008144 ) ) ;
#398 = ORIENTED_EDGE ( 'NONE', *, *, #63, .T. ) ;
#399 = LINE ( 'NONE', #3817, #5633 ) ;
#400 = EDGE_CURVE ( 'NONE', #6076, #320, #6022, .T. ) ;
#401 = ADVANCED_FACE ( 'NONE', ( #5505 ), #6166, .F. ) ;
#402 = ORIENTED_EDGE ( 'NONE', *, *, #5011, .F. ) ;
#403 = AXIS2_PLACEMENT_3D ( 'NONE', #1743, #5720, #2951 ) ;
#404 = EDGE_LOOP ( 'NONE', ( #6757, #4920, #1381, #6830, #2328, #1761 ) ) ;
#405 = DIRECTION ( 'NONE',  ( -4.506943796211473347E-15, 0.000000000000000000, -1.000000000000000000 ) ) ;
#406 = DIRECTION ( 'NONE',  ( -0.000000000000000000, -1.000000000000000000, -0.000000000000000000 ) ) ;
#407 = VECTOR ( 'NONE', #4402, 1000.000000000000000 ) ;
#408 = PLANE ( 'NONE',  #686 ) ;
#409 = ORIENTED_EDGE ( 'NONE', *, *, #665, .F. ) ;
#410 = DIRECTION ( 'NONE',  ( 4.506943796211474136E-15, 0.000000000000000000, 1.000000000000000000 ) ) ;
#411 = PLANE ( 'NONE',  #7024 ) ;
#412 = CARTESIAN_POINT ( 'NONE',  ( 7.000000000000047962, 0.000000000000000000, 6.350852961085841741 ) ) ;
#413 = DIRECTION ( 'NONE',  ( 0.8660254037844377084, 0.000000000000000000, -0.5000000000000015543 ) ) ;
#414 = VERTEX_POINT ( 'NONE', #5542 ) ;
#415 = ADVANCED_FACE ( 'NONE', ( #2666 ), #2705, .F. ) ;
#416 = ORIENTED_EDGE ( 'NONE', *, *, #4610, .F. ) ;
#417 = ORIENTED_EDGE ( 'NONE', *, *, #5815, .T. ) ;
#418 = CARTESIAN_POINT ( 'NONE',  ( -3.999999999999992450, 0.000000000000000000, 1.154700538379280328 ) ) ;
#419 = ORIENTED_EDGE ( 'NONE', *, *, #520, .T. ) ;
#420 = LINE ( 'NONE', #2073, #3443 ) ;
#421 = DIRECTION ( 'NONE',  ( -0.8660254037844434816, 0.000000000000000000, -0.4999999999999915623 ) ) ;
#422 = LINE ( 'NONE', #2671, #3010 ) ;
#423 = ORIENTED_EDGE ( 'NONE', *, *, #4758, .T. ) ;
#424 = EDGE_CURVE ( 'NONE', #6061, #4212, #3355, .T. ) ;
#425 = ORIENTED_EDGE ( 'NONE', *, *, #253, .T. ) ;
#426 = ORIENTED_EDGE ( 'NONE', *, *, #892, .T. ) ;
#427 = CARTESIAN_POINT ( 'NONE',  ( 15.75499999999999545, 1.500000000000000000, 18.45500000000000185 ) ) ;
#428 = PLANE ( 'NONE',  #682 ) ;
#429 = ADVANCED_FACE ( 'NONE', ( #4948 ), #3876, .F. ) ;
#430 = VECTOR ( 'NONE', #5199, 1000.000000000000000 ) ;
#431 = DIRECTION ( 'NONE',  ( -0.000000000000000000, -1.000000000000000000, -0.000000000000000000 ) ) ;
#432 = FACE_BOUND ( 'NONE', #2594, .T. ) ;
#433 = LINE ( 'NONE', #985, #4995 ) ;
#434 = VERTEX_POINT ( 'NONE', #1050 ) ;
#435 = AXIS2_PLACEMENT_3D ( 'NONE', #6383, #1918, #4268 ) ;
#436 = CARTESIAN_POINT ( 'NONE',  ( -10.99999999999971045, 0.000000000000000000, -4.041451884327926791 ) ) ;
#437 = ORIENTED_EDGE ( 'NONE', *, *, #6520, .T. ) ;
#438 = VECTOR ( 'NONE', #3314, 1000.000000000000000 ) ;
#439 = VECTOR ( 'NONE', #6916, 1000.000000000000114 ) ;
#440 = ORIENTED_EDGE ( 'NONE', *, *, #4699, .F. ) ;
#441 = DIRECTION ( 'NONE',  ( 0.4999999999999990563, -0.000000000000000000, 0.8660254037844392627 ) ) ;
#442 = EDGE_CURVE ( 'NONE', #6076, #3076, #6131, .T. ) ;
#443 = DIRECTION ( 'NONE',  ( -0.5000000000000035527, 0.000000000000000000, -0.8660254037844367092 ) ) ;
#444 = LINE ( 'NONE', #5795, #2279 ) ;
#445 = VECTOR ( 'NONE', #1620, 1000.000000000000000 ) ;
#446 = VECTOR ( 'NONE', #2670, 1000.000000000000000 ) ;
#447 = DIRECTION ( 'NONE',  ( -0.8660254037844442587, 0.000000000000000000, -0.4999999999999901745 ) ) ;
#448 = EDGE_CURVE ( 'NONE', #34, #6137, #2115, .T. ) ;
#449 = VECTOR ( 'NONE', #3848, 1000.000000000000227 ) ;
#450 = ORIENTED_EDGE ( 'NONE', *, *, #3477, .T. ) ;
#451 = VECTOR ( 'NONE', #666, 1000.000000000000000 ) ;
#452 = CARTESIAN_POINT ( 'NONE',  ( -12.99999999999971401, 1.500000000000000000, -6.350852961086468795 ) ) ;
#453 = EDGE_CURVE ( 'NONE', #5224, #2180, #4353, .T. ) ;
#454 = CARTESIAN_POINT ( 'NONE',  ( -15.75500000000000789, 1.500000000000000000, 15.75500000000000078 ) ) ;
#455 = PLANE ( 'NONE',  #3497 ) ;
#456 = CARTESIAN_POINT ( 'NONE',  ( 1.999999999999999112, 1.500000000000000000, 1.154700538379253461 ) ) ;
#457 = ORIENTED_EDGE ( 'NONE', *, *, #4117, .F. ) ;
#458 = AXIS2_PLACEMENT_3D ( 'NONE', #1373, #6939, #2990 ) ;
#459 = VERTEX_POINT ( 'NONE', #5609 ) ;
#460 = CARTESIAN_POINT ( 'NONE',  ( 1.539567084929416296E-13, 0.000000000000000000, 8.082903768654778887 ) ) ;
#461 = ORIENTED_EDGE ( 'NONE', *, *, #3095, .T. ) ;
#462 = CARTESIAN_POINT ( 'NONE',  ( 16.00000000000000711, 2.500000000000000000, 20.00000000000000000 ) ) ;
#463 = LINE ( 'NONE', #2153, #7145 ) ;
#464 = FACE_OUTER_BOUND ( 'NONE', #2299, .T. ) ;
#465 = ORIENTED_EDGE ( 'NONE', *, *, #5666, .T. ) ;
#466 = ORIENTED_EDGE ( 'NONE', *, *, #5753, .T. ) ;
#467 = EDGE_LOOP ( 'NONE', ( #2993, #2424, #192, #6764 ) ) ;
#468 = DIRECTION ( 'NONE',  ( 0.000000000000000000, 0.000000000000000000, -1.000000000000000000 ) ) ;
#469 = AXIS2_PLACEMENT_3D ( 'NONE', #86, #2341, #4575 ) ;
#470 = LINE ( 'NONE', #1060, #449 ) ;
#471 = ADVANCED_FACE ( 'NONE', ( #1637 ), #2770, .F. ) ;
#472 = CARTESIAN_POINT ( 'NONE',  ( 15.75499999999999545, 2.500000000000000000, 17.25500000000000256 ) ) ;
#473 = FACE_BOUND ( 'NONE', #2884, .T. ) ;
#474 = FACE_OUTER_BOUND ( 'NONE', #5293, .T. ) ;
#475 = ORIENTED_EDGE ( 'NONE', *, *, #5747, .T. ) ;
#476 = DIRECTION ( 'NONE',  ( 0.8660254037844383745, -0.000000000000000000, 0.5000000000000003331 ) ) ;
#477 = EDGE_CURVE ( 'NONE', #5847, #3523, #567, .T. ) ;
#478 = VECTOR ( 'NONE', #791, 1000.000000000000000 ) ;
#479 = ORIENTED_EDGE ( 'NONE', *, *, #1618, .F. ) ;
#480 = VERTEX_POINT ( 'NONE', #2878 ) ;
#481 = CARTESIAN_POINT ( 'NONE',  ( -0.9999999999999208411, 1.500000000000000000, -16.74315781108587586 ) ) ;
#482 = CARTESIAN_POINT ( 'NONE',  ( 1.000000000000073275, 2.501000000000000334, 6.350852961085871051 ) ) ;
#483 = LINE ( 'NONE', #2138, #7103 ) ;
#484 = LINE ( 'NONE', #6047, #1393 ) ;
#485 = EDGE_CURVE ( 'NONE', #3157, #5224, #1805, .T. ) ;
#486 = EDGE_CURVE ( 'NONE', #6228, #544, #3396, .T. ) ;
#487 = ORIENTED_EDGE ( 'NONE', *, *, #1768, .F. ) ;
#488 = PLANE ( 'NONE',  #4500 ) ;
#489 = LINE ( 'NONE', #5603, #5025 ) ;
#490 = PLANE ( 'NONE',  #7273 ) ;
#491 = PLANE ( 'NONE',  #2790 ) ;
#492 = ORIENTED_EDGE ( 'NONE', *, *, #3702, .F. ) ;
#493 = APPLICATION_PROTOCOL_DEFINITION ( 'draft international standard', 'automotive_design', 1998, #6761 ) ;
#494 = EDGE_CURVE ( 'NONE', #1706, #6228, #636, .T. ) ;
#495 = EDGE_CURVE ( 'NONE', #6645, #2483, #5232, .T. ) ;
#496 = ORIENTED_EDGE ( 'NONE', *, *, #5069, .T. ) ;
#497 = CARTESIAN_POINT ( 'NONE',  ( -8.999999999999710454, 2.501000000000000334, -7.505553499465677625 ) ) ;
#498 = ORIENTED_EDGE ( 'NONE', *, *, #2559, .T. ) ;
#499 = LINE ( 'NONE', #5991, #5927 ) ;
#500 = CARTESIAN_POINT ( 'NONE',  ( -14.99999999999999467, 0.000000000000000000, 7.505553499464564737 ) ) ;
#501 = CARTESIAN_POINT ( 'NONE',  ( -0.9999999999999610312, 1.500000000000000000, 4.041451884327389443 ) ) ;
#502 = ORIENTED_EDGE ( 'NONE', *, *, #3766, .T. ) ;
#503 = ORIENTED_EDGE ( 'NONE', *, *, #370, .F. ) ;
#504 = ORIENTED_EDGE ( 'NONE', *, *, #2431, .T. ) ;
#505 = DIRECTION ( 'NONE',  ( -0.8660254037844363761, 0.000000000000000000, 0.5000000000000038858 ) ) ;
#506 = CARTESIAN_POINT ( 'NONE',  ( 11.99999999999998046, 1.500000000000000000, -8.082903768654771781 ) ) ;
#507 = FACE_OUTER_BOUND ( 'NONE', #2674, .T. ) ;
#508 = DIRECTION ( 'NONE',  ( 0.4999999999999916178, 0.000000000000000000, -0.8660254037844434816 ) ) ;
#509 = DIRECTION ( 'NONE',  ( 0.000000000000000000, 0.000000000000000000, 1.000000000000000000 ) ) ;
#510 = ORIENTED_EDGE ( 'NONE', *, *, #3651, .T. ) ;
#511 = DIRECTION ( 'NONE',  ( -0.8660254037844328234, 0.000000000000000000, 0.5000000000000099920 ) ) ;
#512 = EDGE_CURVE ( 'NONE', #5332, #1028, #115, .T. ) ;
#513 = VERTEX_POINT ( 'NONE', #5682 ) ;
#514 = ORIENTED_EDGE ( 'NONE', *, *, #5316, .F. ) ;
#515 = PLANE ( 'NONE',  #5501 ) ;
#516 = LINE ( 'NONE', #2796, #2637 ) ;
#517 = CARTESIAN_POINT ( 'NONE',  ( 19.99999999999999645, 0.000000000000000000, -20.00000000000000000 ) ) ;
#518 = AXIS2_PLACEMENT_3D ( 'NONE', #4167, #2523, #5290 ) ;
#519 = ORIENTED_EDGE ( 'NONE', *, *, #5848, .T. ) ;
#520 = EDGE_CURVE ( 'NONE', #3797, #116, #3089, .T. ) ;
#521 = CARTESIAN_POINT ( 'NONE',  ( 3.999999999999972466, 2.501000000000000334, -11.54700538379252528 ) ) ;
#522 = CARTESIAN_POINT ( 'NONE',  ( -11.99999999999998757, 1.500000000000000000, 2.309401076758587745 ) ) ;
#523 = VECTOR ( 'NONE', #2833, 1000.000000000000000 ) ;
#524 = FACE_OUTER_BOUND ( 'NONE', #467, .T. ) ;
#525 = CARTESIAN_POINT ( 'NONE',  ( 0.9999999999999895639, 2.501000000000000334, -4.041451884327381450 ) ) ;
#526 = EDGE_CURVE ( 'NONE', #6895, #6355, #6750, .T. ) ;
#527 = VECTOR ( 'NONE', #388, 1000.000000000000000 ) ;
#528 = VERTEX_POINT ( 'NONE', #3979 ) ;
#529 = CARTESIAN_POINT ( 'NONE',  ( -11.99999999999987921, 1.500000000000000000, 12.70170592217178118 ) ) ;
#530 = ORIENTED_EDGE ( 'NONE', *, *, #1033, .F. ) ;
#531 = EDGE_CURVE ( 'NONE', #3285, #3254, #3207, .T. ) ;
#532 = CARTESIAN_POINT ( 'NONE',  ( -5.000000000000030198, 0.000000000000000000, -6.350852961085859505 ) ) ;
#533 = CARTESIAN_POINT ( 'NONE',  ( 15.75499999999999545, 1.500000000000000000, 14.25500000000000078 ) ) ;
#534 = CARTESIAN_POINT ( 'NONE',  ( 10.99999999999997513, 0.000000000000000000, -6.350852961085965198 ) ) ;
#535 = EDGE_LOOP ( 'NONE', ( #4515, #271 ) ) ;
#536 = VERTEX_POINT ( 'NONE', #4563 ) ;
#537 = ORIENTED_EDGE ( 'NONE', *, *, #2249, .F. ) ;
#538 = PLANE ( 'NONE',  #2469 ) ;
#539 = LINE ( 'NONE', #1252, #5979 ) ;
#540 = EDGE_CURVE ( 'NONE', #5397, #3924, #2742, .T. ) ;
#541 = FACE_OUTER_BOUND ( 'NONE', #4801, .T. ) ;
#542 = PLANE ( 'NONE',  #333 ) ;
#543 = DIRECTION ( 'NONE',  ( 0.8660254037844383745, 0.000000000000000000, 0.5000000000000003331 ) ) ;
#544 = VERTEX_POINT ( 'NONE', #36 ) ;
#545 = CARTESIAN_POINT ( 'NONE',  ( -16.99999999999999289, 1.500000000000000000, 4.041451884326812127 ) ) ;
#546 = ORIENTED_EDGE ( 'NONE', *, *, #5104, .F. ) ;
#547 = AXIS2_PLACEMENT_3D ( 'NONE', #991, #441, #7141 ) ;
#548 = CARTESIAN_POINT ( 'NONE',  ( 15.00000000000004619, 0.000000000000000000, 2.886751345948089575 ) ) ;
#549 = CARTESIAN_POINT ( 'NONE',  ( 17.00000000000004263, 2.501000000000000334, 6.350852961085846182 ) ) ;
#550 = DIRECTION ( 'NONE',  ( 0.000000000000000000, 0.000000000000000000, 1.000000000000000000 ) ) ;
#551 = VECTOR ( 'NONE', #629, 1000.000000000000000 ) ;
#552 = ORIENTED_EDGE ( 'NONE', *, *, #5753, .F. ) ;
#553 = VECTOR ( 'NONE', #572, 1000.000000000000227 ) ;
#554 = ORIENTED_EDGE ( 'NONE', *, *, #494, .T. ) ;
#555 = LINE ( 'NONE', #3388, #1831 ) ;
#556 = VECTOR ( 'NONE', #6258, 1000.000000000000000 ) ;
#557 = CARTESIAN_POINT ( 'NONE',  ( 4.484437422587070484E-13, 1.500000000000000000, -12.70170592217207961 ) ) ;
#558 = VECTOR ( 'NONE', #4122, 1000.000000000000114 ) ;
#559 = EDGE_CURVE ( 'NONE', #748, #2260, #2843, .T. ) ;
#560 = AXIS2_PLACEMENT_3D ( 'NONE', #3997, #173, #2895 ) ;
#561 = DIRECTION ( 'NONE',  ( 0.8660254037844382635, 0.000000000000000000, 0.5000000000000004441 ) ) ;
#562 = PLANE ( 'NONE',  #1844 ) ;
#563 = VECTOR ( 'NONE', #135, 1000.000000000000000 ) ;
#564 = ORIENTED_EDGE ( 'NONE', *, *, #1443, .T. ) ;
#565 = EDGE_CURVE ( 'NONE', #114, #4011, #4599, .T. ) ;
#566 = VECTOR ( 'NONE', #2470, 1000.000000000000000 ) ;
#567 = LINE ( 'NONE', #1668, #2032 ) ;
#568 = EDGE_LOOP ( 'NONE', ( #6881, #2010, #239, #2078 ) ) ;
#569 = LINE ( 'NONE', #2845, #2978 ) ;
#570 = AXIS2_PLACEMENT_3D ( 'NONE', #1472, #5310, #6998 ) ;
#571 = CARTESIAN_POINT ( 'NONE',  ( 15.75499999999999545, 1.500000000000000000, 15.75500000000000078 ) ) ;
#572 = DIRECTION ( 'NONE',  ( 0.8660254037844404840, 0.000000000000000000, 0.4999999999999967804 ) ) ;
#573 = VERTEX_POINT ( 'NONE', #2397 ) ;
#574 = VERTEX_POINT ( 'NONE', #6888 ) ;
#575 = VERTEX_POINT ( 'NONE', #3499 ) ;
#576 = EDGE_CURVE ( 'NONE', #4126, #124, #5760, .T. ) ;
#577 = EDGE_CURVE ( 'NONE', #5296, #2021, #4639, .T. ) ;
#578 = VECTOR ( 'NONE', #176, 1000.000000000000000 ) ;
#579 = LINE ( 'NONE', #5064, #6123 ) ;
#580 = LINE ( 'NONE', #647, #5341 ) ;
#581 = CARTESIAN_POINT ( 'NONE',  ( 4.999999999999985789, 0.000000000000000000, -6.350852961085895032 ) ) ;
#582 = DIRECTION ( 'NONE',  ( 0.8660254037844382635, -0.000000000000000000, 0.5000000000000005551 ) ) ;
#583 = ORIENTED_EDGE ( 'NONE', *, *, #5867, .F. ) ;
#584 = DIRECTION ( 'NONE',  ( 0.000000000000000000, 0.000000000000000000, -1.000000000000000000 ) ) ;
#585 = ORIENTED_EDGE ( 'NONE', *, *, #5402, .T. ) ;
#586 = EDGE_CURVE ( 'NONE', #4011, #1602, #1740, .T. ) ;
#587 = CARTESIAN_POINT ( 'NONE',  ( 11.00000000000004441, 1.500000000000000000, 6.350852961085845294 ) ) ;
#588 = ADVANCED_FACE ( 'NONE', ( #5163 ), #709, .T. ) ;
#589 = CARTESIAN_POINT ( 'NONE',  ( -15.75500000000000078, 2.500000000000000000, -15.75500000000000078 ) ) ;
#590 = CARTESIAN_POINT ( 'NONE',  ( -5.000000000000020428, 0.000000000000000000, -4.041451884327353916 ) ) ;
#591 = VECTOR ( 'NONE', #6866, 999.9999999999998863 ) ;
#592 = FACE_OUTER_BOUND ( 'NONE', #2529, .T. ) ;
#593 = ORIENTED_EDGE ( 'NONE', *, *, #13, .F. ) ;
#594 = ADVANCED_FACE ( 'NONE', ( #2436 ), #3427, .F. ) ;
#595 = VERTEX_POINT ( 'NONE', #4085 ) ;
#596 = LINE ( 'NONE', #1692, #5957 ) ;
#597 = PLANE ( 'NONE',  #5255 ) ;
#598 = CARTESIAN_POINT ( 'NONE',  ( 0.9999999999999895639, 0.000000000000000000, -4.041451884327381450 ) ) ;
#599 = CARTESIAN_POINT ( 'NONE',  ( 8.000000000000000000, 1.500000000000000000, 1.154700538379251018 ) ) ;
#600 = LINE ( 'NONE', #2841, #6440 ) ;
#601 = DIRECTION ( 'NONE',  ( 0.000000000000000000, 0.000000000000000000, 1.000000000000000000 ) ) ;
#602 = ORIENTED_EDGE ( 'NONE', *, *, #3766, .F. ) ;
#603 = DIRECTION ( 'NONE',  ( 0.000000000000000000, 0.000000000000000000, -1.000000000000000000 ) ) ;
#604 = ORIENTED_EDGE ( 'NONE', *, *, #2939, .T. ) ;
#605 = CARTESIAN_POINT ( 'NONE',  ( 3.999999999999998224, 1.500000000000000000, 1.154700538379252350 ) ) ;
#606 = DIRECTION ( 'NONE',  ( -0.5000000000000015543, 0.000000000000000000, -0.8660254037844378194 ) ) ;
#607 = LINE ( 'NONE', #1810, #4304 ) ;
#608 = ORIENTED_EDGE ( 'NONE', *, *, #4891, .T. ) ;
#609 = ORIENTED_EDGE ( 'NONE', *, *, #4891, .F. ) ;
#610 = ORIENTED_EDGE ( 'NONE', *, *, #7003, .T. ) ;
#611 = EDGE_CURVE ( 'NONE', #5547, #349, #1298, .T. ) ;
#612 = LINE ( 'NONE', #2409, #6940 ) ;
#613 = EDGE_CURVE ( 'NONE', #137, #4939, #2475, .T. ) ;
#614 = LINE ( 'NONE', #2343, #3327 ) ;
#615 = LINE ( 'NONE', #1127, #1972 ) ;
#616 = CARTESIAN_POINT ( 'NONE',  ( 15.75500000000000078, 1.500000000000000000, -15.75500000000000078 ) ) ;
#617 = ORIENTED_EDGE ( 'NONE', *, *, #5285, .T. ) ;
#618 = ORIENTED_EDGE ( 'NONE', *, *, #4279, .T. ) ;
#619 = EDGE_CURVE ( 'NONE', #7134, #6867, #5386, .T. ) ;
#620 = LINE ( 'NONE', #1825, #6560 ) ;
#621 = PLANE ( 'NONE',  #3143 ) ;
#622 = CARTESIAN_POINT ( 'NONE',  ( -7.999999999999910294, 2.501000000000000334, 9.237604307034084528 ) ) ;
#623 = EDGE_CURVE ( 'NONE', #5138, #3461, #3096, .T. ) ;
#624 = ADVANCED_FACE ( 'NONE', ( #2026 ), #5423, .F. ) ;
#625 = LINE ( 'NONE', #4035, #4806 ) ;
#626 = EDGE_LOOP ( 'NONE', ( #7252, #3045, #2150, #6597 ) ) ;
#627 = VERTEX_POINT ( 'NONE', #301 ) ;
#628 = CARTESIAN_POINT ( 'NONE',  ( 11.00000000000004441, 0.000000000000000000, 4.041451884327340593 ) ) ;
#629 = DIRECTION ( 'NONE',  ( 0.8660254037844399289, -0.000000000000000000, 0.4999999999999976685 ) ) ;
#630 = CARTESIAN_POINT ( 'NONE',  ( 14.00000000000000000, 1.500000000000000000, 1.154700538379251240 ) ) ;
#631 = AXIS2_PLACEMENT_3D ( 'NONE', #2118, #4355, #940 ) ;
#632 = CARTESIAN_POINT ( 'NONE',  ( -16.99999999999999289, 0.000000000000000000, 4.041451884326812127 ) ) ;
#633 = LINE ( 'NONE', #4636, #4669 ) ;
#634 = ORIENTED_EDGE ( 'NONE', *, *, #3090, .F. ) ;
#635 = VECTOR ( 'NONE', #216, 1000.000000000000000 ) ;
#636 = LINE ( 'NONE', #5087, #5566 ) ;
#637 = ORIENTED_EDGE ( 'NONE', *, *, #4065, .T. ) ;
#638 = LINE ( 'NONE', #5058, #3554 ) ;
#639 = CARTESIAN_POINT ( 'NONE',  ( -1.999999999999550360, 1.500000000000000000, -11.54700538379282904 ) ) ;
#640 = LINE ( 'NONE', #2922, #199 ) ;
#641 = ORIENTED_EDGE ( 'NONE', *, *, #2913, .F. ) ;
#642 = CIRCLE ( 'NONE', #7107, 2.700000000000001066 ) ;
#643 = VERTEX_POINT ( 'NONE', #6379 ) ;
#644 = EDGE_LOOP ( 'NONE', ( #283, #4381, #6630, #6211 ) ) ;
#645 = DIRECTION ( 'NONE',  ( 0.8660254037844338226, 0.000000000000000000, -0.5000000000000081046 ) ) ;
#646 = ORIENTED_EDGE ( 'NONE', *, *, #6641, .F. ) ;
#647 = CARTESIAN_POINT ( 'NONE',  ( 9.999999999999971578, 1.500000000000000000, -11.54700538379252528 ) ) ;
#648 = CARTESIAN_POINT ( 'NONE',  ( 5.000000000000073719, 2.501000000000000334, 6.350852961085825754 ) ) ;
#649 = CARTESIAN_POINT ( 'NONE',  ( 10.00000000000013323, 1.500000000000000000, 11.54700538379246844 ) ) ;
#650 = VERTEX_POINT ( 'NONE', #5314 ) ;
#651 = EDGE_CURVE ( 'NONE', #6472, #5332, #4791, .T. ) ;
#652 = VERTEX_POINT ( 'NONE', #263 ) ;
#653 = EDGE_CURVE ( 'NONE', #5422, #243, #3129, .T. ) ;
#654 = LINE ( 'NONE', #53, #1963 ) ;
#655 = CARTESIAN_POINT ( 'NONE',  ( 4.475586568020162304E-13, 1.500000000000000000, -8.082903768655075538 ) ) ;
#656 = CARTESIAN_POINT ( 'NONE',  ( -10.00000000000004441, 0.000000000000000000, -9.237604307034040119 ) ) ;
#657 = CARTESIAN_POINT ( 'NONE',  ( -11.99999999999992006, 2.501000000000000334, 8.082903768654773558 ) ) ;
#658 = ORIENTED_EDGE ( 'NONE', *, *, #5241, .F. ) ;
#659 = ORIENTED_EDGE ( 'NONE', *, *, #6235, .F. ) ;
#660 = EDGE_CURVE ( 'NONE', #3452, #2522, #2543, .T. ) ;
#661 = CARTESIAN_POINT ( 'NONE',  ( 4.999999999999970690, 1.500000000000000000, 16.74085296108535914 ) ) ;
#662 = CARTESIAN_POINT ( 'NONE',  ( -2.999999999999930722, 2.501000000000000334, 7.505553499465162481 ) ) ;
#663 = PLANE ( 'NONE',  #1734 ) ;
#664 = VECTOR ( 'NONE', #5718, 1000.000000000000000 ) ;
#665 = EDGE_CURVE ( 'NONE', #1172, #1164, #4716, .T. ) ;
#666 = DIRECTION ( 'NONE',  ( -9.013887592422948271E-15, 0.000000000000000000, -1.000000000000000000 ) ) ;
#667 = FACE_OUTER_BOUND ( 'NONE', #6312, .T. ) ;
#668 = VECTOR ( 'NONE', #2179, 1000.000000000000114 ) ;
#669 = ORIENTED_EDGE ( 'NONE', *, *, #4374, .F. ) ;
#670 = CIRCLE ( 'NONE', #1258, 1.500000000000001332 ) ;
#671 = DIRECTION ( 'NONE',  ( -0.5000000000000000000, 0.000000000000000000, -0.8660254037844387076 ) ) ;
#672 = VERTEX_POINT ( 'NONE', #3568 ) ;
#673 = PLANE ( 'NONE',  #2544 ) ;
#674 = AXIS2_PLACEMENT_3D ( 'NONE', #1175, #5701, #2861 ) ;
#675 = DIRECTION ( 'NONE',  ( -1.000000000000000000, 0.000000000000000000, 0.000000000000000000 ) ) ;
#676 = CARTESIAN_POINT ( 'NONE',  ( 4.484437422587070484E-13, 2.501000000000000334, -12.70170592217207961 ) ) ;
#677 = CARTESIAN_POINT ( 'NONE',  ( -4.000000000000008882, 1.500000000000000000, -1.154700538379223929 ) ) ;
#678 = EDGE_LOOP ( 'NONE', ( #2204, #669, #4020, #3825, #7287, #7033 ) ) ;
#679 = VECTOR ( 'NONE', #4735, 999.9999999999998863 ) ;
#680 = AXIS2_PLACEMENT_3D ( 'NONE', #571, #6753, #1672 ) ;
#681 = ORIENTED_EDGE ( 'NONE', *, *, #1966, .F. ) ;
#682 = AXIS2_PLACEMENT_3D ( 'NONE', #5999, #2642, #3225 ) ;
#683 = ORIENTED_EDGE ( 'NONE', *, *, #5326, .F. ) ;
#684 = EDGE_CURVE ( 'NONE', #4011, #3402, #5827, .T. ) ;
#685 = CARTESIAN_POINT ( 'NONE',  ( -3.999999999999891642, 0.000000000000000000, 11.54700538379255370 ) ) ;
#686 = AXIS2_PLACEMENT_3D ( 'NONE', #6411, #5865, #815 ) ;
#687 = DIRECTION ( 'NONE',  ( 4.506943796211474136E-15, 0.000000000000000000, 1.000000000000000000 ) ) ;
#688 = CARTESIAN_POINT ( 'NONE',  ( 3.999999999999998224, 0.000000000000000000, 1.154700538379252128 ) ) ;
#689 = LINE ( 'NONE', #5247, #6291 ) ;
#690 = ORIENTED_EDGE ( 'NONE', *, *, #6156, .T. ) ;
#691 = VECTOR ( 'NONE', #511, 1000.000000000000227 ) ;
#692 = ORIENTED_EDGE ( 'NONE', *, *, #442, .F. ) ;
#693 = LINE ( 'NONE', #3414, #439 ) ;
#694 = DIRECTION ( 'NONE',  ( -0.000000000000000000, -1.000000000000000000, -0.000000000000000000 ) ) ;
#695 = LINE ( 'NONE', #5220, #4628 ) ;
#696 = CARTESIAN_POINT ( 'NONE',  ( -15.75500000000000789, 0.000000000000000000, 15.75500000000000078 ) ) ;
#697 = EDGE_LOOP ( 'NONE', ( #5322, #1363, #3318, #6787 ) ) ;
#698 = ORIENTED_EDGE ( 'NONE', *, *, #1367, .T. ) ;
#699 = CARTESIAN_POINT ( 'NONE',  ( 9.999999999999998224, 2.501000000000000334, -1.154700538379252128 ) ) ;
#700 = LINE ( 'NONE', #2320, #1836 ) ;
#701 = VECTOR ( 'NONE', #2822, 1000.000000000000000 ) ;
#702 = LINE ( 'NONE', #630, #3384 ) ;
#703 = DIRECTION ( 'NONE',  ( 0.000000000000000000, 0.000000000000000000, -1.000000000000000000 ) ) ;
#704 = DIRECTION ( 'NONE',  ( -0.000000000000000000, -1.000000000000000000, -0.000000000000000000 ) ) ;
#705 = EDGE_CURVE ( 'NONE', #5150, #3459, #3677, .T. ) ;
#706 = AXIS2_PLACEMENT_3D ( 'NONE', #2812, #2738, #2253 ) ;
#707 = ORIENTED_EDGE ( 'NONE', *, *, #4513, .F. ) ;
#708 = EDGE_CURVE ( 'NONE', #4017, #2065, #3712, .T. ) ;
#709 = CYLINDRICAL_SURFACE ( 'NONE', #2857, 4.000000000000000000 ) ;
#710 = ORIENTED_EDGE ( 'NONE', *, *, #8, .T. ) ;
#711 = LINE ( 'NONE', #188, #664 ) ;
#712 = CARTESIAN_POINT ( 'NONE',  ( 15.75500000000000078, 1.500000000000000000, -13.05500000000000149 ) ) ;
#713 = CARTESIAN_POINT ( 'NONE',  ( -5.000000000000028422, 2.501000000000000334, 16.74085296108535559 ) ) ;
#714 = PLANE ( 'NONE',  #3949 ) ;
#715 = ORIENTED_EDGE ( 'NONE', *, *, #3977, .T. ) ;
#716 = EDGE_CURVE ( 'NONE', #3655, #3498, #1990, .T. ) ;
#717 = PLANE ( 'NONE',  #1280 ) ;
#718 = VERTEX_POINT ( 'NONE', #229 ) ;
#719 = ORIENTED_EDGE ( 'NONE', *, *, #6550, .T. ) ;
#720 = DIRECTION ( 'NONE',  ( 0.5000000000000026645, -0.000000000000000000, 0.8660254037844371533 ) ) ;
#721 = ORIENTED_EDGE ( 'NONE', *, *, #308, .F. ) ;
#722 = CARTESIAN_POINT ( 'NONE',  ( -13.99999999999988987, 2.501000000000000334, 11.54700538379254837 ) ) ;
#723 = CARTESIAN_POINT ( 'NONE',  ( -3.999999999999992450, 2.501000000000000334, 1.154700538379280328 ) ) ;
#724 = CARTESIAN_POINT ( 'NONE',  ( -1.000000000000028644, 1.500000000000000000, 14.43145188432685622 ) ) ;
#725 = ORIENTED_EDGE ( 'NONE', *, *, #424, .T. ) ;
#726 = EDGE_LOOP ( 'NONE', ( #5543, #637, #6031, #5572 ) ) ;
#727 = DIRECTION ( 'NONE',  ( -0.000000000000000000, -1.000000000000000000, -0.000000000000000000 ) ) ;
#728 = DIRECTION ( 'NONE',  ( 0.000000000000000000, -1.000000000000000000, 0.000000000000000000 ) ) ;
#729 = DIRECTION ( 'NONE',  ( -0.000000000000000000, -1.000000000000000000, -0.000000000000000000 ) ) ;
#730 = DIRECTION ( 'NONE',  ( -0.8660254037844384856, 0.000000000000000000, -0.5000000000000002220 ) ) ;
#731 = EDGE_CURVE ( 'NONE', #3652, #1702, #3169, .T. ) ;
#732 = ORIENTED_EDGE ( 'NONE', *, *, #2071, .T. ) ;
#733 = VERTEX_POINT ( 'NONE', #6490 ) ;
#734 = DIRECTION ( 'NONE',  ( 0.8660254037844395958, 0.000000000000000000, 0.4999999999999982236 ) ) ;
#735 = DIRECTION ( 'NONE',  ( 0.000000000000000000, 0.000000000000000000, 1.000000000000000000 ) ) ;
#736 = LINE ( 'NONE', #4675, #4322 ) ;
#737 = DIRECTION ( 'NONE',  ( -1.000000000000000000, 0.000000000000000000, 4.506943796211474136E-15 ) ) ;
#738 = DIRECTION ( 'NONE',  ( 0.4999999999999936717, 0.000000000000000000, -0.8660254037844423713 ) ) ;
#739 = ADVANCED_FACE ( 'NONE', ( #376 ), #1949, .F. ) ;
#740 = ORIENTED_EDGE ( 'NONE', *, *, #4105, .T. ) ;
#741 = DIRECTION ( 'NONE',  ( -0.000000000000000000, -1.000000000000000000, -0.000000000000000000 ) ) ;
#742 = EDGE_CURVE ( 'NONE', #6832, #130, #819, .T. ) ;
#743 = CARTESIAN_POINT ( 'NONE',  ( 8.000000000000133227, 0.000000000000000000, 11.54700538379242403 ) ) ;
#744 = VECTOR ( 'NONE', #4882, 1000.000000000000114 ) ;
#745 = CARTESIAN_POINT ( 'NONE',  ( 9.999999999999976907, 1.500000000000000000, -9.237604307034020579 ) ) ;
#746 = LINE ( 'NONE', #4015, #4079 ) ;
#747 = CARTESIAN_POINT ( 'NONE',  ( 5.999999999999981348, 1.500000000000000000, -8.082903768654771781 ) ) ;
#748 = VERTEX_POINT ( 'NONE', #3060 ) ;
#749 = CARTESIAN_POINT ( 'NONE',  ( -15.99999999999999645, 2.500000000000000000, 16.00000000000000000 ) ) ;
#750 = ORIENTED_EDGE ( 'NONE', *, *, #3001, .F. ) ;
#751 = VECTOR ( 'NONE', #1177, 1000.000000000000000 ) ;
#752 = ORIENTED_EDGE ( 'NONE', *, *, #3856, .F. ) ;
#753 = CARTESIAN_POINT ( 'NONE',  ( 5.000000000000079048, 2.501000000000000334, -16.74315781108587586 ) ) ;
#754 = EDGE_CURVE ( 'NONE', #7239, #2892, #2509, .T. ) ;
#755 = LINE ( 'NONE', #354, #2511 ) ;
#756 = AXIS2_PLACEMENT_3D ( 'NONE', #2788, #7286, #2753 ) ;
#757 = CARTESIAN_POINT ( 'NONE',  ( 16.99999999999997868, 0.000000000000000000, -4.041451884327467603 ) ) ;
#758 = DIRECTION ( 'NONE',  ( 0.8660254037844395958, 0.000000000000000000, 0.4999999999999981681 ) ) ;
#759 = ORIENTED_EDGE ( 'NONE', *, *, #6436, .T. ) ;
#760 = ORIENTED_EDGE ( 'NONE', *, *, #7222, .F. ) ;
#761 = VECTOR ( 'NONE', #3360, 1000.000000000000000 ) ;
#762 = LINE ( 'NONE', #325, #6788 ) ;
#763 = DIRECTION ( 'NONE',  ( -0.000000000000000000, -1.000000000000000000, -0.000000000000000000 ) ) ;
#764 = DIRECTION ( 'NONE',  ( -0.8660254037844388186, 0.000000000000000000, 0.4999999999999997780 ) ) ;
#765 = CARTESIAN_POINT ( 'NONE',  ( 8.999999999999980460, 0.000000000000000000, -2.886751345948211256 ) ) ;
#766 = ORIENTED_EDGE ( 'NONE', *, *, #2482, .T. ) ;
#767 = ORIENTED_EDGE ( 'NONE', *, *, #2870, .T. ) ;
#768 = ADVANCED_FACE ( 'NONE', ( #7001 ), #4192, .F. ) ;
#769 = FACE_OUTER_BOUND ( 'NONE', #1778, .T. ) ;
#770 = LINE ( 'NONE', #5116, #2901 ) ;
#771 = FACE_BOUND ( 'NONE', #1057, .T. ) ;
#772 = FACE_OUTER_BOUND ( 'NONE', #568, .T. ) ;
#773 = DIRECTION ( 'NONE',  ( -0.8660254037844422603, 0.000000000000000000, -0.4999999999999936162 ) ) ;
#774 = VERTEX_POINT ( 'NONE', #2657 ) ;
#775 = DIRECTION ( 'NONE',  ( -0.8660254037844390407, 0.000000000000000000, 0.4999999999999991673 ) ) ;
#776 = AXIS2_PLACEMENT_3D ( 'NONE', #5153, #1796, #4631 ) ;
#777 = EDGE_CURVE ( 'NONE', #6629, #2258, #2175, .T. ) ;
#778 = CARTESIAN_POINT ( 'NONE',  ( 1.999999999999998668, 2.501000000000000334, -1.154700538379252350 ) ) ;
#779 = DIRECTION ( 'NONE',  ( -0.8660254037844395958, 0.000000000000000000, -0.4999999999999981681 ) ) ;
#780 = VECTOR ( 'NONE', #5606, 1000.000000000000227 ) ;
#781 = CARTESIAN_POINT ( 'NONE',  ( -12.99999999999999467, 1.500000000000000000, 4.041451884326813904 ) ) ;
#782 = ADVANCED_FACE ( 'NONE', ( #997 ), #7112, .F. ) ;
#783 = DIRECTION ( 'NONE',  ( 0.8660254037844383745, 0.000000000000000000, 0.5000000000000003331 ) ) ;
#784 = EDGE_LOOP ( 'NONE', ( #466, #3153, #6874, #4776 ) ) ;
#785 = CARTESIAN_POINT ( 'NONE',  ( -7.999999999999910294, 1.500000000000000000, 9.237604307034084528 ) ) ;
#786 = EDGE_CURVE ( 'NONE', #575, #4487, #3312, .T. ) ;
#787 = VECTOR ( 'NONE', #6009, 1000.000000000000114 ) ;
#788 = ORIENTED_EDGE ( 'NONE', *, *, #5344, .T. ) ;
#789 = ORIENTED_EDGE ( 'NONE', *, *, #3547, .F. ) ;
#790 = CIRCLE ( 'NONE', #2316, 4.000000000000000000 ) ;
#791 = DIRECTION ( 'NONE',  ( -0.000000000000000000, -1.000000000000000000, -0.000000000000000000 ) ) ;
#792 = VECTOR ( 'NONE', #1866, 1000.000000000000000 ) ;
#793 = CARTESIAN_POINT ( 'NONE',  ( 19.99999999999999645, 2.500000000000000000, -16.00000000000000000 ) ) ;
#794 = AXIS2_PLACEMENT_3D ( 'NONE', #2334, #150, #2987 ) ;
#795 = PLANE ( 'NONE',  #6330 ) ;
#796 = DIRECTION ( 'NONE',  ( -0.000000000000000000, -1.000000000000000000, -0.000000000000000000 ) ) ;
#797 = ORIENTED_EDGE ( 'NONE', *, *, #254, .F. ) ;
#798 = VECTOR ( 'NONE', #6946, 1000.000000000000000 ) ;
#799 = EDGE_CURVE ( 'NONE', #6552, #6835, #1628, .T. ) ;
#800 = ADVANCED_FACE ( 'NONE', ( #6566 ), #488, .F. ) ;
#801 = ORIENTED_EDGE ( 'NONE', *, *, #5783, .T. ) ;
#802 = ORIENTED_EDGE ( 'NONE', *, *, #6926, .T. ) ;
#803 = PRESENTATION_LAYER_ASSIGNMENT (  '', '', ( #5744 ) ) ;
#804 = AXIS2_PLACEMENT_3D ( 'NONE', #278, #3544, #5178 ) ;
#805 = PLANE ( 'NONE',  #1262 ) ;
#806 = DIRECTION ( 'NONE',  ( -0.000000000000000000, -1.000000000000000000, -0.000000000000000000 ) ) ;
#807 = DIRECTION ( 'NONE',  ( 1.164293814021299339E-14, -0.000000000000000000, 1.000000000000000000 ) ) ;
#808 = AXIS2_PLACEMENT_3D ( 'NONE', #6549, #5338, #219 ) ;
#809 = DIRECTION ( 'NONE',  ( -1.000000000000000000, 0.000000000000000000, 0.000000000000000000 ) ) ;
#810 = EDGE_CURVE ( 'NONE', #4160, #5150, #6674, .T. ) ;
#811 = EDGE_LOOP ( 'NONE', ( #1492, #1278, #2820, #4724, #3150, #5062 ) ) ;
#812 = FACE_OUTER_BOUND ( 'NONE', #1576, .T. ) ;
#813 = DIRECTION ( 'NONE',  ( 0.000000000000000000, 0.000000000000000000, -1.000000000000000000 ) ) ;
#814 = FACE_BOUND ( 'NONE', #3735, .T. ) ;
#815 = DIRECTION ( 'NONE',  ( -0.8660254037844400399, 0.000000000000000000, -0.4999999999999976685 ) ) ;
#816 = DIRECTION ( 'NONE',  ( -0.8660254037844353769, 0.000000000000000000, 0.5000000000000055511 ) ) ;
#817 = ADVANCED_FACE ( 'NONE', ( #2730 ), #6087, .F. ) ;
#818 = ORIENTED_EDGE ( 'NONE', *, *, #6707, .T. ) ;
#819 = LINE ( 'NONE', #3022, #4979 ) ;
#820 = DIRECTION ( 'NONE',  ( -0.8660254037844329345, 0.000000000000000000, 0.5000000000000097700 ) ) ;
#821 = DIRECTION ( 'NONE',  ( 0.8660254037844444808, -0.000000000000000000, 0.4999999999999899525 ) ) ;
#822 = DIRECTION ( 'NONE',  ( 0.000000000000000000, 0.000000000000000000, -1.000000000000000000 ) ) ;
#823 = CARTESIAN_POINT ( 'NONE',  ( -14.99999999999971045, 0.000000000000000000, -7.505553499465719369 ) ) ;
#824 = ORIENTED_EDGE ( 'NONE', *, *, #2755, .F. ) ;
#825 = LINE ( 'NONE', #3923, #4447 ) ;
#826 = VECTOR ( 'NONE', #1781, 1000.000000000000000 ) ;
#827 = EDGE_CURVE ( 'NONE', #6751, #6738, #3348, .T. ) ;
#828 = EDGE_CURVE ( 'NONE', #3104, #3924, #2106, .T. ) ;
#829 = ORIENTED_EDGE ( 'NONE', *, *, #6309, .F. ) ;
#830 = VERTEX_POINT ( 'NONE', #962 ) ;
#831 = DIRECTION ( 'NONE',  ( -1.051620219116010632E-14, 0.000000000000000000, -1.000000000000000000 ) ) ;
#832 = ORIENTED_EDGE ( 'NONE', *, *, #7014, .F. ) ;
#833 = DIRECTION ( 'NONE',  ( -4.506943796211474136E-15, 0.000000000000000000, -1.000000000000000000 ) ) ;
#834 = CARTESIAN_POINT ( 'NONE',  ( 10.99999999999997513, 1.500000000000000000, -6.350852961085965198 ) ) ;
#835 = PLANE ( 'NONE',  #4277 ) ;
#836 = EDGE_LOOP ( 'NONE', ( #7104, #5920, #1080, #6213 ) ) ;
#837 = VERTEX_POINT ( 'NONE', #4344 ) ;
#838 = ORIENTED_EDGE ( 'NONE', *, *, #4244, .T. ) ;
#839 = EDGE_CURVE ( 'NONE', #6980, #5674, #1549, .T. ) ;
#840 = FACE_OUTER_BOUND ( 'NONE', #5123, .T. ) ;
#841 = EDGE_CURVE ( 'NONE', #332, #4030, #3826, .T. ) ;
#842 = LINE ( 'NONE', #7026, #2443 ) ;
#843 = FACE_OUTER_BOUND ( 'NONE', #6475, .T. ) ;
#844 = CARTESIAN_POINT ( 'NONE',  ( 15.00000000000004796, 1.500000000000000000, 7.505553499465094092 ) ) ;
#845 = ORIENTED_EDGE ( 'NONE', *, *, #5783, .F. ) ;
#846 = ORIENTED_EDGE ( 'NONE', *, *, #5691, .T. ) ;
#847 = CARTESIAN_POINT ( 'NONE',  ( 16.99999999999997868, 2.501000000000000334, -4.041451884327467603 ) ) ;
#848 = ADVANCED_FACE ( 'NONE', ( #3202 ), #6604, .F. ) ;
#849 = DIRECTION ( 'NONE',  ( -4.506943796211474136E-15, 0.000000000000000000, -1.000000000000000000 ) ) ;
#850 = FACE_BOUND ( 'NONE', #4977, .T. ) ;
#851 = CARTESIAN_POINT ( 'NONE',  ( -5.000000000000028422, 1.500000000000000000, 16.74085296108535559 ) ) ;
#852 = ORIENTED_EDGE ( 'NONE', *, *, #2112, .F. ) ;
#853 = CARTESIAN_POINT ( 'NONE',  ( 2.000000000000192735, 1.500000000000000000, 11.54700538379250929 ) ) ;
#854 = LINE ( 'NONE', #3715, #6675 ) ;
#855 = CARTESIAN_POINT ( 'NONE',  ( -4.000000000000042633, 2.501000000000000334, -9.237604307033999262 ) ) ;
#856 = LINE ( 'NONE', #965, #3847 ) ;
#857 = CARTESIAN_POINT ( 'NONE',  ( 4.474290391966137185E-13, 1.500000000000000000, -8.082903768655075538 ) ) ;
#858 = EDGE_LOOP ( 'NONE', ( #4908, #1510, #3065, #6138 ) ) ;
#859 = SURFACE_STYLE_FILL_AREA ( #7009 ) ;
#860 = ORIENTED_EDGE ( 'NONE', *, *, #2542, .F. ) ;
#861 = ORIENTED_EDGE ( 'NONE', *, *, #6952, .F. ) ;
#862 = CARTESIAN_POINT ( 'NONE',  ( 4.999999999999971578, 0.000000000000000000, 14.43145188432685622 ) ) ;
#863 = EDGE_LOOP ( 'NONE', ( #1754, #3385, #2835, #7231, #961, #1534 ) ) ;
#864 = VECTOR ( 'NONE', #4262, 1000.000000000000000 ) ;
#865 = FACE_OUTER_BOUND ( 'NONE', #347, .T. ) ;
#866 = DIRECTION ( 'NONE',  ( -1.502314598737158045E-15, 0.000000000000000000, -1.000000000000000000 ) ) ;
#867 = DIRECTION ( 'NONE',  ( -0.000000000000000000, -1.000000000000000000, -0.000000000000000000 ) ) ;
#868 = VERTEX_POINT ( 'NONE', #2142 ) ;
#869 = CIRCLE ( 'NONE', #2272, 1.500000000000001332 ) ;
#870 = ORIENTED_EDGE ( 'NONE', *, *, #3538, .F. ) ;
#871 = ORIENTED_EDGE ( 'NONE', *, *, #1296, .T. ) ;
#872 = VECTOR ( 'NONE', #807, 1000.000000000000000 ) ;
#873 = DIRECTION ( 'NONE',  ( 0.8660254037844395958, -0.000000000000000000, 0.4999999999999982236 ) ) ;
#874 = EDGE_CURVE ( 'NONE', #2711, #3637, #4376, .T. ) ;
#875 = CARTESIAN_POINT ( 'NONE',  ( 15.75499999999999545, 1.500000000000000000, 18.45500000000000185 ) ) ;
#876 = LINE ( 'NONE', #328, #4508 ) ;
#877 = CARTESIAN_POINT ( 'NONE',  ( 2.000000000000446754, 1.500000000000000000, -9.237604307034326112 ) ) ;
#878 = VECTOR ( 'NONE', #582, 1000.000000000000114 ) ;
#879 = ADVANCED_FACE ( 'NONE', ( #3788 ), #6050, .F. ) ;
#880 = VERTEX_POINT ( 'NONE', #2765 ) ;
#881 = VERTEX_POINT ( 'NONE', #3869 ) ;
#882 = DIRECTION ( 'NONE',  ( 0.8660254037844367092, 0.000000000000000000, -0.5000000000000035527 ) ) ;
#883 = CARTESIAN_POINT ( 'NONE',  ( -6.999999999999992895, 2.501000000000000334, 4.041451884326855648 ) ) ;
#884 = FACE_BOUND ( 'NONE', #4573, .T. ) ;
#885 = EDGE_CURVE ( 'NONE', #595, #167, #5008, .T. ) ;
#886 = VERTEX_POINT ( 'NONE', #1108 ) ;
#887 = DIRECTION ( 'NONE',  ( 0.8660254037844377084, 0.000000000000000000, -0.5000000000000017764 ) ) ;
#888 = LINE ( 'NONE', #7044, #5380 ) ;
#889 = DIRECTION ( 'NONE',  ( -0.8660254037844363761, 0.000000000000000000, 0.5000000000000038858 ) ) ;
#890 = DIRECTION ( 'NONE',  ( 1.126735949052868928E-14, -0.000000000000000000, 1.000000000000000000 ) ) ;
#891 = VERTEX_POINT ( 'NONE', #5602 ) ;
#892 = EDGE_CURVE ( 'NONE', #5631, #6895, #1182, .T. ) ;
#893 = VERTEX_POINT ( 'NONE', #6230 ) ;
#894 = ORIENTED_EDGE ( 'NONE', *, *, #6248, .T. ) ;
#895 = AXIS2_PLACEMENT_3D ( 'NONE', #2905, #1762, #6299 ) ;
#896 = DIRECTION ( 'NONE',  ( 0.8660254037844343777, 0.000000000000000000, -0.5000000000000073275 ) ) ;
#897 = ORIENTED_EDGE ( 'NONE', *, *, #4109, .F. ) ;
#898 = LINE ( 'NONE', #2599, #4981 ) ;
#899 = LINE ( 'NONE', #1008, #2083 ) ;
#900 = CARTESIAN_POINT ( 'NONE',  ( -15.75500000000000078, 1.500000000000000000, -15.75500000000000078 ) ) ;
#901 = ORIENTED_EDGE ( 'NONE', *, *, #5047, .T. ) ;
#902 = ORIENTED_EDGE ( 'NONE', *, *, #3276, .T. ) ;
#903 = EDGE_CURVE ( 'NONE', #2000, #5725, #555, .T. ) ;
#904 = VECTOR ( 'NONE', #6207, 1000.000000000000000 ) ;
#905 = ORIENTED_EDGE ( 'NONE', *, *, #2446, .F. ) ;
#906 = EDGE_LOOP ( 'NONE', ( #4574, #5658, #1125, #1997 ) ) ;
#907 = VECTOR ( 'NONE', #6776, 1000.000000000000000 ) ;
#908 = FACE_OUTER_BOUND ( 'NONE', #334, .T. ) ;
#909 = DIRECTION ( 'NONE',  ( -0.8660254037844389297, 0.000000000000000000, 0.4999999999999994449 ) ) ;
#910 = VECTOR ( 'NONE', #4624, 999.9999999999998863 ) ;
#911 = CARTESIAN_POINT ( 'NONE',  ( -3.000000000000013767, 0.000000000000000000, -2.886751345948112224 ) ) ;
#912 = DIRECTION ( 'NONE',  ( -0.4999999999998542832, 0.000000000000000000, -0.8660254037845227515 ) ) ;
#913 = VECTOR ( 'NONE', #7095, 999.9999999999998863 ) ;
#914 = AXIS2_PLACEMENT_3D ( 'NONE', #6242, #1192, #3430 ) ;
#915 = EDGE_LOOP ( 'NONE', ( #5875, #7118, #3374, #6012 ) ) ;
#916 = AXIS2_PLACEMENT_3D ( 'NONE', #3740, #981, #3812 ) ;
#917 = ADVANCED_FACE ( 'NONE', ( #5708 ), #2941, .F. ) ;
#918 = ORIENTED_EDGE ( 'NONE', *, *, #3223, .T. ) ;
#919 = LINE ( 'NONE', #3750, #3362 ) ;
#920 = DIRECTION ( 'NONE',  ( 0.4999999999999968359, 0.000000000000000000, -0.8660254037844404840 ) ) ;
#921 = AXIS2_PLACEMENT_3D ( 'NONE', #4148, #5452, #5934 ) ;
#922 = FACE_BOUND ( 'NONE', #7147, .T. ) ;
#923 = VECTOR ( 'NONE', #1040, 1000.000000000000000 ) ;
#924 = AXIS2_PLACEMENT_3D ( 'NONE', #2132, #7136, #6628 ) ;
#925 = EDGE_LOOP ( 'NONE', ( #2602, #3176, #2140, #2723 ) ) ;
#926 = DIRECTION ( 'NONE',  ( -0.000000000000000000, -1.000000000000000000, -0.000000000000000000 ) ) ;
#927 = DIRECTION ( 'NONE',  ( 1.000000000000000000, -0.000000000000000000, 3.755786496842901029E-16 ) ) ;
#928 = EDGE_CURVE ( 'NONE', #4939, #574, #2804, .T. ) ;
#929 = LINE ( 'NONE', #3101, #1036 ) ;
#930 = LINE ( 'NONE', #7228, #1611 ) ;
#931 = ORIENTED_EDGE ( 'NONE', *, *, #4664, .T. ) ;
#932 = DIRECTION ( 'NONE',  ( -0.000000000000000000, -1.000000000000000000, -0.000000000000000000 ) ) ;
#933 = ORIENTED_EDGE ( 'NONE', *, *, #5130, .T. ) ;
#934 = ORIENTED_EDGE ( 'NONE', *, *, #4762, .F. ) ;
#935 = ADVANCED_FACE ( 'NONE', ( #6775 ), #4075, .F. ) ;
#936 = DIRECTION ( 'NONE',  ( 0.000000000000000000, 0.000000000000000000, -1.000000000000000000 ) ) ;
#937 = ORIENTED_EDGE ( 'NONE', *, *, #3488, .T. ) ;
#938 = EDGE_CURVE ( 'NONE', #5362, #6666, #596, .T. ) ;
#939 = EDGE_CURVE ( 'NONE', #7081, #4525, #1212, .T. ) ;
#940 = DIRECTION ( 'NONE',  ( 0.8660254037844387076, 0.000000000000000000, 0.4999999999999998335 ) ) ;
#941 = LINE ( 'NONE', #3183, #2563 ) ;
#942 = CARTESIAN_POINT ( 'NONE',  ( 11.99999999999997335, 0.000000000000000000, -12.70170592217178118 ) ) ;
#943 = ORIENTED_EDGE ( 'NONE', *, *, #4826, .T. ) ;
#944 = ORIENTED_EDGE ( 'NONE', *, *, #684, .T. ) ;
#945 = ORIENTED_EDGE ( 'NONE', *, *, #4336, .T. ) ;
#946 = CIRCLE ( 'NONE', #4577, 1.500000000000001332 ) ;
#947 = EDGE_CURVE ( 'NONE', #574, #1101, #4482, .T. ) ;
#948 = ORIENTED_EDGE ( 'NONE', *, *, #6324, .F. ) ;
#949 = LINE ( 'NONE', #4399, #5859 ) ;
#950 = CARTESIAN_POINT ( 'NONE',  ( 15.75499999999999545, 2.500000000000000000, 14.25500000000000078 ) ) ;
#951 = FACE_BOUND ( 'NONE', #4019, .T. ) ;
#952 = LINE ( 'NONE', #5854, #2167 ) ;
#953 = ORIENTED_EDGE ( 'NONE', *, *, #611, .F. ) ;
#954 = FACE_OUTER_BOUND ( 'NONE', #2011, .T. ) ;
#955 = ORIENTED_EDGE ( 'NONE', *, *, #3836, .F. ) ;
#956 = EDGE_LOOP ( 'NONE', ( #2166, #2362, #6863, #1771 ) ) ;
#957 = CARTESIAN_POINT ( 'NONE',  ( -15.75500000000000789, 1.500000000000000000, 15.75500000000000078 ) ) ;
#958 = FACE_OUTER_BOUND ( 'NONE', #1467, .T. ) ;
#959 = ADVANCED_FACE ( 'NONE', ( #5643 ), #5081, .F. ) ;
#960 = CARTESIAN_POINT ( 'NONE',  ( -13.99999999999988987, 0.000000000000000000, 11.54700538379254837 ) ) ;
#961 = ORIENTED_EDGE ( 'NONE', *, *, #1041, .T. ) ;
#962 = CARTESIAN_POINT ( 'NONE',  ( 6.000000000000149214, 1.500000000000000000, 12.70170592217169769 ) ) ;
#963 = FACE_OUTER_BOUND ( 'NONE', #626, .T. ) ;
#964 = EDGE_CURVE ( 'NONE', #2626, #5449, #27, .T. ) ;
#965 = CARTESIAN_POINT ( 'NONE',  ( 2.999999999999993339, 1.500000000000000000, -2.886751345948133540 ) ) ;
#966 = CARTESIAN_POINT ( 'NONE',  ( 16.99999999999997868, 1.500000000000000000, -4.041451884327467603 ) ) ;
#967 = VERTEX_POINT ( 'NONE', #3972 ) ;
#968 = EDGE_LOOP ( 'NONE', ( #4009, #719, #3075, #1646 ) ) ;
#969 = ORIENTED_EDGE ( 'NONE', *, *, #6133, .F. ) ;
#970 = DIRECTION ( 'NONE',  ( -0.8660254037844434816, 0.000000000000000000, -0.4999999999999916178 ) ) ;
#971 = ORIENTED_EDGE ( 'NONE', *, *, #4258, .F. ) ;
#972 = EDGE_CURVE ( 'NONE', #1287, #2388, #6741, .T. ) ;
#973 = LINE ( 'NONE', #2185, #1800 ) ;
#974 = DIRECTION ( 'NONE',  ( 1.000000000000000000, 0.000000000000000000, -1.502314598737158045E-15 ) ) ;
#975 = DIRECTION ( 'NONE',  ( 0.8660254037844363761, 0.000000000000000000, -0.5000000000000038858 ) ) ;
#976 = ORIENTED_EDGE ( 'NONE', *, *, #169, .T. ) ;
#977 = VERTEX_POINT ( 'NONE', #5190 ) ;
#978 = VERTEX_POINT ( 'NONE', #628 ) ;
#979 = ADVANCED_FACE ( 'NONE', ( #5115 ), #2389, .F. ) ;
#980 = ORIENTED_EDGE ( 'NONE', *, *, #6117, .T. ) ;
#981 = DIRECTION ( 'NONE',  ( -0.000000000000000000, -1.000000000000000000, -0.000000000000000000 ) ) ;
#982 = FACE_OUTER_BOUND ( 'NONE', #4243, .T. ) ;
#983 = AXIS2_PLACEMENT_3D ( 'NONE', #3513, #1783, #3991 ) ;
#984 = FACE_BOUND ( 'NONE', #6115, .T. ) ;
#985 = CARTESIAN_POINT ( 'NONE',  ( 5.999999999999998224, 2.501000000000000334, 2.309401076758503368 ) ) ;
#986 = EDGE_LOOP ( 'NONE', ( #6245, #3940, #1642, #609 ) ) ;
#987 = LINE ( 'NONE', #1096, #691 ) ;
#988 = ORIENTED_EDGE ( 'NONE', *, *, #1279, .T. ) ;
#989 = AXIS2_PLACEMENT_3D ( 'NONE', #1547, #4088, #7004 ) ;
#990 = EDGE_LOOP ( 'NONE', ( #4970, #7079, #1194, #5263 ) ) ;
#991 = CARTESIAN_POINT ( 'NONE',  ( 4.999999999999970690, 2.501000000000000334, 16.74085296108535914 ) ) ;
#992 = PLANE ( 'NONE',  #1729 ) ;
#993 = CARTESIAN_POINT ( 'NONE',  ( 4.999999999999971578, 0.000000000000000000, 14.43145188432685622 ) ) ;
#994 = AXIS2_PLACEMENT_3D ( 'NONE', #7175, #3853, #509 ) ;
#995 = LINE ( 'NONE', #6124, #3382 ) ;
#996 = VERTEX_POINT ( 'NONE', #6882 ) ;
#997 = FACE_OUTER_BOUND ( 'NONE', #4830, .T. ) ;
#998 = CARTESIAN_POINT ( 'NONE',  ( 4.999999999999985789, 2.501000000000000334, -6.350852961085895032 ) ) ;
#999 = DIRECTION ( 'NONE',  ( 0.000000000000000000, 0.000000000000000000, -1.000000000000000000 ) ) ;
#1000 = DIRECTION ( 'NONE',  ( 0.000000000000000000, 0.000000000000000000, 1.000000000000000000 ) ) ;
#1001 = ORIENTED_EDGE ( 'NONE', *, *, #6011, .F. ) ;
#1002 = CARTESIAN_POINT ( 'NONE',  ( -6.999999999999712230, 0.000000000000000000, -6.350852961086427051 ) ) ;
#1003 = ORIENTED_EDGE ( 'NONE', *, *, #4341, .T. ) ;
#1004 = EDGE_LOOP ( 'NONE', ( #2802, #1896 ) ) ;
#1005 = CARTESIAN_POINT ( 'NONE',  ( -11.99999999999987921, 2.501000000000000334, 12.70170592217178118 ) ) ;
#1006 = ORIENTED_EDGE ( 'NONE', *, *, #185, .T. ) ;
#1007 = LINE ( 'NONE', #4422, #6981 ) ;
#1008 = CARTESIAN_POINT ( 'NONE',  ( 2.000000000000447198, 2.501000000000000334, -11.54700538379282904 ) ) ;
#1009 = DIRECTION ( 'NONE',  ( 0.8660254037844408170, 0.000000000000000000, 0.4999999999999961697 ) ) ;
#1010 = VERTEX_POINT ( 'NONE', #6848 ) ;
#1011 = EDGE_LOOP ( 'NONE', ( #5784, #6592, #196, #5350 ) ) ;
#1012 = ORIENTED_EDGE ( 'NONE', *, *, #1618, .T. ) ;
#1013 = DIRECTION ( 'NONE',  ( 1.000000000000000000, 0.000000000000000000, 0.000000000000000000 ) ) ;
#1014 = LINE ( 'NONE', #7283, #2567 ) ;
#1015 = CIRCLE ( 'NONE', #2665, 1.500000000000001332 ) ;
#1016 = CARTESIAN_POINT ( 'NONE',  ( 8.999999999999969802, 2.501000000000000334, -7.505553499465213108 ) ) ;
#1017 = FACE_BOUND ( 'NONE', #4101, .T. ) ;
#1018 = LINE ( 'NONE', #7249, #290 ) ;
#1019 = ORIENTED_EDGE ( 'NONE', *, *, #2008, .F. ) ;
#1020 = EDGE_CURVE ( 'NONE', #3232, #1236, #3489, .T. ) ;
#1021 = ADVANCED_FACE ( 'NONE', ( #3933 ), #5752, .F. ) ;
#1022 = VECTOR ( 'NONE', #346, 1000.000000000000000 ) ;
#1023 = LINE ( 'NONE', #6593, #6455 ) ;
#1024 = ORIENTED_EDGE ( 'NONE', *, *, #4887, .F. ) ;
#1025 = VECTOR ( 'NONE', #3870, 1000.000000000000114 ) ;
#1026 = ADVANCED_FACE ( 'NONE', ( #6340 ), #1289, .F. ) ;
#1027 = VECTOR ( 'NONE', #3529, 1000.000000000000000 ) ;
#1028 = VERTEX_POINT ( 'NONE', #4555 ) ;
#1029 = CARTESIAN_POINT ( 'NONE',  ( -3.999999999999889866, 1.500000000000000000, 11.54700538379255192 ) ) ;
#1030 = PLANE ( 'NONE',  #3846 ) ;
#1031 = CARTESIAN_POINT ( 'NONE',  ( 4.999999999999989342, 0.000000000000000000, -4.041451884327390331 ) ) ;
#1032 = ADVANCED_FACE ( 'NONE', ( #812 ), #6408, .F. ) ;
#1033 = EDGE_CURVE ( 'NONE', #1047, #3338, #6448, .T. ) ;
#1034 = VECTOR ( 'NONE', #2531, 1000.000000000000000 ) ;
#1035 = EDGE_CURVE ( 'NONE', #4228, #5547, #2502, .T. ) ;
#1036 = VECTOR ( 'NONE', #889, 999.9999999999998863 ) ;
#1037 = VECTOR ( 'NONE', #6590, 1000.000000000000000 ) ;
#1038 = ORIENTED_EDGE ( 'NONE', *, *, #6520, .F. ) ;
#1039 = AXIS2_PLACEMENT_3D ( 'NONE', #6930, #1877, #1254 ) ;
#1040 = DIRECTION ( 'NONE',  ( -0.000000000000000000, -1.000000000000000000, -0.000000000000000000 ) ) ;
#1041 = EDGE_CURVE ( 'NONE', #3796, #4118, #4112, .T. ) ;
#1042 = CARTESIAN_POINT ( 'NONE',  ( -10.99999999999971045, 1.500000000000000000, -4.041451884327926791 ) ) ;
#1043 = EDGE_CURVE ( 'NONE', #4293, #4390, #3011, .T. ) ;
#1044 = CARTESIAN_POINT ( 'NONE',  ( -19.99999999999999645, 2.500000000000000000, 20.00000000000000000 ) ) ;
#1045 = VECTOR ( 'NONE', #1661, 1000.000000000000000 ) ;
#1046 = DIRECTION ( 'NONE',  ( -0.8660254037844363761, 0.000000000000000000, 0.5000000000000038858 ) ) ;
#1047 = VERTEX_POINT ( 'NONE', #3638 ) ;
#1048 = VECTOR ( 'NONE', #1542, 1000.000000000000000 ) ;
#1049 = VERTEX_POINT ( 'NONE', #6925 ) ;
#1050 = CARTESIAN_POINT ( 'NONE',  ( -6.999999999999712230, 1.500000000000000000, -4.041451884327926791 ) ) ;
#1051 = VERTEX_POINT ( 'NONE', #5378 ) ;
#1052 = PLANE ( 'NONE',  #2161 ) ;
#1053 = CARTESIAN_POINT ( 'NONE',  ( 3.000000000000087486, 2.501000000000000334, 7.505553499465101197 ) ) ;
#1054 = DIRECTION ( 'NONE',  ( -0.8660254037844444808, 0.000000000000000000, -0.4999999999999899525 ) ) ;
#1055 = ORIENTED_EDGE ( 'NONE', *, *, #2722, .F. ) ;
#1056 = ORIENTED_EDGE ( 'NONE', *, *, #3569, .T. ) ;
#1057 = EDGE_LOOP ( 'NONE', ( #1095, #3366, #6898, #6396, #3830, #5930 ) ) ;
#1058 = ORIENTED_EDGE ( 'NONE', *, *, #6731, .T. ) ;
#1059 = CIRCLE ( 'NONE', #5172, 2.700000000000001066 ) ;
#1060 = CARTESIAN_POINT ( 'NONE',  ( 6.000000000000094147, 0.000000000000000000, 8.082903768654690069 ) ) ;
#1061 = DIRECTION ( 'NONE',  ( 0.8660254037844352659, 0.000000000000000000, -0.5000000000000057732 ) ) ;
#1062 = DIRECTION ( 'NONE',  ( 0.8660254037844385966, 0.000000000000000000, 0.5000000000000001110 ) ) ;
#1063 = CARTESIAN_POINT ( 'NONE',  ( 13.99999999999997513, 2.501000000000000334, -11.54700538379253416 ) ) ;
#1064 = ORIENTED_EDGE ( 'NONE', *, *, #4397, .F. ) ;
#1065 = FACE_OUTER_BOUND ( 'NONE', #5503, .T. ) ;
#1066 = EDGE_CURVE ( 'NONE', #1667, #6468, #293, .T. ) ;
#1067 = ORIENTED_EDGE ( 'NONE', *, *, #526, .F. ) ;
#1068 = EDGE_CURVE ( 'NONE', #5910, #6289, #4821, .T. ) ;
#1069 = ORIENTED_EDGE ( 'NONE', *, *, #3084, .F. ) ;
#1070 = CARTESIAN_POINT ( 'NONE',  ( -6.000000000000039080, 0.000000000000000000, -8.082903768654736254 ) ) ;
#1071 = CARTESIAN_POINT ( 'NONE',  ( -1.000000000000029532, 0.000000000000000000, 16.74085296108535914 ) ) ;
#1072 = ADVANCED_FACE ( 'NONE', ( #5266 ), #4780, .F. ) ;
#1073 = CARTESIAN_POINT ( 'NONE',  ( -5.000000000000020428, 1.500000000000000000, -4.041451884327353916 ) ) ;
#1074 = ORIENTED_EDGE ( 'NONE', *, *, #708, .T. ) ;
#1075 = EDGE_CURVE ( 'NONE', #2892, #3548, #1873, .T. ) ;
#1076 = DIRECTION ( 'NONE',  ( 0.8660254037844385966, 0.000000000000000000, -0.4999999999999999445 ) ) ;
#1077 = DIRECTION ( 'NONE',  ( 0.000000000000000000, 0.000000000000000000, -1.000000000000000000 ) ) ;
#1078 = CARTESIAN_POINT ( 'NONE',  ( 1.000000000000045741, 1.500000000000000000, 4.041451884327369903 ) ) ;
#1079 = LINE ( 'NONE', #7115, #6900 ) ;
#1080 = ORIENTED_EDGE ( 'NONE', *, *, #531, .T. ) ;
#1081 = EDGE_CURVE ( 'NONE', #4690, #1516, #1403, .T. ) ;
#1082 = DIRECTION ( 'NONE',  ( 0.4999999999999995004, -0.000000000000000000, 0.8660254037844389297 ) ) ;
#1083 = ORIENTED_EDGE ( 'NONE', *, *, #3095, .F. ) ;
#1084 = DIRECTION ( 'NONE',  ( -0.8660254037844411501, 0.000000000000000000, -0.4999999999999957812 ) ) ;
#1085 = DIRECTION ( 'NONE',  ( 1.000000000000000000, 0.000000000000000000, -1.877893248421447063E-16 ) ) ;
#1086 = LINE ( 'NONE', #7167, #6434 ) ;
#1087 = ORIENTED_EDGE ( 'NONE', *, *, #7090, .F. ) ;
#1088 = ORIENTED_EDGE ( 'NONE', *, *, #3755, .T. ) ;
#1089 = ORIENTED_EDGE ( 'NONE', *, *, #841, .F. ) ;
#1090 = CARTESIAN_POINT ( 'NONE',  ( 7.000000000000047962, 1.500000000000000000, 4.041451884327340593 ) ) ;
#1091 = CARTESIAN_POINT ( 'NONE',  ( -14.99999999999999289, 2.501000000000000334, 2.886751345947561553 ) ) ;
#1092 = LINE ( 'NONE', #4329, #5453 ) ;
#1093 = DIRECTION ( 'NONE',  ( -1.164293814021299339E-14, 0.000000000000000000, -1.000000000000000000 ) ) ;
#1094 = DIRECTION ( 'NONE',  ( 0.8660254037844405950, -0.000000000000000000, 0.4999999999999966693 ) ) ;
#1095 = ORIENTED_EDGE ( 'NONE', *, *, #1871, .T. ) ;
#1096 = CARTESIAN_POINT ( 'NONE',  ( 14.00000000000013323, 0.000000000000000000, 11.54700538379242403 ) ) ;
#1097 = AXIS2_PLACEMENT_3D ( 'NONE', #6823, #2363, #603 ) ;
#1098 = EDGE_LOOP ( 'NONE', ( #5399, #4529, #5080, #2386, #1196, #6465 ) ) ;
#1099 = ADVANCED_FACE ( 'NONE', ( #769 ), #223, .F. ) ;
#1100 = VECTOR ( 'NONE', #7272, 1000.000000000000000 ) ;
#1101 = VERTEX_POINT ( 'NONE', #3670 ) ;
#1102 = DIRECTION ( 'NONE',  ( 0.000000000000000000, 0.000000000000000000, 1.000000000000000000 ) ) ;
#1103 = CARTESIAN_POINT ( 'NONE',  ( -15.75500000000000789, 1.500000000000000000, 14.25500000000000078 ) ) ;
#1104 = FACE_OUTER_BOUND ( 'NONE', #3336, .T. ) ;
#1105 = EDGE_CURVE ( 'NONE', #1702, #6345, #4255, .T. ) ;
#1106 = AXIS2_PLACEMENT_3D ( 'NONE', #855, #3062, #3607 ) ;
#1107 = VERTEX_POINT ( 'NONE', #4143 ) ;
#1108 = CARTESIAN_POINT ( 'NONE',  ( 4.000000000000133227, 1.500000000000000000, 11.54700538379246844 ) ) ;
#1109 = CARTESIAN_POINT ( 'NONE',  ( 2.000000000000447198, 0.000000000000000000, -11.54700538379282904 ) ) ;
#1110 = VECTOR ( 'NONE', #1094, 1000.000000000000114 ) ;
#1111 = CARTESIAN_POINT ( 'NONE',  ( -6.000000000000039080, 2.501000000000000334, -8.082903768654736254 ) ) ;
#1112 = DIRECTION ( 'NONE',  ( 0.000000000000000000, 0.000000000000000000, -1.000000000000000000 ) ) ;
#1113 = EDGE_CURVE ( 'NONE', #4281, #3586, #5225, .T. ) ;
#1114 = ADVANCED_FACE ( 'NONE', ( #3594 ), #4223, .F. ) ;
#1115 = VECTOR ( 'NONE', #357, 1000.000000000000000 ) ;
#1116 = EDGE_LOOP ( 'NONE', ( #3728, #3854, #3884, #1308 ) ) ;
#1117 = CARTESIAN_POINT ( 'NONE',  ( -15.75500000000000078, 2.500000000000000000, -14.25500000000000078 ) ) ;
#1118 = ORIENTED_EDGE ( 'NONE', *, *, #4946, .T. ) ;
#1119 = DIRECTION ( 'NONE',  ( 0.000000000000000000, 1.000000000000000000, 0.000000000000000000 ) ) ;
#1120 = DIRECTION ( 'NONE',  ( -0.000000000000000000, -1.000000000000000000, -0.000000000000000000 ) ) ;
#1121 = CARTESIAN_POINT ( 'NONE',  ( -4.999999999999921840, 2.501000000000000334, -16.74315781108585810 ) ) ;
#1122 = ORIENTED_EDGE ( 'NONE', *, *, #4517, .F. ) ;
#1123 = VERTEX_POINT ( 'NONE', #5931 ) ;
#1124 = ORIENTED_EDGE ( 'NONE', *, *, #7027, .T. ) ;
#1125 = ORIENTED_EDGE ( 'NONE', *, *, #3798, .F. ) ;
#1126 = CARTESIAN_POINT ( 'NONE',  ( -8.999999999999710454, 1.500000000000000000, -7.505553499465677625 ) ) ;
#1127 = CARTESIAN_POINT ( 'NONE',  ( -0.9999999999999610312, 0.000000000000000000, 4.041451884327389443 ) ) ;
#1128 = CARTESIAN_POINT ( 'NONE',  ( 14.00000000000013323, 0.000000000000000000, 11.54700538379242403 ) ) ;
#1129 = ORIENTED_EDGE ( 'NONE', *, *, #705, .F. ) ;
#1130 = EDGE_CURVE ( 'NONE', #360, #5397, #3123, .T. ) ;
#1131 = LINE ( 'NONE', #5632, #6222 ) ;
#1132 = ORIENTED_EDGE ( 'NONE', *, *, #5667, .T. ) ;
#1133 = VECTOR ( 'NONE', #6556, 1000.000000000000114 ) ;
#1134 = CARTESIAN_POINT ( 'NONE',  ( -19.99999999999999645, 0.000000000000000000, 16.00000000000000355 ) ) ;
#1135 = LINE ( 'NONE', #6705, #445 ) ;
#1136 = LINE ( 'NONE', #1031, #6869 ) ;
#1137 = CARTESIAN_POINT ( 'NONE',  ( 16.00000000000000711, 0.000000000000000000, 20.00000000000000000 ) ) ;
#1138 = ADVANCED_FACE ( 'NONE', ( #1322 ), #1470, .F. ) ;
#1139 = AXIS2_PLACEMENT_3D ( 'NONE', #377, #3240, #2107 ) ;
#1140 = ORIENTED_EDGE ( 'NONE', *, *, #6710, .T. ) ;
#1141 = VECTOR ( 'NONE', #783, 1000.000000000000227 ) ;
#1142 = ORIENTED_EDGE ( 'NONE', *, *, #2277, .T. ) ;
#1143 = DIRECTION ( 'NONE',  ( -0.4999999999999957256, 0.000000000000000000, 0.8660254037844411501 ) ) ;
#1144 = VECTOR ( 'NONE', #3004, 1000.000000000000000 ) ;
#1145 = DIRECTION ( 'NONE',  ( -1.000000000000000000, 0.000000000000000000, 4.506943796211473347E-15 ) ) ;
#1146 = CIRCLE ( 'NONE', #3145, 2.700000000000001066 ) ;
#1147 = AXIS2_PLACEMENT_3D ( 'NONE', #3444, #4104, #2966 ) ;
#1148 = LINE ( 'NONE', #4943, #6688 ) ;
#1149 = DIRECTION ( 'NONE',  ( 0.000000000000000000, -1.000000000000000000, 0.000000000000000000 ) ) ;
#1150 = AXIS2_PLACEMENT_3D ( 'NONE', #6624, #6112, #2086 ) ;
#1151 = VECTOR ( 'NONE', #1326, 1000.000000000000000 ) ;
#1152 = EDGE_CURVE ( 'NONE', #85, #2458, #2169, .T. ) ;
#1153 = ORIENTED_EDGE ( 'NONE', *, *, #6105, .F. ) ;
#1154 = VECTOR ( 'NONE', #1293, 1000.000000000000000 ) ;
#1155 = DIRECTION ( 'NONE',  ( 0.000000000000000000, 0.000000000000000000, -1.000000000000000000 ) ) ;
#1156 = VERTEX_POINT ( 'NONE', #3706 ) ;
#1157 = CARTESIAN_POINT ( 'NONE',  ( -16.00000000000000355, 2.500000000000000000, -20.00000000000000000 ) ) ;
#1158 = AXIS2_PLACEMENT_3D ( 'NONE', #1850, #194, #18 ) ;
#1159 = DIRECTION ( 'NONE',  ( 0.8660254037844441477, 0.000000000000000000, 0.4999999999999902855 ) ) ;
#1160 = CARTESIAN_POINT ( 'NONE',  ( 2.326828918379970970E-15, 1.500000000000000000, -19.00000000000000000 ) ) ;
#1161 = VERTEX_POINT ( 'NONE', #6008 ) ;
#1162 = EDGE_CURVE ( 'NONE', #1690, #2280, #5010, .T. ) ;
#1163 = ORIENTED_EDGE ( 'NONE', *, *, #6117, .F. ) ;
#1164 = VERTEX_POINT ( 'NONE', #5966 ) ;
#1165 = AXIS2_PLACEMENT_3D ( 'NONE', #5984, #1998, #381 ) ;
#1166 = DIRECTION ( 'NONE',  ( -0.5000000000000046629, 0.000000000000000000, -0.8660254037844359321 ) ) ;
#1167 = EDGE_CURVE ( 'NONE', #5918, #3177, #919, .T. ) ;
#1168 = EDGE_CURVE ( 'NONE', #6983, #4352, #5450, .T. ) ;
#1169 = LINE ( 'NONE', #3952, #4857 ) ;
#1170 = DIRECTION ( 'NONE',  ( -0.8660254037844389297, 0.000000000000000000, 0.4999999999999995004 ) ) ;
#1171 = LINE ( 'NONE', #5213, #6990 ) ;
#1172 = VERTEX_POINT ( 'NONE', #6043 ) ;
#1173 = CARTESIAN_POINT ( 'NONE',  ( 12.99999999999998046, 0.000000000000000000, -4.041451884327456945 ) ) ;
#1174 = ORIENTED_EDGE ( 'NONE', *, *, #7154, .T. ) ;
#1175 = CARTESIAN_POINT ( 'NONE',  ( -15.75500000000000078, 1.500000000000000000, -15.75500000000000078 ) ) ;
#1176 = LINE ( 'NONE', #6918, #556 ) ;
#1177 = DIRECTION ( 'NONE',  ( -1.192462212747620411E-14, 0.000000000000000000, -1.000000000000000000 ) ) ;
#1178 = VECTOR ( 'NONE', #896, 1000.000000000000114 ) ;
#1179 = CARTESIAN_POINT ( 'NONE',  ( -13.99999999999990941, 2.501000000000000334, 9.237604307034041895 ) ) ;
#1180 = VERTEX_POINT ( 'NONE', #3162 ) ;
#1181 = ORIENTED_EDGE ( 'NONE', *, *, #3475, .T. ) ;
#1182 = LINE ( 'NONE', #661, #3247 ) ;
#1183 = CARTESIAN_POINT ( 'NONE',  ( -5.000000000000020428, 2.501000000000000334, -4.041451884327353916 ) ) ;
#1184 = PLANE ( 'NONE',  #213 ) ;
#1185 = CARTESIAN_POINT ( 'NONE',  ( -1.000000000000018208, 0.000000000000000000, -4.041451884327373456 ) ) ;
#1186 = DIRECTION ( 'NONE',  ( -0.000000000000000000, -1.000000000000000000, -0.000000000000000000 ) ) ;
#1187 = EDGE_LOOP ( 'NONE', ( #3346, #6279 ) ) ;
#1188 = CARTESIAN_POINT ( 'NONE',  ( -4.999999999999960920, 2.501000000000000334, 4.041451884327425859 ) ) ;
#1189 = VERTEX_POINT ( 'NONE', #7105 ) ;
#1190 = EDGE_CURVE ( 'NONE', #5895, #1525, #3198, .T. ) ;
#1191 = PLANE ( 'NONE',  #6286 ) ;
#1192 = DIRECTION ( 'NONE',  ( 0.000000000000000000, -1.000000000000000000, 0.000000000000000000 ) ) ;
#1193 = FACE_OUTER_BOUND ( 'NONE', #6841, .T. ) ;
#1194 = ORIENTED_EDGE ( 'NONE', *, *, #5076, .F. ) ;
#1195 = EDGE_CURVE ( 'NONE', #3286, #7198, #2724, .T. ) ;
#1196 = ORIENTED_EDGE ( 'NONE', *, *, #4522, .T. ) ;
#1197 = EDGE_LOOP ( 'NONE', ( #1840, #4843 ) ) ;
#1198 = CARTESIAN_POINT ( 'NONE',  ( -16.99999999999970868, 1.500000000000000000, -4.041451884327968536 ) ) ;
#1199 = DIRECTION ( 'NONE',  ( -7.511572993685799692E-15, 0.000000000000000000, -1.000000000000000000 ) ) ;
#1200 = DIRECTION ( 'NONE',  ( -0.5000000000000001110, 0.000000000000000000, 0.8660254037844387076 ) ) ;
#1201 = DIRECTION ( 'NONE',  ( 0.000000000000000000, 0.000000000000000000, -1.000000000000000000 ) ) ;
#1202 = ORIENTED_EDGE ( 'NONE', *, *, #5339, .F. ) ;
#1203 = ADVANCED_FACE ( 'NONE', ( #6598 ), #1545, .F. ) ;
#1204 = ORIENTED_EDGE ( 'NONE', *, *, #3339, .F. ) ;
#1205 = EDGE_CURVE ( 'NONE', #977, #291, #2691, .T. ) ;
#1206 = DIRECTION ( 'NONE',  ( -3.755786496842901029E-16, 0.000000000000000000, 1.000000000000000000 ) ) ;
#1207 = LINE ( 'NONE', #5145, #792 ) ;
#1208 = DIRECTION ( 'NONE',  ( 0.8660254037844382635, 0.000000000000000000, 0.5000000000000004441 ) ) ;
#1209 = DIRECTION ( 'NONE',  ( 0.000000000000000000, 0.000000000000000000, -1.000000000000000000 ) ) ;
#1210 = ORIENTED_EDGE ( 'NONE', *, *, #3181, .F. ) ;
#1211 = ORIENTED_EDGE ( 'NONE', *, *, #1334, .F. ) ;
#1212 = LINE ( 'NONE', #3421, #5374 ) ;
#1213 = AXIS2_PLACEMENT_3D ( 'NONE', #5018, #7270, #2220 ) ;
#1214 = CYLINDRICAL_SURFACE ( 'NONE', #2785, 4.000000000000000000 ) ;
#1215 = CARTESIAN_POINT ( 'NONE',  ( 15.00000000000004619, 1.500000000000000000, 2.886751345948089575 ) ) ;
#1216 = VECTOR ( 'NONE', #1967, 1000.000000000000227 ) ;
#1217 = CARTESIAN_POINT ( 'NONE',  ( 1.000000000000078160, 0.000000000000000000, -16.74315781108585810 ) ) ;
#1218 = PLANE ( 'NONE',  #7139 ) ;
#1219 = EDGE_CURVE ( 'NONE', #830, #886, #4294, .T. ) ;
#1220 = EDGE_LOOP ( 'NONE', ( #5594, #1356, #7279, #3109, #1204, #3844 ) ) ;
#1221 = VECTOR ( 'NONE', #3897, 1000.000000000000000 ) ;
#1222 = DIRECTION ( 'NONE',  ( -0.8660254037844342667, 0.000000000000000000, 0.5000000000000075495 ) ) ;
#1223 = ORIENTED_EDGE ( 'NONE', *, *, #141, .T. ) ;
#1224 = LINE ( 'NONE', #6380, #2894 ) ;
#1225 = CARTESIAN_POINT ( 'NONE',  ( 14.00000000000000000, 0.000000000000000000, -1.154700538379251018 ) ) ;
#1226 = PLANE ( 'NONE',  #203 ) ;
#1227 = CARTESIAN_POINT ( 'NONE',  ( 1.999999999999999112, 0.000000000000000000, 1.154700538379253683 ) ) ;
#1228 = ORIENTED_EDGE ( 'NONE', *, *, #3786, .T. ) ;
#1229 = AXIS2_PLACEMENT_3D ( 'NONE', #2891, #129, #3410 ) ;
#1230 = ORIENTED_EDGE ( 'NONE', *, *, #2819, .F. ) ;
#1231 = ORIENTED_EDGE ( 'NONE', *, *, #839, .T. ) ;
#1232 = PLANE ( 'NONE',  #2230 ) ;
#1233 = LINE ( 'NONE', #6250, #1450 ) ;
#1234 = PLANE ( 'NONE',  #7153 ) ;
#1235 = CARTESIAN_POINT ( 'NONE',  ( 3.999999999999998224, 1.500000000000000000, -1.154700538379251684 ) ) ;
#1236 = VERTEX_POINT ( 'NONE', #1029 ) ;
#1237 = VERTEX_POINT ( 'NONE', #6081 ) ;
#1238 = EDGE_CURVE ( 'NONE', #2246, #2372, #1015, .T. ) ;
#1239 = LINE ( 'NONE', #4660, #7028 ) ;
#1240 = EDGE_CURVE ( 'NONE', #3371, #2925, #5527, .T. ) ;
#1241 = DIRECTION ( 'NONE',  ( -0.8660254037844387076, 0.000000000000000000, -0.4999999999999998335 ) ) ;
#1242 = EDGE_CURVE ( 'NONE', #7241, #5377, #7183, .T. ) ;
#1243 = LINE ( 'NONE', #2969, #284 ) ;
#1244 = CARTESIAN_POINT ( 'NONE',  ( -8.999999999999710454, 2.501000000000000334, -7.505553499465677625 ) ) ;
#1245 = ADVANCED_FACE ( 'NONE', ( #2098 ), #4338, .F. ) ;
#1246 = EDGE_LOOP ( 'NONE', ( #2992, #426, #7042, #1536, #5216, #1297 ) ) ;
#1247 = ORIENTED_EDGE ( 'NONE', *, *, #2398, .T. ) ;
#1248 = DIRECTION ( 'NONE',  ( -0.8660254037844411501, 0.000000000000000000, -0.4999999999999957256 ) ) ;
#1249 = ADVANCED_FACE ( 'NONE', ( #2949 ), #1881, .F. ) ;
#1250 = EDGE_CURVE ( 'NONE', #5470, #996, #3023, .T. ) ;
#1251 = DIRECTION ( 'NONE',  ( -1.201851678989728329E-14, 0.000000000000000000, -1.000000000000000000 ) ) ;
#1252 = CARTESIAN_POINT ( 'NONE',  ( 15.75499999999999545, 2.501000000000000334, 17.25500000000000256 ) ) ;
#1253 = AXIS2_PLACEMENT_3D ( 'NONE', #6517, #6995, #6371 ) ;
#1254 = DIRECTION ( 'NONE',  ( 0.000000000000000000, 0.000000000000000000, 1.000000000000000000 ) ) ;
#1255 = CARTESIAN_POINT ( 'NONE',  ( 2.999999999999969802, 2.501000000000000334, 17.89555349946460794 ) ) ;
#1256 = VECTOR ( 'NONE', #1521, 1000.000000000000000 ) ;
#1257 = ORIENTED_EDGE ( 'NONE', *, *, #3798, .T. ) ;
#1258 = AXIS2_PLACEMENT_3D ( 'NONE', #344, #4264, #5978 ) ;
#1259 = CARTESIAN_POINT ( 'NONE',  ( -15.75500000000000789, 1.500000000000000000, 15.75500000000000078 ) ) ;
#1260 = EDGE_LOOP ( 'NONE', ( #5079, #6973, #2348, #5448 ) ) ;
#1261 = CARTESIAN_POINT ( 'NONE',  ( -0.9999999999999610312, 0.000000000000000000, 4.041451884327389443 ) ) ;
#1262 = AXIS2_PLACEMENT_3D ( 'NONE', #3549, #3663, #6365 ) ;
#1263 = CARTESIAN_POINT ( 'NONE',  ( 14.00000000000011013, 0.000000000000000000, 9.237604307033919326 ) ) ;
#1264 = DIRECTION ( 'NONE',  ( 0.8660254037844434816, 0.000000000000000000, 0.4999999999999916178 ) ) ;
#1265 = DIRECTION ( 'NONE',  ( -0.000000000000000000, -1.000000000000000000, -0.000000000000000000 ) ) ;
#1266 = ORIENTED_EDGE ( 'NONE', *, *, #1325, .F. ) ;
#1267 = AXIS2_PLACEMENT_3D ( 'NONE', #4892, #406, #336 ) ;
#1268 = AXIS2_PLACEMENT_3D ( 'NONE', #2633, #4356, #2040 ) ;
#1269 = ORIENTED_EDGE ( 'NONE', *, *, #3215, .T. ) ;
#1270 = VECTOR ( 'NONE', #2943, 1000.000000000000114 ) ;
#1271 = VERTEX_POINT ( 'NONE', #1261 ) ;
#1272 = LINE ( 'NONE', #125, #2932 ) ;
#1273 = ORIENTED_EDGE ( 'NONE', *, *, #4490, .T. ) ;
#1274 = EDGE_CURVE ( 'NONE', #7198, #158, #4682, .T. ) ;
#1275 = CARTESIAN_POINT ( 'NONE',  ( 8.999999999999980460, 2.501000000000000334, -2.886751345948211256 ) ) ;
#1276 = FACE_OUTER_BOUND ( 'NONE', #5325, .T. ) ;
#1277 = CARTESIAN_POINT ( 'NONE',  ( -6.000000000000038192, 1.500000000000000000, -8.082903768654736254 ) ) ;
#1278 = ORIENTED_EDGE ( 'NONE', *, *, #1068, .T. ) ;
#1279 = EDGE_CURVE ( 'NONE', #6079, #830, #147, .T. ) ;
#1280 = AXIS2_PLACEMENT_3D ( 'NONE', #6765, #5767, #2481 ) ;
#1281 = VERTEX_POINT ( 'NONE', #6967 ) ;
#1282 = LINE ( 'NONE', #4545, #327 ) ;
#1283 = CARTESIAN_POINT ( 'NONE',  ( -4.999999999999940492, 2.501000000000000334, 6.350852961085931447 ) ) ;
#1284 = PLANE ( 'NONE',  #6052 ) ;
#1285 = DIRECTION ( 'NONE',  ( 0.5000000000000003331, 0.000000000000000000, -0.8660254037844385966 ) ) ;
#1286 = ADVANCED_FACE ( 'NONE', ( #6273 ), #6857, .F. ) ;
#1287 = VERTEX_POINT ( 'NONE', #4601 ) ;
#1288 = ORIENTED_EDGE ( 'NONE', *, *, #4733, .T. ) ;
#1289 = PLANE ( 'NONE',  #6889 ) ;
#1290 = EDGE_CURVE ( 'NONE', #3186, #2060, #1224, .T. ) ;
#1291 = DIRECTION ( 'NONE',  ( 0.000000000000000000, 0.000000000000000000, -1.000000000000000000 ) ) ;
#1292 = AXIS2_PLACEMENT_3D ( 'NONE', #4467, #2747, #468 ) ;
#1293 = DIRECTION ( 'NONE',  ( -0.000000000000000000, -1.000000000000000000, -0.000000000000000000 ) ) ;
#1294 = FACE_OUTER_BOUND ( 'NONE', #3500, .T. ) ;
#1295 = CARTESIAN_POINT ( 'NONE',  ( 1.539567084929416296E-13, 0.000000000000000000, 8.082903768654778887 ) ) ;
#1296 = EDGE_CURVE ( 'NONE', #4649, #5176, #711, .T. ) ;
#1297 = ORIENTED_EDGE ( 'NONE', *, *, #2571, .T. ) ;
#1298 = LINE ( 'NONE', #2984, #6976 ) ;
#1299 = LINE ( 'NONE', #743, #5249 ) ;
#1300 = DIRECTION ( 'NONE',  ( -0.000000000000000000, -1.000000000000000000, -0.000000000000000000 ) ) ;
#1301 = CARTESIAN_POINT ( 'NONE',  ( -11.99999999999987921, 1.500000000000000000, 12.70170592217178118 ) ) ;
#1302 = CARTESIAN_POINT ( 'NONE',  ( -15.75500000000000078, 0.000000000000000000, -15.75500000000000078 ) ) ;
#1303 = ORIENTED_EDGE ( 'NONE', *, *, #4374, .T. ) ;
#1304 = PLANE ( 'NONE',  #2100 ) ;
#1305 = EDGE_LOOP ( 'NONE', ( #4393, #5473, #2474, #7091 ) ) ;
#1306 = ORIENTED_EDGE ( 'NONE', *, *, #6806, .T. ) ;
#1307 = CARTESIAN_POINT ( 'NONE',  ( 1.000000000000088596, 1.500000000000000000, -14.43375673432735518 ) ) ;
#1308 = ORIENTED_EDGE ( 'NONE', *, *, #2466, .F. ) ;
#1309 = CARTESIAN_POINT ( 'NONE',  ( 5.000000000000073719, 0.000000000000000000, 6.350852961085825754 ) ) ;
#1310 = DIRECTION ( 'NONE',  ( -0.000000000000000000, -1.000000000000000000, -0.000000000000000000 ) ) ;
#1311 = CARTESIAN_POINT ( 'NONE',  ( 9.999999999999998224, 2.501000000000000334, 1.154700538379252128 ) ) ;
#1312 = ORIENTED_EDGE ( 'NONE', *, *, #4109, .T. ) ;
#1313 = ORIENTED_EDGE ( 'NONE', *, *, #2310, .T. ) ;
#1314 = DIRECTION ( 'NONE',  ( 0.8660254037844434816, 0.000000000000000000, 0.4999999999999915623 ) ) ;
#1315 = DIRECTION ( 'NONE',  ( 0.4999999999999966693, 0.000000000000000000, -0.8660254037844405950 ) ) ;
#1316 = CARTESIAN_POINT ( 'NONE',  ( 13.99999999999997691, 2.501000000000000334, -9.237604307034029461 ) ) ;
#1317 = CARTESIAN_POINT ( 'NONE',  ( 11.00000000000004441, 2.501000000000000334, 4.041451884327340593 ) ) ;
#1318 = VERTEX_POINT ( 'NONE', #1807 ) ;
#1319 = EDGE_CURVE ( 'NONE', #4254, #6751, #4640, .T. ) ;
#1320 = EDGE_LOOP ( 'NONE', ( #4253, #690, #4896, #6865 ) ) ;
#1321 = EDGE_CURVE ( 'NONE', #5499, #2180, #1843, .T. ) ;
#1322 = FACE_OUTER_BOUND ( 'NONE', #784, .T. ) ;
#1323 = CARTESIAN_POINT ( 'NONE',  ( 11.99999999999997335, 1.500000000000000000, -12.70170592217178118 ) ) ;
#1324 = CARTESIAN_POINT ( 'NONE',  ( -2.999999999999905409, 1.500000000000000000, -13.27905619594811348 ) ) ;
#1325 = EDGE_CURVE ( 'NONE', #4212, #3466, #5315, .T. ) ;
#1326 = DIRECTION ( 'NONE',  ( -0.000000000000000000, -1.000000000000000000, -0.000000000000000000 ) ) ;
#1327 = PLANE ( 'NONE',  #3258 ) ;
#1328 = ORIENTED_EDGE ( 'NONE', *, *, #2459, .T. ) ;
#1329 = CARTESIAN_POINT ( 'NONE',  ( -8.000000000000044409, 1.500000000000000000, -9.237604307033979723 ) ) ;
#1330 = CARTESIAN_POINT ( 'NONE',  ( -14.99999999999971045, 1.500000000000000000, -7.505553499465719369 ) ) ;
#1331 = VECTOR ( 'NONE', #6142, 1000.000000000000114 ) ;
#1332 = ADVANCED_FACE ( 'NONE', ( #5762 ), #3570, .F. ) ;
#1333 = CARTESIAN_POINT ( 'NONE',  ( -1.000000000000029088, 0.000000000000000000, -6.350852961085877268 ) ) ;
#1334 = EDGE_CURVE ( 'NONE', #5799, #1669, #5828, .T. ) ;
#1335 = LINE ( 'NONE', #4603, #6558 ) ;
#1336 = FACE_OUTER_BOUND ( 'NONE', #5406, .T. ) ;
#1337 = ORIENTED_EDGE ( 'NONE', *, *, #7099, .F. ) ;
#1338 = FACE_OUTER_BOUND ( 'NONE', #726, .T. ) ;
#1339 = ORIENTED_EDGE ( 'NONE', *, *, #6991, .F. ) ;
#1340 = VECTOR ( 'NONE', #729, 1000.000000000000000 ) ;
#1341 = ORIENTED_EDGE ( 'NONE', *, *, #353, .T. ) ;
#1342 = DIRECTION ( 'NONE',  ( 0.000000000000000000, 0.000000000000000000, -1.000000000000000000 ) ) ;
#1343 = ADVANCED_FACE ( 'NONE', ( #3462 ), #673, .F. ) ;
#1344 = DIRECTION ( 'NONE',  ( 0.000000000000000000, 0.000000000000000000, -1.000000000000000000 ) ) ;
#1345 = VECTOR ( 'NONE', #5554, 999.9999999999998863 ) ;
#1346 = LINE ( 'NONE', #5841, #3616 ) ;
#1347 = DIRECTION ( 'NONE',  ( 0.8660254037844393737, 0.000000000000000000, 0.4999999999999985012 ) ) ;
#1348 = ORIENTED_EDGE ( 'NONE', *, *, #2134, .F. ) ;
#1349 = ORIENTED_EDGE ( 'NONE', *, *, #1912, .T. ) ;
#1350 = VERTEX_POINT ( 'NONE', #6347 ) ;
#1351 = CARTESIAN_POINT ( 'NONE',  ( -8.000000000000010658, 2.501000000000000334, -1.154700538379194841 ) ) ;
#1352 = LINE ( 'NONE', #3588, #4789 ) ;
#1353 = EDGE_CURVE ( 'NONE', #243, #6118, #117, .T. ) ;
#1354 = CARTESIAN_POINT ( 'NONE',  ( 15.75499999999999545, 1.500000000000000000, 17.25500000000000256 ) ) ;
#1355 = CARTESIAN_POINT ( 'NONE',  ( 8.000000000000000000, 0.000000000000000000, 1.154700538379251240 ) ) ;
#1356 = ORIENTED_EDGE ( 'NONE', *, *, #3510, .F. ) ;
#1357 = CARTESIAN_POINT ( 'NONE',  ( -10.00000000000001066, 1.500000000000000000, -1.154700538379182184 ) ) ;
#1358 = CARTESIAN_POINT ( 'NONE',  ( -12.00000000000001776, 0.000000000000000000, -2.309401076758419435 ) ) ;
#1359 = DIRECTION ( 'NONE',  ( 0.000000000000000000, 1.000000000000000000, 0.000000000000000000 ) ) ;
#1360 = EDGE_CURVE ( 'NONE', #1816, #3816, #1299, .T. ) ;
#1361 = FACE_OUTER_BOUND ( 'NONE', #3093, .T. ) ;
#1362 = FACE_OUTER_BOUND ( 'NONE', #3553, .T. ) ;
#1363 = ORIENTED_EDGE ( 'NONE', *, *, #1994, .T. ) ;
#1364 = CARTESIAN_POINT ( 'NONE',  ( -8.000000000000010658, 2.501000000000000334, -1.154700538379194841 ) ) ;
#1365 = AXIS2_PLACEMENT_3D ( 'NONE', #4592, #6191, #4516 ) ;
#1366 = CARTESIAN_POINT ( 'NONE',  ( -1.000000000000029532, 2.501000000000000334, 16.74085296108535914 ) ) ;
#1367 = EDGE_CURVE ( 'NONE', #1402, #1287, #2985, .T. ) ;
#1368 = CARTESIAN_POINT ( 'NONE',  ( -4.000000000000055067, 2.501000000000000334, -11.54700538379250041 ) ) ;
#1369 = VECTOR ( 'NONE', #4686, 999.9999999999998863 ) ;
#1370 = CARTESIAN_POINT ( 'NONE',  ( 8.000000000000133227, 1.500000000000000000, 11.54700538379242403 ) ) ;
#1371 = CARTESIAN_POINT ( 'NONE',  ( 14.99999999999998046, 2.501000000000000334, -2.886751345948211256 ) ) ;
#1372 = VERTEX_POINT ( 'NONE', #5234 ) ;
#1373 = CARTESIAN_POINT ( 'NONE',  ( -12.00000000000003908, 2.501000000000000334, -8.082903768654777110 ) ) ;
#1374 = ADVANCED_FACE ( 'NONE', ( #4793 ), #2619, .F. ) ;
#1375 = VECTOR ( 'NONE', #139, 1000.000000000000114 ) ;
#1376 = ORIENTED_EDGE ( 'NONE', *, *, #6964, .F. ) ;
#1377 = VERTEX_POINT ( 'NONE', #302 ) ;
#1378 = ADVANCED_FACE ( 'NONE', ( #963 ), #3131, .F. ) ;
#1379 = VECTOR ( 'NONE', #5741, 1000.000000000000000 ) ;
#1380 = DIRECTION ( 'NONE',  ( -0.8660254037844338226, 0.000000000000000000, 0.5000000000000081046 ) ) ;
#1381 = ORIENTED_EDGE ( 'NONE', *, *, #1425, .F. ) ;
#1382 = VECTOR ( 'NONE', #1826, 1000.000000000000000 ) ;
#1383 = DIRECTION ( 'NONE',  ( -0.000000000000000000, -1.000000000000000000, -0.000000000000000000 ) ) ;
#1384 = AXIS2_PLACEMENT_3D ( 'NONE', #7123, #974, #866 ) ;
#1385 = DIRECTION ( 'NONE',  ( -0.000000000000000000, -1.000000000000000000, -0.000000000000000000 ) ) ;
#1386 = CARTESIAN_POINT ( 'NONE',  ( 2.000000000000446754, 0.000000000000000000, -9.237604307034326112 ) ) ;
#1387 = ORIENTED_EDGE ( 'NONE', *, *, #3034, .F. ) ;
#1388 = VECTOR ( 'NONE', #2825, 1000.000000000000000 ) ;
#1389 = ADVANCED_FACE ( 'NONE', ( #4230 ), #4899, .F. ) ;
#1390 = VERTEX_POINT ( 'NONE', #3203 ) ;
#1391 = ORIENTED_EDGE ( 'NONE', *, *, #2337, .T. ) ;
#1392 = EDGE_CURVE ( 'NONE', #6289, #2408, #854, .T. ) ;
#1393 = VECTOR ( 'NONE', #3237, 1000.000000000000000 ) ;
#1394 = VECTOR ( 'NONE', #3731, 1000.000000000000000 ) ;
#1395 = DIRECTION ( 'NONE',  ( 0.8660254037844383745, 0.000000000000000000, 0.5000000000000003331 ) ) ;
#1396 = PLANE ( 'NONE',  #4077 ) ;
#1397 = DIRECTION ( 'NONE',  ( 1.000000000000000000, 0.000000000000000000, -1.734723475976807094E-16 ) ) ;
#1398 = AXIS2_PLACEMENT_3D ( 'NONE', #749, #5070, #3575 ) ;
#1399 = FACE_OUTER_BOUND ( 'NONE', #2122, .T. ) ;
#1400 = ORIENTED_EDGE ( 'NONE', *, *, #903, .F. ) ;
#1401 = EDGE_CURVE ( 'NONE', #2527, #2054, #888, .T. ) ;
#1402 = VERTEX_POINT ( 'NONE', #1519 ) ;
#1403 = LINE ( 'NONE', #7036, #6432 ) ;
#1404 = DIRECTION ( 'NONE',  ( -0.8660254037844373753, 0.000000000000000000, 0.5000000000000024425 ) ) ;
#1405 = FACE_BOUND ( 'NONE', #5769, .T. ) ;
#1406 = CARTESIAN_POINT ( 'NONE',  ( 4.999999999999971578, 1.500000000000000000, 14.43145188432685622 ) ) ;
#1407 = EDGE_LOOP ( 'NONE', ( #3509, #6648, #5196, #546 ) ) ;
#1408 = AXIS2_PLACEMENT_3D ( 'NONE', #3654, #2037, #3618 ) ;
#1409 = DIRECTION ( 'NONE',  ( -1.000000000000000000, 0.000000000000000000, 4.506943796211474136E-15 ) ) ;
#1410 = DIRECTION ( 'NONE',  ( 0.8660254037844418162, 0.000000000000000000, 0.4999999999999946709 ) ) ;
#1411 = LINE ( 'NONE', #1845, #5933 ) ;
#1412 = CARTESIAN_POINT ( 'NONE',  ( 2.326828918379970970E-15, 2.500000000000000000, -19.00000000000000000 ) ) ;
#1413 = LINE ( 'NONE', #857, #4662 ) ;
#1414 = ORIENTED_EDGE ( 'NONE', *, *, #5312, .F. ) ;
#1415 = PLANE ( 'NONE',  #2104 ) ;
#1416 = ORIENTED_EDGE ( 'NONE', *, *, #5995, .T. ) ;
#1417 = ORIENTED_EDGE ( 'NONE', *, *, #4327, .T. ) ;
#1418 = ADVANCED_FACE ( 'NONE', ( #5424, #6459 ), #7113, .T. ) ;
#1419 = LINE ( 'NONE', #3108, #1178 ) ;
#1420 = EDGE_LOOP ( 'NONE', ( #6229, #766, #3033, #4394 ) ) ;
#1421 = LINE ( 'NONE', #793, #31 ) ;
#1422 = LINE ( 'NONE', #3657, #5502 ) ;
#1423 = CYLINDRICAL_SURFACE ( 'NONE', #172, 2.700000000000001066 ) ;
#1424 = VERTEX_POINT ( 'NONE', #2062 ) ;
#1425 = EDGE_CURVE ( 'NONE', #4629, #5283, #7152, .T. ) ;
#1426 = ORIENTED_EDGE ( 'NONE', *, *, #1909, .T. ) ;
#1427 = ORIENTED_EDGE ( 'NONE', *, *, #4146, .T. ) ;
#1428 = ADVANCED_FACE ( 'NONE', ( #2027 ), #4303, .F. ) ;
#1429 = PLANE ( 'NONE',  #6203 ) ;
#1430 = DIRECTION ( 'NONE',  ( 0.8660254037844389297, 0.000000000000000000, -0.4999999999999995004 ) ) ;
#1431 = DIRECTION ( 'NONE',  ( -0.000000000000000000, -1.000000000000000000, -0.000000000000000000 ) ) ;
#1432 = EDGE_CURVE ( 'NONE', #5878, #5674, #4345, .T. ) ;
#1433 = DIRECTION ( 'NONE',  ( 0.8660254037845227515, 0.000000000000000000, -0.4999999999998542832 ) ) ;
#1434 = EDGE_LOOP ( 'NONE', ( #6496, #2198, #5858, #1983 ) ) ;
#1435 = ORIENTED_EDGE ( 'NONE', *, *, #4386, .F. ) ;
#1436 = CARTESIAN_POINT ( 'NONE',  ( 2.999999999999983569, 0.000000000000000000, -7.505553499465142941 ) ) ;
#1437 = LINE ( 'NONE', #3124, #787 ) ;
#1438 = ADVANCED_FACE ( 'NONE', ( #6567 ), #411, .F. ) ;
#1439 = PLANE ( 'NONE',  #921 ) ;
#1440 = ORIENTED_EDGE ( 'NONE', *, *, #6618, .T. ) ;
#1441 = DIRECTION ( 'NONE',  ( -0.000000000000000000, -1.000000000000000000, -0.000000000000000000 ) ) ;
#1442 = CARTESIAN_POINT ( 'NONE',  ( 16.99999999999997513, 0.000000000000000000, -6.350852961085965198 ) ) ;
#1443 = EDGE_CURVE ( 'NONE', #6738, #7223, #6605, .T. ) ;
#1444 = CARTESIAN_POINT ( 'NONE',  ( -12.00000000000001776, 0.000000000000000000, -2.309401076758419435 ) ) ;
#1445 = CARTESIAN_POINT ( 'NONE',  ( -16.99999999999970868, 2.501000000000000334, -6.350852961086469683 ) ) ;
#1446 = EDGE_LOOP ( 'NONE', ( #5133, #2304 ) ) ;
#1447 = CARTESIAN_POINT ( 'NONE',  ( -7.999999999999888978, 1.500000000000000000, 11.54700538379259100 ) ) ;
#1448 = ORIENTED_EDGE ( 'NONE', *, *, #6959, .F. ) ;
#1449 = ORIENTED_EDGE ( 'NONE', *, *, #1779, .T. ) ;
#1450 = VECTOR ( 'NONE', #6320, 1000.000000000000114 ) ;
#1451 = LINE ( 'NONE', #4314, #478 ) ;
#1452 = ORIENTED_EDGE ( 'NONE', *, *, #4097, .F. ) ;
#1453 = VECTOR ( 'NONE', #3644, 1000.000000000000000 ) ;
#1454 = CARTESIAN_POINT ( 'NONE',  ( -14.99999999999999289, 1.500000000000000000, 2.886751345947561553 ) ) ;
#1455 = CARTESIAN_POINT ( 'NONE',  ( -5.999999999999920952, 1.500000000000000000, 8.082903768654816190 ) ) ;
#1456 = DIRECTION ( 'NONE',  ( -0.000000000000000000, -1.000000000000000000, -0.000000000000000000 ) ) ;
#1457 = ORIENTED_EDGE ( 'NONE', *, *, #2735, .F. ) ;
#1458 = AXIS2_PLACEMENT_3D ( 'NONE', #5654, #1703, #3399 ) ;
#1459 = ORIENTED_EDGE ( 'NONE', *, *, #6836, .F. ) ;
#1460 = ORIENTED_EDGE ( 'NONE', *, *, #939, .F. ) ;
#1461 = ORIENTED_EDGE ( 'NONE', *, *, #2134, .T. ) ;
#1462 = AXIS2_PLACEMENT_3D ( 'NONE', #7255, #6150, #2241 ) ;
#1463 = LINE ( 'NONE', #3697, #1500 ) ;
#1464 = DIRECTION ( 'NONE',  ( 1.000000000000000000, 0.000000000000000000, -9.013887592422948271E-15 ) ) ;
#1465 = CARTESIAN_POINT ( 'NONE',  ( -0.9999999999999208411, 0.000000000000000000, -16.74315781108587586 ) ) ;
#1466 = CARTESIAN_POINT ( 'NONE',  ( 8.999999999999969802, 0.000000000000000000, -7.505553499465213108 ) ) ;
#1467 = EDGE_LOOP ( 'NONE', ( #1777, #7211, #94, #2219 ) ) ;
#1468 = EDGE_CURVE ( 'NONE', #4851, #6254, #3597, .T. ) ;
#1469 = ORIENTED_EDGE ( 'NONE', *, *, #217, .T. ) ;
#1470 = PLANE ( 'NONE',  #5844 ) ;
#1471 = CARTESIAN_POINT ( 'NONE',  ( 4.999999999999989342, 1.500000000000000000, -4.041451884327390331 ) ) ;
#1472 = CARTESIAN_POINT ( 'NONE',  ( 0.000000000000000000, 0.000000000000000000, 0.000000000000000000 ) ) ;
#1473 = ORIENTED_EDGE ( 'NONE', *, *, #1828, .T. ) ;
#1474 = ADVANCED_FACE ( 'NONE', ( #264 ), #3171, .F. ) ;
#1475 = EDGE_CURVE ( 'NONE', #2372, #2246, #670, .T. ) ;
#1476 = CARTESIAN_POINT ( 'NONE',  ( -10.00000000000004441, 2.501000000000000334, -9.237604307034040119 ) ) ;
#1477 = DIRECTION ( 'NONE',  ( 0.5000000000000004441, 0.000000000000000000, -0.8660254037844384856 ) ) ;
#1478 = FACE_OUTER_BOUND ( 'NONE', #3555, .T. ) ;
#1479 = DIRECTION ( 'NONE',  ( -0.8660254037844408170, 0.000000000000000000, -0.4999999999999962808 ) ) ;
#1480 = VERTEX_POINT ( 'NONE', #6015 ) ;
#1481 = PLANE ( 'NONE',  #1165 ) ;
#1482 = VERTEX_POINT ( 'NONE', #4752 ) ;
#1483 = ORIENTED_EDGE ( 'NONE', *, *, #2772, .F. ) ;
#1484 = AXIS2_PLACEMENT_3D ( 'NONE', #6826, #230, #4013 ) ;
#1485 = CARTESIAN_POINT ( 'NONE',  ( -12.00000000000006040, 1.500000000000000000, -12.70170592217178651 ) ) ;
#1486 = ORIENTED_EDGE ( 'NONE', *, *, #742, .T. ) ;
#1487 = DIRECTION ( 'NONE',  ( 0.8660254037844383745, 0.000000000000000000, 0.5000000000000003331 ) ) ;
#1488 = DIRECTION ( 'NONE',  ( 0.000000000000000000, -1.000000000000000000, 0.000000000000000000 ) ) ;
#1489 = CARTESIAN_POINT ( 'NONE',  ( 4.000000000000105693, 1.500000000000000000, 9.237604307033967288 ) ) ;
#1490 = EDGE_LOOP ( 'NONE', ( #2370, #4110, #2090, #3890 ) ) ;
#1491 = AXIS2_PLACEMENT_3D ( 'NONE', #2390, #4632, #735 ) ;
#1492 = ORIENTED_EDGE ( 'NONE', *, *, #7149, .T. ) ;
#1493 = VECTOR ( 'NONE', #2029, 1000.000000000000000 ) ;
#1494 = ORIENTED_EDGE ( 'NONE', *, *, #6562, .F. ) ;
#1495 = ORIENTED_EDGE ( 'NONE', *, *, #8, .F. ) ;
#1496 = VECTOR ( 'NONE', #5779, 1000.000000000000000 ) ;
#1497 = AXIS2_PLACEMENT_3D ( 'NONE', #3133, #5318, #5425 ) ;
#1498 = LINE ( 'NONE', #3190, #6568 ) ;
#1499 = DIRECTION ( 'NONE',  ( 7.511572993685799692E-15, 0.000000000000000000, 1.000000000000000000 ) ) ;
#1500 = VECTOR ( 'NONE', #5299, 1000.000000000000000 ) ;
#1501 = FACE_BOUND ( 'NONE', #6902, .T. ) ;
#1502 = CARTESIAN_POINT ( 'NONE',  ( 14.99999999999998046, 1.500000000000000000, -2.886751345948211256 ) ) ;
#1503 = ORIENTED_EDGE ( 'NONE', *, *, #4211, .F. ) ;
#1504 = CARTESIAN_POINT ( 'NONE',  ( -3.000000000000028866, 0.000000000000000000, 13.27675134594760387 ) ) ;
#1505 = VECTOR ( 'NONE', #6034, 1000.000000000000000 ) ;
#1506 = VECTOR ( 'NONE', #3164, 1000.000000000000000 ) ;
#1507 = VERTEX_POINT ( 'NONE', #3645 ) ;
#1508 = VECTOR ( 'NONE', #4328, 1000.000000000000000 ) ;
#1509 = EDGE_CURVE ( 'NONE', #573, #5616, #489, .T. ) ;
#1510 = ORIENTED_EDGE ( 'NONE', *, *, #665, .T. ) ;
#1511 = DIRECTION ( 'NONE',  ( 0.000000000000000000, 0.000000000000000000, 1.000000000000000000 ) ) ;
#1512 = CARTESIAN_POINT ( 'NONE',  ( -7.999999999999888978, 0.000000000000000000, 11.54700538379259100 ) ) ;
#1513 = FACE_BOUND ( 'NONE', #2844, .T. ) ;
#1514 = EDGE_CURVE ( 'NONE', #3487, #2626, #5050, .T. ) ;
#1515 = VECTOR ( 'NONE', #6227, 1000.000000000000000 ) ;
#1516 = VERTEX_POINT ( 'NONE', #6713 ) ;
#1517 = EDGE_CURVE ( 'NONE', #1107, #1724, #3349, .T. ) ;
#1518 = CARTESIAN_POINT ( 'NONE',  ( 4.474290391966137185E-13, 2.501000000000000334, -8.082903768655075538 ) ) ;
#1519 = CARTESIAN_POINT ( 'NONE',  ( 8.999999999999980460, 1.500000000000000000, -2.886751345948211256 ) ) ;
#1520 = CARTESIAN_POINT ( 'NONE',  ( -0.9999999999999610312, 2.501000000000000334, 4.041451884327389443 ) ) ;
#1521 = DIRECTION ( 'NONE',  ( -0.8660254037844382635, 0.000000000000000000, -0.5000000000000006661 ) ) ;
#1522 = ORIENTED_EDGE ( 'NONE', *, *, #520, .F. ) ;
#1523 = EDGE_CURVE ( 'NONE', #3801, #3238, #2176, .T. ) ;
#1524 =( LENGTH_UNIT ( ) NAMED_UNIT ( * ) SI_UNIT ( .MILLI., .METRE. ) );
#1525 = VERTEX_POINT ( 'NONE', #4414 ) ;
#1526 = VERTEX_POINT ( 'NONE', #1730 ) ;
#1527 = DIRECTION ( 'NONE',  ( -0.000000000000000000, -1.000000000000000000, -0.000000000000000000 ) ) ;
#1528 = ORIENTED_EDGE ( 'NONE', *, *, #5420, .F. ) ;
#1529 = CARTESIAN_POINT ( 'NONE',  ( -12.99999999999999467, 0.000000000000000000, 4.041451884326813904 ) ) ;
#1530 = VECTOR ( 'NONE', #6140, 1000.000000000000000 ) ;
#1531 = CARTESIAN_POINT ( 'NONE',  ( 9.999999999999971578, 2.501000000000000334, -11.54700538379252528 ) ) ;
#1532 = LINE ( 'NONE', #3839, #2199 ) ;
#1533 = ORIENTED_EDGE ( 'NONE', *, *, #7244, .F. ) ;
#1534 = ORIENTED_EDGE ( 'NONE', *, *, #6078, .T. ) ;
#1535 = ORIENTED_EDGE ( 'NONE', *, *, #4757, .F. ) ;
#1536 = ORIENTED_EDGE ( 'NONE', *, *, #300, .T. ) ;
#1537 = PLANE ( 'NONE',  #4437 ) ;
#1538 = CARTESIAN_POINT ( 'NONE',  ( -8.000000000000010658, 0.000000000000000000, -1.154700538379194841 ) ) ;
#1539 = FACE_BOUND ( 'NONE', #5826, .T. ) ;
#1540 = CARTESIAN_POINT ( 'NONE',  ( -2.999999999999927613, 1.500000000000000000, -17.89785834946512111 ) ) ;
#1541 = ORIENTED_EDGE ( 'NONE', *, *, #2829, .T. ) ;
#1542 = DIRECTION ( 'NONE',  ( -0.000000000000000000, 1.000000000000000000, -0.000000000000000000 ) ) ;
#1543 = ORIENTED_EDGE ( 'NONE', *, *, #938, .F. ) ;
#1544 = ORIENTED_EDGE ( 'NONE', *, *, #2659, .F. ) ;
#1545 = PLANE ( 'NONE',  #547 ) ;
#1546 = CARTESIAN_POINT ( 'NONE',  ( 2.000000000000165645, 0.000000000000000000, 9.237604307034008144 ) ) ;
#1547 = CARTESIAN_POINT ( 'NONE',  ( 7.000000000000047962, 2.501000000000000334, 6.350852961085841741 ) ) ;
#1548 = EDGE_LOOP ( 'NONE', ( #1391, #2292, #7140, #3508 ) ) ;
#1549 = LINE ( 'NONE', #2698, #1045 ) ;
#1550 = EDGE_CURVE ( 'NONE', #3859, #2520, #6676, .T. ) ;
#1551 = CARTESIAN_POINT ( 'NONE',  ( -4.099924925281065491E-16, 2.501000000000000334, -2.309401076758504257 ) ) ;
#1552 = DIRECTION ( 'NONE',  ( -0.4999999999999962252, 0.000000000000000000, 0.8660254037844408170 ) ) ;
#1553 = LINE ( 'NONE', #6054, #4778 ) ;
#1554 = ORIENTED_EDGE ( 'NONE', *, *, #6066, .F. ) ;
#1555 = DIRECTION ( 'NONE',  ( -0.000000000000000000, -1.000000000000000000, -0.000000000000000000 ) ) ;
#1556 = ORIENTED_EDGE ( 'NONE', *, *, #3664, .F. ) ;
#1557 = EDGE_LOOP ( 'NONE', ( #1306, #2541, #1528, #1554 ) ) ;
#1558 = LINE ( 'NONE', #3907, #6476 ) ;
#1559 = ORIENTED_EDGE ( 'NONE', *, *, #885, .T. ) ;
#1560 = EDGE_CURVE ( 'NONE', #130, #3637, #1663, .T. ) ;
#1561 = EDGE_CURVE ( 'NONE', #7081, #85, #3934, .T. ) ;
#1562 = DIRECTION ( 'NONE',  ( -0.000000000000000000, -1.000000000000000000, -0.000000000000000000 ) ) ;
#1563 = CARTESIAN_POINT ( 'NONE',  ( -12.00000000000003908, 2.501000000000000334, -8.082903768654777110 ) ) ;
#1564 = CARTESIAN_POINT ( 'NONE',  ( -0.9999999999999100719, 2.501000000000000334, -14.43375673432737472 ) ) ;
#1565 = EDGE_LOOP ( 'NONE', ( #4906, #3341, #5595, #1024 ) ) ;
#1566 = ORIENTED_EDGE ( 'NONE', *, *, #754, .T. ) ;
#1567 = ORIENTED_EDGE ( 'NONE', *, *, #4152, .T. ) ;
#1568 = DIRECTION ( 'NONE',  ( 1.051620219116010632E-14, -0.000000000000000000, 1.000000000000000000 ) ) ;
#1569 = VECTOR ( 'NONE', #3287, 1000.000000000000227 ) ;
#1570 = EDGE_CURVE ( 'NONE', #3523, #3157, #6157, .T. ) ;
#1571 = CARTESIAN_POINT ( 'NONE',  ( 1.000000000000078160, 2.501000000000000334, -16.74315781108585810 ) ) ;
#1572 = DIRECTION ( 'NONE',  ( 0.5000000000000101030, -0.000000000000000000, 0.8660254037844329345 ) ) ;
#1573 = VECTOR ( 'NONE', #4651, 1000.000000000000000 ) ;
#1574 = FACE_BOUND ( 'NONE', #6620, .T. ) ;
#1575 = DIRECTION ( 'NONE',  ( -0.000000000000000000, -1.000000000000000000, -0.000000000000000000 ) ) ;
#1576 = EDGE_LOOP ( 'NONE', ( #1231, #931, #948, #5681 ) ) ;
#1577 = CARTESIAN_POINT ( 'NONE',  ( 12.99999999999997335, 0.000000000000000000, -6.350852961085959869 ) ) ;
#1578 = ORIENTED_EDGE ( 'NONE', *, *, #4517, .T. ) ;
#1579 = VECTOR ( 'NONE', #3982, 1000.000000000000000 ) ;
#1580 = EDGE_CURVE ( 'NONE', #4496, #6358, #6127, .T. ) ;
#1581 = EDGE_LOOP ( 'NONE', ( #5088, #4351, #5368, #3121 ) ) ;
#1582 = CARTESIAN_POINT ( 'NONE',  ( -15.75500000000000078, 2.501000000000000334, -15.75500000000000078 ) ) ;
#1583 = CYLINDRICAL_SURFACE ( 'NONE', #5974, 2.700000000000001066 ) ;
#1584 = CARTESIAN_POINT ( 'NONE',  ( 14.00000000000011013, 1.500000000000000000, 9.237604307033919326 ) ) ;
#1585 = AXIS2_PLACEMENT_3D ( 'NONE', #4026, #4653, #166 ) ;
#1586 = DIRECTION ( 'NONE',  ( -0.8660254037844374864, 0.000000000000000000, 0.5000000000000018874 ) ) ;
#1587 = ORIENTED_EDGE ( 'NONE', *, *, #1432, .T. ) ;
#1588 = DIRECTION ( 'NONE',  ( 1.000000000000000000, 0.000000000000000000, -0.000000000000000000 ) ) ;
#1589 = DIRECTION ( 'NONE',  ( -0.000000000000000000, -1.000000000000000000, -0.000000000000000000 ) ) ;
#1590 = LINE ( 'NONE', #2216, #4200 ) ;
#1591 = DIRECTION ( 'NONE',  ( 0.000000000000000000, -1.000000000000000000, 0.000000000000000000 ) ) ;
#1592 = ORIENTED_EDGE ( 'NONE', *, *, #972, .T. ) ;
#1593 = ORIENTED_EDGE ( 'NONE', *, *, #4279, .F. ) ;
#1594 = LINE ( 'NONE', #3800, #3291 ) ;
#1595 = ORIENTED_EDGE ( 'NONE', *, *, #4483, .F. ) ;
#1596 = CARTESIAN_POINT ( 'NONE',  ( 1.539567084929416296E-13, 2.501000000000000334, 8.082903768654778887 ) ) ;
#1597 = LINE ( 'NONE', #2440, #3262 ) ;
#1598 = ADVANCED_FACE ( 'NONE', ( #6742 ), #597, .F. ) ;
#1599 = CARTESIAN_POINT ( 'NONE',  ( -0.9999999999999397149, 1.500000000000000000, 6.350852961085893256 ) ) ;
#1600 = VERTEX_POINT ( 'NONE', #5495 ) ;
#1601 = ADVANCED_FACE ( 'NONE', ( #3389 ), #3827, .F. ) ;
#1602 = VERTEX_POINT ( 'NONE', #6231 ) ;
#1603 = VERTEX_POINT ( 'NONE', #2766 ) ;
#1604 = CARTESIAN_POINT ( 'NONE',  ( 8.999999999999980460, 2.501000000000000334, -2.886751345948211256 ) ) ;
#1605 = FACE_OUTER_BOUND ( 'NONE', #3737, .T. ) ;
#1606 = VECTOR ( 'NONE', #5165, 1000.000000000000227 ) ;
#1607 = DIRECTION ( 'NONE',  ( -0.8660254037844441477, 0.000000000000000000, -0.4999999999999902855 ) ) ;
#1608 = CARTESIAN_POINT ( 'NONE',  ( 9.000000000000046185, 0.000000000000000000, 2.886751345948089575 ) ) ;
#1609 = FACE_OUTER_BOUND ( 'NONE', #1645, .T. ) ;
#1610 = ORIENTED_EDGE ( 'NONE', *, *, #3866, .F. ) ;
#1611 = VECTOR ( 'NONE', #1046, 999.9999999999998863 ) ;
#1612 = FACE_OUTER_BOUND ( 'NONE', #3201, .T. ) ;
#1613 = ADVANCED_FACE ( 'NONE', ( #2284 ), #7225, .F. ) ;
#1614 = EDGE_CURVE ( 'NONE', #880, #2606, #3903, .T. ) ;
#1615 = ORIENTED_EDGE ( 'NONE', *, *, #2560, .T. ) ;
#1616 = VECTOR ( 'NONE', #29, 1000.000000000000000 ) ;
#1617 = VECTOR ( 'NONE', #6999, 1000.000000000000000 ) ;
#1618 = EDGE_CURVE ( 'NONE', #7011, #5499, #3973, .T. ) ;
#1619 = ORIENTED_EDGE ( 'NONE', *, *, #2147, .F. ) ;
#1620 = DIRECTION ( 'NONE',  ( -0.000000000000000000, 1.000000000000000000, -0.000000000000000000 ) ) ;
#1621 = CARTESIAN_POINT ( 'NONE',  ( -2.000000000000118572, 0.000000000000000000, 11.54700538379224106 ) ) ;
#1622 = AXIS2_PLACEMENT_3D ( 'NONE', #6986, #1464, #5958 ) ;
#1623 = VECTOR ( 'NONE', #2028, 1000.000000000000000 ) ;
#1624 = CARTESIAN_POINT ( 'NONE',  ( -19.99999999999999645, 2.500000000000000000, 16.00000000000000355 ) ) ;
#1625 = VECTOR ( 'NONE', #4711, 999.9999999999998863 ) ;
#1626 = VERTEX_POINT ( 'NONE', #4484 ) ;
#1627 = AXIS2_PLACEMENT_3D ( 'NONE', #2324, #4007, #4635 ) ;
#1628 = LINE ( 'NONE', #3239, #3557 ) ;
#1629 = DIRECTION ( 'NONE',  ( -0.000000000000000000, -1.000000000000000000, -0.000000000000000000 ) ) ;
#1630 = AXIS2_PLACEMENT_3D ( 'NONE', #7190, #2061, #5456 ) ;
#1631 = LINE ( 'NONE', #2144, #2914 ) ;
#1632 = LINE ( 'NONE', #3792, #3835 ) ;
#1633 = EDGE_CURVE ( 'NONE', #5283, #7239, #6192, .T. ) ;
#1634 = AXIS2_PLACEMENT_3D ( 'NONE', #1179, #4000, #6260 ) ;
#1635 = ORIENTED_EDGE ( 'NONE', *, *, #4937, .F. ) ;
#1636 = ADVANCED_BREP_SHAPE_REPRESENTATION ( '\X2\7535673a7f69\X0\', ( #6654, #6989 ), #4333 ) ;
#1637 = FACE_OUTER_BOUND ( 'NONE', #2228, .T. ) ;
#1638 = EDGE_LOOP ( 'NONE', ( #3139, #6240, #953, #6485 ) ) ;
#1639 = CARTESIAN_POINT ( 'NONE',  ( 14.99999999999996980, 1.500000000000000000, -7.505553499465213108 ) ) ;
#1640 = LINE ( 'NONE', #3879, #7267 ) ;
#1641 = CARTESIAN_POINT ( 'NONE',  ( 11.00000000000004441, 2.501000000000000334, 6.350852961085846182 ) ) ;
#1642 = ORIENTED_EDGE ( 'NONE', *, *, #3530, .F. ) ;
#1643 = EDGE_CURVE ( 'NONE', #3254, #3285, #2428, .T. ) ;
#1644 = ORIENTED_EDGE ( 'NONE', *, *, #6821, .F. ) ;
#1645 = EDGE_LOOP ( 'NONE', ( #681, #9, #710, #311 ) ) ;
#1646 = ORIENTED_EDGE ( 'NONE', *, *, #1523, .F. ) ;
#1647 = DIRECTION ( 'NONE',  ( -0.000000000000000000, -1.000000000000000000, -0.000000000000000000 ) ) ;
#1648 = EDGE_CURVE ( 'NONE', #3739, #3522, #4377, .T. ) ;
#1649 = LINE ( 'NONE', #3265, #6564 ) ;
#1650 = CYLINDRICAL_SURFACE ( 'NONE', #5388, 2.700000000000001066 ) ;
#1651 = LINE ( 'NONE', #3301, #43 ) ;
#1652 = ORIENTED_EDGE ( 'NONE', *, *, #938, .T. ) ;
#1653 = CARTESIAN_POINT ( 'NONE',  ( 16.99999999999997868, 1.500000000000000000, -4.041451884327468491 ) ) ;
#1654 = ORIENTED_EDGE ( 'NONE', *, *, #6535, .F. ) ;
#1655 = VERTEX_POINT ( 'NONE', #5154 ) ;
#1656 = EDGE_CURVE ( 'NONE', #480, #2183, #3422, .T. ) ;
#1657 = DIRECTION ( 'NONE',  ( -0.8660254037844371533, 0.000000000000000000, 0.5000000000000026645 ) ) ;
#1658 = DIRECTION ( 'NONE',  ( -0.000000000000000000, -1.000000000000000000, -0.000000000000000000 ) ) ;
#1659 = DIRECTION ( 'NONE',  ( -2.253471898105738645E-15, 0.000000000000000000, -1.000000000000000000 ) ) ;
#1660 = ORIENTED_EDGE ( 'NONE', *, *, #207, .F. ) ;
#1661 = DIRECTION ( 'NONE',  ( -0.000000000000000000, -1.000000000000000000, -0.000000000000000000 ) ) ;
#1662 = EDGE_CURVE ( 'NONE', #4680, #6725, #106, .T. ) ;
#1663 = LINE ( 'NONE', #5009, #1025 ) ;
#1664 = DIRECTION ( 'NONE',  ( 1.000000000000000000, 0.000000000000000000, 0.000000000000000000 ) ) ;
#1665 = DIRECTION ( 'NONE',  ( 0.8660254037844353769, 0.000000000000000000, -0.5000000000000055511 ) ) ;
#1666 = EDGE_CURVE ( 'NONE', #6468, #209, #1834, .T. ) ;
#1667 = VERTEX_POINT ( 'NONE', #6960 ) ;
#1668 = CARTESIAN_POINT ( 'NONE',  ( -8.999999999999712230, 1.500000000000000000, -2.886751345948675329 ) ) ;
#1669 = VERTEX_POINT ( 'NONE', #5191 ) ;
#1670 = EDGE_CURVE ( 'NONE', #6665, #392, #2872, .T. ) ;
#1671 = CARTESIAN_POINT ( 'NONE',  ( -16.00000000000000355, 2.500000000000000000, -16.00000000000000000 ) ) ;
#1672 = DIRECTION ( 'NONE',  ( 0.000000000000000000, 0.000000000000000000, -1.000000000000000000 ) ) ;
#1673 = PLANE ( 'NONE',  #2991 ) ;
#1674 = ORIENTED_EDGE ( 'NONE', *, *, #3049, .F. ) ;
#1675 = ORIENTED_EDGE ( 'NONE', *, *, #3662, .F. ) ;
#1676 = VERTEX_POINT ( 'NONE', #4005 ) ;
#1677 = FACE_OUTER_BOUND ( 'NONE', #3831, .T. ) ;
#1678 = CARTESIAN_POINT ( 'NONE',  ( 14.00000000000000000, 0.000000000000000000, -1.154700538379251018 ) ) ;
#1679 = LINE ( 'NONE', #3888, #3494 ) ;
#1680 = LINE ( 'NONE', #3335, #164 ) ;
#1681 = ORIENTED_EDGE ( 'NONE', *, *, #3049, .T. ) ;
#1682 = CARTESIAN_POINT ( 'NONE',  ( -4.999999999999921840, 0.000000000000000000, -16.74315781108585810 ) ) ;
#1683 = EDGE_CURVE ( 'NONE', #4047, #4017, #3012, .T. ) ;
#1684 = ORIENTED_EDGE ( 'NONE', *, *, #4762, .T. ) ;
#1685 = VECTOR ( 'NONE', #833, 1000.000000000000000 ) ;
#1686 = DIRECTION ( 'NONE',  ( -0.000000000000000000, -1.000000000000000000, -0.000000000000000000 ) ) ;
#1687 = VECTOR ( 'NONE', #4897, 1000.000000000000114 ) ;
#1688 = DIRECTION ( 'NONE',  ( -0.8660254037844375974, 0.000000000000000000, 0.5000000000000016653 ) ) ;
#1689 = FACE_OUTER_BOUND ( 'NONE', #6932, .T. ) ;
#1690 = VERTEX_POINT ( 'NONE', #4078 ) ;
#1691 = ORIENTED_EDGE ( 'NONE', *, *, #2277, .F. ) ;
#1692 = CARTESIAN_POINT ( 'NONE',  ( -3.000000000000013767, 1.500000000000000000, -2.886751345948112224 ) ) ;
#1693 = DIRECTION ( 'NONE',  ( 0.000000000000000000, 0.000000000000000000, -1.000000000000000000 ) ) ;
#1694 = AXIS2_PLACEMENT_3D ( 'NONE', #5102, #2303, #6871 ) ;
#1695 = DIRECTION ( 'NONE',  ( -0.000000000000000000, -1.000000000000000000, -0.000000000000000000 ) ) ;
#1696 = DIRECTION ( 'NONE',  ( -0.8660254037844390407, 0.000000000000000000, 0.4999999999999991673 ) ) ;
#1697 = EDGE_CURVE ( 'NONE', #4281, #4239, #2468, .T. ) ;
#1698 = EDGE_CURVE ( 'NONE', #3106, #6139, #5268, .T. ) ;
#1699 = VECTOR ( 'NONE', #1009, 1000.000000000000000 ) ;
#1700 = ORIENTED_EDGE ( 'NONE', *, *, #5621, .F. ) ;
#1701 = CARTESIAN_POINT ( 'NONE',  ( 12.00000000000000000, 2.501000000000000334, -2.309401076758504257 ) ) ;
#1702 = VERTEX_POINT ( 'NONE', #3491 ) ;
#1703 = DIRECTION ( 'NONE',  ( 0.4999999999999975575, 0.000000000000000000, -0.8660254037844400399 ) ) ;
#1704 = LINE ( 'NONE', #6169, #2321 ) ;
#1705 = DIRECTION ( 'NONE',  ( 2.253471898105738645E-15, 0.000000000000000000, 1.000000000000000000 ) ) ;
#1706 = VERTEX_POINT ( 'NONE', #4113 ) ;
#1707 = VERTEX_POINT ( 'NONE', #6849 ) ;
#1708 = ORIENTED_EDGE ( 'NONE', *, *, #5719, .T. ) ;
#1709 = LINE ( 'NONE', #3950, #355 ) ;
#1710 = DIRECTION ( 'NONE',  ( -0.000000000000000000, -1.000000000000000000, -0.000000000000000000 ) ) ;
#1711 = CARTESIAN_POINT ( 'NONE',  ( -6.000000000000016875, 0.000000000000000000, -2.309401076758460736 ) ) ;
#1712 = DIRECTION ( 'NONE',  ( 0.8660254037844447028, -0.000000000000000000, 0.4999999999999894529 ) ) ;
#1713 = ORIENTED_EDGE ( 'NONE', *, *, #716, .F. ) ;
#1714 = DIRECTION ( 'NONE',  ( -0.8660254037844387076, 0.000000000000000000, -0.4999999999999998890 ) ) ;
#1715 = ORIENTED_EDGE ( 'NONE', *, *, #6621, .F. ) ;
#1716 = ADVANCED_FACE ( 'NONE', ( #1798 ), #1214, .T. ) ;
#1717 = VECTOR ( 'NONE', #4709, 1000.000000000000000 ) ;
#1718 = DIRECTION ( 'NONE',  ( 0.8660254037844387076, 0.000000000000000000, -0.4999999999999998335 ) ) ;
#1719 = CARTESIAN_POINT ( 'NONE',  ( 11.99999999999999822, 1.500000000000000000, 2.309401076758503368 ) ) ;
#1720 = CIRCLE ( 'NONE', #3600, 2.700000000000001066 ) ;
#1721 = LINE ( 'NONE', #4448, #751 ) ;
#1722 = CARTESIAN_POINT ( 'NONE',  ( -6.999999999999712230, 1.500000000000000000, -6.350852961086427051 ) ) ;
#1723 = VECTOR ( 'NONE', #4556, 1000.000000000000000 ) ;
#1724 = VERTEX_POINT ( 'NONE', #6372 ) ;
#1725 = ADVANCED_FACE ( 'NONE', ( #6341 ), #3454, .F. ) ;
#1726 = AXIS2_PLACEMENT_3D ( 'NONE', #4187, #738, #773 ) ;
#1727 = ORIENTED_EDGE ( 'NONE', *, *, #5851, .T. ) ;
#1728 = DIRECTION ( 'NONE',  ( -0.8660254037844391517, 0.000000000000000000, 0.4999999999999990008 ) ) ;
#1729 = AXIS2_PLACEMENT_3D ( 'NONE', #5486, #443, #2863 ) ;
#1730 = CARTESIAN_POINT ( 'NONE',  ( 7.999999999999977796, 1.500000000000000000, -9.237604307034029461 ) ) ;
#1731 = AXIS2_PLACEMENT_3D ( 'NONE', #676, #1809, #4052 ) ;
#1732 = CARTESIAN_POINT ( 'NONE',  ( -15.75500000000000078, 1.500000000000000000, -18.45500000000000185 ) ) ;
#1733 = EDGE_CURVE ( 'NONE', #6139, #167, #5822, .T. ) ;
#1734 = AXIS2_PLACEMENT_3D ( 'NONE', #4634, #30, #6818 ) ;
#1735 = DIRECTION ( 'NONE',  ( 0.000000000000000000, 0.000000000000000000, 1.000000000000000000 ) ) ;
#1736 = CARTESIAN_POINT ( 'NONE',  ( -1.000000000000029532, 2.501000000000000334, 16.74085296108535914 ) ) ;
#1737 = VECTOR ( 'NONE', #2763, 1000.000000000000000 ) ;
#1738 = ORIENTED_EDGE ( 'NONE', *, *, #1509, .F. ) ;
#1739 = VECTOR ( 'NONE', #5246, 1000.000000000000114 ) ;
#1740 = LINE ( 'NONE', #1842, #4140 ) ;
#1741 = EDGE_LOOP ( 'NONE', ( #5987, #3364, #5086, #5252 ) ) ;
#1742 = EDGE_CURVE ( 'NONE', #2904, #4824, #770, .T. ) ;
#1743 = CARTESIAN_POINT ( 'NONE',  ( 15.75499999999999545, 1.500000000000000000, 15.75500000000000078 ) ) ;
#1744 = VECTOR ( 'NONE', #2421, 1000.000000000000000 ) ;
#1745 = DIRECTION ( 'NONE',  ( 0.000000000000000000, 0.000000000000000000, -1.000000000000000000 ) ) ;
#1746 = DIRECTION ( 'NONE',  ( 0.8660254037844385966, 0.000000000000000000, -0.5000000000000001110 ) ) ;
#1747 = ORIENTED_EDGE ( 'NONE', *, *, #1509, .T. ) ;
#1748 = ORIENTED_EDGE ( 'NONE', *, *, #2810, .T. ) ;
#1749 = ORIENTED_EDGE ( 'NONE', *, *, #1205, .F. ) ;
#1750 = LINE ( 'NONE', #2994, #4455 ) ;
#1751 = DIRECTION ( 'NONE',  ( 1.000000000000000000, 0.000000000000000000, -1.126735949052868928E-14 ) ) ;
#1752 = PLANE ( 'NONE',  #5143 ) ;
#1753 = LINE ( 'NONE', #5179, #4398 ) ;
#1754 = ORIENTED_EDGE ( 'NONE', *, *, #3836, .T. ) ;
#1755 = ORIENTED_EDGE ( 'NONE', *, *, #565, .T. ) ;
#1756 = LINE ( 'NONE', #5144, #1379 ) ;
#1757 = DIRECTION ( 'NONE',  ( 9.013887592422948271E-15, 0.000000000000000000, 1.000000000000000000 ) ) ;
#1758 = CARTESIAN_POINT ( 'NONE',  ( 3.999999999999977351, 0.000000000000000000, -9.237604307034020579 ) ) ;
#1759 = PLANE ( 'NONE',  #1634 ) ;
#1760 = ORIENTED_EDGE ( 'NONE', *, *, #207, .T. ) ;
#1761 = ORIENTED_EDGE ( 'NONE', *, *, #1075, .F. ) ;
#1762 = DIRECTION ( 'NONE',  ( -0.5000000000000104361, 0.000000000000000000, -0.8660254037844326014 ) ) ;
#1763 = CARTESIAN_POINT ( 'NONE',  ( -2.000000000000000888, 1.500000000000000000, -1.154700538379251684 ) ) ;
#1764 = CARTESIAN_POINT ( 'NONE',  ( -1.000000000000028644, 0.000000000000000000, 14.43145188432685622 ) ) ;
#1765 = EDGE_CURVE ( 'NONE', #2982, #6118, #700, .T. ) ;
#1766 = PLANE ( 'NONE',  #212 ) ;
#1767 = DIRECTION ( 'NONE',  ( -0.5000000000000000000, 0.000000000000000000, -0.8660254037844387076 ) ) ;
#1768 = EDGE_CURVE ( 'NONE', #1156, #4680, #6817, .T. ) ;
#1769 = ORIENTED_EDGE ( 'NONE', *, *, #3580, .T. ) ;
#1770 = DIRECTION ( 'NONE',  ( -0.000000000000000000, -1.000000000000000000, -0.000000000000000000 ) ) ;
#1771 = ORIENTED_EDGE ( 'NONE', *, *, #1105, .F. ) ;
#1772 = CARTESIAN_POINT ( 'NONE',  ( -14.00000000000004619, 1.500000000000000000, -9.237604307034020579 ) ) ;
#1773 = FACE_OUTER_BOUND ( 'NONE', #4630, .T. ) ;
#1774 = DIRECTION ( 'NONE',  ( -4.506943796211473347E-15, 0.000000000000000000, -1.000000000000000000 ) ) ;
#1775 = LINE ( 'NONE', #1227, #6085 ) ;
#1776 = EDGE_LOOP ( 'NONE', ( #1610, #4111 ) ) ;
#1777 = ORIENTED_EDGE ( 'NONE', *, *, #653, .T. ) ;
#1778 = EDGE_LOOP ( 'NONE', ( #4932, #4062, #1635, #10 ) ) ;
#1779 = EDGE_CURVE ( 'NONE', #124, #5439, #4710, .T. ) ;
#1780 = EDGE_CURVE ( 'NONE', #4839, #6399, #324, .T. ) ;
#1781 = DIRECTION ( 'NONE',  ( -0.000000000000000000, -1.000000000000000000, -0.000000000000000000 ) ) ;
#1782 = ORIENTED_EDGE ( 'NONE', *, *, #4428, .T. ) ;
#1783 = DIRECTION ( 'NONE',  ( 0.5000000000000038858, -0.000000000000000000, 0.8660254037844363761 ) ) ;
#1784 = CARTESIAN_POINT ( 'NONE',  ( 9.999999999999976907, 1.500000000000000000, -9.237604307034020579 ) ) ;
#1785 = LINE ( 'NONE', #1311, #4868 ) ;
#1786 = ORIENTED_EDGE ( 'NONE', *, *, #4622, .T. ) ;
#1787 = ORIENTED_EDGE ( 'NONE', *, *, #352, .T. ) ;
#1788 = EDGE_CURVE ( 'NONE', #1047, #1965, #180, .T. ) ;
#1789 = DIRECTION ( 'NONE',  ( 0.000000000000000000, 0.000000000000000000, -1.000000000000000000 ) ) ;
#1790 = DIRECTION ( 'NONE',  ( -0.8660254037844385966, 0.000000000000000000, 0.4999999999999999445 ) ) ;
#1791 = CARTESIAN_POINT ( 'NONE',  ( -16.99999999999971223, 1.500000000000000000, -4.041451884327969424 ) ) ;
#1792 = UNCERTAINTY_MEASURE_WITH_UNIT (LENGTH_MEASURE( 1.000000000000000082E-05 ), #1524, 'distance_accuracy_value', 'NONE');
#1793 = PLANE ( 'NONE',  #5990 ) ;
#1794 = EDGE_LOOP ( 'NONE', ( #5768, #5093 ) ) ;
#1795 = ORIENTED_EDGE ( 'NONE', *, *, #4558, .T. ) ;
#1796 = DIRECTION ( 'NONE',  ( -1.000000000000000000, 0.000000000000000000, 0.000000000000000000 ) ) ;
#1797 = AXIS2_PLACEMENT_3D ( 'NONE', #6457, #1409, #410 ) ;
#1798 = FACE_OUTER_BOUND ( 'NONE', #2281, .T. ) ;
#1799 = FACE_OUTER_BOUND ( 'NONE', #92, .T. ) ;
#1800 = VECTOR ( 'NONE', #2773, 1000.000000000000000 ) ;
#1801 = DIRECTION ( 'NONE',  ( -0.8660254037844388186, 0.000000000000000000, 0.4999999999999997224 ) ) ;
#1802 = LINE ( 'NONE', #2251, #4895 ) ;
#1803 = ORIENTED_EDGE ( 'NONE', *, *, #613, .T. ) ;
#1804 = VECTOR ( 'NONE', #779, 1000.000000000000114 ) ;
#1805 = LINE ( 'NONE', #4010, #3323 ) ;
#1806 = ORIENTED_EDGE ( 'NONE', *, *, #5130, .F. ) ;
#1807 = CARTESIAN_POINT ( 'NONE',  ( -15.75500000000000789, 2.500000000000000000, 14.25500000000000078 ) ) ;
#1808 = DIRECTION ( 'NONE',  ( -0.000000000000000000, -1.000000000000000000, -0.000000000000000000 ) ) ;
#1809 = DIRECTION ( 'NONE',  ( 0.4999999999999999445, 0.000000000000000000, -0.8660254037844387076 ) ) ;
#1810 = CARTESIAN_POINT ( 'NONE',  ( 11.00000000000004441, 0.000000000000000000, 4.041451884327340593 ) ) ;
#1811 = ORIENTED_EDGE ( 'NONE', *, *, #2102, .F. ) ;
#1812 = VECTOR ( 'NONE', #4809, 1000.000000000000114 ) ;
#1813 = ORIENTED_EDGE ( 'NONE', *, *, #6910, .T. ) ;
#1814 = EDGE_LOOP ( 'NONE', ( #5521, #740, #6023, #2095 ) ) ;
#1815 = CARTESIAN_POINT ( 'NONE',  ( -1.000000000000018208, 2.501000000000000334, -4.041451884327373456 ) ) ;
#1816 = VERTEX_POINT ( 'NONE', #6928 ) ;
#1817 = EDGE_CURVE ( 'NONE', #360, #3104, #5494, .T. ) ;
#1818 = CARTESIAN_POINT ( 'NONE',  ( -20.00000000000000355, 2.500000000000000000, -16.00000000000000000 ) ) ;
#1819 = FACE_OUTER_BOUND ( 'NONE', #1305, .T. ) ;
#1820 = CYLINDRICAL_SURFACE ( 'NONE', #2873, 2.700000000000001066 ) ;
#1821 = AXIS2_PLACEMENT_3D ( 'NONE', #6638, #7224, #1588 ) ;
#1822 = ORIENTED_EDGE ( 'NONE', *, *, #21, .T. ) ;
#1823 = ORIENTED_EDGE ( 'NONE', *, *, #6014, .F. ) ;
#1824 = EDGE_CURVE ( 'NONE', #4030, #3106, #5308, .T. ) ;
#1825 = CARTESIAN_POINT ( 'NONE',  ( 6.999999999999974243, 0.000000000000000000, -6.350852961085958981 ) ) ;
#1826 = DIRECTION ( 'NONE',  ( 0.000000000000000000, 0.000000000000000000, -1.000000000000000000 ) ) ;
#1827 = CARTESIAN_POINT ( 'NONE',  ( -8.000000000000010658, 1.500000000000000000, -1.154700538379194619 ) ) ;
#1828 = EDGE_CURVE ( 'NONE', #1965, #5642, #1985, .T. ) ;
#1829 = CARTESIAN_POINT ( 'NONE',  ( -5.999999999999984901, 1.500000000000000000, 2.309401076758546445 ) ) ;
#1830 = ORIENTED_EDGE ( 'NONE', *, *, #623, .T. ) ;
#1831 = VECTOR ( 'NONE', #4041, 1000.000000000000000 ) ;
#1832 = ORIENTED_EDGE ( 'NONE', *, *, #3002, .F. ) ;
#1833 = DIRECTION ( 'NONE',  ( -0.8660254037844388186, 0.000000000000000000, 0.4999999999999997224 ) ) ;
#1834 = LINE ( 'NONE', #2357, #195 ) ;
#1835 = LINE ( 'NONE', #6342, #2800 ) ;
#1836 = VECTOR ( 'NONE', #5786, 1000.000000000000000 ) ;
#1837 = DIRECTION ( 'NONE',  ( -0.000000000000000000, -1.000000000000000000, -0.000000000000000000 ) ) ;
#1838 = LINE ( 'NONE', #851, #1027 ) ;
#1839 = VECTOR ( 'NONE', #5426, 1000.000000000000000 ) ;
#1840 = ORIENTED_EDGE ( 'NONE', *, *, #307, .T. ) ;
#1841 = VECTOR ( 'NONE', #3282, 1000.000000000000000 ) ;
#1842 = CARTESIAN_POINT ( 'NONE',  ( -10.00000000000004441, 1.500000000000000000, -9.237604307034040119 ) ) ;
#1843 = LINE ( 'NONE', #5278, #1606 ) ;
#1844 = AXIS2_PLACEMENT_3D ( 'NONE', #4486, #3392, #68 ) ;
#1845 = CARTESIAN_POINT ( 'NONE',  ( -12.99999999999971401, 2.501000000000000334, -6.350852961086468795 ) ) ;
#1846 = CARTESIAN_POINT ( 'NONE',  ( -11.99999999999987921, 2.501000000000000334, 12.70170592217178118 ) ) ;
#1847 = CARTESIAN_POINT ( 'NONE',  ( 9.999999999999971578, 2.501000000000000334, -11.54700538379252528 ) ) ;
#1848 = ORIENTED_EDGE ( 'NONE', *, *, #4211, .T. ) ;
#1849 = VECTOR ( 'NONE', #1430, 1000.000000000000000 ) ;
#1850 = CARTESIAN_POINT ( 'NONE',  ( -2.000000000000000888, 2.501000000000000334, 1.154700538379252128 ) ) ;
#1851 = VECTOR ( 'NONE', #7057, 1000.000000000000000 ) ;
#1852 = VERTEX_POINT ( 'NONE', #3054 ) ;
#1853 = VECTOR ( 'NONE', #3263, 1000.000000000000000 ) ;
#1854 = ORIENTED_EDGE ( 'NONE', *, *, #6506, .F. ) ;
#1855 = FACE_OUTER_BOUND ( 'NONE', #2630, .T. ) ;
#1856 = CIRCLE ( 'NONE', #2445, 2.700000000000001066 ) ;
#1857 = CARTESIAN_POINT ( 'NONE',  ( -2.000000000000118572, 1.500000000000000000, 11.54700538379224106 ) ) ;
#1858 = CARTESIAN_POINT ( 'NONE',  ( -10.99999999999971045, 2.501000000000000334, -6.350852961086427939 ) ) ;
#1859 = CARTESIAN_POINT ( 'NONE',  ( 8.000000000000000000, 2.501000000000000334, 1.154700538379251240 ) ) ;
#1860 = VERTEX_POINT ( 'NONE', #1358 ) ;
#1861 = ADVANCED_FACE ( 'NONE', ( #958 ), #3707, .F. ) ;
#1862 = VECTOR ( 'NONE', #3050, 1000.000000000000000 ) ;
#1863 = VERTEX_POINT ( 'NONE', #5967 ) ;
#1864 = ADVANCED_FACE ( 'NONE', ( #3163 ), #3639, .F. ) ;
#1865 = LINE ( 'NONE', #5636, #5972 ) ;
#1866 = DIRECTION ( 'NONE',  ( 0.8660254037844363761, 0.000000000000000000, -0.5000000000000041078 ) ) ;
#1867 = DIRECTION ( 'NONE',  ( 0.000000000000000000, -1.000000000000000000, 0.000000000000000000 ) ) ;
#1868 = CARTESIAN_POINT ( 'NONE',  ( -6.000000000000039080, 1.500000000000000000, -8.082903768654736254 ) ) ;
#1869 = VERTEX_POINT ( 'NONE', #6519 ) ;
#1870 = ORIENTED_EDGE ( 'NONE', *, *, #2546, .T. ) ;
#1871 = EDGE_CURVE ( 'NONE', #6738, #1189, #4295, .T. ) ;
#1872 = EDGE_CURVE ( 'NONE', #6289, #7278, #373, .T. ) ;
#1873 = LINE ( 'NONE', #1436, #6544 ) ;
#1874 = CARTESIAN_POINT ( 'NONE',  ( -15.75500000000000078, 2.500000000000000000, -15.75500000000000078 ) ) ;
#1875 = AXIS2_PLACEMENT_3D ( 'NONE', #3916, #1013, #4957 ) ;
#1876 = DIRECTION ( 'NONE',  ( -4.882522445895767197E-15, 0.000000000000000000, -1.000000000000000000 ) ) ;
#1877 = DIRECTION ( 'NONE',  ( -1.000000000000000000, 0.000000000000000000, 0.000000000000000000 ) ) ;
#1878 = CARTESIAN_POINT ( 'NONE',  ( -9.999999999999992895, 1.500000000000000000, 1.154700538379321850 ) ) ;
#1879 = ORIENTED_EDGE ( 'NONE', *, *, #5055, .F. ) ;
#1880 = CARTESIAN_POINT ( 'NONE',  ( 15.00000000000004619, 2.501000000000000334, 2.886751345948089575 ) ) ;
#1881 = PLANE ( 'NONE',  #1484 ) ;
#1882 = DIRECTION ( 'NONE',  ( -0.000000000000000000, -1.000000000000000000, -0.000000000000000000 ) ) ;
#1883 = PLANE ( 'NONE',  #4907 ) ;
#1884 = DIRECTION ( 'NONE',  ( 0.8660254037844339337, 0.000000000000000000, -0.5000000000000081046 ) ) ;
#1885 = ORIENTED_EDGE ( 'NONE', *, *, #295, .T. ) ;
#1886 = CARTESIAN_POINT ( 'NONE',  ( -13.99999999999999467, 0.000000000000000000, 1.154700538379348718 ) ) ;
#1887 = VERTEX_POINT ( 'NONE', #3672 ) ;
#1888 = ORIENTED_EDGE ( 'NONE', *, *, #5525, .F. ) ;
#1889 = EDGE_CURVE ( 'NONE', #6835, #5333, #1437, .T. ) ;
#1890 = LINE ( 'NONE', #1815, #826 ) ;
#1891 = EDGE_LOOP ( 'NONE', ( #5409, #3704 ) ) ;
#1892 = CARTESIAN_POINT ( 'NONE',  ( -14.99999999999999289, 1.500000000000000000, 2.886751345947561997 ) ) ;
#1893 = LINE ( 'NONE', #688, #2689 ) ;
#1894 = LINE ( 'NONE', #5842, #3340 ) ;
#1895 = EDGE_LOOP ( 'NONE', ( #5951, #6187, #5715, #6548 ) ) ;
#1896 = ORIENTED_EDGE ( 'NONE', *, *, #5919, .T. ) ;
#1897 = ORIENTED_EDGE ( 'NONE', *, *, #2124, .F. ) ;
#1898 = CARTESIAN_POINT ( 'NONE',  ( 13.00000000000004796, 2.501000000000000334, 4.041451884327340593 ) ) ;
#1899 = CARTESIAN_POINT ( 'NONE',  ( -0.9999999999999397149, 2.501000000000000334, 6.350852961085893256 ) ) ;
#1900 = CARTESIAN_POINT ( 'NONE',  ( 15.75499999999999545, 0.000000000000000000, 15.75500000000000078 ) ) ;
#1901 = DIRECTION ( 'NONE',  ( 0.000000000000000000, 0.000000000000000000, 1.000000000000000000 ) ) ;
#1902 = ORIENTED_EDGE ( 'NONE', *, *, #619, .F. ) ;
#1903 = CARTESIAN_POINT ( 'NONE',  ( -8.000000000000055067, 1.500000000000000000, -11.54700538379248442 ) ) ;
#1904 = CARTESIAN_POINT ( 'NONE',  ( -2.999999999999930722, 1.500000000000000000, 7.505553499465162481 ) ) ;
#1905 = ADVANCED_FACE ( 'NONE', ( #4224 ), #3199, .F. ) ;
#1906 = FACE_BOUND ( 'NONE', #6949, .T. ) ;
#1907 = LINE ( 'NONE', #259, #1506 ) ;
#1908 = CARTESIAN_POINT ( 'NONE',  ( 2.000000000000192735, 0.000000000000000000, 11.54700538379250929 ) ) ;
#1909 = EDGE_CURVE ( 'NONE', #5437, #643, #4781, .T. ) ;
#1910 = AXIS2_PLACEMENT_3D ( 'NONE', #5197, #671, #146 ) ;
#1911 = ORIENTED_EDGE ( 'NONE', *, *, #3626, .T. ) ;
#1912 = EDGE_CURVE ( 'NONE', #5248, #967, #2615, .T. ) ;
#1913 = DIRECTION ( 'NONE',  ( -0.8660254037845228625, 0.000000000000000000, 0.4999999999998542277 ) ) ;
#1914 = CARTESIAN_POINT ( 'NONE',  ( 3.999999999999977351, 2.501000000000000334, -9.237604307034020579 ) ) ;
#1915 = AXIS2_PLACEMENT_3D ( 'NONE', #4240, #2039, #2004 ) ;
#1916 = LINE ( 'NONE', #3099, #5458 ) ;
#1917 = FACE_OUTER_BOUND ( 'NONE', #5791, .T. ) ;
#1918 = DIRECTION ( 'NONE',  ( -0.5000000000000082157, 0.000000000000000000, -0.8660254037844340447 ) ) ;
#1919 = ORIENTED_EDGE ( 'NONE', *, *, #3710, .T. ) ;
#1920 = EDGE_CURVE ( 'NONE', #5887, #3466, #4854, .T. ) ;
#1921 = PLANE ( 'NONE',  #5275 ) ;
#1922 = EDGE_CURVE ( 'NONE', #6306, #3285, #6557, .T. ) ;
#1923 = EDGE_LOOP ( 'NONE', ( #371, #2534, #1452, #2591 ) ) ;
#1924 = VECTOR ( 'NONE', #4107, 1000.000000000000000 ) ;
#1925 = EDGE_LOOP ( 'NONE', ( #4598, #3615, #1803, #2555, #4165, #7229 ) ) ;
#1926 = CARTESIAN_POINT ( 'NONE',  ( 14.00000000000000000, 0.000000000000000000, 1.154700538379251240 ) ) ;
#1927 = EDGE_LOOP ( 'NONE', ( #6571, #5723, #2407, #1038, #2126, #4234 ) ) ;
#1928 = COLOUR_RGB ( '',1.000000000000000000, 1.000000000000000000, 1.000000000000000000 ) ;
#1929 = DIRECTION ( 'NONE',  ( 0.8660254037844433705, 0.000000000000000000, 0.4999999999999916733 ) ) ;
#1930 = VECTOR ( 'NONE', #2532, 1000.000000000000000 ) ;
#1931 = CARTESIAN_POINT ( 'NONE',  ( 5.000000000000073719, 2.501000000000000334, 6.350852961085825754 ) ) ;
#1932 = DIRECTION ( 'NONE',  ( 0.000000000000000000, 0.000000000000000000, -1.000000000000000000 ) ) ;
#1933 = ORIENTED_EDGE ( 'NONE', *, *, #1580, .F. ) ;
#1934 = EDGE_LOOP ( 'NONE', ( #4608, #5182, #7008, #457, #1337, #5373 ) ) ;
#1935 = ORIENTED_EDGE ( 'NONE', *, *, #5210, .T. ) ;
#1936 = DIRECTION ( 'NONE',  ( -0.8660254037844447028, 0.000000000000000000, -0.4999999999999894529 ) ) ;
#1937 = LINE ( 'NONE', #3699, #5141 ) ;
#1938 = DIRECTION ( 'NONE',  ( -0.8660254037844395958, 0.000000000000000000, -0.4999999999999982236 ) ) ;
#1939 = LINE ( 'NONE', #4177, #1048 ) ;
#1940 = ORIENTED_EDGE ( 'NONE', *, *, #6710, .F. ) ;
#1941 = ORIENTED_EDGE ( 'NONE', *, *, #6483, .F. ) ;
#1942 = DIRECTION ( 'NONE',  ( 0.5000000000000015543, -0.000000000000000000, 0.8660254037844378194 ) ) ;
#1943 = DIRECTION ( 'NONE',  ( 1.734723475976807094E-16, 0.000000000000000000, 1.000000000000000000 ) ) ;
#1944 = CARTESIAN_POINT ( 'NONE',  ( -4.000000000000055067, 0.000000000000000000, -11.54700538379250041 ) ) ;
#1945 = CARTESIAN_POINT ( 'NONE',  ( -12.99999999999971401, 0.000000000000000000, -6.350852961086468795 ) ) ;
#1946 = LINE ( 'NONE', #5348, #4900 ) ;
#1947 = EDGE_CURVE ( 'NONE', #2982, #6629, #4822, .T. ) ;
#1948 = VERTEX_POINT ( 'NONE', #3088 ) ;
#1949 = PLANE ( 'NONE',  #2631 ) ;
#1950 = ADVANCED_FACE ( 'NONE', ( #2058 ), #6487, .F. ) ;
#1951 = AXIS2_PLACEMENT_3D ( 'NONE', #1582, #6307, #3501 ) ;
#1952 = CARTESIAN_POINT ( 'NONE',  ( -14.00000000000001243, 2.501000000000000334, -1.154700538379153318 ) ) ;
#1953 = CARTESIAN_POINT ( 'NONE',  ( 4.000000000000133227, 1.500000000000000000, 11.54700538379246844 ) ) ;
#1954 = VECTOR ( 'NONE', #1746, 1000.000000000000114 ) ;
#1955 = DIRECTION ( 'NONE',  ( 0.8660254037844421493, 0.000000000000000000, 0.4999999999999941713 ) ) ;
#1956 = DIRECTION ( 'NONE',  ( -0.000000000000000000, -1.000000000000000000, -0.000000000000000000 ) ) ;
#1957 = ORIENTED_EDGE ( 'NONE', *, *, #2085, .T. ) ;
#1958 = EDGE_CURVE ( 'NONE', #5439, #4954, #2581, .T. ) ;
#1959 = CARTESIAN_POINT ( 'NONE',  ( 0.9999999999999835687, 0.000000000000000000, -6.350852961085887038 ) ) ;
#1960 = AXIS2_PLACEMENT_3D ( 'NONE', #662, #4042, #3559 ) ;
#1961 = VERTEX_POINT ( 'NONE', #1512 ) ;
#1962 = ORIENTED_EDGE ( 'NONE', *, *, #5187, .F. ) ;
#1963 = VECTOR ( 'NONE', #6809, 1000.000000000000000 ) ;
#1964 = DIRECTION ( 'NONE',  ( 1.000000000000000000, 0.000000000000000000, -1.051620219116010632E-14 ) ) ;
#1965 = VERTEX_POINT ( 'NONE', #3751 ) ;
#1966 = EDGE_CURVE ( 'NONE', #6037, #3797, #7142, .T. ) ;
#1967 = DIRECTION ( 'NONE',  ( -0.8660254037844391517, 0.000000000000000000, 0.4999999999999989453 ) ) ;
#1968 = CIRCLE ( 'NONE', #680, 2.700000000000001066 ) ;
#1969 = CARTESIAN_POINT ( 'NONE',  ( -8.999999999999712230, 1.500000000000000000, -2.886751345948675329 ) ) ;
#1970 = DIRECTION ( 'NONE',  ( -0.000000000000000000, -1.000000000000000000, -0.000000000000000000 ) ) ;
#1971 = EDGE_LOOP ( 'NONE', ( #564, #6030, #101, #2842 ) ) ;
#1972 = VECTOR ( 'NONE', #90, 1000.000000000000000 ) ;
#1973 = ORIENTED_EDGE ( 'NONE', *, *, #5796, .T. ) ;
#1974 = EDGE_LOOP ( 'NONE', ( #1228, #6941, #1449, #1223, #5706, #6994 ) ) ;
#1975 = VECTOR ( 'NONE', #6128, 1000.000000000000000 ) ;
#1976 = DIRECTION ( 'NONE',  ( -0.8660254037844350439, 0.000000000000000000, 0.5000000000000061062 ) ) ;
#1977 = DIRECTION ( 'NONE',  ( -0.8660254037844340447, 0.000000000000000000, 0.5000000000000078826 ) ) ;
#1978 = CARTESIAN_POINT ( 'NONE',  ( 3.000000000000094591, 2.501000000000000334, -13.27905619594811348 ) ) ;
#1979 = VECTOR ( 'NONE', #288, 1000.000000000000000 ) ;
#1980 = DIRECTION ( 'NONE',  ( -0.4999999999999995004, 0.000000000000000000, -0.8660254037844389297 ) ) ;
#1981 = ORIENTED_EDGE ( 'NONE', *, *, #6256, .F. ) ;
#1982 = EDGE_CURVE ( 'NONE', #4885, #4779, #6184, .T. ) ;
#1983 = ORIENTED_EDGE ( 'NONE', *, *, #4442, .F. ) ;
#1984 = DIRECTION ( 'NONE',  ( 0.4999999999999983347, 0.000000000000000000, -0.8660254037844397068 ) ) ;
#1985 = LINE ( 'NONE', #2503, #5969 ) ;
#1986 = FACE_BOUND ( 'NONE', #2662, .T. ) ;
#1987 = LINE ( 'NONE', #227, #3957 ) ;
#1988 = ORIENTED_EDGE ( 'NONE', *, *, #3357, .T. ) ;
#1989 = VECTOR ( 'NONE', #2158, 1000.000000000000000 ) ;
#1990 = LINE ( 'NONE', #5977, #2748 ) ;
#1991 = DIRECTION ( 'NONE',  ( 0.8660254037844389297, 0.000000000000000000, -0.4999999999999994449 ) ) ;
#1992 = LINE ( 'NONE', #4156, #3561 ) ;
#1993 = LINE ( 'NONE', #4346, #6328 ) ;
#1994 = EDGE_CURVE ( 'NONE', #3637, #1961, #7218, .T. ) ;
#1995 = VECTOR ( 'NONE', #6712, 1000.000000000000227 ) ;
#1996 = CARTESIAN_POINT ( 'NONE',  ( 2.326828918379970970E-15, 1.500000000000000000, -19.00000000000000000 ) ) ;
#1997 = ORIENTED_EDGE ( 'NONE', *, *, #6032, .F. ) ;
#1998 = DIRECTION ( 'NONE',  ( 0.5000000000000006661, 0.000000000000000000, -0.8660254037844383745 ) ) ;
#1999 = EDGE_CURVE ( 'NONE', #1424, #4261, #22, .T. ) ;
#2000 = VERTEX_POINT ( 'NONE', #4408 ) ;
#2001 = VERTEX_POINT ( 'NONE', #2240 ) ;
#2002 = DIRECTION ( 'NONE',  ( 0.000000000000000000, -1.000000000000000000, 0.000000000000000000 ) ) ;
#2003 = ORIENTED_EDGE ( 'NONE', *, *, #5198, .T. ) ;
#2004 = DIRECTION ( 'NONE',  ( 0.8660254037844388186, 0.000000000000000000, -0.4999999999999997224 ) ) ;
#2005 = CARTESIAN_POINT ( 'NONE',  ( 1.999999999999999112, 1.500000000000000000, -1.154700538379252350 ) ) ;
#2006 = LINE ( 'NONE', #7058, #4272 ) ;
#2007 = ORIENTED_EDGE ( 'NONE', *, *, #1670, .F. ) ;
#2008 = EDGE_CURVE ( 'NONE', #392, #5392, #7184, .T. ) ;
#2009 = ORIENTED_EDGE ( 'NONE', *, *, #3309, .F. ) ;
#2010 = ORIENTED_EDGE ( 'NONE', *, *, #5968, .T. ) ;
#2011 = EDGE_LOOP ( 'NONE', ( #1174, #6261, #4464, #178 ) ) ;
#2012 = CARTESIAN_POINT ( 'NONE',  ( -5.999999999999984901, 1.500000000000000000, 2.309401076758546445 ) ) ;
#2013 = CARTESIAN_POINT ( 'NONE',  ( 0.000000000000000000, 2.500000000000000000, 0.000000000000000000 ) ) ;
#2014 = DIRECTION ( 'NONE',  ( 0.8660254037844383745, 0.000000000000000000, 0.5000000000000003331 ) ) ;
#2015 = CARTESIAN_POINT ( 'NONE',  ( -16.00000000000000355, 0.000000000000000000, -20.00000000000000000 ) ) ;
#2016 = ADVANCED_FACE ( 'NONE', ( #5637 ), #1030, .F. ) ;
#2017 = ADVANCED_FACE ( 'NONE', ( #4476 ), #515, .F. ) ;
#2018 = EDGE_CURVE ( 'NONE', #4126, #4738, #6121, .T. ) ;
#2019 = VERTEX_POINT ( 'NONE', #2137 ) ;
#2020 = ADVANCED_FACE ( 'NONE', ( #3927 ), #1583, .F. ) ;
#2021 = VERTEX_POINT ( 'NONE', #6667 ) ;
#2022 = CARTESIAN_POINT ( 'NONE',  ( 10.00000000000013323, 1.500000000000000000, 11.54700538379246844 ) ) ;
#2023 = DIRECTION ( 'NONE',  ( -0.000000000000000000, -1.000000000000000000, -0.000000000000000000 ) ) ;
#2024 = FACE_BOUND ( 'NONE', #237, .T. ) ;
#2025 = ORIENTED_EDGE ( 'NONE', *, *, #2297, .F. ) ;
#2026 = FACE_OUTER_BOUND ( 'NONE', #2989, .T. ) ;
#2027 = FACE_OUTER_BOUND ( 'NONE', #3601, .T. ) ;
#2028 = DIRECTION ( 'NONE',  ( -3.755786496842901029E-16, 0.000000000000000000, 1.000000000000000000 ) ) ;
#2029 = DIRECTION ( 'NONE',  ( -0.000000000000000000, -1.000000000000000000, -0.000000000000000000 ) ) ;
#2030 = ORIENTED_EDGE ( 'NONE', *, *, #5274, .T. ) ;
#2031 = CARTESIAN_POINT ( 'NONE',  ( -11.99999999999998934, 0.000000000000000000, 2.309401076758586413 ) ) ;
#2032 = VECTOR ( 'NONE', #5056, 1000.000000000000000 ) ;
#2033 = EDGE_CURVE ( 'NONE', #6673, #2924, #1135, .T. ) ;
#2034 = ORIENTED_EDGE ( 'NONE', *, *, #6649, .F. ) ;
#2035 = ORIENTED_EDGE ( 'NONE', *, *, #972, .F. ) ;
#2036 = VECTOR ( 'NONE', #1710, 1000.000000000000000 ) ;
#2037 = DIRECTION ( 'NONE',  ( 1.000000000000000000, 0.000000000000000000, -1.502314598737163173E-15 ) ) ;
#2038 = VERTEX_POINT ( 'NONE', #3862 ) ;
#2039 = DIRECTION ( 'NONE',  ( 0.4999999999999997224, -0.000000000000000000, 0.8660254037844388186 ) ) ;
#2040 = DIRECTION ( 'NONE',  ( 0.000000000000000000, 0.000000000000000000, -1.000000000000000000 ) ) ;
#2041 = CARTESIAN_POINT ( 'NONE',  ( -3.000000000000028866, 1.500000000000000000, 13.27675134594760387 ) ) ;
#2042 = VERTEX_POINT ( 'NONE', #7291 ) ;
#2043 = VECTOR ( 'NONE', #3785, 1000.000000000000000 ) ;
#2044 = VERTEX_POINT ( 'NONE', #1070 ) ;
#2045 = ORIENTED_EDGE ( 'NONE', *, *, #4758, .F. ) ;
#2046 = EDGE_CURVE ( 'NONE', #6805, #7241, #6149, .T. ) ;
#2047 = ORIENTED_EDGE ( 'NONE', *, *, #6821, .T. ) ;
#2048 = DIRECTION ( 'NONE',  ( -0.5000000000000104361, 0.000000000000000000, -0.8660254037844326014 ) ) ;
#2049 = EDGE_CURVE ( 'NONE', #3104, #360, #6094, .T. ) ;
#2050 = CARTESIAN_POINT ( 'NONE',  ( 10.99999999999997513, 2.501000000000000334, -6.350852961085965198 ) ) ;
#2051 = PLANE ( 'NONE',  #3567 ) ;
#2052 = ORIENTED_EDGE ( 'NONE', *, *, #1662, .F. ) ;
#2053 = CARTESIAN_POINT ( 'NONE',  ( -10.99999999999971045, 2.501000000000000334, -6.350852961086427939 ) ) ;
#2054 = VERTEX_POINT ( 'NONE', #3784 ) ;
#2055 = EDGE_LOOP ( 'NONE', ( #4271, #6315, #1644, #969 ) ) ;
#2056 = DIRECTION ( 'NONE',  ( 0.8660254037844385966, 0.000000000000000000, -0.4999999999999999445 ) ) ;
#2057 = EDGE_CURVE ( 'NONE', #1626, #480, #2832, .T. ) ;
#2058 = FACE_OUTER_BOUND ( 'NONE', #836, .T. ) ;
#2059 = FACE_BOUND ( 'NONE', #5173, .T. ) ;
#2060 = VERTEX_POINT ( 'NONE', #2760 ) ;
#2061 = DIRECTION ( 'NONE',  ( 0.5000000000000038858, -0.000000000000000000, 0.8660254037844363761 ) ) ;
#2062 = CARTESIAN_POINT ( 'NONE',  ( -14.99999999999999467, 1.500000000000000000, 7.505553499464564737 ) ) ;
#2063 = LINE ( 'NONE', #5390, #5618 ) ;
#2064 = LINE ( 'NONE', #4306, #1256 ) ;
#2065 = VERTEX_POINT ( 'NONE', #3342 ) ;
#2066 = ORIENTED_EDGE ( 'NONE', *, *, #1066, .T. ) ;
#2067 = ORIENTED_EDGE ( 'NONE', *, *, #6914, .T. ) ;
#2068 = VECTOR ( 'NONE', #2437, 1000.000000000000114 ) ;
#2069 = PLANE ( 'NONE',  #5772 ) ;
#2070 = VERTEX_POINT ( 'NONE', #5004 ) ;
#2071 = EDGE_CURVE ( 'NONE', #37, #6175, #5738, .T. ) ;
#2072 = VECTOR ( 'NONE', #2733, 1000.000000000000000 ) ;
#2073 = CARTESIAN_POINT ( 'NONE',  ( -16.99999999999970868, 0.000000000000000000, -4.041451884327968536 ) ) ;
#2074 = CARTESIAN_POINT ( 'NONE',  ( 17.00000000000004263, 1.500000000000000000, 6.350852961085845294 ) ) ;
#2075 = CARTESIAN_POINT ( 'NONE',  ( 2.000000000000165645, 2.501000000000000334, 9.237604307034008144 ) ) ;
#2076 = EDGE_LOOP ( 'NONE', ( #2729, #6125, #4616, #2034 ) ) ;
#2077 = VECTOR ( 'NONE', #6996, 1000.000000000000114 ) ;
#2078 = ORIENTED_EDGE ( 'NONE', *, *, #4292, .F. ) ;
#2079 = VECTOR ( 'NONE', #3648, 1000.000000000000000 ) ;
#2080 = ORIENTED_EDGE ( 'NONE', *, *, #2117, .F. ) ;
#2081 = EDGE_LOOP ( 'NONE', ( #6656, #5707, #4431, #6237 ) ) ;
#2082 = VECTOR ( 'NONE', #3379, 1000.000000000000000 ) ;
#2083 = VECTOR ( 'NONE', #5914, 1000.000000000000000 ) ;
#2084 = DIRECTION ( 'NONE',  ( -0.8660254037844393737, 0.000000000000000000, -0.4999999999999985012 ) ) ;
#2085 = EDGE_CURVE ( 'NONE', #3459, #1507, #5596, .T. ) ;
#2086 = DIRECTION ( 'NONE',  ( -0.8660254037844383745, 0.000000000000000000, -0.5000000000000003331 ) ) ;
#2087 = VECTOR ( 'NONE', #7025, 1000.000000000000000 ) ;
#2088 = FACE_BOUND ( 'NONE', #1925, .T. ) ;
#2089 = CARTESIAN_POINT ( 'NONE',  ( 2.000000000000165645, 1.500000000000000000, 9.237604307034008144 ) ) ;
#2090 = ORIENTED_EDGE ( 'NONE', *, *, #1190, .F. ) ;
#2091 = CARTESIAN_POINT ( 'NONE',  ( -3.000000000000013767, 0.000000000000000000, -2.886751345948112224 ) ) ;
#2092 = ADVANCED_FACE ( 'NONE', ( #2274 ), #992, .F. ) ;
#2093 = VECTOR ( 'NONE', #561, 1000.000000000000227 ) ;
#2094 = EDGE_CURVE ( 'NONE', #5910, #4749, #174, .T. ) ;
#2095 = ORIENTED_EDGE ( 'NONE', *, *, #4876, .F. ) ;
#2096 = VECTOR ( 'NONE', #4401, 1000.000000000000000 ) ;
#2097 = ORIENTED_EDGE ( 'NONE', *, *, #2627, .T. ) ;
#2098 = FACE_OUTER_BOUND ( 'NONE', #2617, .T. ) ;
#2099 = CARTESIAN_POINT ( 'NONE',  ( -12.99999999999971401, 1.500000000000000000, -4.041451884327967647 ) ) ;
#2100 = AXIS2_PLACEMENT_3D ( 'NONE', #4759, #6387, #154 ) ;
#2101 = DIRECTION ( 'NONE',  ( 0.5000000000000004441, 0.000000000000000000, -0.8660254037844384856 ) ) ;
#2102 = EDGE_CURVE ( 'NONE', #6563, #1525, #55, .T. ) ;
#2103 = EDGE_CURVE ( 'NONE', #573, #2070, #4106, .T. ) ;
#2104 = AXIS2_PLACEMENT_3D ( 'NONE', #6572, #5500, #7080 ) ;
#2105 = ORIENTED_EDGE ( 'NONE', *, *, #5121, .F. ) ;
#2106 = LINE ( 'NONE', #5565, #4919 ) ;
#2107 = DIRECTION ( 'NONE',  ( 0.000000000000000000, -0.000000000000000000, -1.000000000000000000 ) ) ;
#2108 = DIRECTION ( 'NONE',  ( 1.734723475976807094E-16, 0.000000000000000000, 1.000000000000000000 ) ) ;
#2109 = CARTESIAN_POINT ( 'NONE',  ( 15.00000000000004619, 2.501000000000000334, 2.886751345948089575 ) ) ;
#2110 = ORIENTED_EDGE ( 'NONE', *, *, #5919, .F. ) ;
#2111 =( NAMED_UNIT ( * ) SI_UNIT ( $, .STERADIAN. ) SOLID_ANGLE_UNIT ( ) );
#2112 = EDGE_CURVE ( 'NONE', #6957, #6061, #5742, .T. ) ;
#2113 = ORIENTED_EDGE ( 'NONE', *, *, #4621, .T. ) ;
#2114 = ORIENTED_EDGE ( 'NONE', *, *, #5440, .T. ) ;
#2115 = LINE ( 'NONE', #5465, #1569 ) ;
#2116 = ORIENTED_EDGE ( 'NONE', *, *, #5661, .F. ) ;
#2117 = EDGE_CURVE ( 'NONE', #2554, #2886, #6225, .T. ) ;
#2118 = CARTESIAN_POINT ( 'NONE',  ( 11.99999999999999822, 2.501000000000000334, 2.309401076758503368 ) ) ;
#2119 = AXIS2_PLACEMENT_3D ( 'NONE', #5208, #5098, #3542 ) ;
#2120 = DIRECTION ( 'NONE',  ( 0.8660254037844383745, -0.000000000000000000, 0.5000000000000003331 ) ) ;
#2121 = CARTESIAN_POINT ( 'NONE',  ( -6.000000000000060396, 2.501000000000000334, -12.70170592217174388 ) ) ;
#2122 = EDGE_LOOP ( 'NONE', ( #2168, #4953, #6281, #3160 ) ) ;
#2123 = EDGE_LOOP ( 'NONE', ( #5622, #1486, #3420, #6734 ) ) ;
#2124 = EDGE_CURVE ( 'NONE', #1123, #6080, #3722, .T. ) ;
#2125 = ORIENTED_EDGE ( 'NONE', *, *, #1922, .F. ) ;
#2126 = ORIENTED_EDGE ( 'NONE', *, *, #4036, .F. ) ;
#2127 = DIRECTION ( 'NONE',  ( -0.000000000000000000, -1.000000000000000000, -0.000000000000000000 ) ) ;
#2128 = DIRECTION ( 'NONE',  ( -0.8660254037844398178, 0.000000000000000000, -0.4999999999999979461 ) ) ;
#2129 = FACE_BOUND ( 'NONE', #863, .T. ) ;
#2130 = CARTESIAN_POINT ( 'NONE',  ( -3.000000000000031086, 1.500000000000000000, 17.89555349946460794 ) ) ;
#2131 = ORIENTED_EDGE ( 'NONE', *, *, #1514, .T. ) ;
#2132 = CARTESIAN_POINT ( 'NONE',  ( -14.00000000000004619, 2.501000000000000334, -9.237604307034020579 ) ) ;
#2133 = ORIENTED_EDGE ( 'NONE', *, *, #3451, .T. ) ;
#2134 = EDGE_CURVE ( 'NONE', #459, #6980, #1176, .T. ) ;
#2135 = VERTEX_POINT ( 'NONE', #2967 ) ;
#2136 = DIRECTION ( 'NONE',  ( 0.8660254037844326014, 0.000000000000000000, -0.5000000000000103251 ) ) ;
#2137 = CARTESIAN_POINT ( 'NONE',  ( -5.000000000000028422, 1.500000000000000000, 14.43145188432685266 ) ) ;
#2138 = CARTESIAN_POINT ( 'NONE',  ( 7.999999999999974243, 0.000000000000000000, -11.54700538379253416 ) ) ;
#2139 = FACE_OUTER_BOUND ( 'NONE', #5555, .T. ) ;
#2140 = ORIENTED_EDGE ( 'NONE', *, *, #2981, .F. ) ;
#2141 = EDGE_CURVE ( 'NONE', #1390, #6822, #4666, .T. ) ;
#2142 = CARTESIAN_POINT ( 'NONE',  ( -1.000000000000018208, 0.000000000000000000, -4.041451884327373456 ) ) ;
#2143 = DIRECTION ( 'NONE',  ( 0.000000000000000000, 0.000000000000000000, -1.000000000000000000 ) ) ;
#2144 = CARTESIAN_POINT ( 'NONE',  ( 5.000000000000090594, 0.000000000000000000, -14.43375673432737472 ) ) ;
#2145 = PLANE ( 'NONE',  #4421 ) ;
#2146 = ORIENTED_EDGE ( 'NONE', *, *, #6262, .F. ) ;
#2147 = EDGE_CURVE ( 'NONE', #5583, #1655, #1207, .T. ) ;
#2148 = ORIENTED_EDGE ( 'NONE', *, *, #3930, .F. ) ;
#2149 = DIRECTION ( 'NONE',  ( 1.000000000000000000, 0.000000000000000000, 0.000000000000000000 ) ) ;
#2150 = ORIENTED_EDGE ( 'NONE', *, *, #4785, .F. ) ;
#2151 = EDGE_CURVE ( 'NONE', #774, #3186, #2382, .T. ) ;
#2152 = PLANE ( 'NONE',  #631 ) ;
#2153 = CARTESIAN_POINT ( 'NONE',  ( -19.99999999999999645, 2.500000000000000000, 20.00000000000000000 ) ) ;
#2154 = CYLINDRICAL_SURFACE ( 'NONE', #6177, 2.700000000000001066 ) ;
#2155 = ORIENTED_EDGE ( 'NONE', *, *, #4396, .F. ) ;
#2156 = ORIENTED_EDGE ( 'NONE', *, *, #4105, .F. ) ;
#2157 = ORIENTED_EDGE ( 'NONE', *, *, #828, .T. ) ;
#2158 = DIRECTION ( 'NONE',  ( 1.502314598737158045E-15, -0.000000000000000000, 1.000000000000000000 ) ) ;
#2159 = CARTESIAN_POINT ( 'NONE',  ( -8.999999999999710454, 1.500000000000000000, -7.505553499465677625 ) ) ;
#2160 = DIRECTION ( 'NONE',  ( 0.4999999999999979461, 0.000000000000000000, -0.8660254037844398178 ) ) ;
#2161 = AXIS2_PLACEMENT_3D ( 'NONE', #2707, #7236, #1487 ) ;
#2162 = CARTESIAN_POINT ( 'NONE',  ( -5.000000000000030198, 2.501000000000000334, -6.350852961085859505 ) ) ;
#2163 = DIRECTION ( 'NONE',  ( 0.000000000000000000, -1.000000000000000000, 0.000000000000000000 ) ) ;
#2164 = ORIENTED_EDGE ( 'NONE', *, *, #5210, .F. ) ;
#2165 = PLANE ( 'NONE',  #3158 ) ;
#2166 = ORIENTED_EDGE ( 'NONE', *, *, #6683, .T. ) ;
#2167 = VECTOR ( 'NONE', #7067, 1000.000000000000000 ) ;
#2168 = ORIENTED_EDGE ( 'NONE', *, *, #5653, .T. ) ;
#2169 = LINE ( 'NONE', #3821, #5490 ) ;
#2170 = DIRECTION ( 'NONE',  ( -0.000000000000000000, -1.000000000000000000, -0.000000000000000000 ) ) ;
#2171 = CARTESIAN_POINT ( 'NONE',  ( 17.00000000000004263, 2.501000000000000334, 6.350852961085846182 ) ) ;
#2172 = AXIS2_PLACEMENT_3D ( 'NONE', #4176, #3081, #2014 ) ;
#2173 = PRESENTATION_STYLE_ASSIGNMENT (( #4373 ) ) ;
#2174 = EDGE_LOOP ( 'NONE', ( #5917, #6351 ) ) ;
#2175 = LINE ( 'NONE', #5534, #1687 ) ;
#2176 = LINE ( 'NONE', #2806, #5963 ) ;
#2177 = EDGE_CURVE ( 'NONE', #4228, #1372, #5257, .T. ) ;
#2178 = CARTESIAN_POINT ( 'NONE',  ( 5.999999999999998224, 1.500000000000000000, 2.309401076758503368 ) ) ;
#2179 = DIRECTION ( 'NONE',  ( -0.8660254037844383745, 0.000000000000000000, -0.5000000000000003331 ) ) ;
#2180 = VERTEX_POINT ( 'NONE', #97 ) ;
#2181 = ADVANCED_FACE ( 'NONE', ( #3415 ), #4625, .F. ) ;
#2182 = CARTESIAN_POINT ( 'NONE',  ( -7.999999999999910294, 0.000000000000000000, 9.237604307034084528 ) ) ;
#2183 = VERTEX_POINT ( 'NONE', #3550 ) ;
#2184 = EDGE_CURVE ( 'NONE', #6306, #1318, #4905, .T. ) ;
#2185 = CARTESIAN_POINT ( 'NONE',  ( -20.00000000000000355, 0.000000000000000000, -20.00000000000000000 ) ) ;
#2186 = CARTESIAN_POINT ( 'NONE',  ( -6.999999999999712230, 1.500000000000000000, -4.041451884327925903 ) ) ;
#2187 = CARTESIAN_POINT ( 'NONE',  ( 15.75500000000000078, 1.500000000000000000, -15.75500000000000078 ) ) ;
#2188 = ORIENTED_EDGE ( 'NONE', *, *, #5968, .F. ) ;
#2189 = VERTEX_POINT ( 'NONE', #655 ) ;
#2190 = ORIENTED_EDGE ( 'NONE', *, *, #2542, .T. ) ;
#2191 = ADVANCED_FACE ( 'NONE', ( #6332 ), #621, .F. ) ;
#2192 = DIRECTION ( 'NONE',  ( -0.000000000000000000, -1.000000000000000000, -0.000000000000000000 ) ) ;
#2193 = DIRECTION ( 'NONE',  ( 0.8660254037844372643, 0.000000000000000000, -0.5000000000000023315 ) ) ;
#2194 = VECTOR ( 'NONE', #4741, 1000.000000000000000 ) ;
#2195 = LINE ( 'NONE', #3813, #1331 ) ;
#2196 = DIRECTION ( 'NONE',  ( -0.000000000000000000, -1.000000000000000000, -0.000000000000000000 ) ) ;
#2197 = CARTESIAN_POINT ( 'NONE',  ( 15.75500000000000078, 2.501000000000000334, -15.75500000000000078 ) ) ;
#2198 = ORIENTED_EDGE ( 'NONE', *, *, #159, .T. ) ;
#2199 = VECTOR ( 'NONE', #6136, 1000.000000000000114 ) ;
#2200 = CARTESIAN_POINT ( 'NONE',  ( -11.99999999999998757, 0.000000000000000000, 2.309401076758587745 ) ) ;
#2201 = ORIENTED_EDGE ( 'NONE', *, *, #4849, .T. ) ;
#2202 = AXIS2_PLACEMENT_3D ( 'NONE', #998, #6526, #5903 ) ;
#2203 = VECTOR ( 'NONE', #5369, 1000.000000000000000 ) ;
#2204 = ORIENTED_EDGE ( 'NONE', *, *, #5719, .F. ) ;
#2205 = DIRECTION ( 'NONE',  ( 1.192462212747620411E-14, 0.000000000000000000, 1.000000000000000000 ) ) ;
#2206 = FACE_OUTER_BOUND ( 'NONE', #7110, .T. ) ;
#2207 = VECTOR ( 'NONE', #2795, 1000.000000000000227 ) ;
#2208 = AXIS2_PLACEMENT_3D ( 'NONE', #4423, #6720, #5059 ) ;
#2209 = FILL_AREA_STYLE_COLOUR ( '', #3966 ) ;
#2210 = AXIS2_PLACEMENT_3D ( 'NONE', #5066, #508, #7248 ) ;
#2211 = EDGE_CURVE ( 'NONE', #3232, #6832, #3998, .T. ) ;
#2212 = ORIENTED_EDGE ( 'NONE', *, *, #6156, .F. ) ;
#2213 = VECTOR ( 'NONE', #6677, 1000.000000000000000 ) ;
#2214 = DIRECTION ( 'NONE',  ( 0.8660254037844352659, 0.000000000000000000, -0.5000000000000056621 ) ) ;
#2215 = DIRECTION ( 'NONE',  ( 1.000000000000000000, 0.000000000000000000, -1.502314598737158045E-15 ) ) ;
#2216 = CARTESIAN_POINT ( 'NONE',  ( 14.99999999999998046, 2.501000000000000334, -2.886751345948211256 ) ) ;
#2217 = CARTESIAN_POINT ( 'NONE',  ( -10.99999999999999289, 2.501000000000000334, 6.350852961085355020 ) ) ;
#2218 = VECTOR ( 'NONE', #2937, 999.9999999999998863 ) ;
#2219 = ORIENTED_EDGE ( 'NONE', *, *, #6618, .F. ) ;
#2220 = DIRECTION ( 'NONE',  ( -0.8660254037844389297, 0.000000000000000000, 0.4999999999999995004 ) ) ;
#2221 = ORIENTED_EDGE ( 'NONE', *, *, #1242, .F. ) ;
#2222 = EDGE_CURVE ( 'NONE', #3908, #4205, #2351, .T. ) ;
#2223 = CARTESIAN_POINT ( 'NONE',  ( -3.000000000000035971, 0.000000000000000000, -7.505553499465120737 ) ) ;
#2224 = DIRECTION ( 'NONE',  ( -0.8660254037844378194, 0.000000000000000000, 0.5000000000000015543 ) ) ;
#2225 = DIRECTION ( 'NONE',  ( -0.8660254037844374864, 0.000000000000000000, 0.5000000000000018874 ) ) ;
#2226 = ORIENTED_EDGE ( 'NONE', *, *, #2282, .T. ) ;
#2227 = ORIENTED_EDGE ( 'NONE', *, *, #3165, .T. ) ;
#2228 = EDGE_LOOP ( 'NONE', ( #6466, #5808, #87, #272 ) ) ;
#2229 = LINE ( 'NONE', #6799, #3754 ) ;
#2230 = AXIS2_PLACEMENT_3D ( 'NONE', #5175, #6391, #1342 ) ;
#2231 = EDGE_CURVE ( 'NONE', #4562, #332, #215, .T. ) ;
#2232 = LINE ( 'NONE', #1538, #3914 ) ;
#2233 = CARTESIAN_POINT ( 'NONE',  ( -14.00000000000004619, 1.500000000000000000, -9.237604307034020579 ) ) ;
#2234 = CARTESIAN_POINT ( 'NONE',  ( 15.75499999999999545, 1.500000000000000000, 15.75500000000000078 ) ) ;
#2235 = ORIENTED_EDGE ( 'NONE', *, *, #1742, .F. ) ;
#2236 = EDGE_CURVE ( 'NONE', #3696, #672, #7143, .T. ) ;
#2237 = LINE ( 'NONE', #4367, #2576 ) ;
#2238 = VECTOR ( 'NONE', #5988, 1000.000000000000000 ) ;
#2239 = ORIENTED_EDGE ( 'NONE', *, *, #1367, .F. ) ;
#2240 = CARTESIAN_POINT ( 'NONE',  ( 9.000000000000047962, 0.000000000000000000, 7.505553499465094092 ) ) ;
#2241 = DIRECTION ( 'NONE',  ( -0.8660254037844385966, 0.000000000000000000, -0.4999999999999999445 ) ) ;
#2242 = ADVANCED_FACE ( 'NONE', ( #133 ), #1396, .F. ) ;
#2243 = EDGE_CURVE ( 'NONE', #5697, #6957, #4815, .T. ) ;
#2244 =( NAMED_UNIT ( * ) SI_UNIT ( $, .STERADIAN. ) SOLID_ANGLE_UNIT ( ) );
#2245 = VERTEX_POINT ( 'NONE', #4174 ) ;
#2246 = VERTEX_POINT ( 'NONE', #950 ) ;
#2247 = CARTESIAN_POINT ( 'NONE',  ( -8.999999999999992895, 2.501000000000000334, 2.886751345947603742 ) ) ;
#2248 = CARTESIAN_POINT ( 'NONE',  ( -10.99999999999971045, 0.000000000000000000, -4.041451884327926791 ) ) ;
#2249 = EDGE_CURVE ( 'NONE', #6175, #37, #5031, .T. ) ;
#2250 = DIRECTION ( 'NONE',  ( -0.000000000000000000, -1.000000000000000000, -0.000000000000000000 ) ) ;
#2251 = CARTESIAN_POINT ( 'NONE',  ( 1.999999999999998668, 1.500000000000000000, -1.154700538379252350 ) ) ;
#2252 = VERTEX_POINT ( 'NONE', #875 ) ;
#2253 = DIRECTION ( 'NONE',  ( -0.8660254037844389297, 0.000000000000000000, 0.4999999999999995004 ) ) ;
#2254 = ORIENTED_EDGE ( 'NONE', *, *, #3094, .F. ) ;
#2255 = CARTESIAN_POINT ( 'NONE',  ( -12.99999999999999467, 1.500000000000000000, 4.041451884326813904 ) ) ;
#2256 = LINE ( 'NONE', #3838, #4543 ) ;
#2257 = DIRECTION ( 'NONE',  ( 4.694733121053620666E-15, -0.000000000000000000, 1.000000000000000000 ) ) ;
#2258 = VERTEX_POINT ( 'NONE', #3191 ) ;
#2259 = ADVANCED_FACE ( 'NONE', ( #2461 ), #5301, .F. ) ;
#2260 = VERTEX_POINT ( 'NONE', #3741 ) ;
#2261 = ORIENTED_EDGE ( 'NONE', *, *, #5523, .F. ) ;
#2262 = CARTESIAN_POINT ( 'NONE',  ( -12.99999999999999467, 0.000000000000000000, 4.041451884326813904 ) ) ;
#2263 = FACE_OUTER_BOUND ( 'NONE', #1490, .T. ) ;
#2264 = LINE ( 'NONE', #2890, #2910 ) ;
#2265 = DIRECTION ( 'NONE',  ( 0.000000000000000000, 0.000000000000000000, -1.000000000000000000 ) ) ;
#2266 = ORIENTED_EDGE ( 'NONE', *, *, #1081, .F. ) ;
#2267 = EDGE_CURVE ( 'NONE', #893, #1101, #6509, .T. ) ;
#2268 = PLANE ( 'NONE',  #1158 ) ;
#2269 = VECTOR ( 'NONE', #5792, 1000.000000000000000 ) ;
#2270 = VERTEX_POINT ( 'NONE', #6000 ) ;
#2271 = EDGE_CURVE ( 'NONE', #1236, #2711, #3047, .T. ) ;
#2272 = AXIS2_PLACEMENT_3D ( 'NONE', #5328, #3581, #2488 ) ;
#2273 = PLANE ( 'NONE',  #1147 ) ;
#2274 = FACE_OUTER_BOUND ( 'NONE', #5103, .T. ) ;
#2275 = VECTOR ( 'NONE', #6415, 1000.000000000000000 ) ;
#2276 = LINE ( 'NONE', #3965, #5573 ) ;
#2277 = EDGE_CURVE ( 'NONE', #5547, #5000, #5443, .T. ) ;
#2278 = DIRECTION ( 'NONE',  ( -0.8660254037844419273, 0.000000000000000000, -0.4999999999999943934 ) ) ;
#2279 = VECTOR ( 'NONE', #6418, 1000.000000000000227 ) ;
#2280 = VERTEX_POINT ( 'NONE', #4845 ) ;
#2281 = EDGE_LOOP ( 'NONE', ( #5997, #2500, #2340, #2757 ) ) ;
#2282 = EDGE_CURVE ( 'NONE', #3924, #5397, #3261, .T. ) ;
#2283 = CARTESIAN_POINT ( 'NONE',  ( 6.999999999999980460, 2.501000000000000334, -4.041451884327456945 ) ) ;
#2284 = FACE_OUTER_BOUND ( 'NONE', #1895, .T. ) ;
#2285 = VECTOR ( 'NONE', #6763, 1000.000000000000000 ) ;
#2286 = DIRECTION ( 'NONE',  ( 0.8660254037844352659, 0.000000000000000000, -0.5000000000000056621 ) ) ;
#2287 = DIRECTION ( 'NONE',  ( -0.000000000000000000, -1.000000000000000000, -0.000000000000000000 ) ) ;
#2288 = CARTESIAN_POINT ( 'NONE',  ( 0.9999999999999713562, 0.000000000000000000, 16.74085296108535559 ) ) ;
#2289 = CARTESIAN_POINT ( 'NONE',  ( 0.000000000000000000, 0.000000000000000000, 0.000000000000000000 ) ) ;
#2290 = VERTEX_POINT ( 'NONE', #5370 ) ;
#2291 = CARTESIAN_POINT ( 'NONE',  ( 14.00000000000000000, 2.501000000000000334, 1.154700538379251240 ) ) ;
#2292 = ORIENTED_EDGE ( 'NONE', *, *, #7099, .T. ) ;
#2293 = PLANE ( 'NONE',  #3679 ) ;
#2294 = CARTESIAN_POINT ( 'NONE',  ( -12.99999999999999467, 0.000000000000000000, 6.350852961085315052 ) ) ;
#2295 = CARTESIAN_POINT ( 'NONE',  ( 13.99999999999997513, 1.500000000000000000, -11.54700538379253416 ) ) ;
#2296 = ORIENTED_EDGE ( 'NONE', *, *, #1614, .F. ) ;
#2297 = EDGE_CURVE ( 'NONE', #114, #733, #5891, .T. ) ;
#2298 = ORIENTED_EDGE ( 'NONE', *, *, #4475, .T. ) ;
#2299 = EDGE_LOOP ( 'NONE', ( #1769, #5675, #5061, #1210 ) ) ;
#2300 = CARTESIAN_POINT ( 'NONE',  ( 7.999999999999977796, 2.501000000000000334, -9.237604307034029461 ) ) ;
#2301 = LINE ( 'NONE', #5773, #3098 ) ;
#2302 = CARTESIAN_POINT ( 'NONE',  ( -7.999999999999888978, 2.501000000000000334, 11.54700538379259100 ) ) ;
#2303 = DIRECTION ( 'NONE',  ( 1.000000000000000000, 0.000000000000000000, -4.694733121053620666E-15 ) ) ;
#2304 = ORIENTED_EDGE ( 'NONE', *, *, #1475, .T. ) ;
#2305 = VERTEX_POINT ( 'NONE', #4216 ) ;
#2306 = VECTOR ( 'NONE', #5676, 1000.000000000000000 ) ;
#2307 = CARTESIAN_POINT ( 'NONE',  ( 15.75499999999999545, 2.501000000000000334, 15.75500000000000078 ) ) ;
#2308 = CARTESIAN_POINT ( 'NONE',  ( -4.000000000000007994, 2.501000000000000334, -1.154700538379223707 ) ) ;
#2309 = CIRCLE ( 'NONE', #6197, 1.500000000000001332 ) ;
#2310 = EDGE_CURVE ( 'NONE', #85, #2451, #1352, .T. ) ;
#2311 = CARTESIAN_POINT ( 'NONE',  ( -13.99999999999988987, 2.501000000000000334, 11.54700538379254837 ) ) ;
#2312 = UNCERTAINTY_MEASURE_WITH_UNIT (LENGTH_MEASURE( 1.000000000000000082E-05 ), #3650, 'distance_accuracy_value', 'NONE');
#2313 = LINE ( 'NONE', #1829, #5152 ) ;
#2314 = VECTOR ( 'NONE', #294, 1000.000000000000000 ) ;
#2315 = ORIENTED_EDGE ( 'NONE', *, *, #485, .T. ) ;
#2316 = AXIS2_PLACEMENT_3D ( 'NONE', #6234, #1186, #3425 ) ;
#2317 = ORIENTED_EDGE ( 'NONE', *, *, #3405, .F. ) ;
#2318 = DIRECTION ( 'NONE',  ( 0.8660254037844411501, 0.000000000000000000, 0.4999999999999957256 ) ) ;
#2319 = AXIS2_PLACEMENT_3D ( 'NONE', #4546, #5703, #5814 ) ;
#2320 = CARTESIAN_POINT ( 'NONE',  ( -4.999999999999912070, 2.501000000000000334, -14.43375673432735518 ) ) ;
#2321 = VECTOR ( 'NONE', #5, 1000.000000000000000 ) ;
#2322 = DIRECTION ( 'NONE',  ( 0.000000000000000000, 0.000000000000000000, -1.000000000000000000 ) ) ;
#2323 = VECTOR ( 'NONE', #2784, 1000.000000000000000 ) ;
#2324 = CARTESIAN_POINT ( 'NONE',  ( -10.00000000000004441, 2.501000000000000334, -9.237604307034040119 ) ) ;
#2325 = CARTESIAN_POINT ( 'NONE',  ( -0.9999999999999401590, 0.000000000000000000, 6.350852961085895032 ) ) ;
#2326 = ADVANCED_FACE ( 'NONE', ( #5411 ), #5852, .F. ) ;
#2327 = EDGE_CURVE ( 'NONE', #5359, #4254, #2574, .T. ) ;
#2328 = ORIENTED_EDGE ( 'NONE', *, *, #5541, .F. ) ;
#2329 = DIRECTION ( 'NONE',  ( 0.000000000000000000, -1.000000000000000000, 0.000000000000000000 ) ) ;
#2330 = ORIENTED_EDGE ( 'NONE', *, *, #3790, .T. ) ;
#2331 = CARTESIAN_POINT ( 'NONE',  ( -2.999999999999905409, 0.000000000000000000, -13.27905619594811348 ) ) ;
#2332 = DIRECTION ( 'NONE',  ( -0.8660254037844387076, 0.000000000000000000, -0.5000000000000001110 ) ) ;
#2333 = VECTOR ( 'NONE', #4252, 1000.000000000000000 ) ;
#2334 = CARTESIAN_POINT ( 'NONE',  ( 2.999999999999993339, 2.501000000000000334, -2.886751345948133540 ) ) ;
#2335 = PLANE ( 'NONE',  #3593 ) ;
#2336 = EDGE_LOOP ( 'NONE', ( #6730, #1288, #341, #3196 ) ) ;
#2337 = EDGE_CURVE ( 'NONE', #5665, #4198, #4287, .T. ) ;
#2338 = EDGE_CURVE ( 'NONE', #5947, #4261, #1937, .T. ) ;
#2339 = ORIENTED_EDGE ( 'NONE', *, *, #4036, .T. ) ;
#2340 = ORIENTED_EDGE ( 'NONE', *, *, #1780, .F. ) ;
#2341 = DIRECTION ( 'NONE',  ( -0.5000000000000002220, 0.000000000000000000, 0.8660254037844385966 ) ) ;
#2342 = VERTEX_POINT ( 'NONE', #5336 ) ;
#2343 = CARTESIAN_POINT ( 'NONE',  ( -20.00000000000000355, 2.500000000000000000, -20.00000000000000000 ) ) ;
#2344 = CARTESIAN_POINT ( 'NONE',  ( -6.999999999999993783, 1.500000000000000000, 6.350852961085356796 ) ) ;
#2345 = CARTESIAN_POINT ( 'NONE',  ( 15.75500000000000078, 1.500000000000000000, -14.25500000000000078 ) ) ;
#2346 = ORIENTED_EDGE ( 'NONE', *, *, #3809, .F. ) ;
#2347 = ADVANCED_FACE ( 'NONE', ( #6439 ), #4772, .F. ) ;
#2348 = ORIENTED_EDGE ( 'NONE', *, *, #1113, .F. ) ;
#2349 = VECTOR ( 'NONE', #5398, 1000.000000000000114 ) ;
#2350 = DIRECTION ( 'NONE',  ( -0.8660254037844383745, 0.000000000000000000, -0.5000000000000003331 ) ) ;
#2351 = LINE ( 'NONE', #4585, #5617 ) ;
#2352 = DIRECTION ( 'NONE',  ( 0.000000000000000000, 0.000000000000000000, -1.000000000000000000 ) ) ;
#2353 = CARTESIAN_POINT ( 'NONE',  ( 14.99999999999998046, 0.000000000000000000, -2.886751345948211256 ) ) ;
#2354 = ORIENTED_EDGE ( 'NONE', *, *, #6152, .F. ) ;
#2355 = ORIENTED_EDGE ( 'NONE', *, *, #7090, .T. ) ;
#2356 = DIRECTION ( 'NONE',  ( -0.8660254037844384856, 0.000000000000000000, -0.5000000000000002220 ) ) ;
#2357 = CARTESIAN_POINT ( 'NONE',  ( 11.99999999999998046, 2.501000000000000334, -8.082903768654771781 ) ) ;
#2358 = CARTESIAN_POINT ( 'NONE',  ( 5.000000000000047962, 1.500000000000000000, 4.041451884327321942 ) ) ;
#2359 = CARTESIAN_POINT ( 'NONE',  ( 8.000000000000000000, 1.500000000000000000, 1.154700538379251240 ) ) ;
#2360 = DIRECTION ( 'NONE',  ( -0.4999999999999992228, 0.000000000000000000, -0.8660254037844391517 ) ) ;
#2361 = EDGE_CURVE ( 'NONE', #4332, #1161, #842, .T. ) ;
#2362 = ORIENTED_EDGE ( 'NONE', *, *, #1670, .T. ) ;
#2363 = DIRECTION ( 'NONE',  ( 0.000000000000000000, -1.000000000000000000, 0.000000000000000000 ) ) ;
#2364 = EDGE_LOOP ( 'NONE', ( #2885, #5129, #4220, #450 ) ) ;
#2365 = ADVANCED_FACE ( 'NONE', ( #7131 ), #6073, .F. ) ;
#2366 = CARTESIAN_POINT ( 'NONE',  ( 3.000000000000032863, 0.000000000000000000, 2.886751345948093128 ) ) ;
#2367 = DIRECTION ( 'NONE',  ( 0.000000000000000000, 0.000000000000000000, 1.000000000000000000 ) ) ;
#2368 = FACE_OUTER_BOUND ( 'NONE', #915, .T. ) ;
#2369 = CARTESIAN_POINT ( 'NONE',  ( -14.99999999999971045, 1.500000000000000000, -7.505553499465719369 ) ) ;
#2370 = ORIENTED_EDGE ( 'NONE', *, *, #3405, .T. ) ;
#2371 = ORIENTED_EDGE ( 'NONE', *, *, #3926, .T. ) ;
#2372 = VERTEX_POINT ( 'NONE', #472 ) ;
#2373 = CARTESIAN_POINT ( 'NONE',  ( 8.999999999999969802, 0.000000000000000000, -7.505553499465213108 ) ) ;
#2374 = ORIENTED_EDGE ( 'NONE', *, *, #273, .F. ) ;
#2375 = ADVANCED_FACE ( 'NONE', ( #2750 ), #5552, .F. ) ;
#2376 = CARTESIAN_POINT ( 'NONE',  ( 1.000000000000088596, 2.501000000000000334, -14.43375673432735518 ) ) ;
#2377 = PLANE ( 'NONE',  #4909 ) ;
#2378 = DIRECTION ( 'NONE',  ( -0.000000000000000000, -1.000000000000000000, -0.000000000000000000 ) ) ;
#2379 = ORIENTED_EDGE ( 'NONE', *, *, #5294, .F. ) ;
#2380 = ORIENTED_EDGE ( 'NONE', *, *, #4475, .F. ) ;
#2381 = CARTESIAN_POINT ( 'NONE',  ( 3.000000000000094591, 1.500000000000000000, -13.27905619594811348 ) ) ;
#2382 = LINE ( 'NONE', #4661, #1496 ) ;
#2383 = LINE ( 'NONE', #1316, #5581 ) ;
#2384 = LINE ( 'NONE', #6771, #2218 ) ;
#2385 = VECTOR ( 'NONE', #6271, 1000.000000000000000 ) ;
#2386 = ORIENTED_EDGE ( 'NONE', *, *, #4985, .T. ) ;
#2387 = AXIS2_PLACEMENT_3D ( 'NONE', #722, #5065, #14 ) ;
#2388 = VERTEX_POINT ( 'NONE', #4924 ) ;
#2389 = PLANE ( 'NONE',  #1365 ) ;
#2390 = CARTESIAN_POINT ( 'NONE',  ( 16.00000000000000000, 0.000000000000000000, -16.00000000000000000 ) ) ;
#2391 = CARTESIAN_POINT ( 'NONE',  ( -5.999999999999921840, 1.500000000000000000, 8.082903768654816190 ) ) ;
#2392 = VECTOR ( 'NONE', #6122, 1000.000000000000000 ) ;
#2393 = LINE ( 'NONE', #5679, #451 ) ;
#2394 = CARTESIAN_POINT ( 'NONE',  ( 9.999999999999998224, 0.000000000000000000, 1.154700538379252128 ) ) ;
#2395 = EDGE_LOOP ( 'NONE', ( #3906, #1163, #4877, #2930 ) ) ;
#2396 = VECTOR ( 'NONE', #4138, 1000.000000000000000 ) ;
#2397 = CARTESIAN_POINT ( 'NONE',  ( 11.99999999999999822, 1.500000000000000000, 2.309401076758502480 ) ) ;
#2398 = EDGE_CURVE ( 'NONE', #774, #4496, #7208, .T. ) ;
#2399 = DIRECTION ( 'NONE',  ( -0.8660254037844330455, 0.000000000000000000, 0.5000000000000098810 ) ) ;
#2400 = DIRECTION ( 'NONE',  ( -0.000000000000000000, -1.000000000000000000, -0.000000000000000000 ) ) ;
#2401 = CARTESIAN_POINT ( 'NONE',  ( -10.99999999999999289, 0.000000000000000000, 4.041451884326853872 ) ) ;
#2402 = ADVANCED_FACE ( 'NONE', ( #982 ), #2643, .F. ) ;
#2403 = DIRECTION ( 'NONE',  ( -1.000000000000000000, 0.000000000000000000, 2.253471898105738645E-15 ) ) ;
#2404 = ORIENTED_EDGE ( 'NONE', *, *, #2177, .F. ) ;
#2405 = DIRECTION ( 'NONE',  ( 9.013887592422948271E-15, -0.000000000000000000, 1.000000000000000000 ) ) ;
#2406 = VECTOR ( 'NONE', #3439, 1000.000000000000000 ) ;
#2407 = ORIENTED_EDGE ( 'NONE', *, *, #3475, .F. ) ;
#2408 = VERTEX_POINT ( 'NONE', #3850 ) ;
#2409 = CARTESIAN_POINT ( 'NONE',  ( -0.9999999999999100719, 1.500000000000000000, -14.43375673432737472 ) ) ;
#2410 = ORIENTED_EDGE ( 'NONE', *, *, #6862, .F. ) ;
#2411 = PLANE ( 'NONE',  #6048 ) ;
#2412 = DIRECTION ( 'NONE',  ( 0.4999999999999997780, -0.000000000000000000, 0.8660254037844388186 ) ) ;
#2413 = CARTESIAN_POINT ( 'NONE',  ( 0.9999999999999713562, 1.500000000000000000, 14.43145188432685266 ) ) ;
#2414 = ORIENTED_EDGE ( 'NONE', *, *, #1643, .T. ) ;
#2415 = ADVANCED_FACE ( 'NONE', ( #507 ), #4400, .F. ) ;
#2416 = EDGE_CURVE ( 'NONE', #3895, #3459, #6589, .T. ) ;
#2417 = ORIENTED_EDGE ( 'NONE', *, *, #3945, .F. ) ;
#2418 = DIRECTION ( 'NONE',  ( 0.8660254037844377084, 0.000000000000000000, -0.5000000000000016653 ) ) ;
#2419 = DIRECTION ( 'NONE',  ( 0.000000000000000000, 0.000000000000000000, 1.000000000000000000 ) ) ;
#2420 = DIRECTION ( 'NONE',  ( -5.633679745264346614E-16, 0.000000000000000000, 1.000000000000000000 ) ) ;
#2421 = DIRECTION ( 'NONE',  ( -0.000000000000000000, -1.000000000000000000, -0.000000000000000000 ) ) ;
#2422 = ORIENTED_EDGE ( 'NONE', *, *, #4876, .T. ) ;
#2423 = VECTOR ( 'NONE', #6264, 1000.000000000000000 ) ;
#2424 = ORIENTED_EDGE ( 'NONE', *, *, #3636, .T. ) ;
#2425 = DIRECTION ( 'NONE',  ( -0.8660254037844397068, 0.000000000000000000, -0.4999999999999983347 ) ) ;
#2426 = DIRECTION ( 'NONE',  ( -0.000000000000000000, -1.000000000000000000, -0.000000000000000000 ) ) ;
#2427 = FACE_OUTER_BOUND ( 'NONE', #1741, .T. ) ;
#2428 = CIRCLE ( 'NONE', #6319, 1.500000000000001332 ) ;
#2429 = DIRECTION ( 'NONE',  ( -0.4999999999999895084, 0.000000000000000000, 0.8660254037844448138 ) ) ;
#2430 = DIRECTION ( 'NONE',  ( -0.8660254037844385966, 0.000000000000000000, 0.4999999999999999445 ) ) ;
#2431 = EDGE_CURVE ( 'NONE', #5224, #6805, #3332, .T. ) ;
#2432 = VECTOR ( 'NONE', #1479, 1000.000000000000114 ) ;
#2433 = ORIENTED_EDGE ( 'NONE', *, *, #5747, .F. ) ;
#2434 = VECTOR ( 'NONE', #1790, 1000.000000000000114 ) ;
#2435 = AXIS2_PLACEMENT_3D ( 'NONE', #5980, #6461, #822 ) ;
#2436 = FACE_OUTER_BOUND ( 'NONE', #5265, .T. ) ;
#2437 = DIRECTION ( 'NONE',  ( 0.8660254037844444808, 0.000000000000000000, 0.4999999999999898970 ) ) ;
#2438 = VECTOR ( 'NONE', #4596, 1000.000000000000000 ) ;
#2439 = CARTESIAN_POINT ( 'NONE',  ( 3.000000000000032863, 1.500000000000000000, 2.886751345948093128 ) ) ;
#2440 = CARTESIAN_POINT ( 'NONE',  ( -1.999999999999550360, 0.000000000000000000, -9.237604307034326112 ) ) ;
#2441 = DIRECTION ( 'NONE',  ( -0.4999999999999982792, 0.000000000000000000, 0.8660254037844397068 ) ) ;
#2442 = ORIENTED_EDGE ( 'NONE', *, *, #3558, .F. ) ;
#2443 = VECTOR ( 'NONE', #5476, 1000.000000000000114 ) ;
#2444 = DIRECTION ( 'NONE',  ( -0.000000000000000000, -1.000000000000000000, -0.000000000000000000 ) ) ;
#2445 = AXIS2_PLACEMENT_3D ( 'NONE', #6885, #3424, #703 ) ;
#2446 = EDGE_CURVE ( 'NONE', #269, #209, #1649, .T. ) ;
#2447 = ORIENTED_EDGE ( 'NONE', *, *, #2094, .T. ) ;
#2448 = VECTOR ( 'NONE', #4557, 1000.000000000000000 ) ;
#2449 = ORIENTED_EDGE ( 'NONE', *, *, #6388, .F. ) ;
#2450 = PLANE ( 'NONE',  #2119 ) ;
#2451 = VERTEX_POINT ( 'NONE', #4363 ) ;
#2452 = VECTOR ( 'NONE', #4161, 1000.000000000000000 ) ;
#2453 = CARTESIAN_POINT ( 'NONE',  ( 1.000000000000073275, 2.501000000000000334, 6.350852961085871051 ) ) ;
#2454 = CARTESIAN_POINT ( 'NONE',  ( -8.999999999999994671, 0.000000000000000000, 7.505553499464606482 ) ) ;
#2455 = LINE ( 'NONE', #5137, #6060 ) ;
#2456 = ORIENTED_EDGE ( 'NONE', *, *, #3276, .F. ) ;
#2457 = ORIENTED_EDGE ( 'NONE', *, *, #1733, .T. ) ;
#2458 = VERTEX_POINT ( 'NONE', #5034 ) ;
#2459 = EDGE_CURVE ( 'NONE', #4487, #1047, #4997, .T. ) ;
#2460 = CARTESIAN_POINT ( 'NONE',  ( 0.000000000000000000, 1.500000000000000000, 0.000000000000000000 ) ) ;
#2461 = FACE_OUTER_BOUND ( 'NONE', #6202, .T. ) ;
#2462 = CARTESIAN_POINT ( 'NONE',  ( -3.000000000000030198, 0.000000000000000000, 17.89555349946460794 ) ) ;
#2463 = CARTESIAN_POINT ( 'NONE',  ( -12.99999999999999467, 2.501000000000000334, 6.350852961085315052 ) ) ;
#2464 = EDGE_LOOP ( 'NONE', ( #7127, #7194, #3818, #2105 ) ) ;
#2465 = DIRECTION ( 'NONE',  ( 0.8660254037844375974, 0.000000000000000000, -0.5000000000000016653 ) ) ;
#2466 = EDGE_CURVE ( 'NONE', #3452, #6703, #3226, .T. ) ;
#2467 = ADVANCED_FACE ( 'NONE', ( #541 ), #3887, .F. ) ;
#2468 = LINE ( 'NONE', #1323, #551 ) ;
#2469 = AXIS2_PLACEMENT_3D ( 'NONE', #3885, #1166, #7206 ) ;
#2470 = DIRECTION ( 'NONE',  ( -0.000000000000000000, -1.000000000000000000, -0.000000000000000000 ) ) ;
#2471 = PLANE ( 'NONE',  #1039 ) ;
#2472 = LINE ( 'NONE', #1295, #2903 ) ;
#2473 = EDGE_CURVE ( 'NONE', #4992, #7242, #2195, .T. ) ;
#2474 = ORIENTED_EDGE ( 'NONE', *, *, #2151, .F. ) ;
#2475 = LINE ( 'NONE', #853, #3795 ) ;
#2476 = CARTESIAN_POINT ( 'NONE',  ( -8.999999999999992895, 0.000000000000000000, 2.886751345947603742 ) ) ;
#2477 = DIRECTION ( 'NONE',  ( 4.694733121053620666E-15, 0.000000000000000000, 1.000000000000000000 ) ) ;
#2478 = LINE ( 'NONE', #6349, #6680 ) ;
#2479 = CARTESIAN_POINT ( 'NONE',  ( 15.75499999999999545, 0.000000000000000000, 13.05500000000000149 ) ) ;
#2480 = VERTEX_POINT ( 'NONE', #1678 ) ;
#2481 = DIRECTION ( 'NONE',  ( -3.004629197474326346E-15, 0.000000000000000000, -1.000000000000000000 ) ) ;
#2482 = EDGE_CURVE ( 'NONE', #6808, #4205, #1092, .T. ) ;
#2483 = VERTEX_POINT ( 'NONE', #2786 ) ;
#2484 = ORIENTED_EDGE ( 'NONE', *, *, #1401, .F. ) ;
#2485 = CARTESIAN_POINT ( 'NONE',  ( 15.75499999999999545, 1.500000000000000000, 15.75500000000000078 ) ) ;
#2486 = VERTEX_POINT ( 'NONE', #7284 ) ;
#2487 = EDGE_CURVE ( 'NONE', #2522, #5532, #2232, .T. ) ;
#2488 = DIRECTION ( 'NONE',  ( 0.000000000000000000, 0.000000000000000000, 1.000000000000000000 ) ) ;
#2489 = CARTESIAN_POINT ( 'NONE',  ( -5.000000000000030198, 1.500000000000000000, -6.350852961085859505 ) ) ;
#2490 = LINE ( 'NONE', #2634, #3344 ) ;
#2491 = ORIENTED_EDGE ( 'NONE', *, *, #6262, .T. ) ;
#2492 = ORIENTED_EDGE ( 'NONE', *, *, #5286, .F. ) ;
#2493 = ORIENTED_EDGE ( 'NONE', *, *, #651, .F. ) ;
#2494 = LINE ( 'NONE', #4734, #2087 ) ;
#2495 = EDGE_CURVE ( 'NONE', #1948, #4954, #394, .T. ) ;
#2496 = DIRECTION ( 'NONE',  ( 0.5000000000000075495, -0.000000000000000000, 0.8660254037844342667 ) ) ;
#2497 = PLANE ( 'NONE',  #5818 ) ;
#2498 = LINE ( 'NONE', #4775, #4684 ) ;
#2499 = ADVANCED_FACE ( 'NONE', ( #5211 ), #2411, .F. ) ;
#2500 = ORIENTED_EDGE ( 'NONE', *, *, #2636, .F. ) ;
#2501 = ORIENTED_EDGE ( 'NONE', *, *, #841, .T. ) ;
#2502 = LINE ( 'NONE', #5821, #7020 ) ;
#2503 = CARTESIAN_POINT ( 'NONE',  ( -10.00000000000001066, 0.000000000000000000, -1.154700538379182184 ) ) ;
#2504 = FACE_BOUND ( 'NONE', #1974, .T. ) ;
#2505 = FACE_BOUND ( 'NONE', #404, .T. ) ;
#2506 = LINE ( 'NONE', #5790, #3726 ) ;
#2507 = EDGE_CURVE ( 'NONE', #1402, #6846, #5135, .T. ) ;
#2508 = ORIENTED_EDGE ( 'NONE', *, *, #3702, .T. ) ;
#2509 = LINE ( 'NONE', #5939, #3917 ) ;
#2510 = DIRECTION ( 'NONE',  ( -0.4999999999999946709, 0.000000000000000000, 0.8660254037844418162 ) ) ;
#2511 = VECTOR ( 'NONE', #202, 1000.000000000000000 ) ;
#2512 = LINE ( 'NONE', #265, #4265 ) ;
#2513 = LINE ( 'NONE', #6492, #4548 ) ;
#2514 = CARTESIAN_POINT ( 'NONE',  ( -4.999999999999960920, 1.500000000000000000, 4.041451884327425859 ) ) ;
#2515 = ORIENTED_EDGE ( 'NONE', *, *, #3580, .F. ) ;
#2516 = FACE_OUTER_BOUND ( 'NONE', #2076, .T. ) ;
#2517 = ADVANCED_FACE ( 'NONE', ( #2263 ), #2927, .F. ) ;
#2518 = EDGE_LOOP ( 'NONE', ( #4465, #725, #5340, #4889 ) ) ;
#2519 = AXIS2_PLACEMENT_3D ( 'NONE', #2726, #7219, #5561 ) ;
#2520 = VERTEX_POINT ( 'NONE', #6837 ) ;
#2521 = FACE_OUTER_BOUND ( 'NONE', #4553, .T. ) ;
#2522 = VERTEX_POINT ( 'NONE', #6216 ) ;
#2523 = DIRECTION ( 'NONE',  ( -1.000000000000000000, 0.000000000000000000, 0.000000000000000000 ) ) ;
#2524 = VECTOR ( 'NONE', #5365, 1000.000000000000114 ) ;
#2525 = DIRECTION ( 'NONE',  ( -0.000000000000000000, -1.000000000000000000, -0.000000000000000000 ) ) ;
#2526 = LINE ( 'NONE', #3911, #1699 ) ;
#2527 = VERTEX_POINT ( 'NONE', #5732 ) ;
#2528 = ORIENTED_EDGE ( 'NONE', *, *, #1999, .F. ) ;
#2529 = EDGE_LOOP ( 'NONE', ( #6069, #2114, #2651, #6106 ) ) ;
#2530 = DIRECTION ( 'NONE',  ( -0.8660254037844361541, 0.000000000000000000, 0.5000000000000043299 ) ) ;
#2531 = DIRECTION ( 'NONE',  ( -0.000000000000000000, -1.000000000000000000, -0.000000000000000000 ) ) ;
#2532 = DIRECTION ( 'NONE',  ( -0.000000000000000000, -1.000000000000000000, -0.000000000000000000 ) ) ;
#2533 = LINE ( 'NONE', #3667, #3503 ) ;
#2534 = ORIENTED_EDGE ( 'NONE', *, *, #3809, .T. ) ;
#2535 = ADVANCED_FACE ( 'NONE', ( #5177 ), #5662, .F. ) ;
#2536 = ORIENTED_EDGE ( 'NONE', *, *, #3995, .F. ) ;
#2537 = CARTESIAN_POINT ( 'NONE',  ( 3.999999999999972466, 1.500000000000000000, -11.54700538379252528 ) ) ;
#2538 = DIRECTION ( 'NONE',  ( -0.4999999999999957256, 0.000000000000000000, 0.8660254037844411501 ) ) ;
#2539 = DIRECTION ( 'NONE',  ( 0.8660254037844359321, 0.000000000000000000, -0.5000000000000046629 ) ) ;
#2540 = DIRECTION ( 'NONE',  ( -9.013887592422941960E-15, 0.000000000000000000, -1.000000000000000000 ) ) ;
#2541 = ORIENTED_EDGE ( 'NONE', *, *, #1240, .T. ) ;
#2542 = EDGE_CURVE ( 'NONE', #3655, #414, #4613, .T. ) ;
#2543 = LINE ( 'NONE', #1364, #6162 ) ;
#2544 = AXIS2_PLACEMENT_3D ( 'NONE', #1366, #5871, #4086 ) ;
#2545 = DIRECTION ( 'NONE',  ( 1.000000000000000000, 0.000000000000000000, -6.760415694317213570E-15 ) ) ;
#2546 = EDGE_CURVE ( 'NONE', #3978, #1390, #6868, .T. ) ;
#2547 = PLANE ( 'NONE',  #7226 ) ;
#2548 = EDGE_CURVE ( 'NONE', #1724, #575, #1169, .T. ) ;
#2549 = AXIS2_PLACEMENT_3D ( 'NONE', #2109, #5498, #2702 ) ;
#2550 = CARTESIAN_POINT ( 'NONE',  ( -14.00000000000004619, 0.000000000000000000, -9.237604307034020579 ) ) ;
#2551 = CARTESIAN_POINT ( 'NONE',  ( 11.99999999999998046, 0.000000000000000000, -8.082903768654771781 ) ) ;
#2552 = ORIENTED_EDGE ( 'NONE', *, *, #5110, .F. ) ;
#2553 =( NAMED_UNIT ( * ) SI_UNIT ( $, .STERADIAN. ) SOLID_ANGLE_UNIT ( ) );
#2554 = VERTEX_POINT ( 'NONE', #6285 ) ;
#2555 = ORIENTED_EDGE ( 'NONE', *, *, #928, .T. ) ;
#2556 = VECTOR ( 'NONE', #3003, 1000.000000000000000 ) ;
#2557 = CARTESIAN_POINT ( 'NONE',  ( -15.75500000000000789, 1.500000000000000000, 15.75500000000000078 ) ) ;
#2558 = EDGE_LOOP ( 'NONE', ( #6433, #2201, #2721, #4462 ) ) ;
#2559 = EDGE_CURVE ( 'NONE', #3978, #6663, #614, .T. ) ;
#2560 = EDGE_CURVE ( 'NONE', #3820, #6137, #4501, .T. ) ;
#2561 = AXIS2_PLACEMENT_3D ( 'NONE', #1899, #2496, #248 ) ;
#2562 = CARTESIAN_POINT ( 'NONE',  ( 15.75499999999999545, 0.000000000000000000, 15.75500000000000078 ) ) ;
#2563 = VECTOR ( 'NONE', #3691, 1000.000000000000000 ) ;
#2564 = LINE ( 'NONE', #4873, #331 ) ;
#2565 = CARTESIAN_POINT ( 'NONE',  ( 6.000000000000148326, 0.000000000000000000, 12.70170592217169769 ) ) ;
#2566 = ORIENTED_EDGE ( 'NONE', *, *, #577, .F. ) ;
#2567 = VECTOR ( 'NONE', #5551, 1000.000000000000227 ) ;
#2568 = ORIENTED_EDGE ( 'NONE', *, *, #6111, .T. ) ;
#2569 = ORIENTED_EDGE ( 'NONE', *, *, #3623, .F. ) ;
#2570 = CIRCLE ( 'NONE', #337, 1.500000000000001332 ) ;
#2571 = EDGE_CURVE ( 'NONE', #2520, #4811, #2301, .T. ) ;
#2572 = ORIENTED_EDGE ( 'NONE', *, *, #939, .T. ) ;
#2573 = LINE ( 'NONE', #1898, #2556 ) ;
#2574 = LINE ( 'NONE', #6479, #1849 ) ;
#2575 = CARTESIAN_POINT ( 'NONE',  ( -20.00000000000000355, 2.500000000000000000, -20.00000000000000000 ) ) ;
#2576 = VECTOR ( 'NONE', #3230, 1000.000000000000000 ) ;
#2577 = LINE ( 'NONE', #5894, #6573 ) ;
#2578 = ORIENTED_EDGE ( 'NONE', *, *, #1353, .F. ) ;
#2579 = VERTEX_POINT ( 'NONE', #4536 ) ;
#2580 = DIRECTION ( 'NONE',  ( -0.000000000000000000, -1.000000000000000000, -0.000000000000000000 ) ) ;
#2581 = LINE ( 'NONE', #7072, #7031 ) ;
#2582 = ADVANCED_FACE ( 'NONE', ( #6801 ), #2853, .F. ) ;
#2583 = DIRECTION ( 'NONE',  ( 0.000000000000000000, 0.000000000000000000, 1.000000000000000000 ) ) ;
#2584 = EDGE_CURVE ( 'NONE', #2458, #4947, #1233, .T. ) ;
#2585 = ORIENTED_EDGE ( 'NONE', *, *, #799, .T. ) ;
#2586 = CIRCLE ( 'NONE', #1292, 2.700000000000001066 ) ;
#2587 = DIRECTION ( 'NONE',  ( -0.8660254037844326014, 0.000000000000000000, 0.5000000000000104361 ) ) ;
#2588 = DIRECTION ( 'NONE',  ( 0.000000000000000000, 0.000000000000000000, 1.000000000000000000 ) ) ;
#2589 = CARTESIAN_POINT ( 'NONE',  ( 6.000000000000000000, 0.000000000000000000, -2.309401076758504701 ) ) ;
#2590 = LINE ( 'NONE', #5282, #5253 ) ;
#2591 = ORIENTED_EDGE ( 'NONE', *, *, #1947, .F. ) ;
#2592 = CARTESIAN_POINT ( 'NONE',  ( -6.999999999999712230, 0.000000000000000000, -4.041451884327925903 ) ) ;
#2593 = EDGE_CURVE ( 'NONE', #145, #3801, #6904, .T. ) ;
#2594 = EDGE_LOOP ( 'NONE', ( #3328, #4170, #4761, #7035, #3115, #5028 ) ) ;
#2595 = ORIENTED_EDGE ( 'NONE', *, *, #2968, .T. ) ;
#2596 = CARTESIAN_POINT ( 'NONE',  ( 3.000000000000094591, 1.500000000000000000, -13.27905619594811348 ) ) ;
#2597 = EDGE_LOOP ( 'NONE', ( #398, #4687, #3842, #6423 ) ) ;
#2598 = EDGE_CURVE ( 'NONE', #891, #2522, #163, .T. ) ;
#2599 = CARTESIAN_POINT ( 'NONE',  ( 6.000000000000148326, 2.501000000000000334, 12.70170592217169769 ) ) ;
#2600 = FACE_OUTER_BOUND ( 'NONE', #1197, .T. ) ;
#2601 = LINE ( 'NONE', #3658, #6173 ) ;
#2602 = ORIENTED_EDGE ( 'NONE', *, *, #4097, .T. ) ;
#2603 = ORIENTED_EDGE ( 'NONE', *, *, #586, .F. ) ;
#2604 = ORIENTED_EDGE ( 'NONE', *, *, #4609, .F. ) ;
#2605 = EDGE_CURVE ( 'NONE', #574, #4246, #89, .T. ) ;
#2606 = VERTEX_POINT ( 'NONE', #3470 ) ;
#2607 = LINE ( 'NONE', #3587, #4430 ) ;
#2608 = CARTESIAN_POINT ( 'NONE',  ( -15.75500000000000078, 1.500000000000000000, -15.75500000000000078 ) ) ;
#2609 = CARTESIAN_POINT ( 'NONE',  ( 11.99999999999997335, 0.000000000000000000, -12.70170592217178118 ) ) ;
#2610 = ORIENTED_EDGE ( 'NONE', *, *, #2852, .F. ) ;
#2611 = DIRECTION ( 'NONE',  ( -0.8660254037844433705, 0.000000000000000000, -0.4999999999999916733 ) ) ;
#2612 = VERTEX_POINT ( 'NONE', #6359 ) ;
#2613 = ORIENTED_EDGE ( 'NONE', *, *, #3937, .T. ) ;
#2614 = DIRECTION ( 'NONE',  ( 4.694733121053622244E-15, -0.000000000000000000, 1.000000000000000000 ) ) ;
#2615 = LINE ( 'NONE', #5898, #3014 ) ;
#2616 = CARTESIAN_POINT ( 'NONE',  ( -7.999999999999910294, 0.000000000000000000, 9.237604307034084528 ) ) ;
#2617 = EDGE_LOOP ( 'NONE', ( #5912, #2917, #2157, #2226 ) ) ;
#2618 = DIRECTION ( 'NONE',  ( 0.000000000000000000, 0.000000000000000000, 1.000000000000000000 ) ) ;
#2619 = PLANE ( 'NONE',  #2202 ) ;
#2620 = DIRECTION ( 'NONE',  ( -0.8660254037844395958, 0.000000000000000000, -0.4999999999999982236 ) ) ;
#2621 = DIRECTION ( 'NONE',  ( 0.000000000000000000, 1.000000000000000000, 0.000000000000000000 ) ) ;
#2622 = VERTEX_POINT ( 'NONE', #1309 ) ;
#2623 = APPLICATION_PROTOCOL_DEFINITION ( 'draft international standard', 'automotive_design', 1998, #7240 ) ;
#2624 = AXIS2_PLACEMENT_3D ( 'NONE', #5574, #2149, #4383 ) ;
#2625 = ORIENTED_EDGE ( 'NONE', *, *, #4748, .F. ) ;
#2626 = VERTEX_POINT ( 'NONE', #5627 ) ;
#2627 = EDGE_CURVE ( 'NONE', #197, #4281, #580, .T. ) ;
#2628 = CIRCLE ( 'NONE', #6743, 4.000000000000000000 ) ;
#2629 = CARTESIAN_POINT ( 'NONE',  ( 0.000000000000000000, 1.500000000000000000, 2.309401076758504701 ) ) ;
#2630 = EDGE_LOOP ( 'NONE', ( #871, #5169, #1069, #2379 ) ) ;
#2631 = AXIS2_PLACEMENT_3D ( 'NONE', #3604, #5870, #775 ) ;
#2632 = FACE_BOUND ( 'NONE', #1187, .T. ) ;
#2633 = CARTESIAN_POINT ( 'NONE',  ( 15.75499999999999545, 2.501000000000000334, 15.75500000000000078 ) ) ;
#2634 = CARTESIAN_POINT ( 'NONE',  ( -19.99999999999999645, 0.000000000000000000, 20.00000000000000000 ) ) ;
#2635 = ORIENTED_EDGE ( 'NONE', *, *, #3849, .F. ) ;
#2636 = EDGE_CURVE ( 'NONE', #6399, #4851, #1421, .T. ) ;
#2637 = VECTOR ( 'NONE', #3928, 1000.000000000000000 ) ;
#2638 = ORIENTED_EDGE ( 'NONE', *, *, #2697, .T. ) ;
#2639 = EDGE_LOOP ( 'NONE', ( #3412, #5514, #6815, #5601 ) ) ;
#2640 = ORIENTED_EDGE ( 'NONE', *, *, #705, .T. ) ;
#2641 = VECTOR ( 'NONE', #4217, 1000.000000000000000 ) ;
#2642 = DIRECTION ( 'NONE',  ( 0.5000000000000004441, 0.000000000000000000, -0.8660254037844384856 ) ) ;
#2643 = PLANE ( 'NONE',  #4672 ) ;
#2644 = FACE_BOUND ( 'NONE', #5737, .T. ) ;
#2645 = DIRECTION ( 'NONE',  ( -0.000000000000000000, -1.000000000000000000, -0.000000000000000000 ) ) ;
#2646 = ORIENTED_EDGE ( 'NONE', *, *, #4708, .F. ) ;
#2647 = EDGE_CURVE ( 'NONE', #1180, #6665, #4130, .T. ) ;
#2648 = ADVANCED_FACE ( 'NONE', ( #3656 ), #3039, .F. ) ;
#2649 = DIRECTION ( 'NONE',  ( -0.000000000000000000, -1.000000000000000000, -0.000000000000000000 ) ) ;
#2650 = EDGE_LOOP ( 'NONE', ( #1747, #3273, #2635, #5729 ) ) ;
#2651 = ORIENTED_EDGE ( 'NONE', *, *, #2046, .F. ) ;
#2652 = CARTESIAN_POINT ( 'NONE',  ( -6.999999999999712230, 0.000000000000000000, -6.350852961086427051 ) ) ;
#2653 = CARTESIAN_POINT ( 'NONE',  ( -4.999999999999912070, 1.500000000000000000, -14.43375673432735518 ) ) ;
#2654 = ADVANCED_FACE ( 'NONE', ( #865 ), #277, .F. ) ;
#2655 = LINE ( 'NONE', #5489, #5269 ) ;
#2656 = ORIENTED_EDGE ( 'NONE', *, *, #1066, .F. ) ;
#2657 = CARTESIAN_POINT ( 'NONE',  ( 3.000000000000087486, 1.500000000000000000, 7.505553499465101197 ) ) ;
#2658 = DIRECTION ( 'NONE',  ( 3.004629197474326346E-15, 0.000000000000000000, 1.000000000000000000 ) ) ;
#2659 = EDGE_CURVE ( 'NONE', #4407, #7011, #3144, .T. ) ;
#2660 = CARTESIAN_POINT ( 'NONE',  ( -4.999999999999912070, 0.000000000000000000, -14.43375673432735518 ) ) ;
#2661 = CARTESIAN_POINT ( 'NONE',  ( 7.000000000000047962, 0.000000000000000000, 6.350852961085841741 ) ) ;
#2662 = EDGE_LOOP ( 'NONE', ( #1544, #4074, #2221, #4731, #3947, #479 ) ) ;
#2663 = ORIENTED_EDGE ( 'NONE', *, *, #6190, .T. ) ;
#2664 = EDGE_LOOP ( 'NONE', ( #5209, #3229, #1700, #103 ) ) ;
#2665 = AXIS2_PLACEMENT_3D ( 'NONE', #3275, #4933, #1511 ) ;
#2666 = FACE_OUTER_BOUND ( 'NONE', #7069, .T. ) ;
#2667 = ORIENTED_EDGE ( 'NONE', *, *, #5251, .F. ) ;
#2668 = AXIS2_PLACEMENT_3D ( 'NONE', #1302, #4643, #5202 ) ;
#2669 = FACE_OUTER_BOUND ( 'NONE', #4931, .T. ) ;
#2670 = DIRECTION ( 'NONE',  ( -2.629050547790030918E-15, 0.000000000000000000, -1.000000000000000000 ) ) ;
#2671 = CARTESIAN_POINT ( 'NONE',  ( -5.000000000000028422, 1.500000000000000000, 14.43145188432685266 ) ) ;
#2672 = ORIENTED_EDGE ( 'NONE', *, *, #4578, .F. ) ;
#2673 = VECTOR ( 'NONE', #5353, 1000.000000000000114 ) ;
#2674 = EDGE_LOOP ( 'NONE', ( #767, #7062, #1533, #7054 ) ) ;
#2675 = AXIS2_PLACEMENT_3D ( 'NONE', #1351, #6951, #5850 ) ;
#2676 = ORIENTED_EDGE ( 'NONE', *, *, #3256, .T. ) ;
#2677 = CARTESIAN_POINT ( 'NONE',  ( 2.000000000000192735, 2.501000000000000334, 11.54700538379250929 ) ) ;
#2678 = EDGE_CURVE ( 'NONE', #3320, #6037, #869, .T. ) ;
#2679 = VECTOR ( 'NONE', #3306, 1000.000000000000000 ) ;
#2680 = AXIS2_PLACEMENT_3D ( 'NONE', #1520, #6569, #3758 ) ;
#2681 = CARTESIAN_POINT ( 'NONE',  ( -2.999999999999972466, 2.501000000000000334, 2.886751345948155745 ) ) ;
#2682 = DIRECTION ( 'NONE',  ( 0.000000000000000000, 0.000000000000000000, -1.000000000000000000 ) ) ;
#2683 = AXIS2_PLACEMENT_3D ( 'NONE', #2302, #6803, #5291 ) ;
#2684 = FACE_BOUND ( 'NONE', #136, .T. ) ;
#2685 = DIRECTION ( 'NONE',  ( 0.000000000000000000, -1.000000000000000000, 0.000000000000000000 ) ) ;
#2686 = ORIENTED_EDGE ( 'NONE', *, *, #2647, .F. ) ;
#2687 = CARTESIAN_POINT ( 'NONE',  ( 1.000000000000088596, 0.000000000000000000, -14.43375673432735518 ) ) ;
#2688 = ORIENTED_EDGE ( 'NONE', *, *, #2211, .F. ) ;
#2689 = VECTOR ( 'NONE', #5883, 1000.000000000000000 ) ;
#2690 = ORIENTED_EDGE ( 'NONE', *, *, #2559, .F. ) ;
#2691 = LINE ( 'NONE', #4966, #187 ) ;
#2692 = DIRECTION ( 'NONE',  ( -0.000000000000000000, -1.000000000000000000, -0.000000000000000000 ) ) ;
#2693 = AXIS2_PLACEMENT_3D ( 'NONE', #3120, #912, #3633 ) ;
#2694 = CARTESIAN_POINT ( 'NONE',  ( -3.999999999999911626, 1.500000000000000000, 9.237604307034047224 ) ) ;
#2695 = CARTESIAN_POINT ( 'NONE',  ( -4.000000000000042633, 2.501000000000000334, -9.237604307033999262 ) ) ;
#2696 = VERTEX_POINT ( 'NONE', #1892 ) ;
#2697 = EDGE_CURVE ( 'NONE', #7242, #6068, #3689, .T. ) ;
#2698 = CARTESIAN_POINT ( 'NONE',  ( 16.99999999999997868, 2.501000000000000334, -4.041451884327467603 ) ) ;
#2699 = DIRECTION ( 'NONE',  ( 0.000000000000000000, -1.000000000000000000, 0.000000000000000000 ) ) ;
#2700 = EDGE_CURVE ( 'NONE', #6847, #5413, #3621, .T. ) ;
#2701 = DIRECTION ( 'NONE',  ( 0.000000000000000000, 0.000000000000000000, -1.000000000000000000 ) ) ;
#2702 = DIRECTION ( 'NONE',  ( -0.8660254037844383745, 0.000000000000000000, -0.5000000000000003331 ) ) ;
#2703 = ORIENTED_EDGE ( 'NONE', *, *, #5146, .T. ) ;
#2704 = ORIENTED_EDGE ( 'NONE', *, *, #3651, .F. ) ;
#2705 = PLANE ( 'NONE',  #5804 ) ;
#2706 = EDGE_LOOP ( 'NONE', ( #7202, #1012, #3566, #4670 ) ) ;
#2707 = CARTESIAN_POINT ( 'NONE',  ( 9.000000000000047962, 2.501000000000000334, 7.505553499465094092 ) ) ;
#2708 = PLANE ( 'NONE',  #6210 ) ;
#2709 = CARTESIAN_POINT ( 'NONE',  ( -16.99999999999999289, 0.000000000000000000, 4.041451884326812127 ) ) ;
#2710 = ORIENTED_EDGE ( 'NONE', *, *, #7005, .T. ) ;
#2711 = VERTEX_POINT ( 'NONE', #3071 ) ;
#2712 = ORIENTED_EDGE ( 'NONE', *, *, #3710, .F. ) ;
#2713 = DIRECTION ( 'NONE',  ( 0.8660254037844362651, 0.000000000000000000, -0.5000000000000041078 ) ) ;
#2714 = EDGE_CURVE ( 'NONE', #1863, #4390, #4260, .T. ) ;
#2715 = LINE ( 'NONE', #7207, #7269 ) ;
#2716 = CARTESIAN_POINT ( 'NONE',  ( -15.75500000000000789, 1.500000000000000000, 15.75500000000000078 ) ) ;
#2717 = CARTESIAN_POINT ( 'NONE',  ( -6.999999999999712230, 0.000000000000000000, -4.041451884327925903 ) ) ;
#2718 = CYLINDRICAL_SURFACE ( 'NONE', #6406, 4.000000000000000000 ) ;
#2719 = EDGE_LOOP ( 'NONE', ( #5276, #1074, #7163, #2736 ) ) ;
#2720 = CARTESIAN_POINT ( 'NONE',  ( 10.99999999999997513, 0.000000000000000000, -6.350852961085965198 ) ) ;
#2721 = ORIENTED_EDGE ( 'NONE', *, *, #6748, .F. ) ;
#2722 = EDGE_CURVE ( 'NONE', #4055, #6355, #7056, .T. ) ;
#2723 = ORIENTED_EDGE ( 'NONE', *, *, #777, .F. ) ;
#2724 = LINE ( 'NONE', #372, #3832 ) ;
#2725 = DIRECTION ( 'NONE',  ( -1.000000000000000000, 0.000000000000000000, 1.192462212747620411E-14 ) ) ;
#2726 = CARTESIAN_POINT ( 'NONE',  ( 13.99999999999997691, 2.501000000000000334, -9.237604307034029461 ) ) ;
#2727 = LINE ( 'NONE', #2695, #1737 ) ;
#2728 = ADVANCED_FACE ( 'NONE', ( #5840 ), #5805, .F. ) ;
#2729 = ORIENTED_EDGE ( 'NONE', *, *, #6041, .T. ) ;
#2730 = FACE_OUTER_BOUND ( 'NONE', #2664, .T. ) ;
#2731 = DIRECTION ( 'NONE',  ( 0.8660254037844359321, 0.000000000000000000, -0.5000000000000046629 ) ) ;
#2732 = FACE_OUTER_BOUND ( 'NONE', #2395, .T. ) ;
#2733 = DIRECTION ( 'NONE',  ( -0.8660254037844382635, 0.000000000000000000, -0.5000000000000006661 ) ) ;
#2734 = ORIENTED_EDGE ( 'NONE', *, *, #2593, .T. ) ;
#2735 = EDGE_CURVE ( 'NONE', #5413, #4160, #755, .T. ) ;
#2736 = ORIENTED_EDGE ( 'NONE', *, *, #6078, .F. ) ;
#2737 = ADVANCED_FACE ( 'NONE', ( #5882 ), #6469, .F. ) ;
#2738 = DIRECTION ( 'NONE',  ( -0.4999999999999995004, 0.000000000000000000, -0.8660254037844389297 ) ) ;
#2739 = ORIENTED_EDGE ( 'NONE', *, *, #6740, .T. ) ;
#2740 = DIRECTION ( 'NONE',  ( 0.000000000000000000, -0.000000000000000000, 1.000000000000000000 ) ) ;
#2741 = FACE_OUTER_BOUND ( 'NONE', #2779, .T. ) ;
#2742 = CIRCLE ( 'NONE', #1097, 1.500000000000001332 ) ;
#2743 = CARTESIAN_POINT ( 'NONE',  ( 10.00000000000010658, 1.500000000000000000, 9.237604307033967288 ) ) ;
#2744 = EDGE_LOOP ( 'NONE', ( #4949, #6059 ) ) ;
#2745 = ORIENTED_EDGE ( 'NONE', *, *, #5181, .T. ) ;
#2746 = ORIENTED_EDGE ( 'NONE', *, *, #5621, .T. ) ;
#2747 = DIRECTION ( 'NONE',  ( 0.000000000000000000, -1.000000000000000000, 0.000000000000000000 ) ) ;
#2748 = VECTOR ( 'NONE', #926, 1000.000000000000000 ) ;
#2749 = DIRECTION ( 'NONE',  ( -0.000000000000000000, -1.000000000000000000, -0.000000000000000000 ) ) ;
#2750 = FACE_OUTER_BOUND ( 'NONE', #4172, .T. ) ;
#2751 = AXIS2_PLACEMENT_3D ( 'NONE', #3290, #4387, #2740 ) ;
#2752 = FACE_OUTER_BOUND ( 'NONE', #2639, .T. ) ;
#2753 = DIRECTION ( 'NONE',  ( 0.8660254037844411501, 0.000000000000000000, 0.4999999999999957256 ) ) ;
#2754 = ORIENTED_EDGE ( 'NONE', *, *, #58, .F. ) ;
#2755 = EDGE_CURVE ( 'NONE', #2696, #6104, #2995, .T. ) ;
#2756 = LINE ( 'NONE', #545, #3863 ) ;
#2757 = ORIENTED_EDGE ( 'NONE', *, *, #169, .F. ) ;
#2758 = AXIS2_PLACEMENT_3D ( 'NONE', #3416, #7185, #1688 ) ;
#2759 = EDGE_LOOP ( 'NONE', ( #5953, #3705, #3725, #4298, #5019, #3579 ) ) ;
#2760 = CARTESIAN_POINT ( 'NONE',  ( 1.000000000000073275, 0.000000000000000000, 6.350852961085871051 ) ) ;
#2761 = PLANE ( 'NONE',  #1462 ) ;
#2762 = VECTOR ( 'NONE', #2855, 1000.000000000000000 ) ;
#2763 = DIRECTION ( 'NONE',  ( -0.000000000000000000, -1.000000000000000000, -0.000000000000000000 ) ) ;
#2764 = ORIENTED_EDGE ( 'NONE', *, *, #5077, .F. ) ;
#2765 = CARTESIAN_POINT ( 'NONE',  ( 2.000000000000447198, 0.000000000000000000, -11.54700538379282904 ) ) ;
#2766 = CARTESIAN_POINT ( 'NONE',  ( 6.999999999999975131, 0.000000000000000000, -6.350852961085959869 ) ) ;
#2767 = PLANE ( 'NONE',  #7038 ) ;
#2768 = DIRECTION ( 'NONE',  ( 2.441261222947882809E-15, 0.000000000000000000, 1.000000000000000000 ) ) ;
#2769 = ORIENTED_EDGE ( 'NONE', *, *, #1909, .F. ) ;
#2770 = PLANE ( 'NONE',  #1213 ) ;
#2771 = ORIENTED_EDGE ( 'NONE', *, *, #3125, .T. ) ;
#2772 = EDGE_CURVE ( 'NONE', #4496, #2060, #5948, .T. ) ;
#2773 = DIRECTION ( 'NONE',  ( -1.000000000000000000, -0.000000000000000000, -0.000000000000000000 ) ) ;
#2774 = CARTESIAN_POINT ( 'NONE',  ( -6.999999999999993783, 1.500000000000000000, 4.041451884326855648 ) ) ;
#2775 = FACE_OUTER_BOUND ( 'NONE', #2811, .T. ) ;
#2776 = ORIENTED_EDGE ( 'NONE', *, *, #5851, .F. ) ;
#2777 = EDGE_CURVE ( 'NONE', #830, #3816, #898, .T. ) ;
#2778 = AXIS2_PLACEMENT_3D ( 'NONE', #699, #3453, #1833 ) ;
#2779 = EDGE_LOOP ( 'NONE', ( #6171, #5223, #1483, #4134 ) ) ;
#2780 = ORIENTED_EDGE ( 'NONE', *, *, #874, .F. ) ;
#2781 = CARTESIAN_POINT ( 'NONE',  ( 15.75500000000000078, 2.501000000000000334, -17.25500000000000256 ) ) ;
#2782 = ADVANCED_FACE ( 'NONE', ( #4727 ), #4276, .F. ) ;
#2783 = ADVANCED_FACE ( 'NONE', ( #6650 ), #1052, .F. ) ;
#2784 = DIRECTION ( 'NONE',  ( 1.051620219116010632E-14, -0.000000000000000000, 1.000000000000000000 ) ) ;
#2785 = AXIS2_PLACEMENT_3D ( 'NONE', #5711, #6265, #2907 ) ;
#2786 = CARTESIAN_POINT ( 'NONE',  ( 12.00000000000000000, 0.000000000000000000, -2.309401076758504701 ) ) ;
#2787 = DIRECTION ( 'NONE',  ( -1.000000000000000000, 0.000000000000000000, 7.511572993685799692E-15 ) ) ;
#2788 = CARTESIAN_POINT ( 'NONE',  ( -3.000000000000013767, 2.501000000000000334, -2.886751345948112224 ) ) ;
#2789 = ORIENTED_EDGE ( 'NONE', *, *, #6238, .T. ) ;
#2790 = AXIS2_PLACEMENT_3D ( 'NONE', #2217, #3242, #4863 ) ;
#2791 = LINE ( 'NONE', #3746, #6924 ) ;
#2792 = VERTEX_POINT ( 'NONE', #6580 ) ;
#2793 = VECTOR ( 'NONE', #2692, 1000.000000000000000 ) ;
#2794 = VECTOR ( 'NONE', #5364, 1000.000000000000000 ) ;
#2795 = DIRECTION ( 'NONE',  ( 0.8660254037844383745, 0.000000000000000000, 0.5000000000000003331 ) ) ;
#2796 = CARTESIAN_POINT ( 'NONE',  ( -1.999999999999550360, 2.501000000000000334, -11.54700538379282904 ) ) ;
#2797 = VECTOR ( 'NONE', #6769, 1000.000000000000000 ) ;
#2798 = CIRCLE ( 'NONE', #1497, 19.00000000000000000 ) ;
#2799 = DIRECTION ( 'NONE',  ( 0.4999999999999901745, 0.000000000000000000, -0.8660254037844442587 ) ) ;
#2800 = VECTOR ( 'NONE', #5712, 1000.000000000000000 ) ;
#2801 = VERTEX_POINT ( 'NONE', #1529 ) ;
#2802 = ORIENTED_EDGE ( 'NONE', *, *, #3698, .T. ) ;
#2803 = VECTOR ( 'NONE', #3383, 1000.000000000000000 ) ;
#2804 = LINE ( 'NONE', #2837, #5604 ) ;
#2805 = EDGE_CURVE ( 'NONE', #2622, #3186, #1007, .T. ) ;
#2806 = CARTESIAN_POINT ( 'NONE',  ( 1.000000000000078160, 1.500000000000000000, -16.74315781108585810 ) ) ;
#2807 = LINE ( 'NONE', #5051, #4318 ) ;
#2808 = PLANE ( 'NONE',  #5496 ) ;
#2809 = VECTOR ( 'NONE', #476, 1000.000000000000114 ) ;
#2810 = EDGE_CURVE ( 'NONE', #3987, #2527, #420, .T. ) ;
#2811 = EDGE_LOOP ( 'NONE', ( #1935, #1559, #5943, #4867 ) ) ;
#2812 = CARTESIAN_POINT ( 'NONE',  ( -10.99999999999999289, 2.501000000000000334, 4.041451884326853872 ) ) ;
#2813 = ORIENTED_EDGE ( 'NONE', *, *, #2416, .F. ) ;
#2814 = ADVANCED_FACE ( 'NONE', ( #2669 ), #4950, .F. ) ;
#2815 = CARTESIAN_POINT ( 'NONE',  ( 12.99999999999997335, 2.501000000000000334, -6.350852961085958981 ) ) ;
#2816 = FACE_OUTER_BOUND ( 'NONE', #5908, .T. ) ;
#2817 = CARTESIAN_POINT ( 'NONE',  ( 7.000000000000047962, 0.000000000000000000, 4.041451884327340593 ) ) ;
#2818 = ORIENTED_EDGE ( 'NONE', *, *, #1517, .T. ) ;
#2819 = EDGE_CURVE ( 'NONE', #4839, #6822, #973, .T. ) ;
#2820 = ORIENTED_EDGE ( 'NONE', *, *, #1392, .T. ) ;
#2821 = ORIENTED_EDGE ( 'NONE', *, *, #4004, .T. ) ;
#2822 = DIRECTION ( 'NONE',  ( -0.000000000000000000, -1.000000000000000000, -0.000000000000000000 ) ) ;
#2823 = VECTOR ( 'NONE', #4994, 1000.000000000000000 ) ;
#2824 = CARTESIAN_POINT ( 'NONE',  ( -3.000000000000030198, 1.500000000000000000, 17.89555349946460794 ) ) ;
#2825 = DIRECTION ( 'NONE',  ( -0.000000000000000000, -1.000000000000000000, -0.000000000000000000 ) ) ;
#2826 = DIRECTION ( 'NONE',  ( 0.000000000000000000, 0.000000000000000000, -1.000000000000000000 ) ) ;
#2827 = ORIENTED_EDGE ( 'NONE', *, *, #3664, .T. ) ;
#2828 = LINE ( 'NONE', #4799, #6579 ) ;
#2829 = EDGE_CURVE ( 'NONE', #434, #5377, #5021, .T. ) ;
#2830 = VERTEX_POINT ( 'NONE', #4912 ) ;
#2831 = DIRECTION ( 'NONE',  ( 0.8660254037844408170, -0.000000000000000000, 0.4999999999999962252 ) ) ;
#2832 = LINE ( 'NONE', #5074, #7266 ) ;
#2833 = DIRECTION ( 'NONE',  ( -0.000000000000000000, -1.000000000000000000, -0.000000000000000000 ) ) ;
#2834 = DIRECTION ( 'NONE',  ( 0.000000000000000000, -1.000000000000000000, 0.000000000000000000 ) ) ;
#2835 = ORIENTED_EDGE ( 'NONE', *, *, #2473, .T. ) ;
#2836 = ORIENTED_EDGE ( 'NONE', *, *, #6284, .T. ) ;
#2837 = CARTESIAN_POINT ( 'NONE',  ( -1.205810052990905833E-13, 1.500000000000000000, 12.70170592217149341 ) ) ;
#2838 = DIRECTION ( 'NONE',  ( -0.8660254037844418162, 0.000000000000000000, -0.4999999999999946709 ) ) ;
#2839 = CARTESIAN_POINT ( 'NONE',  ( -14.00000000000001243, 0.000000000000000000, -1.154700538379153318 ) ) ;
#2840 = CARTESIAN_POINT ( 'NONE',  ( 16.00000000000000000, 2.500000000000000000, -20.00000000000000000 ) ) ;
#2841 = CARTESIAN_POINT ( 'NONE',  ( -8.999999999999994671, 1.500000000000000000, 7.505553499464606482 ) ) ;
#2842 = ORIENTED_EDGE ( 'NONE', *, *, #1871, .F. ) ;
#2843 = LINE ( 'NONE', #1188, #3673 ) ;
#2844 = EDGE_LOOP ( 'NONE', ( #5313, #1503, #5748, #220, #4668, #4456 ) ) ;
#2845 = CARTESIAN_POINT ( 'NONE',  ( -14.99999999999999467, 1.500000000000000000, 7.505553499464564737 ) ) ;
#2846 = DIRECTION ( 'NONE',  ( -0.000000000000000000, -1.000000000000000000, -0.000000000000000000 ) ) ;
#2847 = CARTESIAN_POINT ( 'NONE',  ( 17.00000000000004263, 2.501000000000000334, 4.041451884327340593 ) ) ;
#2848 = EDGE_LOOP ( 'NONE', ( #4657, #1535, #1087, #2009, #3516, #870 ) ) ;
#2849 = VERTEX_POINT ( 'NONE', #2223 ) ;
#2850 = EDGE_LOOP ( 'NONE', ( #3661, #7093, #2764, #503, #2667, #3793 ) ) ;
#2851 = FACE_OUTER_BOUND ( 'NONE', #4429, .T. ) ;
#2852 = EDGE_CURVE ( 'NONE', #5287, #369, #7165, .T. ) ;
#2853 = PLANE ( 'NONE',  #4739 ) ;
#2854 = PLANE ( 'NONE',  #2683 ) ;
#2855 = DIRECTION ( 'NONE',  ( -0.8660254037844387076, 0.000000000000000000, -0.4999999999999998890 ) ) ;
#2856 = ORIENTED_EDGE ( 'NONE', *, *, #3956, .T. ) ;
#2857 = AXIS2_PLACEMENT_3D ( 'NONE', #2948, #3460, #5716 ) ;
#2858 = ORIENTED_EDGE ( 'NONE', *, *, #217, .F. ) ;
#2859 = EDGE_CURVE ( 'NONE', #3179, #1049, #3729, .T. ) ;
#2860 = VECTOR ( 'NONE', #240, 1000.000000000000114 ) ;
#2861 = DIRECTION ( 'NONE',  ( 0.000000000000000000, -0.000000000000000000, -1.000000000000000000 ) ) ;
#2862 = EDGE_CURVE ( 'NONE', #1189, #7188, #499, .T. ) ;
#2863 = DIRECTION ( 'NONE',  ( -0.8660254037844367092, 0.000000000000000000, 0.5000000000000035527 ) ) ;
#2864 = DIRECTION ( 'NONE',  ( -0.000000000000000000, -1.000000000000000000, -0.000000000000000000 ) ) ;
#2865 = LINE ( 'NONE', #1317, #93 ) ;
#2866 = VECTOR ( 'NONE', #175, 1000.000000000000000 ) ;
#2867 = EDGE_LOOP ( 'NONE', ( #6390, #6398, #4835, #4403 ) ) ;
#2868 = ORIENTED_EDGE ( 'NONE', *, *, #3264, .T. ) ;
#2869 = CARTESIAN_POINT ( 'NONE',  ( -3.999999999999910738, 1.500000000000000000, 9.237604307034047224 ) ) ;
#2870 = EDGE_CURVE ( 'NONE', #3948, #6835, #5576, .T. ) ;
#2871 = ADVANCED_FACE ( 'NONE', ( #6687 ), #2152, .F. ) ;
#2872 = LINE ( 'NONE', #4593, #7260 ) ;
#2873 = AXIS2_PLACEMENT_3D ( 'NONE', #616, #2378, #2963 ) ;
#2874 = DIRECTION ( 'NONE',  ( -0.8660254037844388186, 0.000000000000000000, 0.4999999999999997224 ) ) ;
#2875 = LINE ( 'NONE', #5824, #1151 ) ;
#2876 = LINE ( 'NONE', #5680, #3017 ) ;
#2877 = ORIENTED_EDGE ( 'NONE', *, *, #5250, .F. ) ;
#2878 = CARTESIAN_POINT ( 'NONE',  ( 5.999999999999981348, 0.000000000000000000, -8.082903768654771781 ) ) ;
#2879 = ORIENTED_EDGE ( 'NONE', *, *, #5389, .F. ) ;
#2880 = ADVANCED_FACE ( 'NONE', ( #3768, #386, #2632, #4872, #6100, #3213 ), #6614, .T. ) ;
#2881 = LINE ( 'NONE', #77, #1579 ) ;
#2882 = CARTESIAN_POINT ( 'NONE',  ( 8.000000000000110134, 1.500000000000000000, 9.237604307033919326 ) ) ;
#2883 = LINE ( 'NONE', #2847, #904 ) ;
#2884 = EDGE_LOOP ( 'NONE', ( #2422, #5231, #3591, #1, #838, #280 ) ) ;
#2885 = ORIENTED_EDGE ( 'NONE', *, *, #21, .F. ) ;
#2886 = VERTEX_POINT ( 'NONE', #3251 ) ;
#2887 = LINE ( 'NONE', #4691, #3168 ) ;
#2888 = ORIENTED_EDGE ( 'NONE', *, *, #1360, .F. ) ;
#2889 = DIRECTION ( 'NONE',  ( -7.511572993685799692E-15, 0.000000000000000000, -1.000000000000000000 ) ) ;
#2890 = CARTESIAN_POINT ( 'NONE',  ( 10.00000000000010658, 2.501000000000000334, 9.237604307033967288 ) ) ;
#2891 = CARTESIAN_POINT ( 'NONE',  ( -5.000000000000030198, 2.501000000000000334, -6.350852961085859505 ) ) ;
#2892 = VERTEX_POINT ( 'NONE', #5467 ) ;
#2893 = ORIENTED_EDGE ( 'NONE', *, *, #1325, .T. ) ;
#2894 = VECTOR ( 'NONE', #4154, 1000.000000000000114 ) ;
#2895 = DIRECTION ( 'NONE',  ( -7.511572993685793381E-15, 0.000000000000000000, -1.000000000000000000 ) ) ;
#2896 = DIRECTION ( 'NONE',  ( -0.000000000000000000, -1.000000000000000000, -0.000000000000000000 ) ) ;
#2897 = AXIS2_PLACEMENT_3D ( 'NONE', #7007, #1956, #3102 ) ;
#2898 = CARTESIAN_POINT ( 'NONE',  ( -9.999999999999891642, 2.501000000000000334, 11.54700538379251107 ) ) ;
#2899 = FACE_OUTER_BOUND ( 'NONE', #3386, .T. ) ;
#2900 = EDGE_CURVE ( 'NONE', #1237, #3461, #3802, .T. ) ;
#2901 = VECTOR ( 'NONE', #2976, 1000.000000000000000 ) ;
#2902 = ORIENTED_EDGE ( 'NONE', *, *, #4552, .F. ) ;
#2903 = VECTOR ( 'NONE', #6375, 1000.000000000000114 ) ;
#2904 = VERTEX_POINT ( 'NONE', #1639 ) ;
#2905 = CARTESIAN_POINT ( 'NONE',  ( 1.000000000000045741, 2.501000000000000334, 4.041451884327369015 ) ) ;
#2906 = AXIS2_PLACEMENT_3D ( 'NONE', #2608, #6402, #326 ) ;
#2907 = DIRECTION ( 'NONE',  ( 0.000000000000000000, 0.000000000000000000, -1.000000000000000000 ) ) ;
#2908 = VECTOR ( 'NONE', #5167, 1000.000000000000000 ) ;
#2909 = CARTESIAN_POINT ( 'NONE',  ( -15.75500000000000078, 1.500000000000000000, -13.05500000000000149 ) ) ;
#2910 = VECTOR ( 'NONE', #6218, 1000.000000000000000 ) ;
#2911 = CARTESIAN_POINT ( 'NONE',  ( -2.999999999999972466, 0.000000000000000000, 2.886751345948155745 ) ) ;
#2912 = DIRECTION ( 'NONE',  ( 0.8660254037844382635, 0.000000000000000000, 0.5000000000000006661 ) ) ;
#2913 = EDGE_CURVE ( 'NONE', #2408, #1526, #3878, .T. ) ;
#2914 = VECTOR ( 'NONE', #4520, 999.9999999999998863 ) ;
#2915 = ORIENTED_EDGE ( 'NONE', *, *, #6621, .T. ) ;
#2916 = DIRECTION ( 'NONE',  ( -0.000000000000000000, -1.000000000000000000, -0.000000000000000000 ) ) ;
#2917 = ORIENTED_EDGE ( 'NONE', *, *, #2049, .F. ) ;
#2918 = CARTESIAN_POINT ( 'NONE',  ( 8.999999999999980460, 1.500000000000000000, -2.886751345948211256 ) ) ;
#2919 = DIRECTION ( 'NONE',  ( 0.000000000000000000, 0.000000000000000000, 1.000000000000000000 ) ) ;
#2920 = VECTOR ( 'NONE', #4139, 1000.000000000000227 ) ;
#2921 = LINE ( 'NONE', #120, #2908 ) ;
#2922 = CARTESIAN_POINT ( 'NONE',  ( -10.99999999999999289, 1.500000000000000000, 4.041451884326853872 ) ) ;
#2923 = ORIENTED_EDGE ( 'NONE', *, *, #5995, .F. ) ;
#2924 = VERTEX_POINT ( 'NONE', #462 ) ;
#2925 = VERTEX_POINT ( 'NONE', #532 ) ;
#2926 = DIRECTION ( 'NONE',  ( 0.8660254037844371533, 0.000000000000000000, -0.5000000000000026645 ) ) ;
#2927 = PLANE ( 'NONE',  #2387 ) ;
#2928 = LINE ( 'NONE', #241, #3149 ) ;
#2929 = LINE ( 'NONE', #3954, #3224 ) ;
#2930 = ORIENTED_EDGE ( 'NONE', *, *, #2546, .F. ) ;
#2931 = ORIENTED_EDGE ( 'NONE', *, *, #6482, .F. ) ;
#2932 = VECTOR ( 'NONE', #6317, 1000.000000000000000 ) ;
#2933 = FACE_OUTER_BOUND ( 'NONE', #3028, .T. ) ;
#2934 = DIRECTION ( 'NONE',  ( 0.000000000000000000, 0.000000000000000000, -1.000000000000000000 ) ) ;
#2935 = LINE ( 'NONE', #6954, #1340 ) ;
#2936 = VECTOR ( 'NONE', #4982, 1000.000000000000114 ) ;
#2937 = DIRECTION ( 'NONE',  ( 0.8660254037844391517, 0.000000000000000000, -0.4999999999999992228 ) ) ;
#2938 = ORIENTED_EDGE ( 'NONE', *, *, #4012, .T. ) ;
#2939 = EDGE_CURVE ( 'NONE', #6104, #5687, #6719, .T. ) ;
#2940 = ORIENTED_EDGE ( 'NONE', *, *, #442, .T. ) ;
#2941 = PLANE ( 'NONE',  #895 ) ;
#2942 = CARTESIAN_POINT ( 'NONE',  ( 0.9999999999999713562, 2.501000000000000334, 16.74085296108535559 ) ) ;
#2943 = DIRECTION ( 'NONE',  ( 0.8660254037844385966, 0.000000000000000000, 0.4999999999999999445 ) ) ;
#2944 = ADVANCED_FACE ( 'NONE', ( #4567 ), #2293, .F. ) ;
#2945 = PLANE ( 'NONE',  #3152 ) ;
#2946 = DIRECTION ( 'NONE',  ( -0.000000000000000000, -1.000000000000000000, -0.000000000000000000 ) ) ;
#2947 = ORIENTED_EDGE ( 'NONE', *, *, #5011, .T. ) ;
#2948 = CARTESIAN_POINT ( 'NONE',  ( 16.00000000000000355, 2.500000000000000000, 16.00000000000000355 ) ) ;
#2949 = FACE_OUTER_BOUND ( 'NONE', #6798, .T. ) ;
#2950 = EDGE_CURVE ( 'NONE', #7064, #4824, #149, .T. ) ;
#2951 = DIRECTION ( 'NONE',  ( 0.000000000000000000, 0.000000000000000000, -1.000000000000000000 ) ) ;
#2952 = DIRECTION ( 'NONE',  ( 0.000000000000000000, 0.000000000000000000, -1.000000000000000000 ) ) ;
#2953 = DIRECTION ( 'NONE',  ( 0.8660254037844389297, 0.000000000000000000, -0.4999999999999995004 ) ) ;
#2954 = ORIENTED_EDGE ( 'NONE', *, *, #76, .T. ) ;
#2955 = CARTESIAN_POINT ( 'NONE',  ( 4.000000000000133227, 2.501000000000000334, 11.54700538379246844 ) ) ;
#2956 = ORIENTED_EDGE ( 'NONE', *, *, #5401, .T. ) ;
#2957 = EDGE_LOOP ( 'NONE', ( #4054, #5430, #1713, #2712 ) ) ;
#2958 = CARTESIAN_POINT ( 'NONE',  ( 5.000000000000047962, 0.000000000000000000, 4.041451884327321942 ) ) ;
#2959 = ORIENTED_EDGE ( 'NONE', *, *, #1068, .F. ) ;
#2960 = ADVANCED_FACE ( 'NONE', ( #1773 ), #6752, .F. ) ;
#2961 = DIRECTION ( 'NONE',  ( 0.8660254037844383745, -0.000000000000000000, 0.5000000000000003331 ) ) ;
#2962 = CARTESIAN_POINT ( 'NONE',  ( 4.999999999999970690, 1.500000000000000000, 16.74085296108535914 ) ) ;
#2963 = DIRECTION ( 'NONE',  ( 0.000000000000000000, 0.000000000000000000, -1.000000000000000000 ) ) ;
#2964 = EDGE_LOOP ( 'NONE', ( #417, #554, #3051, #2879 ) ) ;
#2965 = ORIENTED_EDGE ( 'NONE', *, *, #964, .F. ) ;
#2966 = DIRECTION ( 'NONE',  ( -0.8660254037844447028, 0.000000000000000000, -0.4999999999999894529 ) ) ;
#2967 = CARTESIAN_POINT ( 'NONE',  ( -11.99999999999992006, 0.000000000000000000, 8.082903768654773558 ) ) ;
#2968 = EDGE_CURVE ( 'NONE', #3031, #3978, #2628, .T. ) ;
#2969 = CARTESIAN_POINT ( 'NONE',  ( 13.00000000000004796, 0.000000000000000000, 6.350852961085841741 ) ) ;
#2970 = DIRECTION ( 'NONE',  ( 0.8660254037844432595, -0.000000000000000000, 0.4999999999999918954 ) ) ;
#2971 = VECTOR ( 'NONE', #1222, 1000.000000000000114 ) ;
#2972 = ORIENTED_EDGE ( 'NONE', *, *, #6324, .T. ) ;
#2973 = VECTOR ( 'NONE', #2919, 1000.000000000000000 ) ;
#2974 = ORIENTED_EDGE ( 'NONE', *, *, #5533, .F. ) ;
#2975 = DIRECTION ( 'NONE',  ( 0.5000000000000004441, 0.000000000000000000, -0.8660254037844384856 ) ) ;
#2976 = DIRECTION ( 'NONE',  ( -0.000000000000000000, -1.000000000000000000, -0.000000000000000000 ) ) ;
#2977 = CARTESIAN_POINT ( 'NONE',  ( 3.999999999999998224, 1.500000000000000000, 1.154700538379252128 ) ) ;
#2978 = VECTOR ( 'NONE', #2332, 999.9999999999998863 ) ;
#2979 = DIRECTION ( 'NONE',  ( 0.8660254037844390407, 0.000000000000000000, -0.4999999999999992228 ) ) ;
#2980 = DIRECTION ( 'NONE',  ( 1.877893248421447310E-16, 0.000000000000000000, 1.000000000000000000 ) ) ;
#2981 = EDGE_CURVE ( 'NONE', #2258, #5549, #638, .T. ) ;
#2982 = VERTEX_POINT ( 'NONE', #6205 ) ;
#2983 = CIRCLE ( 'NONE', #994, 1.500000000000001332 ) ;
#2984 = CARTESIAN_POINT ( 'NONE',  ( -3.999999999999992450, 2.501000000000000334, 1.154700538379280328 ) ) ;
#2985 = LINE ( 'NONE', #2918, #4418 ) ;
#2986 = DIRECTION ( 'NONE',  ( -2.253471898105738645E-15, 0.000000000000000000, -1.000000000000000000 ) ) ;
#2987 = DIRECTION ( 'NONE',  ( 0.8660254037844395958, 0.000000000000000000, 0.4999999999999982236 ) ) ;
#2988 = CARTESIAN_POINT ( 'NONE',  ( -8.999999999999712230, 0.000000000000000000, -2.886751345948675773 ) ) ;
#2989 = EDGE_LOOP ( 'NONE', ( #5845, #1003, #2080, #2374 ) ) ;
#2990 = DIRECTION ( 'NONE',  ( 0.8660254037844409281, 0.000000000000000000, 0.4999999999999961142 ) ) ;
#2991 = AXIS2_PLACEMENT_3D ( 'NONE', #1641, #4952, #4425 ) ;
#2992 = ORIENTED_EDGE ( 'NONE', *, *, #6198, .T. ) ;
#2993 = ORIENTED_EDGE ( 'NONE', *, *, #4251, .T. ) ;
#2994 = CARTESIAN_POINT ( 'NONE',  ( -4.999999999999940492, 1.500000000000000000, 6.350852961085931447 ) ) ;
#2995 = LINE ( 'NONE', #1454, #2860 ) ;
#2996 = LINE ( 'NONE', #6360, #1739 ) ;
#2997 = LINE ( 'NONE', #1859, #4750 ) ;
#2998 = ORIENTED_EDGE ( 'NONE', *, *, #4065, .F. ) ;
#2999 = ORIENTED_EDGE ( 'NONE', *, *, #4349, .T. ) ;
#3000 = EDGE_LOOP ( 'NONE', ( #2125, #2449, #2836, #2414 ) ) ;
#3001 = EDGE_CURVE ( 'NONE', #3723, #4690, #3358, .T. ) ;
#3002 = EDGE_CURVE ( 'NONE', #2070, #3739, #4526, .T. ) ;
#3003 = DIRECTION ( 'NONE',  ( -0.000000000000000000, -1.000000000000000000, -0.000000000000000000 ) ) ;
#3004 = DIRECTION ( 'NONE',  ( -0.000000000000000000, -1.000000000000000000, -0.000000000000000000 ) ) ;
#3005 = CARTESIAN_POINT ( 'NONE',  ( 10.99999999999997513, 1.500000000000000000, -6.350852961085965198 ) ) ;
#3006 = DIRECTION ( 'NONE',  ( -0.000000000000000000, -1.000000000000000000, -0.000000000000000000 ) ) ;
#3007 = ORIENTED_EDGE ( 'NONE', *, *, #2057, .T. ) ;
#3008 = AXIS2_PLACEMENT_3D ( 'NONE', #4671, #256, #6486 ) ;
#3009 = ORIENTED_EDGE ( 'NONE', *, *, #2487, .F. ) ;
#3010 = VECTOR ( 'NONE', #3253, 1000.000000000000114 ) ;
#3011 = LINE ( 'NONE', #3053, #4894 ) ;
#3012 = LINE ( 'NONE', #5754, #6088 ) ;
#3013 = CARTESIAN_POINT ( 'NONE',  ( 0.000000000000000000, 1.500000000000000000, 0.000000000000000000 ) ) ;
#3014 = VECTOR ( 'NONE', #7037, 1000.000000000000114 ) ;
#3015 = LINE ( 'NONE', #1217, #4913 ) ;
#3016 = CARTESIAN_POINT ( 'NONE',  ( 16.00000000000000000, 0.000000000000000000, -20.00000000000000000 ) ) ;
#3017 = VECTOR ( 'NONE', #2946, 1000.000000000000000 ) ;
#3018 = EDGE_LOOP ( 'NONE', ( #313, #6724, #6263, #6326 ) ) ;
#3019 = AXIS2_PLACEMENT_3D ( 'NONE', #4066, #1315, #5184 ) ;
#3020 = ADVANCED_FACE ( 'NONE', ( #6789 ), #6168, .F. ) ;
#3021 = AXIS2_PLACEMENT_3D ( 'NONE', #6581, #1488, #5435 ) ;
#3022 = CARTESIAN_POINT ( 'NONE',  ( -3.999999999999910738, 0.000000000000000000, 9.237604307034047224 ) ) ;
#3023 = LINE ( 'NONE', #1772, #4063 ) ;
#3024 = AXIS2_PLACEMENT_3D ( 'NONE', #2460, #6401, #3079 ) ;
#3025 = LINE ( 'NONE', #5317, #5694 ) ;
#3026 = DIRECTION ( 'NONE',  ( 0.8660254037844389297, 0.000000000000000000, -0.4999999999999995004 ) ) ;
#3027 = CARTESIAN_POINT ( 'NONE',  ( 5.000000000000073719, 1.500000000000000000, 6.350852961085825754 ) ) ;
#3028 = EDGE_LOOP ( 'NONE', ( #3233, #1303, #3774, #955 ) ) ;
#3029 = CARTESIAN_POINT ( 'NONE',  ( -12.99999999999971401, 0.000000000000000000, -4.041451884327967647 ) ) ;
#3030 = VECTOR ( 'NONE', #1659, 1000.000000000000000 ) ;
#3031 = VERTEX_POINT ( 'NONE', #1157 ) ;
#3032 = VECTOR ( 'NONE', #1170, 1000.000000000000000 ) ;
#3033 = ORIENTED_EDGE ( 'NONE', *, *, #2222, .F. ) ;
#3034 = EDGE_CURVE ( 'NONE', #6104, #2801, #5613, .T. ) ;
#3035 = AXIS2_PLACEMENT_3D ( 'NONE', #6013, #4859, #5493 ) ;
#3036 = DIRECTION ( 'NONE',  ( 0.8660254037844326014, 0.000000000000000000, -0.5000000000000104361 ) ) ;
#3037 = ORIENTED_EDGE ( 'NONE', *, *, #540, .F. ) ;
#3038 = CIRCLE ( 'NONE', #1398, 4.000000000000000000 ) ;
#3039 = PLANE ( 'NONE',  #4031 ) ;
#3040 = DIRECTION ( 'NONE',  ( 1.000000000000000000, 0.000000000000000000, 0.000000000000000000 ) ) ;
#3041 = CARTESIAN_POINT ( 'NONE',  ( 0.000000000000000000, 1.500000000000000000, 19.00000000000000000 ) ) ;
#3042 = VERTEX_POINT ( 'NONE', #605 ) ;
#3043 = EDGE_CURVE ( 'NONE', #7278, #1707, #2881, .T. ) ;
#3044 = ORIENTED_EDGE ( 'NONE', *, *, #2446, .T. ) ;
#3045 = ORIENTED_EDGE ( 'NONE', *, *, #5312, .T. ) ;
#3046 = PLANE ( 'NONE',  #6212 ) ;
#3047 = LINE ( 'NONE', #3118, #330 ) ;
#3048 = FACE_OUTER_BOUND ( 'NONE', #4833, .T. ) ;
#3049 = EDGE_CURVE ( 'NONE', #1424, #5575, #569, .T. ) ;
#3050 = DIRECTION ( 'NONE',  ( -0.000000000000000000, -1.000000000000000000, -0.000000000000000000 ) ) ;
#3051 = ORIENTED_EDGE ( 'NONE', *, *, #7154, .F. ) ;
#3052 = ORIENTED_EDGE ( 'NONE', *, *, #7187, .T. ) ;
#3053 = CARTESIAN_POINT ( 'NONE',  ( 15.75499999999999545, 1.500000000000000000, 13.05500000000000149 ) ) ;
#3054 = CARTESIAN_POINT ( 'NONE',  ( -1.000000000000029532, 1.500000000000000000, 16.74085296108535914 ) ) ;
#3055 = FACE_BOUND ( 'NONE', #7061, .T. ) ;
#3056 = EDGE_CURVE ( 'NONE', #4690, #7239, #4051, .T. ) ;
#3057 = FACE_BOUND ( 'NONE', #7281, .T. ) ;
#3058 = DIRECTION ( 'NONE',  ( -0.4999999999999992784, 0.000000000000000000, -0.8660254037844391517 ) ) ;
#3059 = EDGE_LOOP ( 'NONE', ( #7137, #6911, #2417, #5383 ) ) ;
#3060 = CARTESIAN_POINT ( 'NONE',  ( -4.999999999999960920, 1.500000000000000000, 4.041451884327426747 ) ) ;
#3061 = DIRECTION ( 'NONE',  ( -0.8660254037844395958, 0.000000000000000000, -0.4999999999999982236 ) ) ;
#3062 = DIRECTION ( 'NONE',  ( 0.5000000000000043299, -0.000000000000000000, 0.8660254037844361541 ) ) ;
#3063 = CARTESIAN_POINT ( 'NONE',  ( 19.99999999999999645, 2.500000000000000000, -20.00000000000000000 ) ) ;
#3064 = FACE_OUTER_BOUND ( 'NONE', #644, .T. ) ;
#3065 = ORIENTED_EDGE ( 'NONE', *, *, #3755, .F. ) ;
#3066 = CARTESIAN_POINT ( 'NONE',  ( -3.000000000000035971, 1.500000000000000000, -7.505553499465120737 ) ) ;
#3067 = ORIENTED_EDGE ( 'NONE', *, *, #2112, .T. ) ;
#3068 = ORIENTED_EDGE ( 'NONE', *, *, #1648, .F. ) ;
#3069 = CARTESIAN_POINT ( 'NONE',  ( 13.99999999999997691, 0.000000000000000000, -9.237604307034029461 ) ) ;
#3070 = VERTEX_POINT ( 'NONE', #1263 ) ;
#3071 = CARTESIAN_POINT ( 'NONE',  ( -5.999999999999879208, 1.500000000000000000, 12.70170592217182204 ) ) ;
#3072 = CARTESIAN_POINT ( 'NONE',  ( 7.999999999999974243, 2.501000000000000334, -11.54700538379253416 ) ) ;
#3073 = EDGE_CURVE ( 'NONE', #2480, #1028, #39, .T. ) ;
#3074 = LINE ( 'NONE', #5330, #1115 ) ;
#3075 = ORIENTED_EDGE ( 'NONE', *, *, #4974, .F. ) ;
#3076 = VERTEX_POINT ( 'NONE', #5166 ) ;
#3077 = ADVANCED_FACE ( 'NONE', ( #4 ), #1191, .F. ) ;
#3078 = ORIENTED_EDGE ( 'NONE', *, *, #2560, .F. ) ;
#3079 = DIRECTION ( 'NONE',  ( 0.000000000000000000, 0.000000000000000000, 1.000000000000000000 ) ) ;
#3080 = CARTESIAN_POINT ( 'NONE',  ( -3.999999999999992450, 1.500000000000000000, 1.154700538379280328 ) ) ;
#3081 = DIRECTION ( 'NONE',  ( -0.5000000000000004441, 0.000000000000000000, 0.8660254037844384856 ) ) ;
#3082 = LINE ( 'NONE', #877, #1979 ) ;
#3083 = ORIENTED_EDGE ( 'NONE', *, *, #4251, .F. ) ;
#3084 = EDGE_CURVE ( 'NONE', #2579, #7064, #3502, .T. ) ;
#3085 = EDGE_CURVE ( 'NONE', #1887, #5885, #5684, .T. ) ;
#3086 = ORIENTED_EDGE ( 'NONE', *, *, #4805, .T. ) ;
#3087 = DIRECTION ( 'NONE',  ( 6.760415694317213570E-15, -0.000000000000000000, 1.000000000000000000 ) ) ;
#3088 = CARTESIAN_POINT ( 'NONE',  ( -2.999999999999930722, 0.000000000000000000, 7.505553499465162481 ) ) ;
#3089 = CIRCLE ( 'NONE', #7214, 1.500000000000001332 ) ;
#3090 = EDGE_CURVE ( 'NONE', #4405, #868, #231, .T. ) ;
#3091 = DIRECTION ( 'NONE',  ( -0.000000000000000000, -1.000000000000000000, -0.000000000000000000 ) ) ;
#3092 = LINE ( 'NONE', #4083, #5027 ) ;
#3093 = EDGE_LOOP ( 'NONE', ( #348, #1056, #6389, #2754 ) ) ;
#3094 = EDGE_CURVE ( 'NONE', #5333, #5446, #1992, .T. ) ;
#3095 = EDGE_CURVE ( 'NONE', #5575, #513, #4231, .T. ) ;
#3096 = LINE ( 'NONE', #4751, #4029 ) ;
#3097 = CARTESIAN_POINT ( 'NONE',  ( 16.00000000000000000, 2.500000000000000000, -16.00000000000000000 ) ) ;
#3098 = VECTOR ( 'NONE', #2961, 1000.000000000000114 ) ;
#3099 = CARTESIAN_POINT ( 'NONE',  ( 8.000000000000000000, 2.501000000000000334, -1.154700538379251018 ) ) ;
#3100 = EDGE_CURVE ( 'NONE', #1482, #4405, #2512, .T. ) ;
#3101 = CARTESIAN_POINT ( 'NONE',  ( -0.9999999999999100719, 0.000000000000000000, -14.43375673432737472 ) ) ;
#3102 = DIRECTION ( 'NONE',  ( 0.000000000000000000, 0.000000000000000000, -1.000000000000000000 ) ) ;
#3103 = ORIENTED_EDGE ( 'NONE', *, *, #2495, .F. ) ;
#3104 = VERTEX_POINT ( 'NONE', #4753 ) ;
#3105 = VECTOR ( 'NONE', #7097, 1000.000000000000114 ) ;
#3106 = VERTEX_POINT ( 'NONE', #4641 ) ;
#3107 = EDGE_CURVE ( 'NONE', #6751, #2305, #1411, .T. ) ;
#3108 = CARTESIAN_POINT ( 'NONE',  ( -13.99999999999990941, 0.000000000000000000, 9.237604307034041895 ) ) ;
#3109 = ORIENTED_EDGE ( 'NONE', *, *, #2057, .F. ) ;
#3110 = DIRECTION ( 'NONE',  ( -0.8660254037844420383, 0.000000000000000000, -0.4999999999999939493 ) ) ;
#3111 = VECTOR ( 'NONE', #1456, 1000.000000000000000 ) ;
#3112 = FACE_OUTER_BOUND ( 'NONE', #4514, .T. ) ;
#3113 = CARTESIAN_POINT ( 'NONE',  ( 5.000000000000047962, 0.000000000000000000, 4.041451884327321942 ) ) ;
#3114 = ORIENTED_EDGE ( 'NONE', *, *, #1958, .T. ) ;
#3115 = ORIENTED_EDGE ( 'NONE', *, *, #3406, .T. ) ;
#3116 = EDGE_LOOP ( 'NONE', ( #7271, #583 ) ) ;
#3117 = DIRECTION ( 'NONE',  ( -0.8660254037844389297, 0.000000000000000000, 0.4999999999999995559 ) ) ;
#3118 = CARTESIAN_POINT ( 'NONE',  ( -3.999999999999889866, 1.500000000000000000, 11.54700538379255192 ) ) ;
#3119 = FACE_OUTER_BOUND ( 'NONE', #3585, .T. ) ;
#3120 = CARTESIAN_POINT ( 'NONE',  ( -2.000000000000117240, 2.501000000000000334, 9.237604307033738138 ) ) ;
#3121 = ORIENTED_EDGE ( 'NONE', *, *, #2124, .T. ) ;
#3122 = ORIENTED_EDGE ( 'NONE', *, *, #2548, .F. ) ;
#3123 = LINE ( 'NONE', #179, #6778 ) ;
#3124 = CARTESIAN_POINT ( 'NONE',  ( -3.000000000000028866, 0.000000000000000000, 13.27675134594760387 ) ) ;
#3125 = EDGE_CURVE ( 'NONE', #886, #3908, #4121, .T. ) ;
#3126 = FACE_BOUND ( 'NONE', #1927, .T. ) ;
#3127 = ORIENTED_EDGE ( 'NONE', *, *, #5794, .T. ) ;
#3128 = ADVANCED_FACE ( 'NONE', ( #5279 ), #5354, .F. ) ;
#3129 = LINE ( 'NONE', #342, #2275 ) ;
#3130 = VECTOR ( 'NONE', #5860, 1000.000000000000000 ) ;
#3131 = PLANE ( 'NONE',  #7138 ) ;
#3132 = AXIS2_PLACEMENT_3D ( 'NONE', #1564, #6027, #975 ) ;
#3133 = CARTESIAN_POINT ( 'NONE',  ( 0.000000000000000000, 1.500000000000000000, 0.000000000000000000 ) ) ;
#3134 = LINE ( 'NONE', #1996, #1022 ) ;
#3135 = ORIENTED_EDGE ( 'NONE', *, *, #3547, .T. ) ;
#3136 = ADVANCED_FACE ( 'NONE', ( #6348 ), #2547, .F. ) ;
#3137 = VECTOR ( 'NONE', #1693, 1000.000000000000000 ) ;
#3138 = ORIENTED_EDGE ( 'NONE', *, *, #141, .F. ) ;
#3139 = ORIENTED_EDGE ( 'NONE', *, *, #2177, .T. ) ;
#3140 = VECTOR ( 'NONE', #1314, 1000.000000000000227 ) ;
#3141 = FACE_OUTER_BOUND ( 'NONE', #1548, .T. ) ;
#3142 = ORIENTED_EDGE ( 'NONE', *, *, #7083, .T. ) ;
#3143 = AXIS2_PLACEMENT_3D ( 'NONE', #1283, #6810, #1757 ) ;
#3144 = LINE ( 'NONE', #4836, #4617 ) ;
#3145 = AXIS2_PLACEMENT_3D ( 'NONE', #4766, #3146, #4319 ) ;
#3146 = DIRECTION ( 'NONE',  ( 0.000000000000000000, -1.000000000000000000, 0.000000000000000000 ) ) ;
#3147 = CARTESIAN_POINT ( 'NONE',  ( -20.00000000000000355, 2.500000000000000000, -16.00000000000000000 ) ) ;
#3148 = EDGE_LOOP ( 'NONE', ( #6855, #5996, #206, #641 ) ) ;
#3149 = VECTOR ( 'NONE', #6429, 1000.000000000000000 ) ;
#3150 = ORIENTED_EDGE ( 'NONE', *, *, #6708, .T. ) ;
#3151 = ORIENTED_EDGE ( 'NONE', *, *, #3989, .F. ) ;
#3152 = AXIS2_PLACEMENT_3D ( 'NONE', #4115, #4677, #67 ) ;
#3153 = ORIENTED_EDGE ( 'NONE', *, *, #1167, .T. ) ;
#3154 = CARTESIAN_POINT ( 'NONE',  ( -6.000000000000016875, 2.501000000000000334, -2.309401076758460736 ) ) ;
#3155 = CARTESIAN_POINT ( 'NONE',  ( -13.99999999999999467, 2.501000000000000334, 1.154700538379348718 ) ) ;
#3156 = CARTESIAN_POINT ( 'NONE',  ( -5.999999999999879208, 0.000000000000000000, 12.70170592217182204 ) ) ;
#3157 = VERTEX_POINT ( 'NONE', #6460 ) ;
#3158 = AXIS2_PLACEMENT_3D ( 'NONE', #6664, #4404, #7288 ) ;
#3159 = PLANE ( 'NONE',  #2693 ) ;
#3160 = ORIENTED_EDGE ( 'NONE', *, *, #485, .F. ) ;
#3161 = ORIENTED_EDGE ( 'NONE', *, *, #5928, .T. ) ;
#3162 = CARTESIAN_POINT ( 'NONE',  ( -8.000000000000044409, 0.000000000000000000, -9.237604307033979723 ) ) ;
#3163 = FACE_OUTER_BOUND ( 'NONE', #6575, .T. ) ;
#3164 = DIRECTION ( 'NONE',  ( 0.8660254037844378194, 0.000000000000000000, -0.5000000000000015543 ) ) ;
#3165 = EDGE_CURVE ( 'NONE', #2019, #6552, #3646, .T. ) ;
#3166 = ADVANCED_FACE ( 'NONE', ( #5904 ), #303, .F. ) ;
#3167 = ORIENTED_EDGE ( 'NONE', *, *, #1468, .T. ) ;
#3168 = VECTOR ( 'NONE', #5803, 1000.000000000000000 ) ;
#3169 = LINE ( 'NONE', #1329, #5810 ) ;
#3170 = EDGE_CURVE ( 'NONE', #4135, #4094, #4718, .T. ) ;
#3171 = PLANE ( 'NONE',  #3367 ) ;
#3172 = LINE ( 'NONE', #3063, #5857 ) ;
#3173 = LINE ( 'NONE', #966, #5846 ) ;
#3174 = ORIENTED_EDGE ( 'NONE', *, *, #5339, .T. ) ;
#3175 = DIRECTION ( 'NONE',  ( 2.629050547790030918E-15, 0.000000000000000000, 1.000000000000000000 ) ) ;
#3176 = ORIENTED_EDGE ( 'NONE', *, *, #6891, .T. ) ;
#3177 = VERTEX_POINT ( 'NONE', #993 ) ;
#3178 = LINE ( 'NONE', #7012, #7293 ) ;
#3179 = VERTEX_POINT ( 'NONE', #5829 ) ;
#3180 = EDGE_CURVE ( 'NONE', #4171, #528, #1916, .T. ) ;
#3181 = EDGE_CURVE ( 'NONE', #5112, #5331, #5487, .T. ) ;
#3182 = CARTESIAN_POINT ( 'NONE',  ( -6.999999999999712230, 2.501000000000000334, -4.041451884327925903 ) ) ;
#3183 = CARTESIAN_POINT ( 'NONE',  ( 14.00000000000011013, 0.000000000000000000, 9.237604307033919326 ) ) ;
#3184 = CARTESIAN_POINT ( 'NONE',  ( -15.75500000000000078, 1.500000000000000000, -17.25500000000000256 ) ) ;
#3185 = ORIENTED_EDGE ( 'NONE', *, *, #4146, .F. ) ;
#3186 = VERTEX_POINT ( 'NONE', #3236 ) ;
#3187 = EDGE_LOOP ( 'NONE', ( #707, #1522 ) ) ;
#3188 = EDGE_LOOP ( 'NONE', ( #359, #1132, #2404, #4993 ) ) ;
#3189 = EDGE_CURVE ( 'NONE', #6846, #2388, #6381, .T. ) ;
#3190 = CARTESIAN_POINT ( 'NONE',  ( 4.474290391966137185E-13, 2.501000000000000334, -8.082903768655075538 ) ) ;
#3191 = CARTESIAN_POINT ( 'NONE',  ( -2.999999999999927613, 1.500000000000000000, -17.89785834946512111 ) ) ;
#3192 = DIRECTION ( 'NONE',  ( -9.013887592422941960E-15, 0.000000000000000000, -1.000000000000000000 ) ) ;
#3193 = DIRECTION ( 'NONE',  ( -0.8660254037844341557, 0.000000000000000000, 0.5000000000000075495 ) ) ;
#3194 = EDGE_LOOP ( 'NONE', ( #5003, #7160, #1230, #6686, #4692, #6722, #5417, #933 ) ) ;
#3195 = CARTESIAN_POINT ( 'NONE',  ( -1.999999999999550360, 0.000000000000000000, -9.237604307034326112 ) ) ;
#3196 = ORIENTED_EDGE ( 'NONE', *, *, #5349, .F. ) ;
#3197 = ORIENTED_EDGE ( 'NONE', *, *, #4424, .F. ) ;
#3198 = LINE ( 'NONE', #5418, #3709 ) ;
#3199 = PLANE ( 'NONE',  #6437 ) ;
#3200 = FACE_BOUND ( 'NONE', #5161, .T. ) ;
#3201 = EDGE_LOOP ( 'NONE', ( #3749, #945, #4150, #3760 ) ) ;
#3202 = FACE_OUTER_BOUND ( 'NONE', #5954, .T. ) ;
#3203 = CARTESIAN_POINT ( 'NONE',  ( -20.00000000000000355, 0.000000000000000000, -16.00000000000000000 ) ) ;
#3204 = PLANE ( 'NONE',  #2435 ) ;
#3205 = DIRECTION ( 'NONE',  ( 0.000000000000000000, 0.000000000000000000, 1.000000000000000000 ) ) ;
#3206 = EDGE_LOOP ( 'NONE', ( #1911, #5482, #4551, #6298 ) ) ;
#3207 = CIRCLE ( 'NONE', #4493, 1.500000000000001332 ) ;
#3208 = ORIENTED_EDGE ( 'NONE', *, *, #6364, .F. ) ;
#3209 = ORIENTED_EDGE ( 'NONE', *, *, #6550, .F. ) ;
#3210 = VECTOR ( 'NONE', #5434, 1000.000000000000000 ) ;
#3211 = DIRECTION ( 'NONE',  ( -0.000000000000000000, -1.000000000000000000, -0.000000000000000000 ) ) ;
#3212 = EDGE_LOOP ( 'NONE', ( #3280, #2739, #552, #3294 ) ) ;
#3213 = FACE_OUTER_BOUND ( 'NONE', #5945, .T. ) ;
#3214 = LINE ( 'NONE', #5468, #446 ) ;
#3215 = EDGE_CURVE ( 'NONE', #5619, #4918, #3025, .T. ) ;
#3216 = FACE_OUTER_BOUND ( 'NONE', #6700, .T. ) ;
#3217 = EDGE_LOOP ( 'NONE', ( #6539, #1566, #7182, #2266 ) ) ;
#3218 = VECTOR ( 'NONE', #2986, 1000.000000000000000 ) ;
#3219 = EDGE_CURVE ( 'NONE', #6068, #4047, #444, .T. ) ;
#3220 = EDGE_LOOP ( 'NONE', ( #5140, #6369, #5634, #6586 ) ) ;
#3221 = EDGE_LOOP ( 'NONE', ( #2457, #5838, #1211, #6020 ) ) ;
#3222 = ORIENTED_EDGE ( 'NONE', *, *, #5204, .F. ) ;
#3223 = EDGE_CURVE ( 'NONE', #5619, #197, #5872, .T. ) ;
#3224 = VECTOR ( 'NONE', #4060, 1000.000000000000000 ) ;
#3225 = DIRECTION ( 'NONE',  ( -0.8660254037844383745, 0.000000000000000000, -0.5000000000000003331 ) ) ;
#3226 = LINE ( 'NONE', #6178, #6510 ) ;
#3227 = FACE_BOUND ( 'NONE', #6755, .T. ) ;
#3228 = DIRECTION ( 'NONE',  ( -0.000000000000000000, -1.000000000000000000, -0.000000000000000000 ) ) ;
#3229 = ORIENTED_EDGE ( 'NONE', *, *, #6364, .T. ) ;
#3230 = DIRECTION ( 'NONE',  ( -0.000000000000000000, -1.000000000000000000, -0.000000000000000000 ) ) ;
#3231 = EDGE_CURVE ( 'NONE', #6093, #269, #189, .T. ) ;
#3232 = VERTEX_POINT ( 'NONE', #2694 ) ;
#3233 = ORIENTED_EDGE ( 'NONE', *, *, #47, .T. ) ;
#3234 = DIRECTION ( 'NONE',  ( 0.8660254037844383745, 0.000000000000000000, 0.5000000000000003331 ) ) ;
#3235 = CARTESIAN_POINT ( 'NONE',  ( -6.999999999999712230, 2.501000000000000334, -6.350852961086427051 ) ) ;
#3236 = CARTESIAN_POINT ( 'NONE',  ( 3.000000000000087486, 0.000000000000000000, 7.505553499465101197 ) ) ;
#3237 = DIRECTION ( 'NONE',  ( -0.000000000000000000, -1.000000000000000000, -0.000000000000000000 ) ) ;
#3238 = VERTEX_POINT ( 'NONE', #6634 ) ;
#3239 = CARTESIAN_POINT ( 'NONE',  ( -5.000000000000028422, 0.000000000000000000, 14.43145188432685266 ) ) ;
#3240 = DIRECTION ( 'NONE',  ( 0.000000000000000000, -1.000000000000000000, 0.000000000000000000 ) ) ;
#3241 = LINE ( 'NONE', #5497, #6565 ) ;
#3242 = DIRECTION ( 'NONE',  ( -1.000000000000000000, 0.000000000000000000, 0.000000000000000000 ) ) ;
#3243 = ORIENTED_EDGE ( 'NONE', *, *, #3530, .T. ) ;
#3244 = CARTESIAN_POINT ( 'NONE',  ( -4.000000000000055067, 2.501000000000000334, -11.54700538379250041 ) ) ;
#3245 = ORIENTED_EDGE ( 'NONE', *, *, #2722, .T. ) ;
#3246 = ORIENTED_EDGE ( 'NONE', *, *, #6793, .F. ) ;
#3247 = VECTOR ( 'NONE', #1728, 1000.000000000000114 ) ;
#3248 = DIRECTION ( 'NONE',  ( 0.8660254037844384856, 0.000000000000000000, 0.5000000000000002220 ) ) ;
#3249 = EDGE_LOOP ( 'NONE', ( #1055, #4354, #234, #4820, #2052, #6096 ) ) ;
#3250 = VECTOR ( 'NONE', #2225, 1000.000000000000227 ) ;
#3251 = CARTESIAN_POINT ( 'NONE',  ( 6.000000000000094147, 0.000000000000000000, 8.082903768654690069 ) ) ;
#3252 = LINE ( 'NONE', #5509, #4434 ) ;
#3253 = DIRECTION ( 'NONE',  ( 0.8660254037844390407, 0.000000000000000000, -0.4999999999999991673 ) ) ;
#3254 = VERTEX_POINT ( 'NONE', #1103 ) ;
#3255 = AXIS2_PLACEMENT_3D ( 'NONE', #1551, #1477, #6051 ) ;
#3256 = EDGE_CURVE ( 'NONE', #718, #3432, #23, .T. ) ;
#3257 = EDGE_LOOP ( 'NONE', ( #6784, #3037 ) ) ;
#3258 = AXIS2_PLACEMENT_3D ( 'NONE', #298, #3058, #4784 ) ;
#3259 = ORIENTED_EDGE ( 'NONE', *, *, #5402, .F. ) ;
#3260 = FACE_OUTER_BOUND ( 'NONE', #968, .T. ) ;
#3261 = CIRCLE ( 'NONE', #2906, 1.500000000000001332 ) ;
#3262 = VECTOR ( 'NONE', #78, 1000.000000000000000 ) ;
#3263 = DIRECTION ( 'NONE',  ( -0.000000000000000000, -1.000000000000000000, -0.000000000000000000 ) ) ;
#3264 = EDGE_CURVE ( 'NONE', #2060, #3286, #1721, .T. ) ;
#3265 = CARTESIAN_POINT ( 'NONE',  ( 13.99999999999997691, 0.000000000000000000, -9.237604307034029461 ) ) ;
#3266 = VECTOR ( 'NONE', #4519, 1000.000000000000000 ) ;
#3267 = LINE ( 'NONE', #4184, #3606 ) ;
#3268 = FACE_OUTER_BOUND ( 'NONE', #4444, .T. ) ;
#3269 = VERTEX_POINT ( 'NONE', #1584 ) ;
#3270 = CARTESIAN_POINT ( 'NONE',  ( 0.000000000000000000, 1.500000000000000000, 0.000000000000000000 ) ) ;
#3271 = ADVANCED_FACE ( 'NONE', ( #4968 ), #5639, .F. ) ;
#3272 = VECTOR ( 'NONE', #5598, 1000.000000000000000 ) ;
#3273 = ORIENTED_EDGE ( 'NONE', *, *, #7144, .T. ) ;
#3274 = ORIENTED_EDGE ( 'NONE', *, *, #903, .T. ) ;
#3275 = CARTESIAN_POINT ( 'NONE',  ( 15.75499999999999545, 2.500000000000000000, 15.75500000000000078 ) ) ;
#3276 = EDGE_CURVE ( 'NONE', #3881, #3820, #2276, .T. ) ;
#3277 = DIRECTION ( 'NONE',  ( -0.4999999999999999445, 0.000000000000000000, -0.8660254037844387076 ) ) ;
#3278 = AXIS2_PLACEMENT_3D ( 'NONE', #657, #4589, #6845 ) ;
#3279 = DIRECTION ( 'NONE',  ( 1.502314598737158045E-15, 0.000000000000000000, 1.000000000000000000 ) ) ;
#3280 = ORIENTED_EDGE ( 'NONE', *, *, #6405, .T. ) ;
#3281 = DIRECTION ( 'NONE',  ( -0.5000000000000002220, 0.000000000000000000, 0.8660254037844385966 ) ) ;
#3282 = DIRECTION ( 'NONE',  ( 0.8660254037844387076, -0.000000000000000000, 0.4999999999999999445 ) ) ;
#3283 = CARTESIAN_POINT ( 'NONE',  ( -16.99999999999999289, 1.500000000000000000, 6.350852961085313275 ) ) ;
#3284 = DIRECTION ( 'NONE',  ( -1.000000000000000000, 0.000000000000000000, 2.441261222947882809E-15 ) ) ;
#3285 = VERTEX_POINT ( 'NONE', #4511 ) ;
#3286 = VERTEX_POINT ( 'NONE', #3864 ) ;
#3287 = DIRECTION ( 'NONE',  ( 0.8660254037844385966, 0.000000000000000000, -0.5000000000000000000 ) ) ;
#3288 = ORIENTED_EDGE ( 'NONE', *, *, #273, .T. ) ;
#3289 = EDGE_CURVE ( 'NONE', #5725, #1172, #6770, .T. ) ;
#3290 = CARTESIAN_POINT ( 'NONE',  ( 0.000000000000000000, 2.500000000000000000, 0.000000000000000000 ) ) ;
#3291 = VECTOR ( 'NONE', #1527, 1000.000000000000000 ) ;
#3292 = CARTESIAN_POINT ( 'NONE',  ( 2.999999999999971578, 0.000000000000000000, 13.27675134594760387 ) ) ;
#3293 = FACE_OUTER_BOUND ( 'NONE', #3206, .T. ) ;
#3294 = ORIENTED_EDGE ( 'NONE', *, *, #1550, .F. ) ;
#3295 = EDGE_LOOP ( 'NONE', ( #228, #1181, #1387, #824 ) ) ;
#3296 = ORIENTED_EDGE ( 'NONE', *, *, #3181, .T. ) ;
#3297 = DIRECTION ( 'NONE',  ( -0.000000000000000000, -1.000000000000000000, -0.000000000000000000 ) ) ;
#3298 = CARTESIAN_POINT ( 'NONE',  ( 3.999999999999977351, 2.501000000000000334, -9.237604307034020579 ) ) ;
#3299 = DIRECTION ( 'NONE',  ( 0.8660254037844328234, 0.000000000000000000, -0.5000000000000099920 ) ) ;
#3300 = FACE_OUTER_BOUND ( 'NONE', #2336, .T. ) ;
#3301 = CARTESIAN_POINT ( 'NONE',  ( 3.000000000000072387, 1.500000000000000000, -17.89785834946512111 ) ) ;
#3302 = EDGE_LOOP ( 'NONE', ( #2640, #1957, #1593, #1202 ) ) ;
#3303 = LINE ( 'NONE', #2687, #5751 ) ;
#3304 = ORIENTED_EDGE ( 'NONE', *, *, #352, .F. ) ;
#3305 = ORIENTED_EDGE ( 'NONE', *, *, #4937, .T. ) ;
#3306 = DIRECTION ( 'NONE',  ( 1.164293814021299339E-14, 0.000000000000000000, 1.000000000000000000 ) ) ;
#3307 = FACE_OUTER_BOUND ( 'NONE', #3217, .T. ) ;
#3308 = PLANE ( 'NONE',  #5985 ) ;
#3309 = EDGE_CURVE ( 'NONE', #1101, #6693, #3823, .T. ) ;
#3310 = ADVANCED_FACE ( 'NONE', ( #3307 ), #5597, .F. ) ;
#3311 = ORIENTED_EDGE ( 'NONE', *, *, #2338, .T. ) ;
#3312 = LINE ( 'NONE', #6155, #3675 ) ;
#3313 = EDGE_CURVE ( 'NONE', #5935, #322, #516, .T. ) ;
#3314 = DIRECTION ( 'NONE',  ( -1.192462212747620411E-14, 0.000000000000000000, -1.000000000000000000 ) ) ;
#3315 = CARTESIAN_POINT ( 'NONE',  ( -14.99999999999971223, 0.000000000000000000, -2.886751345948717518 ) ) ;
#3316 = CARTESIAN_POINT ( 'NONE',  ( 11.00000000000004441, 1.500000000000000000, 4.041451884327340593 ) ) ;
#3317 = EDGE_CURVE ( 'NONE', #5446, #3498, #7292, .T. ) ;
#3318 = ORIENTED_EDGE ( 'NONE', *, *, #63, .F. ) ;
#3319 = CARTESIAN_POINT ( 'NONE',  ( -8.999999999999712230, 2.501000000000000334, -2.886751345948675329 ) ) ;
#3320 = VERTEX_POINT ( 'NONE', #5671 ) ;
#3321 = CARTESIAN_POINT ( 'NONE',  ( 7.999999999999974243, 1.500000000000000000, -11.54700538379253416 ) ) ;
#3322 = FACE_OUTER_BOUND ( 'NONE', #2558, .T. ) ;
#3323 = VECTOR ( 'NONE', #73, 1000.000000000000000 ) ;
#3324 = DIRECTION ( 'NONE',  ( -0.000000000000000000, -1.000000000000000000, -0.000000000000000000 ) ) ;
#3325 = ORIENTED_EDGE ( 'NONE', *, *, #6235, .T. ) ;
#3326 = ORIENTED_EDGE ( 'NONE', *, *, #4622, .F. ) ;
#3327 = VECTOR ( 'NONE', #4024, 1000.000000000000000 ) ;
#3328 = ORIENTED_EDGE ( 'NONE', *, *, #6813, .T. ) ;
#3329 = CARTESIAN_POINT ( 'NONE',  ( 0.000000000000000000, 2.500000000000000000, 19.00000000000000000 ) ) ;
#3330 = VECTOR ( 'NONE', #6525, 1000.000000000000000 ) ;
#3331 = DIRECTION ( 'NONE',  ( 0.5000000000000006661, 0.000000000000000000, -0.8660254037844383745 ) ) ;
#3332 = LINE ( 'NONE', #1126, #1505 ) ;
#3333 = VECTOR ( 'NONE', #1808, 1000.000000000000000 ) ;
#3334 = CARTESIAN_POINT ( 'NONE',  ( 4.999999999999989342, 1.500000000000000000, -4.041451884327390331 ) ) ;
#3335 = CARTESIAN_POINT ( 'NONE',  ( -1.000000000000029532, 1.500000000000000000, 16.74085296108535914 ) ) ;
#3336 = EDGE_LOOP ( 'NONE', ( #4440, #5127, #255, #4235 ) ) ;
#3337 = CARTESIAN_POINT ( 'NONE',  ( -12.00000000000006040, 2.501000000000000334, -12.70170592217178651 ) ) ;
#3338 = VERTEX_POINT ( 'NONE', #6736 ) ;
#3339 = EDGE_CURVE ( 'NONE', #1707, #1626, #483, .T. ) ;
#3340 = VECTOR ( 'NONE', #7018, 1000.000000000000000 ) ;
#3341 = ORIENTED_EDGE ( 'NONE', *, *, #4610, .T. ) ;
#3342 = CARTESIAN_POINT ( 'NONE',  ( 12.00000000000009415, 0.000000000000000000, 8.082903768654690069 ) ) ;
#3343 = DIRECTION ( 'NONE',  ( 0.4999999999999998335, -0.000000000000000000, 0.8660254037844387076 ) ) ;
#3344 = VECTOR ( 'NONE', #4169, 1000.000000000000000 ) ;
#3345 = PLANE ( 'NONE',  #88 ) ;
#3346 = ORIENTED_EDGE ( 'NONE', *, *, #2678, .T. ) ;
#3347 = EDGE_CURVE ( 'NONE', #5000, #2038, #4409, .T. ) ;
#3348 = LINE ( 'NONE', #452, #7156 ) ;
#3349 = LINE ( 'NONE', #522, #5608 ) ;
#3350 = DIRECTION ( 'NONE',  ( 0.8660254037844408170, 0.000000000000000000, 0.4999999999999962252 ) ) ;
#3351 = FACE_OUTER_BOUND ( 'NONE', #3683, .T. ) ;
#3352 = ADVANCED_FACE ( 'NONE', ( #6083 ), #6668, .F. ) ;
#3353 = ORIENTED_EDGE ( 'NONE', *, *, #1296, .F. ) ;
#3354 = ADVANCED_FACE ( 'NONE', ( #2206 ), #2761, .F. ) ;
#3355 = LINE ( 'NONE', #3764, #5091 ) ;
#3356 = ORIENTED_EDGE ( 'NONE', *, *, #5285, .F. ) ;
#3357 = EDGE_CURVE ( 'NONE', #5331, #158, #4478, .T. ) ;
#3358 = LINE ( 'NONE', #6274, #395 ) ;
#3359 = DIRECTION ( 'NONE',  ( 0.000000000000000000, -1.000000000000000000, 0.000000000000000000 ) ) ;
#3360 = DIRECTION ( 'NONE',  ( -3.755786496842901029E-16, 0.000000000000000000, 1.000000000000000000 ) ) ;
#3361 = ORIENTED_EDGE ( 'NONE', *, *, #102, .F. ) ;
#3362 = VECTOR ( 'NONE', #3234, 1000.000000000000114 ) ;
#3363 = EDGE_CURVE ( 'NONE', #7048, #4629, #1136, .T. ) ;
#3364 = ORIENTED_EDGE ( 'NONE', *, *, #6551, .T. ) ;
#3365 = EDGE_LOOP ( 'NONE', ( #3668, #3044, #6541, #2656 ) ) ;
#3366 = ORIENTED_EDGE ( 'NONE', *, *, #4597, .T. ) ;
#3367 = AXIS2_PLACEMENT_3D ( 'NONE', #5940, #2510, #1410 ) ;
#3368 = DIRECTION ( 'NONE',  ( 0.8660254037844420383, -0.000000000000000000, 0.4999999999999939493 ) ) ;
#3369 = LINE ( 'NONE', #581, #6097 ) ;
#3370 = LINE ( 'NONE', #5630, #878 ) ;
#3371 = VERTEX_POINT ( 'NONE', #590 ) ;
#3372 = AXIS2_PLACEMENT_3D ( 'NONE', #6754, #6243, #4016 ) ;
#3373 = LINE ( 'NONE', #785, #4325 ) ;
#3374 = ORIENTED_EDGE ( 'NONE', *, *, #5834, .F. ) ;
#3375 = AXIS2_PLACEMENT_3D ( 'NONE', #589, #5560, #1102 ) ;
#3376 = AXIS2_PLACEMENT_3D ( 'NONE', #1846, #6828, #1264 ) ;
#3377 = VECTOR ( 'NONE', #1395, 1000.000000000000114 ) ;
#3378 = DIRECTION ( 'NONE',  ( 0.4999999999999998335, -0.000000000000000000, 0.8660254037844387076 ) ) ;
#3379 = DIRECTION ( 'NONE',  ( -0.000000000000000000, -1.000000000000000000, -0.000000000000000000 ) ) ;
#3380 = DIRECTION ( 'NONE',  ( -0.8660254037844372643, 0.000000000000000000, 0.5000000000000023315 ) ) ;
#3381 = VECTOR ( 'NONE', #3368, 1000.000000000000114 ) ;
#3382 = VECTOR ( 'NONE', #550, 1000.000000000000000 ) ;
#3383 = DIRECTION ( 'NONE',  ( -1.734723475976807094E-16, -0.000000000000000000, -1.000000000000000000 ) ) ;
#3384 = VECTOR ( 'NONE', #2874, 1000.000000000000000 ) ;
#3385 = ORIENTED_EDGE ( 'NONE', *, *, #5160, .T. ) ;
#3386 = EDGE_LOOP ( 'NONE', ( #3086, #846, #3576, #80 ) ) ;
#3387 = VECTOR ( 'NONE', #6116, 1000.000000000000000 ) ;
#3388 = CARTESIAN_POINT ( 'NONE',  ( 17.00000000000004263, 1.500000000000000000, 4.041451884327340593 ) ) ;
#3389 = FACE_OUTER_BOUND ( 'NONE', #1407, .T. ) ;
#3390 = LINE ( 'NONE', #3493, #1270 ) ;
#3391 = FACE_OUTER_BOUND ( 'NONE', #156, .T. ) ;
#3392 = DIRECTION ( 'NONE',  ( 0.5000000000000098810, -0.000000000000000000, 0.8660254037844330455 ) ) ;
#3393 = AXIS2_PLACEMENT_3D ( 'NONE', #4506, #5284, #584 ) ;
#3394 = ORIENTED_EDGE ( 'NONE', *, *, #577, .T. ) ;
#3395 = EDGE_CURVE ( 'NONE', #1667, #269, #2383, .T. ) ;
#3396 = LINE ( 'NONE', #3939, #6269 ) ;
#3397 = ORIENTED_EDGE ( 'NONE', *, *, #76, .F. ) ;
#3398 = EDGE_CURVE ( 'NONE', #4647, #6584, #5147, .T. ) ;
#3399 = DIRECTION ( 'NONE',  ( -0.8660254037844400399, 0.000000000000000000, -0.4999999999999975575 ) ) ;
#3400 = DIRECTION ( 'NONE',  ( -2.629050547790030918E-15, 0.000000000000000000, -1.000000000000000000 ) ) ;
#3401 = CARTESIAN_POINT ( 'NONE',  ( -1.999999999999550360, 1.500000000000000000, -9.237604307034326112 ) ) ;
#3402 = VERTEX_POINT ( 'NONE', #656 ) ;
#3403 = ORIENTED_EDGE ( 'NONE', *, *, #4214, .F. ) ;
#3404 = VERTEX_POINT ( 'NONE', #1791 ) ;
#3405 = EDGE_CURVE ( 'NONE', #3076, #6563, #4034, .T. ) ;
#3406 = EDGE_CURVE ( 'NONE', #6861, #5782, #5109, .T. ) ;
#3407 = LINE ( 'NONE', #7171, #1989 ) ;
#3408 = DIRECTION ( 'NONE',  ( -0.000000000000000000, -1.000000000000000000, -0.000000000000000000 ) ) ;
#3409 = FACE_OUTER_BOUND ( 'NONE', #2597, .T. ) ;
#3410 = DIRECTION ( 'NONE',  ( -0.8660254037844363761, 0.000000000000000000, 0.5000000000000041078 ) ) ;
#3411 = ORIENTED_EDGE ( 'NONE', *, *, #1889, .F. ) ;
#3412 = ORIENTED_EDGE ( 'NONE', *, *, #6927, .T. ) ;
#3413 = EDGE_CURVE ( 'NONE', #3796, #4047, #2935, .T. ) ;
#3414 = CARTESIAN_POINT ( 'NONE',  ( 3.999999999999972466, 0.000000000000000000, -11.54700538379252528 ) ) ;
#3415 = FACE_OUTER_BOUND ( 'NONE', #4619, .T. ) ;
#3416 = CARTESIAN_POINT ( 'NONE',  ( 0.9999999999999840128, 2.501000000000000334, -6.350852961085886150 ) ) ;
#3417 = CARTESIAN_POINT ( 'NONE',  ( -12.99999999999971401, 1.500000000000000000, -4.041451884327968536 ) ) ;
#3418 = ORIENTED_EDGE ( 'NONE', *, *, #4263, .T. ) ;
#3419 = EDGE_CURVE ( 'NONE', #6040, #5887, #6403, .T. ) ;
#3420 = ORIENTED_EDGE ( 'NONE', *, *, #5327, .F. ) ;
#3421 = CARTESIAN_POINT ( 'NONE',  ( 7.000000000000047962, 2.501000000000000334, 6.350852961085841741 ) ) ;
#3422 = LINE ( 'NONE', #224, #3841 ) ;
#3423 = LINE ( 'NONE', #5646, #7146 ) ;
#3424 = DIRECTION ( 'NONE',  ( 0.000000000000000000, -1.000000000000000000, 0.000000000000000000 ) ) ;
#3425 = DIRECTION ( 'NONE',  ( -2.602085213965210642E-15, 0.000000000000000000, 1.000000000000000000 ) ) ;
#3426 = ORIENTED_EDGE ( 'NONE', *, *, #2147, .T. ) ;
#3427 = PLANE ( 'NONE',  #1910 ) ;
#3428 = VERTEX_POINT ( 'NONE', #98 ) ;
#3429 = DIRECTION ( 'NONE',  ( -0.000000000000000000, -1.000000000000000000, -0.000000000000000000 ) ) ;
#3430 = DIRECTION ( 'NONE',  ( 0.000000000000000000, -0.000000000000000000, -1.000000000000000000 ) ) ;
#3431 = PLANE ( 'NONE',  #4533 ) ;
#3432 = VERTEX_POINT ( 'NONE', #134 ) ;
#3433 = ORIENTED_EDGE ( 'NONE', *, *, #3569, .F. ) ;
#3434 = ORIENTED_EDGE ( 'NONE', *, *, #185, .F. ) ;
#3435 = FACE_OUTER_BOUND ( 'NONE', #5952, .T. ) ;
#3436 = EDGE_CURVE ( 'NONE', #1676, #3895, #1243, .T. ) ;
#3437 = CARTESIAN_POINT ( 'NONE',  ( -7.999999999999992895, 0.000000000000000000, 1.154700538379307417 ) ) ;
#3438 = LINE ( 'NONE', #648, #3962 ) ;
#3439 = DIRECTION ( 'NONE',  ( -3.755786496842901029E-16, 0.000000000000000000, 1.000000000000000000 ) ) ;
#3440 = EDGE_LOOP ( 'NONE', ( #5559, #2113 ) ) ;
#3441 = ORIENTED_EDGE ( 'NONE', *, *, #6873, .T. ) ;
#3442 = EDGE_CURVE ( 'NONE', #7223, #7188, #695, .T. ) ;
#3443 = VECTOR ( 'NONE', #6025, 1000.000000000000000 ) ;
#3444 = CARTESIAN_POINT ( 'NONE',  ( 12.00000000000009415, 2.501000000000000334, 8.082903768654690069 ) ) ;
#3445 = CARTESIAN_POINT ( 'NONE',  ( 3.999999999999972466, 2.501000000000000334, -11.54700538379252528 ) ) ;
#3446 = LINE ( 'NONE', #5302, #3806 ) ;
#3447 = ADVANCED_FACE ( 'NONE', ( #5258 ), #5185, .F. ) ;
#3448 = PLANE ( 'NONE',  #3278 ) ;
#3449 = VECTOR ( 'NONE', #3482, 1000.000000000000000 ) ;
#3450 = VERTEX_POINT ( 'NONE', #4587 ) ;
#3451 = EDGE_CURVE ( 'NONE', #6107, #5665, #6919, .T. ) ;
#3452 = VERTEX_POINT ( 'NONE', #1827 ) ;
#3453 = DIRECTION ( 'NONE',  ( -0.4999999999999997224, 0.000000000000000000, -0.8660254037844388186 ) ) ;
#3454 = PLANE ( 'NONE',  #1960 ) ;
#3455 = VECTOR ( 'NONE', #3700, 1000.000000000000000 ) ;
#3456 = DIRECTION ( 'NONE',  ( -0.000000000000000000, -1.000000000000000000, -0.000000000000000000 ) ) ;
#3457 = LINE ( 'NONE', #4595, #6334 ) ;
#3458 = DIRECTION ( 'NONE',  ( 1.877893248421447063E-16, -0.000000000000000000, 1.000000000000000000 ) ) ;
#3459 = VERTEX_POINT ( 'NONE', #4068 ) ;
#3460 = DIRECTION ( 'NONE',  ( 0.000000000000000000, -1.000000000000000000, 0.000000000000000000 ) ) ;
#3461 = VERTEX_POINT ( 'NONE', #6333 ) ;
#3462 = FACE_OUTER_BOUND ( 'NONE', #2957, .T. ) ;
#3463 = CARTESIAN_POINT ( 'NONE',  ( -12.99999999999999467, 2.501000000000000334, 4.041451884326813904 ) ) ;
#3464 = CARTESIAN_POINT ( 'NONE',  ( -8.999999999999992895, 1.500000000000000000, 2.886751345947603742 ) ) ;
#3465 = FACE_OUTER_BOUND ( 'NONE', #1260, .T. ) ;
#3466 = VERTEX_POINT ( 'NONE', #4547 ) ;
#3467 = EDGE_LOOP ( 'NONE', ( #1567, #351, #5466, #2442 ) ) ;
#3468 = ORIENTED_EDGE ( 'NONE', *, *, #300, .F. ) ;
#3469 = LINE ( 'NONE', #2373, #6353 ) ;
#3470 = CARTESIAN_POINT ( 'NONE',  ( 2.000000000000446754, 0.000000000000000000, -9.237604307034326112 ) ) ;
#3471 = DIRECTION ( 'NONE',  ( 0.8660254037844367092, 0.000000000000000000, -0.5000000000000035527 ) ) ;
#3472 = CARTESIAN_POINT ( 'NONE',  ( 1.000000000000078160, 1.500000000000000000, -16.74315781108585810 ) ) ;
#3473 = ORIENTED_EDGE ( 'NONE', *, *, #5600, .F. ) ;
#3474 = ADVANCED_FACE ( 'NONE', ( #5704 ), #1284, .F. ) ;
#3475 = EDGE_CURVE ( 'NONE', #4721, #2801, #4663, .T. ) ;
#3476 = ORIENTED_EDGE ( 'NONE', *, *, #2819, .T. ) ;
#3477 = EDGE_CURVE ( 'NONE', #4390, #1863, #3684, .T. ) ;
#3478 = AXIS2_PLACEMENT_3D ( 'NONE', #2247, #105, #2356 ) ;
#3479 = CARTESIAN_POINT ( 'NONE',  ( 2.000000000000446754, 2.501000000000000334, -9.237604307034326112 ) ) ;
#3480 = DIRECTION ( 'NONE',  ( 0.000000000000000000, 0.000000000000000000, -1.000000000000000000 ) ) ;
#3481 = AXIS2_PLACEMENT_3D ( 'NONE', #525, #3284, #2768 ) ;
#3482 = DIRECTION ( 'NONE',  ( 0.8660254037844398178, -0.000000000000000000, 0.4999999999999979461 ) ) ;
#3483 = LINE ( 'NONE', #5745, #1515 ) ;
#3484 = VECTOR ( 'NONE', #3525, 1000.000000000000000 ) ;
#3485 = ORIENTED_EDGE ( 'NONE', *, *, #162, .F. ) ;
#3486 = VECTOR ( 'NONE', #5230, 1000.000000000000000 ) ;
#3487 = VERTEX_POINT ( 'NONE', #6367 ) ;
#3488 = EDGE_CURVE ( 'NONE', #5665, #6514, #5816, .T. ) ;
#3489 = LINE ( 'NONE', #2869, #6194 ) ;
#3490 = AXIS2_PLACEMENT_3D ( 'NONE', #3155, #6546, #1499 ) ;
#3491 = CARTESIAN_POINT ( 'NONE',  ( -8.000000000000055067, 1.500000000000000000, -11.54700538379248442 ) ) ;
#3492 = VECTOR ( 'NONE', #2108, 1000.000000000000000 ) ;
#3493 = CARTESIAN_POINT ( 'NONE',  ( 4.484437422587070484E-13, 0.000000000000000000, -12.70170592217207961 ) ) ;
#3494 = VECTOR ( 'NONE', #4503, 1000.000000000000227 ) ;
#3495 = CARTESIAN_POINT ( 'NONE',  ( 11.99999999999998046, 1.500000000000000000, -8.082903768654771781 ) ) ;
#3496 = DIRECTION ( 'NONE',  ( 4.506943796211481235E-15, 0.000000000000000000, 1.000000000000000000 ) ) ;
#3497 = AXIS2_PLACEMENT_3D ( 'NONE', #5084, #1664, #2701 ) ;
#3498 = VERTEX_POINT ( 'NONE', #2462 ) ;
#3499 = CARTESIAN_POINT ( 'NONE',  ( -14.00000000000001243, 1.500000000000000000, -1.154700538379153096 ) ) ;
#3500 = EDGE_LOOP ( 'NONE', ( #6532, #3546, #4181, #6711 ) ) ;
#3501 = DIRECTION ( 'NONE',  ( 0.000000000000000000, 0.000000000000000000, -1.000000000000000000 ) ) ;
#3502 = LINE ( 'NONE', #2815, #6749 ) ;
#3503 = VECTOR ( 'NONE', #6988, 1000.000000000000000 ) ;
#3504 = DIRECTION ( 'NONE',  ( -0.000000000000000000, -1.000000000000000000, -0.000000000000000000 ) ) ;
#3505 = DIRECTION ( 'NONE',  ( 0.000000000000000000, 0.000000000000000000, 1.000000000000000000 ) ) ;
#3506 = ORIENTED_EDGE ( 'NONE', *, *, #2598, .F. ) ;
#3507 = FACE_OUTER_BOUND ( 'NONE', #1420, .T. ) ;
#3508 = ORIENTED_EDGE ( 'NONE', *, *, #3488, .F. ) ;
#3509 = ORIENTED_EDGE ( 'NONE', *, *, #1742, .T. ) ;
#3510 = EDGE_CURVE ( 'NONE', #2183, #4749, #4705, .T. ) ;
#3511 = CARTESIAN_POINT ( 'NONE',  ( 9.999999999999971578, 1.500000000000000000, -11.54700538379252528 ) ) ;
#3512 = ORIENTED_EDGE ( 'NONE', *, *, #1033, .T. ) ;
#3513 = CARTESIAN_POINT ( 'NONE',  ( -1.000000000000018208, 2.501000000000000334, -4.041451884327373456 ) ) ;
#3514 = CARTESIAN_POINT ( 'NONE',  ( 11.00000000000004441, 2.501000000000000334, 4.041451884327340593 ) ) ;
#3515 = PLANE ( 'NONE',  #1694 ) ;
#3516 = ORIENTED_EDGE ( 'NONE', *, *, #2267, .F. ) ;
#3517 = VERTEX_POINT ( 'NONE', #1354 ) ;
#3518 = CYLINDRICAL_SURFACE ( 'NONE', #6909, 1.500000000000001332 ) ;
#3519 = CARTESIAN_POINT ( 'NONE',  ( -15.75500000000000789, 0.000000000000000000, 15.75500000000000078 ) ) ;
#3520 = CARTESIAN_POINT ( 'NONE',  ( -2.000000000000118572, 2.501000000000000334, 11.54700538379224106 ) ) ;
#3521 = CARTESIAN_POINT ( 'NONE',  ( -5.000000000000020428, 2.501000000000000334, -4.041451884327353916 ) ) ;
#3522 = VERTEX_POINT ( 'NONE', #3589 ) ;
#3523 = VERTEX_POINT ( 'NONE', #6259 ) ;
#3524 = CARTESIAN_POINT ( 'NONE',  ( 3.000000000000094591, 2.501000000000000334, -13.27905619594811348 ) ) ;
#3525 = DIRECTION ( 'NONE',  ( -0.000000000000000000, -1.000000000000000000, -0.000000000000000000 ) ) ;
#3526 = EDGE_CURVE ( 'NONE', #4738, #1948, #3446, .T. ) ;
#3527 = DIRECTION ( 'NONE',  ( -0.000000000000000000, -1.000000000000000000, -0.000000000000000000 ) ) ;
#3528 = CARTESIAN_POINT ( 'NONE',  ( -8.000000000000044409, 2.501000000000000334, -9.237604307033979723 ) ) ;
#3529 = DIRECTION ( 'NONE',  ( 0.000000000000000000, 0.000000000000000000, -1.000000000000000000 ) ) ;
#3530 = EDGE_CURVE ( 'NONE', #145, #1049, #952, .T. ) ;
#3531 = ORIENTED_EDGE ( 'NONE', *, *, #1523, .T. ) ;
#3532 = CARTESIAN_POINT ( 'NONE',  ( 15.75500000000000078, 1.500000000000000000, -15.75500000000000078 ) ) ;
#3533 = DIRECTION ( 'NONE',  ( -4.506943796211474136E-15, 0.000000000000000000, -1.000000000000000000 ) ) ;
#3534 = DIRECTION ( 'NONE',  ( 1.000000000000000000, 0.000000000000000000, -5.258101095580061836E-15 ) ) ;
#3535 = LINE ( 'NONE', #5797, #558 ) ;
#3536 = LINE ( 'NONE', #3401, #4180 ) ;
#3537 = ORIENTED_EDGE ( 'NONE', *, *, #3856, .T. ) ;
#3538 = EDGE_CURVE ( 'NONE', #4779, #893, #3666, .T. ) ;
#3539 = PLANE ( 'NONE',  #218 ) ;
#3540 = ORIENTED_EDGE ( 'NONE', *, *, #4237, .F. ) ;
#3541 = ORIENTED_EDGE ( 'NONE', *, *, #3313, .T. ) ;
#3542 = DIRECTION ( 'NONE',  ( 0.8660254037844387076, 0.000000000000000000, 0.4999999999999998335 ) ) ;
#3543 = CARTESIAN_POINT ( 'NONE',  ( -12.00000000000001776, 2.501000000000000334, -2.309401076758419435 ) ) ;
#3544 = DIRECTION ( 'NONE',  ( 0.000000000000000000, 1.000000000000000000, 0.000000000000000000 ) ) ;
#3545 = DIRECTION ( 'NONE',  ( -0.000000000000000000, -1.000000000000000000, -0.000000000000000000 ) ) ;
#3546 = ORIENTED_EDGE ( 'NONE', *, *, #2647, .T. ) ;
#3547 = EDGE_CURVE ( 'NONE', #1480, #4649, #5371, .T. ) ;
#3548 = VERTEX_POINT ( 'NONE', #4773 ) ;
#3549 = CARTESIAN_POINT ( 'NONE',  ( -3.999999999999910738, 2.501000000000000334, 9.237604307034047224 ) ) ;
#3550 = CARTESIAN_POINT ( 'NONE',  ( 3.999999999999977351, 0.000000000000000000, -9.237604307034020579 ) ) ;
#3551 = DIRECTION ( 'NONE',  ( 0.000000000000000000, 0.000000000000000000, -1.000000000000000000 ) ) ;
#3552 = LINE ( 'NONE', #4627, #563 ) ;
#3553 = EDGE_LOOP ( 'NONE', ( #6880, #437, #2261, #4426 ) ) ;
#3554 = VECTOR ( 'NONE', #3909, 1000.000000000000000 ) ;
#3555 = EDGE_LOOP ( 'NONE', ( #5024, #7019, #236, #7121 ) ) ;
#3556 = DIRECTION ( 'NONE',  ( -0.8660254037844383745, 0.000000000000000000, -0.5000000000000003331 ) ) ;
#3557 = VECTOR ( 'NONE', #7151, 999.9999999999998863 ) ;
#3558 = EDGE_CURVE ( 'NONE', #3649, #137, #5445, .T. ) ;
#3559 = DIRECTION ( 'NONE',  ( 0.8660254037844433705, 0.000000000000000000, 0.4999999999999916733 ) ) ;
#3560 = CARTESIAN_POINT ( 'NONE',  ( -3.000000000000013767, 1.500000000000000000, -2.886751345948112224 ) ) ;
#3561 = VECTOR ( 'NONE', #5235, 1000.000000000000000 ) ;
#3562 = PLANE ( 'NONE',  #1627 ) ;
#3563 = DIRECTION ( 'NONE',  ( 0.8660254037844422603, -0.000000000000000000, 0.4999999999999936162 ) ) ;
#3564 = ADVANCED_FACE ( 'NONE', ( #3048 ), #249, .F. ) ;
#3565 = ADVANCED_FACE ( 'NONE', ( #3119 ), #2497, .F. ) ;
#3566 = ORIENTED_EDGE ( 'NONE', *, *, #5653, .F. ) ;
#3567 = AXIS2_PLACEMENT_3D ( 'NONE', #4288, #6547, #6002 ) ;
#3568 = CARTESIAN_POINT ( 'NONE',  ( -15.75500000000000078, 1.500000000000000000, -13.05500000000000149 ) ) ;
#3569 = EDGE_CURVE ( 'NONE', #4163, #1816, #6987, .T. ) ;
#3570 = CYLINDRICAL_SURFACE ( 'NONE', #3946, 1.500000000000001332 ) ;
#3571 = DIRECTION ( 'NONE',  ( -1.201851678989728329E-14, 0.000000000000000000, -1.000000000000000000 ) ) ;
#3572 = CARTESIAN_POINT ( 'NONE',  ( -15.75500000000000789, 0.000000000000000000, 18.45500000000000185 ) ) ;
#3573 = DIRECTION ( 'NONE',  ( 0.8660254037844326014, 0.000000000000000000, -0.5000000000000104361 ) ) ;
#3574 = EDGE_LOOP ( 'NONE', ( #4481, #7085, #282, #7277 ) ) ;
#3575 = DIRECTION ( 'NONE',  ( 0.000000000000000000, 0.000000000000000000, 1.000000000000000000 ) ) ;
#3576 = ORIENTED_EDGE ( 'NONE', *, *, #353, .F. ) ;
#3577 = EDGE_LOOP ( 'NONE', ( #5986, #7010, #5548, #2676 ) ) ;
#3578 = LINE ( 'NONE', #1926, #4572 ) ;
#3579 = ORIENTED_EDGE ( 'NONE', *, *, #3882, .F. ) ;
#3580 = EDGE_CURVE ( 'NONE', #5112, #7198, #876, .T. ) ;
#3581 = DIRECTION ( 'NONE',  ( -0.000000000000000000, -1.000000000000000000, -0.000000000000000000 ) ) ;
#3582 = LINE ( 'NONE', #4614, #5864 ) ;
#3583 = FACE_OUTER_BOUND ( 'NONE', #5408, .T. ) ;
#3584 = ORIENTED_EDGE ( 'NONE', *, *, #1240, .F. ) ;
#3585 = EDGE_LOOP ( 'NONE', ( #3625, #5188, #2780, #4764 ) ) ;
#3586 = VERTEX_POINT ( 'NONE', #2609 ) ;
#3587 = CARTESIAN_POINT ( 'NONE',  ( 11.00000000000004441, 1.500000000000000000, 6.350852961085846182 ) ) ;
#3588 = CARTESIAN_POINT ( 'NONE',  ( 7.000000000000047962, 2.501000000000000334, 4.041451884327340593 ) ) ;
#3589 = CARTESIAN_POINT ( 'NONE',  ( 9.999999999999998224, 0.000000000000000000, -1.154700538379252128 ) ) ;
#3590 = CARTESIAN_POINT ( 'NONE',  ( 5.999999999999998224, 0.000000000000000000, 2.309401076758503368 ) ) ;
#3591 = ORIENTED_EDGE ( 'NONE', *, *, #4697, .T. ) ;
#3592 = VECTOR ( 'NONE', #405, 1000.000000000000000 ) ;
#3593 = AXIS2_PLACEMENT_3D ( 'NONE', #1847, #4091, #6350 ) ;
#3594 = FACE_OUTER_BOUND ( 'NONE', #4564, .T. ) ;
#3595 = CARTESIAN_POINT ( 'NONE',  ( 5.999999999999971578, 2.501000000000000334, -12.70170592217178118 ) ) ;
#3596 = DIRECTION ( 'NONE',  ( -0.8660254037844409281, 0.000000000000000000, -0.4999999999999961142 ) ) ;
#3597 = CIRCLE ( 'NONE', #4185, 4.000000000000000000 ) ;
#3598 = CARTESIAN_POINT ( 'NONE',  ( -5.000000000000028422, 0.000000000000000000, 14.43145188432685266 ) ) ;
#3599 = DIRECTION ( 'NONE',  ( -0.000000000000000000, -1.000000000000000000, -0.000000000000000000 ) ) ;
#3600 = AXIS2_PLACEMENT_3D ( 'NONE', #7300, #1149, #144 ) ;
#3601 = EDGE_LOOP ( 'NONE', ( #6555, #5591, #4326, #752 ) ) ;
#3602 = VECTOR ( 'NONE', #2023, 1000.000000000000000 ) ;
#3603 = VECTOR ( 'NONE', #6501, 1000.000000000000000 ) ;
#3604 = CARTESIAN_POINT ( 'NONE',  ( 0.9999999999999713562, 2.501000000000000334, 14.43145188432685266 ) ) ;
#3605 = DIRECTION ( 'NONE',  ( -0.000000000000000000, -1.000000000000000000, -0.000000000000000000 ) ) ;
#3606 = VECTOR ( 'NONE', #3192, 1000.000000000000000 ) ;
#3607 = DIRECTION ( 'NONE',  ( 0.8660254037844361541, 0.000000000000000000, -0.5000000000000043299 ) ) ;
#3608 = DIRECTION ( 'NONE',  ( -0.8660254037844382635, 0.000000000000000000, -0.5000000000000006661 ) ) ;
#3609 = EDGE_CURVE ( 'NONE', #7089, #3371, #366, .T. ) ;
#3610 = CARTESIAN_POINT ( 'NONE',  ( 12.00000000000009415, 0.000000000000000000, 8.082903768654690069 ) ) ;
#3611 = EDGE_LOOP ( 'NONE', ( #2227, #2585, #4760, #4818 ) ) ;
#3612 = PLANE ( 'NONE',  #458 ) ;
#3613 =( GEOMETRIC_REPRESENTATION_CONTEXT ( 3 ) GLOBAL_UNCERTAINTY_ASSIGNED_CONTEXT ( ( #4588 ) ) GLOBAL_UNIT_ASSIGNED_CONTEXT ( ( #5531, #6601, #2244 ) ) REPRESENTATION_CONTEXT ( 'NONE', 'WORKASPACE' ) );
#3614 = ADVANCED_FACE ( 'NONE', ( #843 ), #5337, .F. ) ;
#3615 = ORIENTED_EDGE ( 'NONE', *, *, #3558, .T. ) ;
#3616 = VECTOR ( 'NONE', #7166, 1000.000000000000000 ) ;
#3617 = EDGE_LOOP ( 'NONE', ( #3635, #2974, #2931, #5909, #1854, #3103 ) ) ;
#3618 = DIRECTION ( 'NONE',  ( -1.502314598737163173E-15, 0.000000000000000000, -1.000000000000000000 ) ) ;
#3619 = ORIENTED_EDGE ( 'NONE', *, *, #6926, .F. ) ;
#3620 = AXIS2_PLACEMENT_3D ( 'NONE', #3270, #5556, #3857 ) ;
#3621 = LINE ( 'NONE', #4207, #5809 ) ;
#3622 = DIRECTION ( 'NONE',  ( 0.8660254037844327124, 0.000000000000000000, -0.5000000000000102141 ) ) ;
#3623 = EDGE_CURVE ( 'NONE', #2612, #291, #4884, .T. ) ;
#3624 = DIRECTION ( 'NONE',  ( 1.000000000000000000, -0.000000000000000000, 3.755786496842901029E-16 ) ) ;
#3625 = ORIENTED_EDGE ( 'NONE', *, *, #5327, .T. ) ;
#3626 = EDGE_CURVE ( 'NONE', #6345, #392, #287, .T. ) ;
#3627 = EDGE_CURVE ( 'NONE', #292, #3179, #7029, .T. ) ;
#3628 = EDGE_LOOP ( 'NONE', ( #4869, #74, #383, #440, #3807, #5513 ) ) ;
#3629 = ORIENTED_EDGE ( 'NONE', *, *, #4327, .F. ) ;
#3630 = LINE ( 'NONE', #5410, #6090 ) ;
#3631 = CARTESIAN_POINT ( 'NONE',  ( -1.205810052990905833E-13, 0.000000000000000000, 12.70170592217149341 ) ) ;
#3632 = DIRECTION ( 'NONE',  ( -0.8660254037844411501, 0.000000000000000000, -0.4999999999999957812 ) ) ;
#3633 = DIRECTION ( 'NONE',  ( -0.8660254037845227515, 0.000000000000000000, 0.4999999999998542832 ) ) ;
#3634 = EDGE_CURVE ( 'NONE', #3338, #5642, #6480, .T. ) ;
#3635 = ORIENTED_EDGE ( 'NONE', *, *, #3526, .F. ) ;
#3636 = EDGE_CURVE ( 'NONE', #1051, #652, #4250, .T. ) ;
#3637 = VERTEX_POINT ( 'NONE', #3156 ) ;
#3638 = CARTESIAN_POINT ( 'NONE',  ( -10.00000000000001066, 1.500000000000000000, -1.154700538379182628 ) ) ;
#3639 = PLANE ( 'NONE',  #4302 ) ;
#3640 = FACE_BOUND ( 'NONE', #5982, .T. ) ;
#3641 = CARTESIAN_POINT ( 'NONE',  ( -13.99999999999988987, 1.500000000000000000, 11.54700538379254837 ) ) ;
#3642 = ADVANCED_FACE ( 'NONE', ( #4846 ), #2051, .F. ) ;
#3643 = ORIENTED_EDGE ( 'NONE', *, *, #3790, .F. ) ;
#3644 = DIRECTION ( 'NONE',  ( -0.000000000000000000, -1.000000000000000000, -0.000000000000000000 ) ) ;
#3645 = CARTESIAN_POINT ( 'NONE',  ( 17.00000000000004263, 0.000000000000000000, 4.041451884327340593 ) ) ;
#3646 = LINE ( 'NONE', #6968, #2043 ) ;
#3647 = LINE ( 'NONE', #5873, #4667 ) ;
#3648 = DIRECTION ( 'NONE',  ( -0.000000000000000000, -1.000000000000000000, -0.000000000000000000 ) ) ;
#3649 = VERTEX_POINT ( 'NONE', #2089 ) ;
#3650 =( LENGTH_UNIT ( ) NAMED_UNIT ( * ) SI_UNIT ( .MILLI., .METRE. ) );
#3651 = EDGE_CURVE ( 'NONE', #2258, #6983, #6591, .T. ) ;
#3652 = VERTEX_POINT ( 'NONE', #4926 ) ;
#3653 = ORIENTED_EDGE ( 'NONE', *, *, #5159, .F. ) ;
#3654 = CARTESIAN_POINT ( 'NONE',  ( 10.99999999999997513, 2.501000000000000334, -6.350852961085965198 ) ) ;
#3655 = VERTEX_POINT ( 'NONE', #2130 ) ;
#3656 = FACE_OUTER_BOUND ( 'NONE', #5998, .T. ) ;
#3657 = CARTESIAN_POINT ( 'NONE',  ( 6.999999999999980460, 0.000000000000000000, -4.041451884327456945 ) ) ;
#3658 = CARTESIAN_POINT ( 'NONE',  ( -5.999999999999984901, 0.000000000000000000, 2.309401076758546445 ) ) ;
#3659 = ORIENTED_EDGE ( 'NONE', *, *, #1035, .T. ) ;
#3660 = ORIENTED_EDGE ( 'NONE', *, *, #2033, .F. ) ;
#3661 = ORIENTED_EDGE ( 'NONE', *, *, #1560, .F. ) ;
#3662 = EDGE_CURVE ( 'NONE', #4239, #6093, #6144, .T. ) ;
#3663 = DIRECTION ( 'NONE',  ( 1.000000000000000000, 0.000000000000000000, -9.013887592422948271E-15 ) ) ;
#3664 = EDGE_CURVE ( 'NONE', #2342, #6950, #433, .T. ) ;
#3665 = CARTESIAN_POINT ( 'NONE',  ( -8.999999999999994671, 0.000000000000000000, 7.505553499464606482 ) ) ;
#3666 = LINE ( 'NONE', #6511, #3105 ) ;
#3667 = CARTESIAN_POINT ( 'NONE',  ( 3.999999999999998224, 2.501000000000000334, -1.154700538379252128 ) ) ;
#3668 = ORIENTED_EDGE ( 'NONE', *, *, #3395, .T. ) ;
#3669 = ORIENTED_EDGE ( 'NONE', *, *, #4349, .F. ) ;
#3670 = CARTESIAN_POINT ( 'NONE',  ( -2.000000000000118572, 0.000000000000000000, 11.54700538379224106 ) ) ;
#3671 = ADVANCED_FACE ( 'NONE', ( #6036 ), #3778, .F. ) ;
#3672 = CARTESIAN_POINT ( 'NONE',  ( 15.75500000000000078, 1.500000000000000000, -13.05500000000000149 ) ) ;
#3673 = VECTOR ( 'NONE', #1770, 1000.000000000000000 ) ;
#3674 = FACE_OUTER_BOUND ( 'NONE', #3194, .T. ) ;
#3675 = VECTOR ( 'NONE', #2214, 1000.000000000000114 ) ;
#3676 = ORIENTED_EDGE ( 'NONE', *, *, #7222, .T. ) ;
#3677 = LINE ( 'NONE', #1880, #1453 ) ;
#3678 = CARTESIAN_POINT ( 'NONE',  ( 2.999999999999993339, 0.000000000000000000, -2.886751345948133540 ) ) ;
#3679 = AXIS2_PLACEMENT_3D ( 'NONE', #119, #5200, #6241 ) ;
#3680 = CARTESIAN_POINT ( 'NONE',  ( -2.999999999999972466, 2.501000000000000334, 2.886751345948155745 ) ) ;
#3681 = CARTESIAN_POINT ( 'NONE',  ( 4.000000000000105693, 0.000000000000000000, 9.237604307033967288 ) ) ;
#3682 = ORIENTED_EDGE ( 'NONE', *, *, #1517, .F. ) ;
#3683 = EDGE_LOOP ( 'NONE', ( #4571, #3996, #4040, #4756 ) ) ;
#3684 = CIRCLE ( 'NONE', #5346, 2.700000000000001066 ) ;
#3685 = ORIENTED_EDGE ( 'NONE', *, *, #2361, .F. ) ;
#3686 = PLANE ( 'NONE',  #1408 ) ;
#3687 = ORIENTED_EDGE ( 'NONE', *, *, #1947, .T. ) ;
#3688 = ADVANCED_FACE ( 'NONE', ( #1609 ), #5067, .F. ) ;
#3689 = LINE ( 'NONE', #6428, #148 ) ;
#3690 = VECTOR ( 'NONE', #4615, 1000.000000000000000 ) ;
#3691 = DIRECTION ( 'NONE',  ( 1.051620219116010632E-14, 0.000000000000000000, 1.000000000000000000 ) ) ;
#3692 = LINE ( 'NONE', #2565, #1812 ) ;
#3693 = ORIENTED_EDGE ( 'NONE', *, *, #6551, .F. ) ;
#3694 = ORIENTED_EDGE ( 'NONE', *, *, #112, .F. ) ;
#3695 = EDGE_LOOP ( 'NONE', ( #4450, #4989, #299, #2380 ) ) ;
#3696 = VERTEX_POINT ( 'NONE', #5478 ) ;
#3697 = CARTESIAN_POINT ( 'NONE',  ( -20.00000000000000355, 2.500000000000000000, -20.00000000000000000 ) ) ;
#3698 = EDGE_CURVE ( 'NONE', #4293, #2252, #642, .T. ) ;
#3699 = CARTESIAN_POINT ( 'NONE',  ( -12.99999999999999467, 0.000000000000000000, 6.350852961085315052 ) ) ;
#3700 = DIRECTION ( 'NONE',  ( 4.694733121053622244E-15, 0.000000000000000000, 1.000000000000000000 ) ) ;
#3701 = PLANE ( 'NONE',  #808 ) ;
#3702 = EDGE_CURVE ( 'NONE', #3238, #1869, #1651, .T. ) ;
#3703 = EDGE_CURVE ( 'NONE', #3820, #4171, #4471, .T. ) ;
#3704 = ORIENTED_EDGE ( 'NONE', *, *, #2714, .F. ) ;
#3705 = ORIENTED_EDGE ( 'NONE', *, *, #7100, .F. ) ;
#3706 = CARTESIAN_POINT ( 'NONE',  ( 0.9999999999999713562, 1.500000000000000000, 16.74085296108535559 ) ) ;
#3707 = PLANE ( 'NONE',  #5849 ) ;
#3708 = FACE_BOUND ( 'NONE', #1220, .T. ) ;
#3709 = VECTOR ( 'NONE', #4853, 1000.000000000000000 ) ;
#3710 = EDGE_CURVE ( 'NONE', #1852, #3655, #1680, .T. ) ;
#3711 = EDGE_LOOP ( 'NONE', ( #2212, #2156, #1266, #4832, #852, #367 ) ) ;
#3712 = LINE ( 'NONE', #5352, #5925 ) ;
#3713 = VECTOR ( 'NONE', #5082, 1000.000000000000114 ) ;
#3714 = EDGE_CURVE ( 'NONE', #6037, #3320, #2983, .T. ) ;
#3715 = CARTESIAN_POINT ( 'NONE',  ( 5.999999999999971578, 1.500000000000000000, -12.70170592217178118 ) ) ;
#3716 = VECTOR ( 'NONE', #890, 1000.000000000000000 ) ;
#3717 = DIRECTION ( 'NONE',  ( -0.8660254037844389297, 0.000000000000000000, 0.4999999999999994449 ) ) ;
#3718 = LINE ( 'NONE', #823, #1141 ) ;
#3719 = ORIENTED_EDGE ( 'NONE', *, *, #2700, .T. ) ;
#3720 = CARTESIAN_POINT ( 'NONE',  ( 6.999999999999980460, 2.501000000000000334, -4.041451884327456945 ) ) ;
#3721 = EDGE_CURVE ( 'NONE', #6063, #4163, #1018, .T. ) ;
#3722 = CIRCLE ( 'NONE', #4309, 2.700000000000001066 ) ;
#3723 = VERTEX_POINT ( 'NONE', #5590 ) ;
#3724 = VECTOR ( 'NONE', #7274, 1000.000000000000227 ) ;
#3725 = ORIENTED_EDGE ( 'NONE', *, *, #6731, .F. ) ;
#3726 = VECTOR ( 'NONE', #5311, 1000.000000000000000 ) ;
#3727 = DIRECTION ( 'NONE',  ( -0.8660254037844387076, 0.000000000000000000, 0.4999999999999997780 ) ) ;
#3728 = ORIENTED_EDGE ( 'NONE', *, *, #660, .T. ) ;
#3729 = LINE ( 'NONE', #5544, #3799 ) ;
#3730 = VECTOR ( 'NONE', #2979, 1000.000000000000227 ) ;
#3731 = DIRECTION ( 'NONE',  ( -0.000000000000000000, -1.000000000000000000, -0.000000000000000000 ) ) ;
#3732 = CARTESIAN_POINT ( 'NONE',  ( -11.99999999999998757, 2.501000000000000334, 2.309401076758587745 ) ) ;
#3733 = VERTEX_POINT ( 'NONE', #1128 ) ;
#3734 = VECTOR ( 'NONE', #6072, 1000.000000000000000 ) ;
#3735 = EDGE_LOOP ( 'NONE', ( #5323, #4072, #5288, #2330, #1426, #3744 ) ) ;
#3736 = ADVANCED_FACE ( 'NONE', ( #6114 ), #6626, .F. ) ;
#3737 = EDGE_LOOP ( 'NONE', ( #275, #4888, #6028, #2769 ) ) ;
#3738 = VECTOR ( 'NONE', #4549, 1000.000000000000000 ) ;
#3739 = VERTEX_POINT ( 'NONE', #16 ) ;
#3740 = CARTESIAN_POINT ( 'NONE',  ( -15.99999999999999645, 0.000000000000000000, 16.00000000000000000 ) ) ;
#3741 = CARTESIAN_POINT ( 'NONE',  ( -4.999999999999960920, 0.000000000000000000, 4.041451884327425859 ) ) ;
#3742 = DIRECTION ( 'NONE',  ( -0.000000000000000000, -1.000000000000000000, -0.000000000000000000 ) ) ;
#3743 = CARTESIAN_POINT ( 'NONE',  ( -3.999999999999889866, 2.501000000000000334, 11.54700538379255192 ) ) ;
#3744 = ORIENTED_EDGE ( 'NONE', *, *, #6133, .T. ) ;
#3745 = VECTOR ( 'NONE', #1714, 1000.000000000000000 ) ;
#3746 = CARTESIAN_POINT ( 'NONE',  ( -10.00000000000004441, 0.000000000000000000, -9.237604307034040119 ) ) ;
#3747 = ORIENTED_EDGE ( 'NONE', *, *, #6256, .T. ) ;
#3748 = ADVANCED_FACE ( 'NONE', ( #3268 ), #6180, .F. ) ;
#3749 = ORIENTED_EDGE ( 'NONE', *, *, #4561, .F. ) ;
#3750 = CARTESIAN_POINT ( 'NONE',  ( 2.999999999999971578, 0.000000000000000000, 13.27675134594760387 ) ) ;
#3751 = CARTESIAN_POINT ( 'NONE',  ( -10.00000000000001066, 0.000000000000000000, -1.154700538379182184 ) ) ;
#3752 = FACE_BOUND ( 'NONE', #6773, .T. ) ;
#3753 = ORIENTED_EDGE ( 'NONE', *, *, #6603, .T. ) ;
#3754 = VECTOR ( 'NONE', #645, 1000.000000000000227 ) ;
#3755 = EDGE_CURVE ( 'NONE', #6847, #1164, #3889, .T. ) ;
#3756 = DIRECTION ( 'NONE',  ( 0.8660254037844385966, 0.000000000000000000, 0.5000000000000002220 ) ) ;
#3757 = DIRECTION ( 'NONE',  ( 0.000000000000000000, 1.000000000000000000, 0.000000000000000000 ) ) ;
#3758 = DIRECTION ( 'NONE',  ( -9.201676917265100324E-15, 0.000000000000000000, -1.000000000000000000 ) ) ;
#3759 = LINE ( 'NONE', #6160, #780 ) ;
#3760 = ORIENTED_EDGE ( 'NONE', *, *, #6248, .F. ) ;
#3761 = EDGE_CURVE ( 'NONE', #6645, #6472, #3370, .T. ) ;
#3762 = ORIENTED_EDGE ( 'NONE', *, *, #3170, .F. ) ;
#3763 = ORIENTED_EDGE ( 'NONE', *, *, #3436, .T. ) ;
#3764 = CARTESIAN_POINT ( 'NONE',  ( -10.99999999999999289, 0.000000000000000000, 4.041451884326853872 ) ) ;
#3765 = ORIENTED_EDGE ( 'NONE', *, *, #7060, .F. ) ;
#3766 = EDGE_CURVE ( 'NONE', #4911, #4878, #4504, .T. ) ;
#3767 = ADVANCED_FACE ( 'NONE', ( #474 ), #2718, .T. ) ;
#3768 = FACE_BOUND ( 'NONE', #1446, .T. ) ;
#3769 = CARTESIAN_POINT ( 'NONE',  ( -4.099924925281065491E-16, 1.500000000000000000, -2.309401076758504257 ) ) ;
#3770 = PLANE ( 'NONE',  #3132 ) ;
#3771 = ORIENTED_EDGE ( 'NONE', *, *, #2900, .T. ) ;
#3772 = ORIENTED_EDGE ( 'NONE', *, *, #5014, .F. ) ;
#3773 = ORIENTED_EDGE ( 'NONE', *, *, #4856, .T. ) ;
#3774 = ORIENTED_EDGE ( 'NONE', *, *, #5198, .F. ) ;
#3775 = CARTESIAN_POINT ( 'NONE',  ( -0.9999999999999610312, 2.501000000000000334, 4.041451884327389443 ) ) ;
#3776 = DIRECTION ( 'NONE',  ( -0.000000000000000000, -1.000000000000000000, -0.000000000000000000 ) ) ;
#3777 = FACE_BOUND ( 'NONE', #811, .T. ) ;
#3778 = PLANE ( 'NONE',  #756 ) ;
#3779 = ORIENTED_EDGE ( 'NONE', *, *, #5344, .F. ) ;
#3780 = DIRECTION ( 'NONE',  ( 0.8660254037845227515, 0.000000000000000000, -0.4999999999998542832 ) ) ;
#3781 = ORIENTED_EDGE ( 'NONE', *, *, #5016, .F. ) ;
#3782 = EDGE_LOOP ( 'NONE', ( #6148, #593, #4646, #4245 ) ) ;
#3783 = DIRECTION ( 'NONE',  ( 0.000000000000000000, -1.000000000000000000, 0.000000000000000000 ) ) ;
#3784 = CARTESIAN_POINT ( 'NONE',  ( -14.99999999999971045, 0.000000000000000000, -7.505553499465719369 ) ) ;
#3785 = DIRECTION ( 'NONE',  ( -0.000000000000000000, -1.000000000000000000, -0.000000000000000000 ) ) ;
#3786 = EDGE_CURVE ( 'NONE', #4103, #4126, #1753, .T. ) ;
#3787 = ORIENTED_EDGE ( 'NONE', *, *, #4385, .F. ) ;
#3788 = FACE_OUTER_BOUND ( 'NONE', #4129, .T. ) ;
#3789 = CARTESIAN_POINT ( 'NONE',  ( -12.99999999999971401, 2.501000000000000334, -4.041451884327967647 ) ) ;
#3790 = EDGE_CURVE ( 'NONE', #2270, #5437, #2929, .T. ) ;
#3791 = CARTESIAN_POINT ( 'NONE',  ( -0.9999999999999208411, 2.501000000000000334, -16.74315781108587586 ) ) ;
#3792 = CARTESIAN_POINT ( 'NONE',  ( 6.999999999999974243, 1.500000000000000000, -6.350852961085958981 ) ) ;
#3793 = ORIENTED_EDGE ( 'NONE', *, *, #1994, .F. ) ;
#3794 = FACE_OUTER_BOUND ( 'NONE', #2706, .T. ) ;
#3795 = VECTOR ( 'NONE', #1913, 999.9999999999998863 ) ;
#3796 = VERTEX_POINT ( 'NONE', #649 ) ;
#3797 = VERTEX_POINT ( 'NONE', #2345 ) ;
#3798 = EDGE_CURVE ( 'NONE', #6297, #3938, #2997, .T. ) ;
#3799 = VECTOR ( 'NONE', #1084, 1000.000000000000000 ) ;
#3800 = CARTESIAN_POINT ( 'NONE',  ( -9.999999999999911182, 2.501000000000000334, 9.237604307034006368 ) ) ;
#3801 = VERTEX_POINT ( 'NONE', #3472 ) ;
#3802 = LINE ( 'NONE', #6134, #6864 ) ;
#3803 = CARTESIAN_POINT ( 'NONE',  ( -13.99999999999999467, 2.501000000000000334, 1.154700538379348718 ) ) ;
#3804 = CARTESIAN_POINT ( 'NONE',  ( 8.000000000000110134, 0.000000000000000000, 9.237604307033919326 ) ) ;
#3805 = ORIENTED_EDGE ( 'NONE', *, *, #6247, .T. ) ;
#3806 = VECTOR ( 'NONE', #3193, 1000.000000000000227 ) ;
#3807 = ORIENTED_EDGE ( 'NONE', *, *, #343, .F. ) ;
#3808 = ORIENTED_EDGE ( 'NONE', *, *, #3264, .F. ) ;
#3809 = EDGE_CURVE ( 'NONE', #6118, #7119, #2455, .T. ) ;
#3810 = CARTESIAN_POINT ( 'NONE',  ( -10.99999999999999289, 1.500000000000000000, 6.350852961085355020 ) ) ;
#3811 = AXIS2_PLACEMENT_3D ( 'NONE', #2575, #1397, #5892 ) ;
#3812 = DIRECTION ( 'NONE',  ( 0.000000000000000000, 0.000000000000000000, 1.000000000000000000 ) ) ;
#3813 = CARTESIAN_POINT ( 'NONE',  ( 14.00000000000013323, 1.500000000000000000, 11.54700538379242403 ) ) ;
#3814 = FACE_BOUND ( 'NONE', #4507, .T. ) ;
#3815 = CARTESIAN_POINT ( 'NONE',  ( 5.999999999999999112, 1.500000000000000000, -2.309401076758504257 ) ) ;
#3816 = VERTEX_POINT ( 'NONE', #3993 ) ;
#3817 = CARTESIAN_POINT ( 'NONE',  ( 7.999999999999977796, 2.501000000000000334, -9.237604307034029461 ) ) ;
#3818 = ORIENTED_EDGE ( 'NONE', *, *, #3215, .F. ) ;
#3819 = ADVANCED_FACE ( 'NONE', ( #6322 ), #5734, .F. ) ;
#3820 = VERTEX_POINT ( 'NONE', #6361 ) ;
#3821 = CARTESIAN_POINT ( 'NONE',  ( 7.000000000000047962, 1.500000000000000000, 4.041451884327340593 ) ) ;
#3822 = CARTESIAN_POINT ( 'NONE',  ( -5.999999999999879208, 0.000000000000000000, 12.70170592217182204 ) ) ;
#3823 = LINE ( 'NONE', #1621, #2392 ) ;
#3824 = CARTESIAN_POINT ( 'NONE',  ( 9.999999999999976907, 0.000000000000000000, -9.237604307034020579 ) ) ;
#3825 = ORIENTED_EDGE ( 'NONE', *, *, #1683, .F. ) ;
#3826 = LINE ( 'NONE', #4451, #5749 ) ;
#3827 = PLANE ( 'NONE',  #72 ) ;
#3828 = CARTESIAN_POINT ( 'NONE',  ( 2.999999999999969802, 0.000000000000000000, 17.89555349946460794 ) ) ;
#3829 = DIRECTION ( 'NONE',  ( -0.000000000000000000, -1.000000000000000000, -0.000000000000000000 ) ) ;
#3830 = ORIENTED_EDGE ( 'NONE', *, *, #1319, .T. ) ;
#3831 = EDGE_LOOP ( 'NONE', ( #389, #5776, #2035, #2239 ) ) ;
#3832 = VECTOR ( 'NONE', #2136, 1000.000000000000227 ) ;
#3833 = DIRECTION ( 'NONE',  ( -1.000000000000000000, 0.000000000000000000, 1.201851678989728329E-14 ) ) ;
#3834 = ORIENTED_EDGE ( 'NONE', *, *, #2459, .F. ) ;
#3835 = VECTOR ( 'NONE', #413, 1000.000000000000114 ) ;
#3836 = EDGE_CURVE ( 'NONE', #4879, #3269, #6219, .T. ) ;
#3837 = DIRECTION ( 'NONE',  ( 0.8660254037844385966, 0.000000000000000000, -0.4999999999999999445 ) ) ;
#3838 = CARTESIAN_POINT ( 'NONE',  ( -2.999999999999972466, 1.500000000000000000, 2.886751345948155745 ) ) ;
#3839 = CARTESIAN_POINT ( 'NONE',  ( 1.539567084929416296E-13, 1.500000000000000000, 8.082903768654778887 ) ) ;
#3840 = EDGE_LOOP ( 'NONE', ( #4723, #5766, #6130, #1543 ) ) ;
#3841 = VECTOR ( 'NONE', #64, 1000.000000000000000 ) ;
#3842 = ORIENTED_EDGE ( 'NONE', *, *, #3398, .F. ) ;
#3843 = VECTOR ( 'NONE', #6331, 1000.000000000000000 ) ;
#3844 = ORIENTED_EDGE ( 'NONE', *, *, #3043, .F. ) ;
#3845 = LINE ( 'NONE', #2262, #1530 ) ;
#3846 = AXIS2_PLACEMENT_3D ( 'NONE', #6044, #3277, #5528 ) ;
#3847 = VECTOR ( 'NONE', #2620, 1000.000000000000114 ) ;
#3848 = DIRECTION ( 'NONE',  ( 0.8660254037844448138, 0.000000000000000000, 0.4999999999999894529 ) ) ;
#3849 = EDGE_CURVE ( 'NONE', #2070, #2290, #1785, .T. ) ;
#3850 = CARTESIAN_POINT ( 'NONE',  ( 7.999999999999974243, 1.500000000000000000, -11.54700538379253416 ) ) ;
#3851 = VECTOR ( 'NONE', #6850, 1000.000000000000114 ) ;
#3852 = DIRECTION ( 'NONE',  ( -0.000000000000000000, -1.000000000000000000, -0.000000000000000000 ) ) ;
#3853 = DIRECTION ( 'NONE',  ( -0.000000000000000000, -1.000000000000000000, -0.000000000000000000 ) ) ;
#3854 = ORIENTED_EDGE ( 'NONE', *, *, #2487, .T. ) ;
#3855 = EDGE_CURVE ( 'NONE', #3, #3428, #1171, .T. ) ;
#3856 = EDGE_CURVE ( 'NONE', #4847, #1852, #5664, .T. ) ;
#3857 = DIRECTION ( 'NONE',  ( 0.000000000000000000, 0.000000000000000000, 1.000000000000000000 ) ) ;
#3858 = VECTOR ( 'NONE', #3091, 1000.000000000000000 ) ;
#3859 = VERTEX_POINT ( 'NONE', #2413 ) ;
#3860 = ADVANCED_FACE ( 'NONE', ( #4695 ), #1820, .F. ) ;
#3861 = EDGE_LOOP ( 'NONE', ( #1988, #2371, #1888, #3669 ) ) ;
#3862 = CARTESIAN_POINT ( 'NONE',  ( -5.999999999999985789, 0.000000000000000000, 2.309401076758545557 ) ) ;
#3863 = VECTOR ( 'NONE', #5481, 1000.000000000000114 ) ;
#3864 = CARTESIAN_POINT ( 'NONE',  ( 1.000000000000045741, 0.000000000000000000, 4.041451884327369015 ) ) ;
#3865 = EDGE_CURVE ( 'NONE', #6950, #2792, #91, .T. ) ;
#3866 = EDGE_CURVE ( 'NONE', #4269, #5885, #4633, .T. ) ;
#3867 = CARTESIAN_POINT ( 'NONE',  ( -8.000000000000055067, 0.000000000000000000, -11.54700538379248442 ) ) ;
#3868 = EDGE_LOOP ( 'NONE', ( #4637, #60, #646, #7170 ) ) ;
#3869 = CARTESIAN_POINT ( 'NONE',  ( -8.999999999999994671, 1.500000000000000000, 7.505553499464606482 ) ) ;
#3870 = DIRECTION ( 'NONE',  ( -0.8660254037844340447, 0.000000000000000000, 0.5000000000000078826 ) ) ;
#3871 = PRODUCT_DEFINITION ( '未知', '', #289, #99 ) ;
#3872 = DIRECTION ( 'NONE',  ( 0.000000000000000000, 0.000000000000000000, -1.000000000000000000 ) ) ;
#3873 = CARTESIAN_POINT ( 'NONE',  ( -9.999999999999992895, 2.501000000000000334, 1.154700538379321850 ) ) ;
#3874 = CLOSED_SHELL ( 'NONE', ( #5710, #2375, #3748, #1950, #3020, #4028, #3860, #5471, #7055, #1905, #879, #3614, #6255, #2880, #6561, #6338, #1716, #588, #3767, #5114, #5375, #4201, #7148, #6671, #2814, #5937, #1389, #5260, #5298, #6657, #471, #2728, #817, #6163, #5237, #4840, #6825, #5483, #5975, #198, #4413, #1032, #7178, #1601, #5893, #4266, #4018, #3352, #1613, #6596, #4283, #4938, #5094, #363, #6413, #2467, #266, #4743, #6473, #3564, #3271, #155, #4568, #5029, #624, #7195, #2944, #4650, #6585, #5072, #5558, #1114, #5580, #2782, #3565, #2326, #6781, #6767, #2517, #5971, #3447, #7109, #6513, #5155, #7050, #2092, #7063, #1861, #4157, #6385, #2181, #3642, #768, #1428, #2415, #4638, #935, #4300, #1343, #2242, #1138, #739, #3077, #4655, #1203, #1026, #848, #5335, #1864, #84, #2499, #1021, #6944, #2871, #979, #6356, #7289, #4071, #917, #2017, #5886, #5624, #2582, #6193, #6120, #4391, #2191, #1725, #2259, #5584, #1438, #4792, #4984, #5488, #1249, #3671, #2535, #3894, #7181, #3819, #1598, #4586, #6024, #5233, #1374, #1099, #3310, #594, #3128, #2783, #4087, #5611, #3354, #5915, #2654, #118, #2737, #429, #5170, #4606, #4955, #2648, #1378, #2347, #1474, #6295, #3166, #3136, #4102, #221, #6518, #1286, #6038, #142, #5788, #2960, #782, #6646, #6831, #3474, #170, #6416, #5480, #3898, #959, #401, #4566, #3736, #339, #5673, #70, #6782, #6917, #7282, #415, #800, #4881, #4658, #6057, #2016, #6458, #7275, #38, #7203, #251, #2402, #1072, #2365, #5758, #4076, #5955, #4463, #4971, #2020, #1418, #1332, #3688, #1245, #4930 ) ) ;
#3875 = ORIENTED_EDGE ( 'NONE', *, *, #1662, .T. ) ;
#3876 = PLANE ( 'NONE',  #2624 ) ;
#3877 = ORIENTED_EDGE ( 'NONE', *, *, #3085, .T. ) ;
#3878 = LINE ( 'NONE', #3321, #5215 ) ;
#3879 = CARTESIAN_POINT ( 'NONE',  ( 5.999999999999981348, 2.501000000000000334, -8.082903768654771781 ) ) ;
#3880 = LINE ( 'NONE', #2075, #5612 ) ;
#3881 = VERTEX_POINT ( 'NONE', #1235 ) ;
#3882 = EDGE_CURVE ( 'NONE', #4824, #5878, #689, .T. ) ;
#3883 = VERTEX_POINT ( 'NONE', #1277 ) ;
#3884 = ORIENTED_EDGE ( 'NONE', *, *, #5106, .F. ) ;
#3885 = CARTESIAN_POINT ( 'NONE',  ( 1.000000000000078160, 2.501000000000000334, -16.74315781108585810 ) ) ;
#3886 = PLANE ( 'NONE',  #5628 ) ;
#3887 = PLANE ( 'NONE',  #6397 ) ;
#3888 = CARTESIAN_POINT ( 'NONE',  ( -8.999999999999710454, 0.000000000000000000, -7.505553499465677625 ) ) ;
#3889 = LINE ( 'NONE', #6729, #5351 ) ;
#3890 = ORIENTED_EDGE ( 'NONE', *, *, #4826, .F. ) ;
#3891 = LINE ( 'NONE', #2200, #7041 ) ;
#3892 = EDGE_CURVE ( 'NONE', #881, #5697, #4581, .T. ) ;
#3893 = ORIENTED_EDGE ( 'NONE', *, *, #6708, .F. ) ;
#3894 = ADVANCED_FACE ( 'NONE', ( #50 ), #3515, .F. ) ;
#3895 = VERTEX_POINT ( 'NONE', #5775 ) ;
#3896 = DIRECTION ( 'NONE',  ( 0.000000000000000000, 0.000000000000000000, 1.000000000000000000 ) ) ;
#3897 = DIRECTION ( 'NONE',  ( 0.000000000000000000, -1.000000000000000000, 0.000000000000000000 ) ) ;
#3898 = ADVANCED_FACE ( 'NONE', ( #6907 ), #4538, .F. ) ;
#3899 = CARTESIAN_POINT ( 'NONE',  ( -4.999999999999921840, 1.500000000000000000, -16.74315781108585810 ) ) ;
#3900 = ORIENTED_EDGE ( 'NONE', *, *, #964, .T. ) ;
#3901 = EDGE_CURVE ( 'NONE', #3586, #6093, #4280, .T. ) ;
#3902 = DIRECTION ( 'NONE',  ( -0.000000000000000000, -1.000000000000000000, -0.000000000000000000 ) ) ;
#3903 = LINE ( 'NONE', #1109, #4782 ) ;
#3904 = FACE_OUTER_BOUND ( 'NONE', #4472, .T. ) ;
#3905 = DIRECTION ( 'NONE',  ( -0.5000000000000006661, 0.000000000000000000, 0.8660254037844382635 ) ) ;
#3906 = ORIENTED_EDGE ( 'NONE', *, *, #2968, .F. ) ;
#3907 = CARTESIAN_POINT ( 'NONE',  ( -12.00000000000006040, 0.000000000000000000, -12.70170592217178651 ) ) ;
#3908 = VERTEX_POINT ( 'NONE', #1489 ) ;
#3909 = DIRECTION ( 'NONE',  ( -0.000000000000000000, -1.000000000000000000, -0.000000000000000000 ) ) ;
#3910 = DIRECTION ( 'NONE',  ( -0.4999999999999903411, 0.000000000000000000, 0.8660254037844442587 ) ) ;
#3911 = CARTESIAN_POINT ( 'NONE',  ( -3.000000000000035971, 0.000000000000000000, -7.505553499465120737 ) ) ;
#3912 = ORIENTED_EDGE ( 'NONE', *, *, #5936, .T. ) ;
#3913 = ORIENTED_EDGE ( 'NONE', *, *, #6991, .T. ) ;
#3914 = VECTOR ( 'NONE', #4469, 1000.000000000000341 ) ;
#3915 = ORIENTED_EDGE ( 'NONE', *, *, #2605, .F. ) ;
#3916 = CARTESIAN_POINT ( 'NONE',  ( -6.999999999999712230, 2.501000000000000334, -6.350852961086427051 ) ) ;
#3917 = VECTOR ( 'NONE', #887, 999.9999999999998863 ) ;
#3918 = CARTESIAN_POINT ( 'NONE',  ( -2.999999999999930722, 0.000000000000000000, 7.505553499465162481 ) ) ;
#3919 = VECTOR ( 'NONE', #2864, 1000.000000000000000 ) ;
#3920 = CARTESIAN_POINT ( 'NONE',  ( 2.000000000000165645, 2.501000000000000334, 9.237604307034008144 ) ) ;
#3921 = DIRECTION ( 'NONE',  ( -0.000000000000000000, -1.000000000000000000, -0.000000000000000000 ) ) ;
#3922 = ORIENTED_EDGE ( 'NONE', *, *, #3981, .F. ) ;
#3923 = CARTESIAN_POINT ( 'NONE',  ( -14.00000000000004619, 2.501000000000000334, -9.237604307034020579 ) ) ;
#3924 = VERTEX_POINT ( 'NONE', #3184 ) ;
#3925 = VECTOR ( 'NONE', #1712, 1000.000000000000114 ) ;
#3926 = EDGE_CURVE ( 'NONE', #158, #2622, #242, .T. ) ;
#3927 = FACE_OUTER_BOUND ( 'NONE', #2364, .T. ) ;
#3928 = DIRECTION ( 'NONE',  ( -0.000000000000000000, -1.000000000000000000, -0.000000000000000000 ) ) ;
#3929 = AXIS2_PLACEMENT_3D ( 'NONE', #2121, #6721, #6582 ) ;
#3930 = EDGE_CURVE ( 'NONE', #5413, #1676, #5436, .T. ) ;
#3931 = ORIENTED_EDGE ( 'NONE', *, *, #1817, .F. ) ;
#3932 = VERTEX_POINT ( 'NONE', #3041 ) ;
#3933 = FACE_OUTER_BOUND ( 'NONE', #1565, .T. ) ;
#3934 = LINE ( 'NONE', #7298, #4427 ) ;
#3935 = CYLINDRICAL_SURFACE ( 'NONE', #5508, 4.000000000000000000 ) ;
#3936 = CARTESIAN_POINT ( 'NONE',  ( 2.000000000000447198, 2.501000000000000334, -11.54700538379282904 ) ) ;
#3937 = EDGE_CURVE ( 'NONE', #5449, #2606, #5292, .T. ) ;
#3938 = VERTEX_POINT ( 'NONE', #4729 ) ;
#3939 = CARTESIAN_POINT ( 'NONE',  ( -14.00000000000004619, 0.000000000000000000, -9.237604307034020579 ) ) ;
#3940 = ORIENTED_EDGE ( 'NONE', *, *, #2859, .T. ) ;
#3941 = DIRECTION ( 'NONE',  ( -0.000000000000000000, -1.000000000000000000, -0.000000000000000000 ) ) ;
#3942 = CARTESIAN_POINT ( 'NONE',  ( -1.999999999999550360, 1.500000000000000000, -11.54700538379282904 ) ) ;
#3943 = CARTESIAN_POINT ( 'NONE',  ( 15.75500000000000078, 0.000000000000000000, -18.45500000000000185 ) ) ;
#3944 = ORIENTED_EDGE ( 'NONE', *, *, #1570, .T. ) ;
#3945 = EDGE_CURVE ( 'NONE', #5362, #7089, #6538, .T. ) ;
#3946 = AXIS2_PLACEMENT_3D ( 'NONE', #6417, #3605, #5793 ) ;
#3947 = ORIENTED_EDGE ( 'NONE', *, *, #1321, .F. ) ;
#3948 = VERTEX_POINT ( 'NONE', #2041 ) ;
#3949 = AXIS2_PLACEMENT_3D ( 'NONE', #6, #2403, #1705 ) ;
#3950 = CARTESIAN_POINT ( 'NONE',  ( 5.000000000000090594, 1.500000000000000000, -14.43375673432737472 ) ) ;
#3951 = VECTOR ( 'NONE', #4144, 1000.000000000000000 ) ;
#3952 = CARTESIAN_POINT ( 'NONE',  ( -13.99999999999999467, 1.500000000000000000, 1.154700538379348718 ) ) ;
#3953 = DIRECTION ( 'NONE',  ( 1.877893248421447556E-15, 0.000000000000000000, 1.000000000000000000 ) ) ;
#3954 = CARTESIAN_POINT ( 'NONE',  ( 4.999999999999985789, 1.500000000000000000, -6.350852961085895032 ) ) ;
#3955 = EDGE_LOOP ( 'NONE', ( #5472, #6938, #683, #6576 ) ) ;
#3956 = EDGE_CURVE ( 'NONE', #1107, #7258, #6947, .T. ) ;
#3957 = VECTOR ( 'NONE', #2980, 1000.000000000000000 ) ;
#3958 = DIRECTION ( 'NONE',  ( -2.253471898105738645E-15, 0.000000000000000000, -1.000000000000000000 ) ) ;
#3959 = ORIENTED_EDGE ( 'NONE', *, *, #7149, .F. ) ;
#3960 = VECTOR ( 'NONE', #1686, 1000.000000000000000 ) ;
#3961 = VECTOR ( 'NONE', #4685, 1000.000000000000000 ) ;
#3962 = VECTOR ( 'NONE', #2196, 1000.000000000000000 ) ;
#3963 = CARTESIAN_POINT ( 'NONE',  ( 11.00000000000004263, 1.500000000000000000, 4.041451884327339705 ) ) ;
#3964 = CARTESIAN_POINT ( 'NONE',  ( -10.99999999999999289, 0.000000000000000000, 6.350852961085355020 ) ) ;
#3965 = CARTESIAN_POINT ( 'NONE',  ( 3.999999999999998224, 1.500000000000000000, -1.154700538379252128 ) ) ;
#3966 = COLOUR_RGB ( '',1.000000000000000000, 1.000000000000000000, 1.000000000000000000 ) ;
#3967 = DIRECTION ( 'NONE',  ( -0.8660254037844395958, 0.000000000000000000, -0.4999999999999981681 ) ) ;
#3968 = VECTOR ( 'NONE', #6838, 1000.000000000000000 ) ;
#3969 = ORIENTED_EDGE ( 'NONE', *, *, #3073, .F. ) ;
#3970 = EDGE_LOOP ( 'NONE', ( #1652, #5538, #3426, #3052, #7180, #1795 ) ) ;
#3971 = VECTOR ( 'NONE', #3967, 1000.000000000000114 ) ;
#3972 = CARTESIAN_POINT ( 'NONE',  ( -2.000000000000000888, 0.000000000000000000, 1.154700538379252128 ) ) ;
#3973 = LINE ( 'NONE', #2248, #3137 ) ;
#3974 = CARTESIAN_POINT ( 'NONE',  ( 14.00000000000000000, 1.500000000000000000, 1.154700538379251018 ) ) ;
#3975 = DIRECTION ( 'NONE',  ( 0.8660254037844447028, 0.000000000000000000, 0.4999999999999894529 ) ) ;
#3976 = CARTESIAN_POINT ( 'NONE',  ( -5.000000000000028422, 2.501000000000000334, 14.43145188432685266 ) ) ;
#3977 = EDGE_CURVE ( 'NONE', #536, #6673, #2490, .T. ) ;
#3978 = VERTEX_POINT ( 'NONE', #3147 ) ;
#3979 = CARTESIAN_POINT ( 'NONE',  ( 8.000000000000000000, 0.000000000000000000, -1.154700538379251018 ) ) ;
#3980 = ORIENTED_EDGE ( 'NONE', *, *, #246, .T. ) ;
#3981 = EDGE_CURVE ( 'NONE', #3816, #6808, #3692, .T. ) ;
#3982 = DIRECTION ( 'NONE',  ( 0.8660254037844400399, 0.000000000000000000, 0.4999999999999975575 ) ) ;
#3983 = PLANE ( 'NONE',  #914 ) ;
#3984 = LINE ( 'NONE', #152, #6316 ) ;
#3985 = ORIENTED_EDGE ( 'NONE', *, *, #6535, .T. ) ;
#3986 = ORIENTED_EDGE ( 'NONE', *, *, #2094, .F. ) ;
#3987 = VERTEX_POINT ( 'NONE', #6430 ) ;
#3988 = DIRECTION ( 'NONE',  ( -9.013887592422948271E-15, 0.000000000000000000, -1.000000000000000000 ) ) ;
#3989 = EDGE_CURVE ( 'NONE', #2606, #6578, #6979, .T. ) ;
#3990 = VECTOR ( 'NONE', #2192, 1000.000000000000000 ) ;
#3991 = DIRECTION ( 'NONE',  ( 0.8660254037844363761, 0.000000000000000000, -0.5000000000000038858 ) ) ;
#3992 = FACE_OUTER_BOUND ( 'NONE', #4366, .T. ) ;
#3993 = CARTESIAN_POINT ( 'NONE',  ( 6.000000000000148326, 0.000000000000000000, 12.70170592217169769 ) ) ;
#3994 = ORIENTED_EDGE ( 'NONE', *, *, #5181, .F. ) ;
#3995 = EDGE_CURVE ( 'NONE', #2038, #891, #2601, .T. ) ;
#3996 = ORIENTED_EDGE ( 'NONE', *, *, #1360, .T. ) ;
#3997 = CARTESIAN_POINT ( 'NONE',  ( -10.00000000000001066, 2.501000000000000334, -1.154700538379182184 ) ) ;
#3998 = LINE ( 'NONE', #5670, #5261 ) ;
#3999 = CARTESIAN_POINT ( 'NONE',  ( -14.99999999999999289, 0.000000000000000000, 2.886751345947561553 ) ) ;
#4000 = DIRECTION ( 'NONE',  ( -0.5000000000000074385, 0.000000000000000000, -0.8660254037844344888 ) ) ;
#4001 = ORIENTED_EDGE ( 'NONE', *, *, #6032, .T. ) ;
#4002 = ORIENTED_EDGE ( 'NONE', *, *, #4292, .T. ) ;
#4003 = DIRECTION ( 'NONE',  ( -0.8660254037844384856, 0.000000000000000000, -0.5000000000000001110 ) ) ;
#4004 = EDGE_CURVE ( 'NONE', #544, #4852, #1894, .T. ) ;
#4005 = CARTESIAN_POINT ( 'NONE',  ( 13.00000000000004796, 0.000000000000000000, 6.350852961085841741 ) ) ;
#4006 = DIRECTION ( 'NONE',  ( 1.000000000000000000, 0.000000000000000000, -4.882522445895767197E-15 ) ) ;
#4007 = DIRECTION ( 'NONE',  ( 0.5000000000000046629, -0.000000000000000000, 0.8660254037844359321 ) ) ;
#4008 = PLANE ( 'NONE',  #4313 ) ;
#4009 = ORIENTED_EDGE ( 'NONE', *, *, #5159, .T. ) ;
#4010 = CARTESIAN_POINT ( 'NONE',  ( -10.99999999999971045, 1.500000000000000000, -6.350852961086427939 ) ) ;
#4011 = VERTEX_POINT ( 'NONE', #5993 ) ;
#4012 = EDGE_CURVE ( 'NONE', #1869, #2612, #2006, .T. ) ;
#4013 = DIRECTION ( 'NONE',  ( 0.8660254037844419273, 0.000000000000000000, 0.4999999999999943934 ) ) ;
#4014 = DIRECTION ( 'NONE',  ( 0.000000000000000000, 0.000000000000000000, 1.000000000000000000 ) ) ;
#4015 = CARTESIAN_POINT ( 'NONE',  ( 15.00000000000004796, 0.000000000000000000, 7.505553499465094092 ) ) ;
#4016 = DIRECTION ( 'NONE',  ( -0.8660254037844384856, 0.000000000000000000, 0.5000000000000002220 ) ) ;
#4017 = VERTEX_POINT ( 'NONE', #5884 ) ;
#4018 = ADVANCED_FACE ( 'NONE', ( #6395 ), #835, .F. ) ;
#4019 = EDGE_LOOP ( 'NONE', ( #6739, #4002, #4222, #2131, #3900, #5203 ) ) ;
#4020 = ORIENTED_EDGE ( 'NONE', *, *, #708, .F. ) ;
#4021 = CARTESIAN_POINT ( 'NONE',  ( 2.000000000000192735, 1.500000000000000000, 11.54700538379250929 ) ) ;
#4022 = ORIENTED_EDGE ( 'NONE', *, *, #4785, .T. ) ;
#4023 = VECTOR ( 'NONE', #741, 1000.000000000000000 ) ;
#4024 = DIRECTION ( 'NONE',  ( 1.734723475976807094E-16, 0.000000000000000000, 1.000000000000000000 ) ) ;
#4025 = CARTESIAN_POINT ( 'NONE',  ( -16.99999999999970868, 2.501000000000000334, -4.041451884327968536 ) ) ;
#4026 = CARTESIAN_POINT ( 'NONE',  ( 15.75500000000000078, 0.000000000000000000, -15.75500000000000078 ) ) ;
#4027 = EDGE_LOOP ( 'NONE', ( #1140, #3418, #602, #1595 ) ) ;
#4028 = ADVANCED_FACE ( 'NONE', ( #3583 ), #1423, .F. ) ;
#4029 = VECTOR ( 'NONE', #1441, 1000.000000000000000 ) ;
#4030 = VERTEX_POINT ( 'NONE', #5916 ) ;
#4031 = AXIS2_PLACEMENT_3D ( 'NONE', #3543, #314, #3110 ) ;
#4032 = CARTESIAN_POINT ( 'NONE',  ( 12.00000000000009415, 1.500000000000000000, 8.082903768654690069 ) ) ;
#4033 = CARTESIAN_POINT ( 'NONE',  ( -15.75500000000000078, 1.500000000000000000, -15.75500000000000078 ) ) ;
#4034 = LINE ( 'NONE', #2311, #4147 ) ;
#4035 = CARTESIAN_POINT ( 'NONE',  ( 7.999999999999977796, 1.500000000000000000, -9.237604307034029461 ) ) ;
#4036 = EDGE_CURVE ( 'NONE', #513, #4094, #3074, .T. ) ;
#4037 =( GEOMETRIC_REPRESENTATION_CONTEXT ( 3 ) GLOBAL_UNCERTAINTY_ASSIGNED_CONTEXT ( ( #1792 ) ) GLOBAL_UNIT_ASSIGNED_CONTEXT ( ( #1524, #5358, #2111 ) ) REPRESENTATION_CONTEXT ( 'NONE', 'WORKASPACE' ) );
#4038 = VECTOR ( 'NONE', #1938, 1000.000000000000114 ) ;
#4039 = ORIENTED_EDGE ( 'NONE', *, *, #5162, .T. ) ;
#4040 = ORIENTED_EDGE ( 'NONE', *, *, #2777, .F. ) ;
#4041 = DIRECTION ( 'NONE',  ( 0.000000000000000000, 0.000000000000000000, 1.000000000000000000 ) ) ;
#4042 = DIRECTION ( 'NONE',  ( -0.4999999999999917288, 0.000000000000000000, 0.8660254037844434816 ) ) ;
#4043 = VECTOR ( 'NONE', #6471, 1000.000000000000000 ) ;
#4044 = LINE ( 'NONE', #5863, #5271 ) ;
#4045 = LINE ( 'NONE', #2359, #5626 ) ;
#4046 = LINE ( 'NONE', #2394, #7263 ) ;
#4047 = VERTEX_POINT ( 'NONE', #4838 ) ;
#4048 = CARTESIAN_POINT ( 'NONE',  ( -10.00000000000005329, 1.500000000000000000, -11.54700538379254127 ) ) ;
#4049 = ORIENTED_EDGE ( 'NONE', *, *, #5395, .T. ) ;
#4050 = DIRECTION ( 'NONE',  ( 0.8660254037844384856, 0.000000000000000000, 0.5000000000000002220 ) ) ;
#4051 = LINE ( 'NONE', #5089, #3333 ) ;
#4052 = DIRECTION ( 'NONE',  ( -0.8660254037844387076, 0.000000000000000000, -0.4999999999999999445 ) ) ;
#4053 = PLANE ( 'NONE',  #3372 ) ;
#4054 = ORIENTED_EDGE ( 'NONE', *, *, #4702, .T. ) ;
#4055 = VERTEX_POINT ( 'NONE', #7088 ) ;
#4056 = ORIENTED_EDGE ( 'NONE', *, *, #5959, .F. ) ;
#4057 = FACE_OUTER_BOUND ( 'NONE', #6507, .T. ) ;
#4058 = CARTESIAN_POINT ( 'NONE',  ( 5.999999999999999112, 2.501000000000000334, -2.309401076758504257 ) ) ;
#4059 = CARTESIAN_POINT ( 'NONE',  ( 11.99999999999999822, 0.000000000000000000, 2.309401076758503368 ) ) ;
#4060 = DIRECTION ( 'NONE',  ( 1.877893248421447556E-15, -0.000000000000000000, 1.000000000000000000 ) ) ;
#4061 = EDGE_LOOP ( 'NONE', ( #971, #17 ) ) ;
#4062 = ORIENTED_EDGE ( 'NONE', *, *, #1075, .T. ) ;
#4063 = VECTOR ( 'NONE', #3533, 1000.000000000000000 ) ;
#4064 = CARTESIAN_POINT ( 'NONE',  ( 9.999999999999976907, 0.000000000000000000, -9.237604307034020579 ) ) ;
#4065 = EDGE_CURVE ( 'NONE', #2849, #4405, #2526, .T. ) ;
#4066 = CARTESIAN_POINT ( 'NONE',  ( -2.999999999999927613, 2.501000000000000334, -17.89785834946512111 ) ) ;
#4067 = CIRCLE ( 'NONE', #2668, 2.700000000000001066 ) ;
#4068 = CARTESIAN_POINT ( 'NONE',  ( 15.00000000000004796, 0.000000000000000000, 2.886751345948089575 ) ) ;
#4069 = LINE ( 'NONE', #5078, #7159 ) ;
#4070 = VECTOR ( 'NONE', #813, 1000.000000000000000 ) ;
#4071 = ADVANCED_FACE ( 'NONE', ( #464 ), #7124, .F. ) ;
#4072 = ORIENTED_EDGE ( 'NONE', *, *, #1081, .T. ) ;
#4073 = VECTOR ( 'NONE', #816, 1000.000000000000227 ) ;
#4074 = ORIENTED_EDGE ( 'NONE', *, *, #7245, .F. ) ;
#4075 = PLANE ( 'NONE',  #776 ) ;
#4076 = ADVANCED_FACE ( 'NONE', ( #6067 ), #2154, .F. ) ;
#4077 = AXIS2_PLACEMENT_3D ( 'NONE', #5922, #4137, #4704 ) ;
#4078 = CARTESIAN_POINT ( 'NONE',  ( -15.75500000000000789, 1.500000000000000000, 18.45500000000000185 ) ) ;
#4079 = VECTOR ( 'NONE', #5236, 1000.000000000000114 ) ;
#4080 = LINE ( 'NONE', #1732, #1154 ) ;
#4081 = AXIS2_PLACEMENT_3D ( 'NONE', #4996, #7246, #2193 ) ;
#4082 = LINE ( 'NONE', #2911, #6101 ) ;
#4083 = CARTESIAN_POINT ( 'NONE',  ( -11.99999999999992006, 2.501000000000000334, 8.082903768654773558 ) ) ;
#4084 = EDGE_LOOP ( 'NONE', ( #4141, #537 ) ) ;
#4085 = CARTESIAN_POINT ( 'NONE',  ( -2.000000000000000888, 0.000000000000000000, -1.154700538379251684 ) ) ;
#4086 = DIRECTION ( 'NONE',  ( 0.8660254037844391517, 0.000000000000000000, -0.4999999999999990008 ) ) ;
#4087 = ADVANCED_FACE ( 'NONE', ( #4461 ), #1673, .F. ) ;
#4088 = DIRECTION ( 'NONE',  ( -1.000000000000000000, 0.000000000000000000, 0.000000000000000000 ) ) ;
#4089 = VECTOR ( 'NONE', #5259, 1000.000000000000000 ) ;
#4090 = CARTESIAN_POINT ( 'NONE',  ( -12.99999999999999467, 2.501000000000000334, 6.350852961085315052 ) ) ;
#4091 = DIRECTION ( 'NONE',  ( -0.5000000000000014433, 0.000000000000000000, -0.8660254037844379305 ) ) ;
#4092 = ORIENTED_EDGE ( 'NONE', *, *, #3347, .T. ) ;
#4093 = DIRECTION ( 'NONE',  ( 0.4999999999999961142, 0.000000000000000000, -0.8660254037844409281 ) ) ;
#4094 = VERTEX_POINT ( 'NONE', #2709 ) ;
#4095 = ORIENTED_EDGE ( 'NONE', *, *, #6562, .T. ) ;
#4096 = PLANE ( 'NONE',  #5649 ) ;
#4097 = EDGE_CURVE ( 'NONE', #6629, #7119, #4389, .T. ) ;
#4098 = DIRECTION ( 'NONE',  ( -4.506943796211474136E-15, 0.000000000000000000, -1.000000000000000000 ) ) ;
#4099 = DIRECTION ( 'NONE',  ( 0.8660254037844387076, 0.000000000000000000, -0.4999999999999997224 ) ) ;
#4100 = DIRECTION ( 'NONE',  ( -4.506943796211474136E-15, 0.000000000000000000, -1.000000000000000000 ) ) ;
#4101 = EDGE_LOOP ( 'NONE', ( #3296, #2999, #1782, #1247, #4871, #1312 ) ) ;
#4102 = ADVANCED_FACE ( 'NONE', ( #3293 ), #5546, .F. ) ;
#4103 = VERTEX_POINT ( 'NONE', #501 ) ;
#4104 = DIRECTION ( 'NONE',  ( 0.4999999999999895084, 0.000000000000000000, -0.8660254037844448138 ) ) ;
#4105 = EDGE_CURVE ( 'NONE', #3466, #4605, #7201, .T. ) ;
#4106 = LINE ( 'NONE', #1719, #4542 ) ;
#4107 = DIRECTION ( 'NONE',  ( 0.8660254037844384856, -0.000000000000000000, 0.5000000000000002220 ) ) ;
#4108 = DIRECTION ( 'NONE',  ( -0.8660254037844408170, 0.000000000000000000, -0.4999999999999962252 ) ) ;
#4109 = EDGE_CURVE ( 'NONE', #6358, #5112, #5023, .T. ) ;
#4110 = ORIENTED_EDGE ( 'NONE', *, *, #2102, .T. ) ;
#4111 = ORIENTED_EDGE ( 'NONE', *, *, #7234, .F. ) ;
#4112 = LINE ( 'NONE', #2022, #6313 ) ;
#4113 = CARTESIAN_POINT ( 'NONE',  ( -12.00000000000003908, 0.000000000000000000, -8.082903768654777110 ) ) ;
#4114 = LINE ( 'NONE', #1215, #3851 ) ;
#4115 = CARTESIAN_POINT ( 'NONE',  ( 13.00000000000004796, 2.501000000000000334, 6.350852961085841741 ) ) ;
#4116 = LINE ( 'NONE', #3641, #5853 ) ;
#4117 = EDGE_CURVE ( 'NONE', #2486, #6846, #7276, .T. ) ;
#4118 = VERTEX_POINT ( 'NONE', #2743 ) ;
#4119 = CARTESIAN_POINT ( 'NONE',  ( -13.99999999999999467, 0.000000000000000000, 1.154700538379348718 ) ) ;
#4120 = DIRECTION ( 'NONE',  ( -1.000000000000000000, 0.000000000000000000, 2.253471898105738645E-15 ) ) ;
#4121 = LINE ( 'NONE', #1953, #4991 ) ;
#4122 = DIRECTION ( 'NONE',  ( 0.8660254037844326014, 0.000000000000000000, -0.5000000000000104361 ) ) ;
#4123 = LINE ( 'NONE', #3610, #6783 ) ;
#4124 = ORIENTED_EDGE ( 'NONE', *, *, #4774, .T. ) ;
#4125 = DIRECTION ( 'NONE',  ( 1.201851678989728329E-14, 0.000000000000000000, 1.000000000000000000 ) ) ;
#4126 = VERTEX_POINT ( 'NONE', #1599 ) ;
#4127 = EDGE_LOOP ( 'NONE', ( #1142, #6336, #7215, #6174, #6637, #3659 ) ) ;
#4128 = LINE ( 'NONE', #6834, #4701 ) ;
#4129 = EDGE_LOOP ( 'NONE', ( #3476, #980, #3781, #976 ) ) ;
#4130 = LINE ( 'NONE', #6945, #1685 ) ;
#4131 = PLANE ( 'NONE',  #4917 ) ;
#4132 = DIRECTION ( 'NONE',  ( 4.882522445895767197E-15, -0.000000000000000000, 1.000000000000000000 ) ) ;
#4133 = ORIENTED_EDGE ( 'NONE', *, *, #5700, .T. ) ;
#4134 = ORIENTED_EDGE ( 'NONE', *, *, #2398, .F. ) ;
#4135 = VERTEX_POINT ( 'NONE', #6616 ) ;
#4136 = PLANE ( 'NONE',  #2675 ) ;
#4137 = DIRECTION ( 'NONE',  ( 1.000000000000000000, -0.000000000000000000, 3.755786496842901029E-16 ) ) ;
#4138 = DIRECTION ( 'NONE',  ( -2.253471898105738645E-15, 0.000000000000000000, -1.000000000000000000 ) ) ;
#4139 = DIRECTION ( 'NONE',  ( 0.8660254037844359321, 0.000000000000000000, -0.5000000000000046629 ) ) ;
#4140 = VECTOR ( 'NONE', #6239, 1000.000000000000000 ) ;
#4141 = ORIENTED_EDGE ( 'NONE', *, *, #2071, .F. ) ;
#4142 = VECTOR ( 'NONE', #127, 1000.000000000000000 ) ;
#4143 = CARTESIAN_POINT ( 'NONE',  ( -11.99999999999998757, 1.500000000000000000, 2.309401076758587745 ) ) ;
#4144 = DIRECTION ( 'NONE',  ( -0.000000000000000000, -1.000000000000000000, -0.000000000000000000 ) ) ;
#4145 = PLANE ( 'NONE',  #6915 ) ;
#4146 = EDGE_CURVE ( 'NONE', #2042, #977, #4988, .T. ) ;
#4147 = VECTOR ( 'NONE', #5743, 1000.000000000000000 ) ;
#4148 = CARTESIAN_POINT ( 'NONE',  ( 8.000000000000110134, 2.501000000000000334, 9.237604307033919326 ) ) ;
#4149 = LINE ( 'NONE', #6931, #75 ) ;
#4150 = ORIENTED_EDGE ( 'NONE', *, *, #2249, .T. ) ;
#4151 = VECTOR ( 'NONE', #4816, 1000.000000000000000 ) ;
#4152 = EDGE_CURVE ( 'NONE', #3649, #4885, #3880, .T. ) ;
#4153 = CARTESIAN_POINT ( 'NONE',  ( 4.000000000000105693, 2.501000000000000334, 9.237604307033967288 ) ) ;
#4154 = DIRECTION ( 'NONE',  ( -0.8660254037844442587, 0.000000000000000000, -0.4999999999999902855 ) ) ;
#4155 = EDGE_CURVE ( 'NONE', #5287, #3649, #1532, .T. ) ;
#4156 = CARTESIAN_POINT ( 'NONE',  ( -1.000000000000028644, 0.000000000000000000, 14.43145188432685622 ) ) ;
#4157 = ADVANCED_FACE ( 'NONE', ( #3216 ), #3770, .F. ) ;
#4158 = CARTESIAN_POINT ( 'NONE',  ( 5.999999999999981348, 2.501000000000000334, -8.082903768654771781 ) ) ;
#4159 = LINE ( 'NONE', #4829, #2432 ) ;
#4160 = VERTEX_POINT ( 'NONE', #5469 ) ;
#4161 = DIRECTION ( 'NONE',  ( -3.004629197474320824E-15, 0.000000000000000000, -1.000000000000000000 ) ) ;
#4162 = ORIENTED_EDGE ( 'NONE', *, *, #246, .F. ) ;
#4163 = VERTEX_POINT ( 'NONE', #3804 ) ;
#4164 = CARTESIAN_POINT ( 'NONE',  ( 14.00000000000011013, 2.501000000000000334, 9.237604307033919326 ) ) ;
#4165 = ORIENTED_EDGE ( 'NONE', *, *, #2605, .T. ) ;
#4166 = EDGE_CURVE ( 'NONE', #4030, #967, #1086, .T. ) ;
#4167 = CARTESIAN_POINT ( 'NONE',  ( -16.99999999999970868, 2.501000000000000334, -4.041451884327968536 ) ) ;
#4168 = LINE ( 'NONE', #4025, #7034 ) ;
#4169 = DIRECTION ( 'NONE',  ( 1.000000000000000000, 0.000000000000000000, 0.000000000000000000 ) ) ;
#4170 = ORIENTED_EDGE ( 'NONE', *, *, #731, .T. ) ;
#4171 = VERTEX_POINT ( 'NONE', #5578 ) ;
#4172 = EDGE_LOOP ( 'NONE', ( #3931, #6337, #4417, #6253 ) ) ;
#4173 = LINE ( 'NONE', #6438, #4786 ) ;
#4174 = CARTESIAN_POINT ( 'NONE',  ( 9.000000000000046185, 0.000000000000000000, 2.886751345948089575 ) ) ;
#4175 = EDGE_CURVE ( 'NONE', #2019, #3948, #422, .T. ) ;
#4176 = CARTESIAN_POINT ( 'NONE',  ( 15.00000000000004796, 2.501000000000000334, 7.505553499465094092 ) ) ;
#4177 = CARTESIAN_POINT ( 'NONE',  ( -19.99999999999999645, 2.500000000000000000, 16.00000000000000355 ) ) ;
#4178 = EDGE_LOOP ( 'NONE', ( #2613, #6370, #3994, #323 ) ) ;
#4179 = VECTOR ( 'NONE', #5306, 1000.000000000000114 ) ;
#4180 = VECTOR ( 'NONE', #5656, 1000.000000000000000 ) ;
#4181 = ORIENTED_EDGE ( 'NONE', *, *, #6683, .F. ) ;
#4182 = DIRECTION ( 'NONE',  ( -1.201851678989728329E-14, 0.000000000000000000, -1.000000000000000000 ) ) ;
#4183 = DIRECTION ( 'NONE',  ( 7.511572993685793381E-15, 0.000000000000000000, 1.000000000000000000 ) ) ;
#4184 = CARTESIAN_POINT ( 'NONE',  ( -7.999999999999888978, 1.500000000000000000, 11.54700538379259100 ) ) ;
#4185 = AXIS2_PLACEMENT_3D ( 'NONE', #3097, #3757, #2588 ) ;
#4186 = FACE_BOUND ( 'NONE', #4368, .T. ) ;
#4187 = CARTESIAN_POINT ( 'NONE',  ( -6.000000000000016875, 2.501000000000000334, -2.309401076758460736 ) ) ;
#4188 = VECTOR ( 'NONE', #3496, 1000.000000000000000 ) ;
#4189 = ORIENTED_EDGE ( 'NONE', *, *, #5815, .F. ) ;
#4190 = VECTOR ( 'NONE', #6366, 1000.000000000000000 ) ;
#4191 = VECTOR ( 'NONE', #6689, 1000.000000000000114 ) ;
#4192 = PLANE ( 'NONE',  #1797 ) ;
#4193 = CARTESIAN_POINT ( 'NONE',  ( -4.000000000000007994, 2.501000000000000334, -1.154700538379223707 ) ) ;
#4194 = AXIS2_PLACEMENT_3D ( 'NONE', #5228, #5678, #2322 ) ;
#4195 = DIRECTION ( 'NONE',  ( -5.258101095580061836E-15, 0.000000000000000000, -1.000000000000000000 ) ) ;
#4196 = CARTESIAN_POINT ( 'NONE',  ( -4.099924925281065491E-16, 1.500000000000000000, -2.309401076758504257 ) ) ;
#4197 = FACE_OUTER_BOUND ( 'NONE', #1434, .T. ) ;
#4198 = VERTEX_POINT ( 'NONE', #534 ) ;
#4199 =( NAMED_UNIT ( * ) PLANE_ANGLE_UNIT ( ) SI_UNIT ( $, .RADIAN. ) );
#4200 = VECTOR ( 'NONE', #1695, 1000.000000000000000 ) ;
#4201 = ADVANCED_FACE ( 'NONE', ( #2775 ), #4053, .F. ) ;
#4202 = ORIENTED_EDGE ( 'NONE', *, *, #1319, .F. ) ;
#4203 = ORIENTED_EDGE ( 'NONE', *, *, #59, .F. ) ;
#4204 = DIRECTION ( 'NONE',  ( -0.8660254037844367092, 0.000000000000000000, 0.5000000000000035527 ) ) ;
#4205 = VERTEX_POINT ( 'NONE', #5092 ) ;
#4206 = AXIS2_PLACEMENT_3D ( 'NONE', #6955, #809, #1901 ) ;
#4207 = CARTESIAN_POINT ( 'NONE',  ( 15.00000000000004796, 1.500000000000000000, 7.505553499465094092 ) ) ;
#4208 = LINE ( 'NONE', #1531, #1851 ) ;
#4209 = DIRECTION ( 'NONE',  ( -0.8660254037844387076, 0.000000000000000000, 0.4999999999999998890 ) ) ;
#4210 = ORIENTED_EDGE ( 'NONE', *, *, #1872, .T. ) ;
#4211 = EDGE_CURVE ( 'NONE', #2451, #2245, #5168, .T. ) ;
#4212 = VERTEX_POINT ( 'NONE', #5060 ) ;
#4213 = ORIENTED_EDGE ( 'NONE', *, *, #5104, .T. ) ;
#4214 = EDGE_CURVE ( 'NONE', #5687, #1424, #41, .T. ) ;
#4215 = DIRECTION ( 'NONE',  ( 0.8660254037844404840, 0.000000000000000000, 0.4999999999999967248 ) ) ;
#4216 = CARTESIAN_POINT ( 'NONE',  ( -12.99999999999971401, 0.000000000000000000, -6.350852961086468795 ) ) ;
#4217 = DIRECTION ( 'NONE',  ( -0.000000000000000000, -1.000000000000000000, -0.000000000000000000 ) ) ;
#4218 = CARTESIAN_POINT ( 'NONE',  ( -3.999999999999910738, 0.000000000000000000, 9.237604307034047224 ) ) ;
#4219 = VECTOR ( 'NONE', #312, 1000.000000000000000 ) ;
#4220 = ORIENTED_EDGE ( 'NONE', *, *, #1043, .T. ) ;
#4221 = PRODUCT_RELATED_PRODUCT_CATEGORY ( 'part', '', ( #296 ) ) ;
#4222 = ORIENTED_EDGE ( 'NONE', *, *, #6105, .T. ) ;
#4223 = PLANE ( 'NONE',  #3008 ) ;
#4224 = FACE_OUTER_BOUND ( 'NONE', #3577, .T. ) ;
#4225 = VECTOR ( 'NONE', #4457, 1000.000000000000114 ) ;
#4226 = FACE_BOUND ( 'NONE', #5557, .T. ) ;
#4227 = CARTESIAN_POINT ( 'NONE',  ( 2.999999999999993339, 2.501000000000000334, -2.886751345948133540 ) ) ;
#4228 = VERTEX_POINT ( 'NONE', #677 ) ;
#4229 = DIRECTION ( 'NONE',  ( -4.506943796211474136E-15, 0.000000000000000000, -1.000000000000000000 ) ) ;
#4230 = FACE_OUTER_BOUND ( 'NONE', #3221, .T. ) ;
#4231 = LINE ( 'NONE', #6600, #5812 ) ;
#4232 = DIRECTION ( 'NONE',  ( -0.000000000000000000, 1.000000000000000000, -0.000000000000000000 ) ) ;
#4233 = LINE ( 'NONE', #3027, #1369 ) ;
#4234 = ORIENTED_EDGE ( 'NONE', *, *, #5879, .F. ) ;
#4235 = ORIENTED_EDGE ( 'NONE', *, *, #4155, .F. ) ;
#4236 = VERTEX_POINT ( 'NONE', #1160 ) ;
#4237 = EDGE_CURVE ( 'NONE', #1482, #1281, #3984, .T. ) ;
#4238 = LINE ( 'NONE', #6425, #4343 ) ;
#4239 = VERTEX_POINT ( 'NONE', #2295 ) ;
#4240 = CARTESIAN_POINT ( 'NONE',  ( 8.000000000000000000, 2.501000000000000334, 1.154700538379251240 ) ) ;
#4241 = DIRECTION ( 'NONE',  ( -0.000000000000000000, -1.000000000000000000, -0.000000000000000000 ) ) ;
#4242 = DIRECTION ( 'NONE',  ( -0.4999999999999985567, 0.000000000000000000, 0.8660254037844394848 ) ) ;
#4243 = EDGE_LOOP ( 'NONE', ( #4335, #380, #5427, #5888 ) ) ;
#4244 = EDGE_CURVE ( 'NONE', #3428, #6040, #640, .T. ) ;
#4245 = ORIENTED_EDGE ( 'NONE', *, *, #3866, .T. ) ;
#4246 = VERTEX_POINT ( 'NONE', #5765 ) ;
#4247 = ORIENTED_EDGE ( 'NONE', *, *, #6910, .F. ) ;
#4248 = CARTESIAN_POINT ( 'NONE',  ( 5.999999999999999112, 0.000000000000000000, -2.309401076758504257 ) ) ;
#4249 = DIRECTION ( 'NONE',  ( -0.8660254037844350439, 0.000000000000000000, 0.5000000000000061062 ) ) ;
#4250 = LINE ( 'NONE', #1465, #3455 ) ;
#4251 = EDGE_CURVE ( 'NONE', #6983, #1051, #121, .T. ) ;
#4252 = DIRECTION ( 'NONE',  ( -0.000000000000000000, -1.000000000000000000, -0.000000000000000000 ) ) ;
#4253 = ORIENTED_EDGE ( 'NONE', *, *, #6378, .T. ) ;
#4254 = VERTEX_POINT ( 'NONE', #2369 ) ;
#4255 = LINE ( 'NONE', #1903, #4297 ) ;
#4256 = DIRECTION ( 'NONE',  ( -0.000000000000000000, -1.000000000000000000, -0.000000000000000000 ) ) ;
#4257 = VECTOR ( 'NONE', #2916, 1000.000000000000000 ) ;
#4258 = EDGE_CURVE ( 'NONE', #5189, #1350, #4067, .T. ) ;
#4259 = PLANE ( 'NONE',  #570 ) ;
#4260 = CIRCLE ( 'NONE', #5689, 2.700000000000001066 ) ;
#4261 = VERTEX_POINT ( 'NONE', #4604 ) ;
#4262 = DIRECTION ( 'NONE',  ( -0.8660254037844387076, 0.000000000000000000, 0.4999999999999998890 ) ) ;
#4263 = EDGE_CURVE ( 'NONE', #978, #4878, #607, .T. ) ;
#4264 = DIRECTION ( 'NONE',  ( -0.000000000000000000, -1.000000000000000000, -0.000000000000000000 ) ) ;
#4265 = VECTOR ( 'NONE', #4683, 1000.000000000000000 ) ;
#4266 = ADVANCED_FACE ( 'NONE', ( #6894 ), #714, .F. ) ;
#4267 = CARTESIAN_POINT ( 'NONE',  ( -9.999999999999992895, 0.000000000000000000, 1.154700538379321850 ) ) ;
#4268 = DIRECTION ( 'NONE',  ( -0.8660254037844339337, 0.000000000000000000, 0.5000000000000081046 ) ) ;
#4269 = VERTEX_POINT ( 'NONE', #3943 ) ;
#4270 = LINE ( 'NONE', #2592, #5638 ) ;
#4271 = ORIENTED_EDGE ( 'NONE', *, *, #4787, .T. ) ;
#4272 = VECTOR ( 'NONE', #4132, 1000.000000000000000 ) ;
#4273 = ORIENTED_EDGE ( 'NONE', *, *, #1828, .F. ) ;
#4274 = LINE ( 'NONE', #5361, #5530 ) ;
#4275 = ORIENTED_EDGE ( 'NONE', *, *, #1697, .F. ) ;
#4276 = PLANE ( 'NONE',  #6636 ) ;
#4277 = AXIS2_PLACEMENT_3D ( 'NONE', #6502, #4242, #1347 ) ;
#4278 = DIRECTION ( 'NONE',  ( 0.8660254037844434816, -0.000000000000000000, 0.4999999999999916178 ) ) ;
#4279 = EDGE_CURVE ( 'NONE', #2000, #1507, #2883, .T. ) ;
#4280 = LINE ( 'NONE', #942, #2524 ) ;
#4281 = VERTEX_POINT ( 'NONE', #5126 ) ;
#4282 = ORIENTED_EDGE ( 'NONE', *, *, #2018, .F. ) ;
#4283 = ADVANCED_FACE ( 'NONE', ( #3465 ), #2335, .F. ) ;
#4284 = ORIENTED_EDGE ( 'NONE', *, *, #2714, .T. ) ;
#4285 = ORIENTED_EDGE ( 'NONE', *, *, #104, .F. ) ;
#4286 = DIRECTION ( 'NONE',  ( -4.506943796211481235E-15, 0.000000000000000000, -1.000000000000000000 ) ) ;
#4287 = LINE ( 'NONE', #2050, #1034 ) ;
#4288 = CARTESIAN_POINT ( 'NONE',  ( -4.999999999999921840, 2.501000000000000334, -16.74315781108585810 ) ) ;
#4289 = ORIENTED_EDGE ( 'NONE', *, *, #3056, .F. ) ;
#4290 = CARTESIAN_POINT ( 'NONE',  ( 0.9999999999999895639, 2.501000000000000334, -4.041451884327381450 ) ) ;
#4291 = EDGE_LOOP ( 'NONE', ( #658, #5761, #6814, #4769 ) ) ;
#4292 = EDGE_CURVE ( 'NONE', #5668, #5935, #3536, .T. ) ;
#4293 = VERTEX_POINT ( 'NONE', #79 ) ;
#4294 = LINE ( 'NONE', #4890, #1133 ) ;
#4295 = LINE ( 'NONE', #2099, #2077 ) ;
#4296 = FACE_BOUND ( 'NONE', #123, .T. ) ;
#4297 = VECTOR ( 'NONE', #882, 1000.000000000000000 ) ;
#4298 = ORIENTED_EDGE ( 'NONE', *, *, #4664, .F. ) ;
#4299 = EDGE_CURVE ( 'NONE', #967, #595, #4528, .T. ) ;
#4300 = ADVANCED_FACE ( 'NONE', ( #1193 ), #3431, .F. ) ;
#4301 = DIRECTION ( 'NONE',  ( -0.5000000000000016653, 0.000000000000000000, -0.8660254037844378194 ) ) ;
#4302 = AXIS2_PLACEMENT_3D ( 'NONE', #4742, #920, #5419 ) ;
#4303 = PLANE ( 'NONE',  #4535 ) ;
#4304 = VECTOR ( 'NONE', #3505, 1000.000000000000000 ) ;
#4305 = PLANE ( 'NONE',  #2680 ) ;
#4306 = CARTESIAN_POINT ( 'NONE',  ( 2.999999999999969802, 1.500000000000000000, 17.89555349946460794 ) ) ;
#4307 = VERTEX_POINT ( 'NONE', #6829 ) ;
#4308 = FACE_OUTER_BOUND ( 'NONE', #4310, .T. ) ;
#4309 = AXIS2_PLACEMENT_3D ( 'NONE', #3519, #728, #3480 ) ;
#4310 = EDGE_LOOP ( 'NONE', ( #1592, #519, #3356, #6244 ) ) ;
#4311 = AXIS2_PLACEMENT_3D ( 'NONE', #5614, #606, #2224 ) ;
#4312 = EDGE_LOOP ( 'NONE', ( #5526, #3763, #2552, #1457 ) ) ;
#4313 = AXIS2_PLACEMENT_3D ( 'NONE', #3976, #2360, #1696 ) ;
#4314 = CARTESIAN_POINT ( 'NONE',  ( -9.459583894364761141E-17, 2.501000000000000334, 2.309401076758504701 ) ) ;
#4315 = EDGE_LOOP ( 'NONE', ( #2663, #1587, #4445, #1348 ) ) ;
#4316 = AXIS2_PLACEMENT_3D ( 'NONE', #4959, #431, #2682 ) ;
#4317 = DIRECTION ( 'NONE',  ( -0.8660254037844327124, 0.000000000000000000, 0.5000000000000102141 ) ) ;
#4318 = VECTOR ( 'NONE', #2250, 1000.000000000000000 ) ;
#4319 = DIRECTION ( 'NONE',  ( 0.000000000000000000, 0.000000000000000000, -1.000000000000000000 ) ) ;
#4320 = DIRECTION ( 'NONE',  ( -0.000000000000000000, -1.000000000000000000, -0.000000000000000000 ) ) ;
#4321 = ORIENTED_EDGE ( 'NONE', *, *, #2805, .F. ) ;
#4322 = VECTOR ( 'NONE', #5755, 1000.000000000000000 ) ;
#4323 = ORIENTED_EDGE ( 'NONE', *, *, #5077, .T. ) ;
#4324 = ORIENTED_EDGE ( 'NONE', *, *, #5187, .T. ) ;
#4325 = VECTOR ( 'NONE', #5321, 1000.000000000000114 ) ;
#4326 = ORIENTED_EDGE ( 'NONE', *, *, #4702, .F. ) ;
#4327 = EDGE_CURVE ( 'NONE', #3450, #5248, #1775, .T. ) ;
#4328 = DIRECTION ( 'NONE',  ( -0.000000000000000000, -1.000000000000000000, -0.000000000000000000 ) ) ;
#4329 = CARTESIAN_POINT ( 'NONE',  ( 4.000000000000133227, 0.000000000000000000, 11.54700538379246844 ) ) ;
#4330 = FACE_BOUND ( 'NONE', #6362, .T. ) ;
#4331 = CARTESIAN_POINT ( 'NONE',  ( -6.000000000000060396, 2.501000000000000334, -12.70170592217174388 ) ) ;
#4332 = VERTEX_POINT ( 'NONE', #747 ) ;
#4333 =( GEOMETRIC_REPRESENTATION_CONTEXT ( 3 ) GLOBAL_UNCERTAINTY_ASSIGNED_CONTEXT ( ( #2312 ) ) GLOBAL_UNIT_ASSIGNED_CONTEXT ( ( #3650, #4199, #2553 ) ) REPRESENTATION_CONTEXT ( 'NONE', 'WORKASPACE' ) );
#4334 = CARTESIAN_POINT ( 'NONE',  ( -11.99999999999992006, 1.500000000000000000, 8.082903768654773558 ) ) ;
#4335 = ORIENTED_EDGE ( 'NONE', *, *, #7235, .T. ) ;
#4336 = EDGE_CURVE ( 'NONE', #4236, #6175, #3134, .T. ) ;
#4337 = EDGE_LOOP ( 'NONE', ( #6499, #5214, #4285, #3540 ) ) ;
#4338 = CYLINDRICAL_SURFACE ( 'NONE', #1951, 1.500000000000001332 ) ;
#4339 = CARTESIAN_POINT ( 'NONE',  ( 15.75500000000000078, 2.501000000000000334, -14.25500000000000078 ) ) ;
#4340 = CARTESIAN_POINT ( 'NONE',  ( -9.459583894364761141E-17, 2.501000000000000334, 2.309401076758504701 ) ) ;
#4341 = EDGE_CURVE ( 'NONE', #4205, #2886, #268, .T. ) ;
#4342 = ORIENTED_EDGE ( 'NONE', *, *, #3634, .T. ) ;
#4343 = VECTOR ( 'NONE', #5432, 1000.000000000000000 ) ;
#4344 = CARTESIAN_POINT ( 'NONE',  ( 9.999999999999971578, 0.000000000000000000, -11.54700538379252528 ) ) ;
#4345 = LINE ( 'NONE', #1442, #6897 ) ;
#4346 = CARTESIAN_POINT ( 'NONE',  ( -3.000000000000030198, 0.000000000000000000, 17.89555349946460794 ) ) ;
#4347 = LINE ( 'NONE', #6715, #6672 ) ;
#4348 = EDGE_LOOP ( 'NONE', ( #3753, #1118, #1460, #5180 ) ) ;
#4349 = EDGE_CURVE ( 'NONE', #5331, #1377, #4720, .T. ) ;
#4350 = LINE ( 'NONE', #3244, #5280 ) ;
#4351 = ORIENTED_EDGE ( 'NONE', *, *, #307, .F. ) ;
#4352 = VERTEX_POINT ( 'NONE', #5391 ) ;
#4353 = LINE ( 'NONE', #497, #6276 ) ;
#4354 = ORIENTED_EDGE ( 'NONE', *, *, #253, .F. ) ;
#4355 = DIRECTION ( 'NONE',  ( -0.4999999999999998335, 0.000000000000000000, 0.8660254037844387076 ) ) ;
#4356 = DIRECTION ( 'NONE',  ( -0.000000000000000000, -1.000000000000000000, -0.000000000000000000 ) ) ;
#4357 = CARTESIAN_POINT ( 'NONE',  ( 1.000000000000045741, 1.500000000000000000, 4.041451884327369015 ) ) ;
#4358 = ORIENTED_EDGE ( 'NONE', *, *, #4748, .T. ) ;
#4359 = ORIENTED_EDGE ( 'NONE', *, *, #5839, .F. ) ;
#4360 = ORIENTED_EDGE ( 'NONE', *, *, #5286, .T. ) ;
#4361 = ORIENTED_EDGE ( 'NONE', *, *, #4866, .T. ) ;
#4362 = CARTESIAN_POINT ( 'NONE',  ( -10.00000000000005329, 2.501000000000000334, -11.54700538379254127 ) ) ;
#4363 = CARTESIAN_POINT ( 'NONE',  ( 7.000000000000047962, 0.000000000000000000, 4.041451884327340593 ) ) ;
#4364 = FACE_BOUND ( 'NONE', #6774, .T. ) ;
#4365 = CARTESIAN_POINT ( 'NONE',  ( 15.75500000000000078, 2.501000000000000334, -15.75500000000000078 ) ) ;
#4366 = EDGE_LOOP ( 'NONE', ( #6494, #4945, #1083, #1674 ) ) ;
#4367 = CARTESIAN_POINT ( 'NONE',  ( -2.000000000000117240, 2.501000000000000334, 9.237604307033738138 ) ) ;
#4368 = EDGE_LOOP ( 'NONE', ( #3765, #5962, #829, #1749, #3185, #3209 ) ) ;
#4369 = EDGE_LOOP ( 'NONE', ( #4689, #4980, #6099, #2965 ) ) ;
#4370 = CARTESIAN_POINT ( 'NONE',  ( -5.000000000000020428, 0.000000000000000000, -4.041451884327353916 ) ) ;
#4371 = CARTESIAN_POINT ( 'NONE',  ( -14.99999999999999467, 2.501000000000000334, 7.505553499464564737 ) ) ;
#4372 = CARTESIAN_POINT ( 'NONE',  ( -5.999999999999984901, 2.501000000000000334, 2.309401076758546445 ) ) ;
#4373 = SURFACE_STYLE_USAGE ( .BOTH. , #7186 ) ;
#4374 = EDGE_CURVE ( 'NONE', #2065, #3070, #4123, .T. ) ;
#4375 = EDGE_LOOP ( 'NONE', ( #306, #2254, #3411, #168, #1823, #5048 ) ) ;
#4376 = LINE ( 'NONE', #4972, #923 ) ;
#4377 = LINE ( 'NONE', #6639, #5730 ) ;
#4378 = DIRECTION ( 'NONE',  ( 0.8660254037844384856, 0.000000000000000000, 0.5000000000000003331 ) ) ;
#4379 = LINE ( 'NONE', #5537, #2072 ) ;
#4380 = ORIENTED_EDGE ( 'NONE', *, *, #6952, .T. ) ;
#4381 = ORIENTED_EDGE ( 'NONE', *, *, #2236, .F. ) ;
#4382 = AXIS2_PLACEMENT_3D ( 'NONE', #4986, #7122, #3837 ) ;
#4383 = DIRECTION ( 'NONE',  ( 0.000000000000000000, 0.000000000000000000, -1.000000000000000000 ) ) ;
#4384 = ORIENTED_EDGE ( 'NONE', *, *, #3436, .F. ) ;
#4385 = EDGE_CURVE ( 'NONE', #1507, #1172, #2590, .T. ) ;
#4386 = EDGE_CURVE ( 'NONE', #5359, #2527, #233, .T. ) ;
#4387 = DIRECTION ( 'NONE',  ( 0.000000000000000000, 1.000000000000000000, 0.000000000000000000 ) ) ;
#4388 = CARTESIAN_POINT ( 'NONE',  ( -2.999999999999930722, 2.501000000000000334, 7.505553499465162481 ) ) ;
#4389 = LINE ( 'NONE', #1121, #7111 ) ;
#4390 = VERTEX_POINT ( 'NONE', #2479 ) ;
#4391 = ADVANCED_FACE ( 'NONE', ( #4197 ), #6970, .F. ) ;
#4392 = VECTOR ( 'NONE', #1300, 1000.000000000000000 ) ;
#4393 = ORIENTED_EDGE ( 'NONE', *, *, #5525, .T. ) ;
#4394 = ORIENTED_EDGE ( 'NONE', *, *, #3125, .F. ) ;
#4395 = CARTESIAN_POINT ( 'NONE',  ( 3.999999999999998224, 0.000000000000000000, -1.154700538379252128 ) ) ;
#4396 = EDGE_CURVE ( 'NONE', #2189, #5668, #1413, .T. ) ;
#4397 = EDGE_CURVE ( 'NONE', #2044, #1180, #4159, .T. ) ;
#4398 = VECTOR ( 'NONE', #6804, 1000.000000000000000 ) ;
#4399 = CARTESIAN_POINT ( 'NONE',  ( 17.00000000000004263, 1.500000000000000000, 6.350852961085846182 ) ) ;
#4400 = PLANE ( 'NONE',  #1150 ) ;
#4401 = DIRECTION ( 'NONE',  ( -0.000000000000000000, -1.000000000000000000, -0.000000000000000000 ) ) ;
#4402 = DIRECTION ( 'NONE',  ( -0.000000000000000000, -1.000000000000000000, -0.000000000000000000 ) ) ;
#4403 = ORIENTED_EDGE ( 'NONE', *, *, #928, .F. ) ;
#4404 = DIRECTION ( 'NONE',  ( 0.4999999999999961142, 0.000000000000000000, -0.8660254037844409281 ) ) ;
#4405 = VERTEX_POINT ( 'NONE', #7078 ) ;
#4406 = EDGE_CURVE ( 'NONE', #3652, #1180, #191, .T. ) ;
#4407 = VERTEX_POINT ( 'NONE', #2988 ) ;
#4408 = CARTESIAN_POINT ( 'NONE',  ( 17.00000000000004619, 1.500000000000000000, 4.041451884327340593 ) ) ;
#4409 = LINE ( 'NONE', #4372, #35 ) ;
#4410 = LINE ( 'NONE', #5045, #3272 ) ;
#4411 = ORIENTED_EDGE ( 'NONE', *, *, #5160, .F. ) ;
#4412 = DIRECTION ( 'NONE',  ( -0.8660254037844377084, 0.000000000000000000, 0.5000000000000015543 ) ) ;
#4413 = ADVANCED_FACE ( 'NONE', ( #1336 ), #5238, .F. ) ;
#4414 = CARTESIAN_POINT ( 'NONE',  ( -13.99999999999990941, 0.000000000000000000, 9.237604307034041895 ) ) ;
#4415 = DIRECTION ( 'NONE',  ( -0.8660254037844387076, 0.000000000000000000, -0.4999999999999998335 ) ) ;
#4416 = DIRECTION ( 'NONE',  ( -0.8660254037844447028, 0.000000000000000000, -0.4999999999999894529 ) ) ;
#4417 = ORIENTED_EDGE ( 'NONE', *, *, #540, .T. ) ;
#4418 = VECTOR ( 'NONE', #3061, 1000.000000000000114 ) ;
#4419 = DIRECTION ( 'NONE',  ( 0.8660254037844389297, 0.000000000000000000, -0.4999999999999994449 ) ) ;
#4420 = EDGE_LOOP ( 'NONE', ( #3433, #3222, #5429, #5524, #3922, #2888 ) ) ;
#4421 = AXIS2_PLACEMENT_3D ( 'NONE', #3873, #5013, #1665 ) ;
#4422 = CARTESIAN_POINT ( 'NONE',  ( 5.000000000000073719, 0.000000000000000000, 6.350852961085825754 ) ) ;
#4423 = CARTESIAN_POINT ( 'NONE',  ( 3.999999999999998224, 2.501000000000000334, -1.154700538379252128 ) ) ;
#4424 = EDGE_CURVE ( 'NONE', #2054, #2305, #3718, .T. ) ;
#4425 = DIRECTION ( 'NONE',  ( 0.8660254037844389297, 0.000000000000000000, -0.4999999999999995559 ) ) ;
#4426 = ORIENTED_EDGE ( 'NONE', *, *, #7003, .F. ) ;
#4427 = VECTOR ( 'NONE', #1077, 1000.000000000000000 ) ;
#4428 = EDGE_CURVE ( 'NONE', #1377, #774, #4233, .T. ) ;
#4429 = EDGE_LOOP ( 'NONE', ( #2827, #6609, #2625, #2146 ) ) ;
#4430 = VECTOR ( 'NONE', #3117, 1000.000000000000000 ) ;
#4431 = ORIENTED_EDGE ( 'NONE', *, *, #684, .F. ) ;
#4432 = LINE ( 'NONE', #6071, #6005 ) ;
#4433 = VECTOR ( 'NONE', #5379, 1000.000000000000000 ) ;
#4434 = VECTOR ( 'NONE', #2525, 1000.000000000000000 ) ;
#4435 = LINE ( 'NONE', #3775, #5035 ) ;
#4436 = DIRECTION ( 'NONE',  ( 0.000000000000000000, 0.000000000000000000, -1.000000000000000000 ) ) ;
#4437 = AXIS2_PLACEMENT_3D ( 'NONE', #4362, #6543, #4286 ) ;
#4438 = CARTESIAN_POINT ( 'NONE',  ( -7.999999999999992895, 2.501000000000000334, 1.154700538379307417 ) ) ;
#4439 = DIRECTION ( 'NONE',  ( 0.8660254037844404840, -0.000000000000000000, 0.4999999999999968359 ) ) ;
#4440 = ORIENTED_EDGE ( 'NONE', *, *, #2852, .T. ) ;
#4441 = LINE ( 'NONE', #7177, #5043 ) ;
#4442 = EDGE_CURVE ( 'NONE', #748, #5461, #6937, .T. ) ;
#4443 = VECTOR ( 'NONE', #143, 999.9999999999998863 ) ;
#4444 = EDGE_LOOP ( 'NONE', ( #6246, #5484, #419, #1495 ) ) ;
#4445 = ORIENTED_EDGE ( 'NONE', *, *, #839, .F. ) ;
#4446 = DIRECTION ( 'NONE',  ( 0.000000000000000000, 1.000000000000000000, 0.000000000000000000 ) ) ;
#4447 = VECTOR ( 'NONE', #2444, 1000.000000000000000 ) ;
#4448 = CARTESIAN_POINT ( 'NONE',  ( 1.000000000000073275, 0.000000000000000000, 6.350852961085871051 ) ) ;
#4449 = DIRECTION ( 'NONE',  ( -0.5000000000000004441, 0.000000000000000000, 0.8660254037844384856 ) ) ;
#4450 = ORIENTED_EDGE ( 'NONE', *, *, #2046, .T. ) ;
#4451 = CARTESIAN_POINT ( 'NONE',  ( -9.459583894364761141E-17, 1.500000000000000000, 2.309401076758504701 ) ) ;
#4452 = DIRECTION ( 'NONE',  ( -1.502314598737158045E-15, 0.000000000000000000, -1.000000000000000000 ) ) ;
#4453 = DIRECTION ( 'NONE',  ( 0.8660254037844397068, -0.000000000000000000, 0.4999999999999983347 ) ) ;
#4454 = LINE ( 'NONE', #7157, #668 ) ;
#4455 = VECTOR ( 'NONE', #3988, 1000.000000000000000 ) ;
#4456 = ORIENTED_EDGE ( 'NONE', *, *, #4263, .F. ) ;
#4457 = DIRECTION ( 'NONE',  ( 0.8660254037844342667, 0.000000000000000000, -0.5000000000000075495 ) ) ;
#4458 = EDGE_LOOP ( 'NONE', ( #617, #4361, #5994, #1122 ) ) ;
#4459 = DIRECTION ( 'NONE',  ( -0.000000000000000000, -1.000000000000000000, -0.000000000000000000 ) ) ;
#4460 = CARTESIAN_POINT ( 'NONE',  ( 3.999999999999972466, 1.500000000000000000, -11.54700538379252528 ) ) ;
#4461 = FACE_OUTER_BOUND ( 'NONE', #4480, .T. ) ;
#4462 = ORIENTED_EDGE ( 'NONE', *, *, #4620, .F. ) ;
#4463 = ADVANCED_FACE ( 'NONE', ( #3064 ), #4755, .F. ) ;
#4464 = ORIENTED_EDGE ( 'NONE', *, *, #5700, .F. ) ;
#4465 = ORIENTED_EDGE ( 'NONE', *, *, #6574, .T. ) ;
#4466 = EDGE_CURVE ( 'NONE', #886, #6808, #6462, .T. ) ;
#4467 = CARTESIAN_POINT ( 'NONE',  ( 15.75500000000000078, 1.500000000000000000, -15.75500000000000078 ) ) ;
#4468 = EDGE_CURVE ( 'NONE', #209, #4918, #305, .T. ) ;
#4469 = DIRECTION ( 'NONE',  ( 0.8660254037844352659, 0.000000000000000000, -0.5000000000000057732 ) ) ;
#4470 = CARTESIAN_POINT ( 'NONE',  ( 2.000000000000446754, 1.500000000000000000, -9.237604307034326112 ) ) ;
#4471 = LINE ( 'NONE', #3815, #1345 ) ;
#4472 = EDGE_LOOP ( 'NONE', ( #5726, #7158, #6840, #6691 ) ) ;
#4473 = DIRECTION ( 'NONE',  ( -0.000000000000000000, -1.000000000000000000, -0.000000000000000000 ) ) ;
#4474 = ORIENTED_EDGE ( 'NONE', *, *, #2033, .T. ) ;
#4475 = EDGE_CURVE ( 'NONE', #6805, #434, #7047, .T. ) ;
#4476 = FACE_OUTER_BOUND ( 'NONE', #4788, .T. ) ;
#4477 = EDGE_CURVE ( 'NONE', #6980, #1480, #3173, .T. ) ;
#4478 = LINE ( 'NONE', #6185, #523 ) ;
#4479 = LINE ( 'NONE', #6635, #6920 ) ;
#4480 = EDGE_LOOP ( 'NONE', ( #502, #2030, #83, #5965 ) ) ;
#4481 = ORIENTED_EDGE ( 'NONE', *, *, #1190, .T. ) ;
#4482 = LINE ( 'NONE', #5049, #6670 ) ;
#4483 = EDGE_CURVE ( 'NONE', #4947, #4911, #4902, .T. ) ;
#4484 = CARTESIAN_POINT ( 'NONE',  ( 7.999999999999977796, 0.000000000000000000, -9.237604307034029461 ) ) ;
#4485 = DIRECTION ( 'NONE',  ( 1.000000000000000000, 0.000000000000000000, -4.694733121053622244E-15 ) ) ;
#4486 = CARTESIAN_POINT ( 'NONE',  ( 8.000000000000133227, 2.501000000000000334, 11.54700538379242403 ) ) ;
#4487 = VERTEX_POINT ( 'NONE', #5460 ) ;
#4488 = CARTESIAN_POINT ( 'NONE',  ( -6.000000000000060396, 0.000000000000000000, -12.70170592217174388 ) ) ;
#4489 = ORIENTED_EDGE ( 'NONE', *, *, #109, .F. ) ;
#4490 = EDGE_CURVE ( 'NONE', #6355, #4680, #4379, .T. ) ;
#4491 = CARTESIAN_POINT ( 'NONE',  ( 12.99999999999997335, 0.000000000000000000, -6.350852961085958981 ) ) ;
#4492 = CARTESIAN_POINT ( 'NONE',  ( 15.75499999999999545, 1.500000000000000000, 15.75500000000000078 ) ) ;
#4493 = AXIS2_PLACEMENT_3D ( 'NONE', #1259, #2329, #5122 ) ;
#4494 = DIRECTION ( 'NONE',  ( -0.8660254037844389297, 0.000000000000000000, 0.4999999999999995004 ) ) ;
#4495 = ORIENTED_EDGE ( 'NONE', *, *, #1788, .T. ) ;
#4496 = VERTEX_POINT ( 'NONE', #379 ) ;
#4497 = VECTOR ( 'NONE', #4602, 1000.000000000000000 ) ;
#4498 = ORIENTED_EDGE ( 'NONE', *, *, #2236, .T. ) ;
#4499 = PLANE ( 'NONE',  #1875 ) ;
#4500 = AXIS2_PLACEMENT_3D ( 'NONE', #1518, #3281, #3756 ) ;
#4501 = LINE ( 'NONE', #4058, #5096 ) ;
#4502 = VECTOR ( 'NONE', #2477, 1000.000000000000000 ) ;
#4503 = DIRECTION ( 'NONE',  ( 0.8660254037844384856, 0.000000000000000000, 0.5000000000000002220 ) ) ;
#4504 = LINE ( 'NONE', #5520, #2285 ) ;
#4505 = ORIENTED_EDGE ( 'NONE', *, *, #5983, .F. ) ;
#4506 = CARTESIAN_POINT ( 'NONE',  ( 15.75500000000000078, 0.000000000000000000, -15.75500000000000078 ) ) ;
#4507 = EDGE_LOOP ( 'NONE', ( #6617, #3174, #3274, #2703, #3719, #4842 ) ) ;
#4508 = VECTOR ( 'NONE', #2645, 1000.000000000000000 ) ;
#4509 = CARTESIAN_POINT ( 'NONE',  ( 11.00000000000004441, 0.000000000000000000, 6.350852961085846182 ) ) ;
#4510 = CARTESIAN_POINT ( 'NONE',  ( -13.99999999999988987, 0.000000000000000000, 11.54700538379254837 ) ) ;
#4511 = CARTESIAN_POINT ( 'NONE',  ( -15.75500000000000789, 1.500000000000000000, 17.25500000000000256 ) ) ;
#4512 = CARTESIAN_POINT ( 'NONE',  ( 0.9999999999999713562, 0.000000000000000000, 14.43145188432685266 ) ) ;
#4513 = EDGE_CURVE ( 'NONE', #116, #3797, #2309, .T. ) ;
#4514 = EDGE_LOOP ( 'NONE', ( #6503, #6516, #5688, #3246 ) ) ;
#4515 = ORIENTED_EDGE ( 'NONE', *, *, #6388, .T. ) ;
#4516 = DIRECTION ( 'NONE',  ( 0.8660254037844388186, 0.000000000000000000, -0.4999999999999997224 ) ) ;
#4517 = EDGE_CURVE ( 'NONE', #2830, #6107, #1632, .T. ) ;
#4518 = CARTESIAN_POINT ( 'NONE',  ( 0.9999999999999895639, 0.000000000000000000, -4.041451884327381450 ) ) ;
#4519 = DIRECTION ( 'NONE',  ( -0.000000000000000000, -1.000000000000000000, -0.000000000000000000 ) ) ;
#4520 = DIRECTION ( 'NONE',  ( -0.8660254037844363761, 0.000000000000000000, 0.5000000000000038858 ) ) ;
#4521 = CARTESIAN_POINT ( 'NONE',  ( -10.00000000000005329, 0.000000000000000000, -11.54700538379254127 ) ) ;
#4522 = EDGE_CURVE ( 'NONE', #1600, #7081, #4454, .T. ) ;
#4523 = ORIENTED_EDGE ( 'NONE', *, *, #885, .F. ) ;
#4524 = CARTESIAN_POINT ( 'NONE',  ( -0.9999999999999397149, 1.500000000000000000, 6.350852961085893256 ) ) ;
#4525 = VERTEX_POINT ( 'NONE', #2661 ) ;
#4526 = LINE ( 'NONE', #5124, #4497 ) ;
#4527 = FACE_BOUND ( 'NONE', #3187, .T. ) ;
#4528 = LINE ( 'NONE', #5798, #69 ) ;
#4529 = ORIENTED_EDGE ( 'NONE', *, *, #2584, .T. ) ;
#4530 = AXIS2_PLACEMENT_3D ( 'NONE', #847, #1942, #5897 ) ;
#4531 = ORIENTED_EDGE ( 'NONE', *, *, #5055, .T. ) ;
#4532 = ORIENTED_EDGE ( 'NONE', *, *, #6701, .T. ) ;
#4533 = AXIS2_PLACEMENT_3D ( 'NONE', #5686, #6277, #4570 ) ;
#4534 = CARTESIAN_POINT ( 'NONE',  ( 9.999999999999971578, 0.000000000000000000, -11.54700538379252528 ) ) ;
#4535 = AXIS2_PLACEMENT_3D ( 'NONE', #5457, #927, #6491 ) ;
#4536 = CARTESIAN_POINT ( 'NONE',  ( 12.99999999999997335, 1.500000000000000000, -6.350852961085958981 ) ) ;
#4537 = DIRECTION ( 'NONE',  ( 1.000000000000000000, 0.000000000000000000, -1.164293814021299339E-14 ) ) ;
#4538 = PLANE ( 'NONE',  #5699 ) ;
#4539 = ORIENTED_EDGE ( 'NONE', *, *, #2697, .F. ) ;
#4540 = CIRCLE ( 'NONE', #916, 4.000000000000000000 ) ;
#4541 = ORIENTED_EDGE ( 'NONE', *, *, #4774, .F. ) ;
#4542 = VECTOR ( 'NONE', #1241, 1000.000000000000000 ) ;
#4543 = VECTOR ( 'NONE', #5545, 1000.000000000000114 ) ;
#4544 = VECTOR ( 'NONE', #5192, 1000.000000000000000 ) ;
#4545 = CARTESIAN_POINT ( 'NONE',  ( 9.000000000000047962, 0.000000000000000000, 7.505553499465094092 ) ) ;
#4546 = CARTESIAN_POINT ( 'NONE',  ( -15.75500000000000789, 2.500000000000000000, 15.75500000000000078 ) ) ;
#4547 = CARTESIAN_POINT ( 'NONE',  ( -6.999999999999992895, 0.000000000000000000, 4.041451884326855648 ) ) ;
#4548 = VECTOR ( 'NONE', #4232, 1000.000000000000000 ) ;
#4549 = DIRECTION ( 'NONE',  ( -0.000000000000000000, -1.000000000000000000, -0.000000000000000000 ) ) ;
#4550 = CIRCLE ( 'NONE', #804, 4.000000000000000000 ) ;
#4551 = ORIENTED_EDGE ( 'NONE', *, *, #7261, .F. ) ;
#4552 = EDGE_CURVE ( 'NONE', #3523, #7011, #1553, .T. ) ;
#4553 = EDGE_LOOP ( 'NONE', ( #2003, #1708, #2045, #4411 ) ) ;
#4554 = VECTOR ( 'NONE', #3958, 1000.000000000000000 ) ;
#4555 = CARTESIAN_POINT ( 'NONE',  ( 14.00000000000000000, 0.000000000000000000, 1.154700538379251240 ) ) ;
#4556 = DIRECTION ( 'NONE',  ( 0.8660254037844384856, 0.000000000000000000, -0.5000000000000002220 ) ) ;
#4557 = DIRECTION ( 'NONE',  ( 0.000000000000000000, 0.000000000000000000, -1.000000000000000000 ) ) ;
#4558 = EDGE_CURVE ( 'NONE', #1281, #5362, #930, .T. ) ;
#4559 = DIRECTION ( 'NONE',  ( 4.506943796211474136E-15, 0.000000000000000000, 1.000000000000000000 ) ) ;
#4560 = FACE_OUTER_BOUND ( 'NONE', #4810, .T. ) ;
#4561 = EDGE_CURVE ( 'NONE', #4236, #3932, #5727, .T. ) ;
#4562 = VERTEX_POINT ( 'NONE', #456 ) ;
#4563 = CARTESIAN_POINT ( 'NONE',  ( -15.99999999999999645, 0.000000000000000000, 20.00000000000000000 ) ) ;
#4564 = EDGE_LOOP ( 'NONE', ( #5366, #7176, #2566, #161 ) ) ;
#4565 = DIRECTION ( 'NONE',  ( -0.8660254037844411501, 0.000000000000000000, -0.4999999999999957812 ) ) ;
#4566 = ADVANCED_FACE ( 'NONE', ( #6017 ), #491, .F. ) ;
#4567 = FACE_OUTER_BOUND ( 'NONE', #3018, .T. ) ;
#4568 = ADVANCED_FACE ( 'NONE', ( #6092 ), #6129, .F. ) ;
#4569 = CARTESIAN_POINT ( 'NONE',  ( -5.000000000000020428, 1.500000000000000000, -4.041451884327353916 ) ) ;
#4570 = DIRECTION ( 'NONE',  ( 0.8660254037844382635, 0.000000000000000000, 0.5000000000000006661 ) ) ;
#4571 = ORIENTED_EDGE ( 'NONE', *, *, #6545, .T. ) ;
#4572 = VECTOR ( 'NONE', #3727, 1000.000000000000227 ) ;
#4573 = EDGE_LOOP ( 'NONE', ( #7051, #6183, #2116, #6189, #861, #61 ) ) ;
#4574 = ORIENTED_EDGE ( 'NONE', *, *, #3180, .T. ) ;
#4575 = DIRECTION ( 'NONE',  ( 0.8660254037844385966, 0.000000000000000000, 0.5000000000000002220 ) ) ;
#4576 = VERTEX_POINT ( 'NONE', #6643 ) ;
#4577 = AXIS2_PLACEMENT_3D ( 'NONE', #2485, #2002, #936 ) ;
#4578 = EDGE_CURVE ( 'NONE', #7242, #3796, #4347, .T. ) ;
#4579 = DIRECTION ( 'NONE',  ( -0.8660254037844382635, 0.000000000000000000, -0.5000000000000006661 ) ) ;
#4580 = LINE ( 'NONE', #204, #798 ) ;
#4581 = LINE ( 'NONE', #6839, #3690 ) ;
#4582 = ORIENTED_EDGE ( 'NONE', *, *, #5541, .T. ) ;
#4583 = ORIENTED_EDGE ( 'NONE', *, *, #11, .T. ) ;
#4584 = PLANE ( 'NONE',  #5139 ) ;
#4585 = CARTESIAN_POINT ( 'NONE',  ( 4.000000000000105693, 2.501000000000000334, 9.237604307033967288 ) ) ;
#4586 = ADVANCED_FACE ( 'NONE', ( #4944 ), #6607, .F. ) ;
#4587 = CARTESIAN_POINT ( 'NONE',  ( 1.999999999999999112, 0.000000000000000000, 1.154700538379253683 ) ) ;
#4588 = UNCERTAINTY_MEASURE_WITH_UNIT (LENGTH_MEASURE( 1.000000000000000082E-05 ), #5531, 'distance_accuracy_value', 'NONE');
#4589 = DIRECTION ( 'NONE',  ( 0.4999999999999919509, 0.000000000000000000, -0.8660254037844433705 ) ) ;
#4590 = ORIENTED_EDGE ( 'NONE', *, *, #6959, .T. ) ;
#4591 = EDGE_LOOP ( 'NONE', ( #3394, #4323, #2688, #2433 ) ) ;
#4592 = CARTESIAN_POINT ( 'NONE',  ( 14.00000000000000000, 2.501000000000000334, 1.154700538379251240 ) ) ;
#4593 = CARTESIAN_POINT ( 'NONE',  ( -8.000000000000055067, 0.000000000000000000, -11.54700538379248442 ) ) ;
#4594 = CARTESIAN_POINT ( 'NONE',  ( -3.999999999999889866, 2.501000000000000334, 11.54700538379255192 ) ) ;
#4595 = CARTESIAN_POINT ( 'NONE',  ( 0.9999999999999713562, 2.501000000000000334, 14.43145188432685266 ) ) ;
#4596 = DIRECTION ( 'NONE',  ( -0.8660254037844378194, 0.000000000000000000, 0.5000000000000015543 ) ) ;
#4597 = EDGE_CURVE ( 'NONE', #1189, #3404, #1079, .T. ) ;
#4598 = ORIENTED_EDGE ( 'NONE', *, *, #4155, .T. ) ;
#4599 = LINE ( 'NONE', #4048, #2385 ) ;
#4600 = ORIENTED_EDGE ( 'NONE', *, *, #2659, .T. ) ;
#4601 = CARTESIAN_POINT ( 'NONE',  ( 6.999999999999980460, 1.500000000000000000, -4.041451884327456945 ) ) ;
#4602 = DIRECTION ( 'NONE',  ( 0.000000000000000000, 0.000000000000000000, -1.000000000000000000 ) ) ;
#4603 = CARTESIAN_POINT ( 'NONE',  ( -5.000000000000028422, 0.000000000000000000, 16.74085296108535559 ) ) ;
#4604 = CARTESIAN_POINT ( 'NONE',  ( -14.99999999999999467, 0.000000000000000000, 7.505553499464564737 ) ) ;
#4605 = VERTEX_POINT ( 'NONE', #6570 ) ;
#4606 = ADVANCED_FACE ( 'NONE', ( #6678 ), #2145, .F. ) ;
#4607 = ORIENTED_EDGE ( 'NONE', *, *, #7014, .T. ) ;
#4608 = ORIENTED_EDGE ( 'NONE', *, *, #4866, .F. ) ;
#4609 = EDGE_CURVE ( 'NONE', #6895, #1156, #2064, .T. ) ;
#4610 = EDGE_CURVE ( 'NONE', #3522, #2483, #3759, .T. ) ;
#4611 = DIRECTION ( 'NONE',  ( 0.8660254037844399289, 0.000000000000000000, 0.4999999999999978906 ) ) ;
#4612 = ORIENTED_EDGE ( 'NONE', *, *, #2593, .F. ) ;
#4613 = LINE ( 'NONE', #2824, #7096 ) ;
#4614 = CARTESIAN_POINT ( 'NONE',  ( -6.000000000000016875, 0.000000000000000000, -2.309401076758460736 ) ) ;
#4615 = DIRECTION ( 'NONE',  ( -0.000000000000000000, -1.000000000000000000, -0.000000000000000000 ) ) ;
#4616 = ORIENTED_EDGE ( 'NONE', *, *, #2507, .F. ) ;
#4617 = VECTOR ( 'NONE', #6393, 1000.000000000000114 ) ;
#4618 = VECTOR ( 'NONE', #6933, 1000.000000000000000 ) ;
#4619 = EDGE_LOOP ( 'NONE', ( #6363, #496, #3083, #2704 ) ) ;
#4620 = EDGE_CURVE ( 'NONE', #5799, #4562, #1802, .T. ) ;
#4621 = EDGE_CURVE ( 'NONE', #1887, #627, #1720, .T. ) ;
#4622 = EDGE_CURVE ( 'NONE', #2290, #3522, #4046, .T. ) ;
#4623 = VECTOR ( 'NONE', #6827, 1000.000000000000000 ) ;
#4624 = DIRECTION ( 'NONE',  ( -0.8660254037844411501, 0.000000000000000000, -0.4999999999999957256 ) ) ;
#4625 = PLANE ( 'NONE',  #3019 ) ;
#4626 = DIRECTION ( 'NONE',  ( 0.5000000000000082157, -0.000000000000000000, 0.8660254037844339337 ) ) ;
#4627 = CARTESIAN_POINT ( 'NONE',  ( -13.99999999999990941, 1.500000000000000000, 9.237604307034041895 ) ) ;
#4628 = VECTOR ( 'NONE', #764, 1000.000000000000114 ) ;
#4629 = VERTEX_POINT ( 'NONE', #33 ) ;
#4630 = EDGE_LOOP ( 'NONE', ( #4210, #5367, #5113, #6627 ) ) ;
#4631 = DIRECTION ( 'NONE',  ( 0.000000000000000000, 0.000000000000000000, 1.000000000000000000 ) ) ;
#4632 = DIRECTION ( 'NONE',  ( -0.000000000000000000, -1.000000000000000000, -0.000000000000000000 ) ) ;
#4633 = CIRCLE ( 'NONE', #1585, 2.700000000000001066 ) ;
#4634 = CARTESIAN_POINT ( 'NONE',  ( -12.99999999999971401, 2.501000000000000334, -4.041451884327967647 ) ) ;
#4635 = DIRECTION ( 'NONE',  ( 0.8660254037844359321, 0.000000000000000000, -0.5000000000000046629 ) ) ;
#4636 = CARTESIAN_POINT ( 'NONE',  ( -15.75500000000000789, 1.500000000000000000, 18.45500000000000185 ) ) ;
#4637 = ORIENTED_EDGE ( 'NONE', *, *, #7261, .T. ) ;
#4638 = ADVANCED_FACE ( 'NONE', ( #5714 ), #4008, .F. ) ;
#4639 = LINE ( 'NONE', #6786, #2269 ) ;
#4640 = LINE ( 'NONE', #1330, #4777 ) ;
#4641 = CARTESIAN_POINT ( 'NONE',  ( -2.000000000000000888, 1.500000000000000000, -1.154700538379251684 ) ) ;
#4642 = LINE ( 'NONE', #4569, #5032 ) ;
#4643 = DIRECTION ( 'NONE',  ( 0.000000000000000000, -1.000000000000000000, 0.000000000000000000 ) ) ;
#4644 = ORIENTED_EDGE ( 'NONE', *, *, #1920, .F. ) ;
#4645 = DIRECTION ( 'NONE',  ( -0.8660254037844409281, 0.000000000000000000, -0.4999999999999961142 ) ) ;
#4646 = ORIENTED_EDGE ( 'NONE', *, *, #4712, .T. ) ;
#4647 = VERTEX_POINT ( 'NONE', #6303 ) ;
#4648 = FACE_OUTER_BOUND ( 'NONE', #2867, .T. ) ;
#4649 = VERTEX_POINT ( 'NONE', #6745 ) ;
#4650 = ADVANCED_FACE ( 'NONE', ( #3351 ), #562, .F. ) ;
#4651 = DIRECTION ( 'NONE',  ( 5.633679745264346614E-16, 0.000000000000000000, -1.000000000000000000 ) ) ;
#4652 = LINE ( 'NONE', #6287, #6797 ) ;
#4653 = DIRECTION ( 'NONE',  ( 0.000000000000000000, -1.000000000000000000, 0.000000000000000000 ) ) ;
#4654 = EDGE_LOOP ( 'NONE', ( #902, #19, #4001, #759, #2491, #6540 ) ) ;
#4655 = ADVANCED_FACE ( 'NONE', ( #667 ), #2808, .F. ) ;
#4656 = VECTOR ( 'NONE', #6631, 1000.000000000000000 ) ;
#4657 = ORIENTED_EDGE ( 'NONE', *, *, #1982, .F. ) ;
#4658 = ADVANCED_FACE ( 'NONE', ( #5052 ), #5648, .F. ) ;
#4659 = VECTOR ( 'NONE', #2426, 1000.000000000000000 ) ;
#4660 = CARTESIAN_POINT ( 'NONE',  ( -6.999999999999992895, 1.500000000000000000, 4.041451884326855648 ) ) ;
#4661 = CARTESIAN_POINT ( 'NONE',  ( 3.000000000000087486, 2.501000000000000334, 7.505553499465101197 ) ) ;
#4662 = VECTOR ( 'NONE', #6528, 1000.000000000000227 ) ;
#4663 = LINE ( 'NONE', #3999, #6984 ) ;
#4664 = EDGE_CURVE ( 'NONE', #5674, #6119, #6196, .T. ) ;
#4665 = CARTESIAN_POINT ( 'NONE',  ( 4.000000000000133227, 0.000000000000000000, 11.54700538379246844 ) ) ;
#4666 = CIRCLE ( 'NONE', #6209, 4.000000000000000000 ) ;
#4667 = VECTOR ( 'NONE', #6527, 1000.000000000000000 ) ;
#4668 = ORIENTED_EDGE ( 'NONE', *, *, #5274, .F. ) ;
#4669 = VECTOR ( 'NONE', #6886, 1000.000000000000000 ) ;
#4670 = ORIENTED_EDGE ( 'NONE', *, *, #1570, .F. ) ;
#4671 = CARTESIAN_POINT ( 'NONE',  ( -7.999999999999910294, 2.501000000000000334, 9.237604307034084528 ) ) ;
#4672 = AXIS2_PLACEMENT_3D ( 'NONE', #1016, #2160, #2128 ) ;
#4673 = CARTESIAN_POINT ( 'NONE',  ( -10.00000000000001066, 2.501000000000000334, -1.154700538379182184 ) ) ;
#4674 = AXIS2_PLACEMENT_3D ( 'NONE', #1111, #1552, #3350 ) ;
#4675 = CARTESIAN_POINT ( 'NONE',  ( 6.999999999999974243, 2.501000000000000334, -6.350852961085958981 ) ) ;
#4676 = VECTOR ( 'NONE', #3596, 1000.000000000000114 ) ;
#4677 = DIRECTION ( 'NONE',  ( -1.000000000000000000, 0.000000000000000000, 0.000000000000000000 ) ) ;
#4678 = LINE ( 'NONE', #4227, #1617 ) ;
#4679 = AXIS2_PLACEMENT_3D ( 'NONE', #2053, #1980, #6481 ) ;
#4680 = VERTEX_POINT ( 'NONE', #2288 ) ;
#4681 = DIRECTION ( 'NONE',  ( -0.5000000000000104361, 0.000000000000000000, -0.8660254037844326014 ) ) ;
#4682 = LINE ( 'NONE', #2366, #2068 ) ;
#4683 = DIRECTION ( 'NONE',  ( -0.000000000000000000, -1.000000000000000000, -0.000000000000000000 ) ) ;
#4684 = VECTOR ( 'NONE', #6442, 1000.000000000000000 ) ;
#4685 = DIRECTION ( 'NONE',  ( 0.000000000000000000, 0.000000000000000000, 1.000000000000000000 ) ) ;
#4686 = DIRECTION ( 'NONE',  ( -0.8660254037844328234, 0.000000000000000000, 0.5000000000000103251 ) ) ;
#4687 = ORIENTED_EDGE ( 'NONE', *, *, #5251, .T. ) ;
#4688 = LINE ( 'NONE', #3066, #5400 ) ;
#4689 = ORIENTED_EDGE ( 'NONE', *, *, #5834, .T. ) ;
#4690 = VERTEX_POINT ( 'NONE', #6780 ) ;
#4691 = CARTESIAN_POINT ( 'NONE',  ( -6.000000000000039080, 2.501000000000000334, -8.082903768654736254 ) ) ;
#4692 = ORIENTED_EDGE ( 'NONE', *, *, #6681, .F. ) ;
#4693 = DIRECTION ( 'NONE',  ( -0.000000000000000000, -1.000000000000000000, -0.000000000000000000 ) ) ;
#4694 = CARTESIAN_POINT ( 'NONE',  ( -12.99999999999999467, 1.500000000000000000, 6.350852961085315052 ) ) ;
#4695 = FACE_OUTER_BOUND ( 'NONE', #4903, .T. ) ;
#4696 = ORIENTED_EDGE ( 'NONE', *, *, #5666, .F. ) ;
#4697 = EDGE_CURVE ( 'NONE', #881, #3, #600, .T. ) ;
#4698 = ORIENTED_EDGE ( 'NONE', *, *, #3231, .F. ) ;
#4699 = EDGE_CURVE ( 'NONE', #733, #3402, #5085, .T. ) ;
#4700 = EDGE_LOOP ( 'NONE', ( #1541, #6164, #3779, #7074 ) ) ;
#4701 = VECTOR ( 'NONE', #6901, 1000.000000000000000 ) ;
#4702 = EDGE_CURVE ( 'NONE', #1852, #5446, #5757, .T. ) ;
#4703 = CARTESIAN_POINT ( 'NONE',  ( -5.999999999999920952, 0.000000000000000000, 8.082903768654816190 ) ) ;
#4704 = DIRECTION ( 'NONE',  ( 3.755786496842901029E-16, 0.000000000000000000, -1.000000000000000000 ) ) ;
#4705 = LINE ( 'NONE', #1758, #2396 ) ;
#4706 = PLANE ( 'NONE',  #4206 ) ;
#4707 = VERTEX_POINT ( 'NONE', #6268 ) ;
#4708 = EDGE_CURVE ( 'NONE', #3432, #6673, #790, .T. ) ;
#4709 = DIRECTION ( 'NONE',  ( -0.8660254037844371533, 0.000000000000000000, 0.5000000000000026645 ) ) ;
#4710 = LINE ( 'NONE', #1904, #1375 ) ;
#4711 = DIRECTION ( 'NONE',  ( -0.8660254037844339337, 0.000000000000000000, 0.5000000000000083267 ) ) ;
#4712 = EDGE_CURVE ( 'NONE', #627, #4269, #2876, .T. ) ;
#4713 = FACE_BOUND ( 'NONE', #2848, .T. ) ;
#4714 = PLANE ( 'NONE',  #1726 ) ;
#4715 = ORIENTED_EDGE ( 'NONE', *, *, #5204, .T. ) ;
#4716 = LINE ( 'NONE', #7075, #864 ) ;
#4717 = DIRECTION ( 'NONE',  ( 2.253471898105738645E-15, 0.000000000000000000, 1.000000000000000000 ) ) ;
#4718 = LINE ( 'NONE', #6935, #4392 ) ;
#4719 = FACE_OUTER_BOUND ( 'NONE', #2055, .T. ) ;
#4720 = LINE ( 'NONE', #5942, #3716 ) ;
#4721 = VERTEX_POINT ( 'NONE', #5194 ) ;
#4722 = FACE_OUTER_BOUND ( 'NONE', #2964, .T. ) ;
#4723 = ORIENTED_EDGE ( 'NONE', *, *, #3945, .T. ) ;
#4724 = ORIENTED_EDGE ( 'NONE', *, *, #2913, .T. ) ;
#4725 = CARTESIAN_POINT ( 'NONE',  ( 11.99999999999998046, 0.000000000000000000, -8.082903768654771781 ) ) ;
#4726 = EDGE_LOOP ( 'NONE', ( #2346, #2578, #7070, #5492, #5835, #5304 ) ) ;
#4727 = FACE_OUTER_BOUND ( 'NONE', #697, .T. ) ;
#4728 = LINE ( 'NONE', #3072, #3968 ) ;
#4729 = CARTESIAN_POINT ( 'NONE',  ( 8.000000000000000000, 0.000000000000000000, 1.154700538379251240 ) ) ;
#4730 = ORIENTED_EDGE ( 'NONE', *, *, #2231, .T. ) ;
#4731 = ORIENTED_EDGE ( 'NONE', *, *, #5440, .F. ) ;
#4732 = ORIENTED_EDGE ( 'NONE', *, *, #2548, .T. ) ;
#4733 = EDGE_CURVE ( 'NONE', #1690, #6080, #633, .T. ) ;
#4734 = CARTESIAN_POINT ( 'NONE',  ( 14.00000000000000000, 2.501000000000000334, -1.154700538379251018 ) ) ;
#4735 = DIRECTION ( 'NONE',  ( -0.8660254037844385966, 0.000000000000000000, -0.5000000000000002220 ) ) ;
#4736 = DIRECTION ( 'NONE',  ( 0.5000000000000079936, -0.000000000000000000, 0.8660254037844341557 ) ) ;
#4737 = LINE ( 'NONE', #1355, #6339 ) ;
#4738 = VERTEX_POINT ( 'NONE', #2325 ) ;
#4739 = AXIS2_PLACEMENT_3D ( 'NONE', #5099, #1751, #48 ) ;
#4740 = ORIENTED_EDGE ( 'NONE', *, *, #3256, .F. ) ;
#4741 = DIRECTION ( 'NONE',  ( 7.511572993685793381E-15, -0.000000000000000000, 1.000000000000000000 ) ) ;
#4742 = CARTESIAN_POINT ( 'NONE',  ( 3.000000000000072387, 2.501000000000000334, -17.89785834946512111 ) ) ;
#4743 = ADVANCED_FACE ( 'NONE', ( #4560 ), #1218, .F. ) ;
#4744 = FACE_BOUND ( 'NONE', #5896, .T. ) ;
#4745 = VECTOR ( 'NONE', #5005, 1000.000000000000227 ) ;
#4746 = FACE_BOUND ( 'NONE', #4726, .T. ) ;
#4747 = DIRECTION ( 'NONE',  ( -0.000000000000000000, -1.000000000000000000, -0.000000000000000000 ) ) ;
#4748 = EDGE_CURVE ( 'NONE', #3042, #2792, #6412, .T. ) ;
#4749 = VERTEX_POINT ( 'NONE', #183 ) ;
#4750 = VECTOR ( 'NONE', #205, 1000.000000000000000 ) ;
#4751 = CARTESIAN_POINT ( 'NONE',  ( -9.999999999999891642, 2.501000000000000334, 11.54700538379251107 ) ) ;
#4752 = CARTESIAN_POINT ( 'NONE',  ( -1.000000000000029532, 1.500000000000000000, -6.350852961085878157 ) ) ;
#4753 = CARTESIAN_POINT ( 'NONE',  ( -15.75500000000000078, 2.500000000000000000, -17.25500000000000256 ) ) ;
#4754 = FACE_OUTER_BOUND ( 'NONE', #184, .T. ) ;
#4755 = CYLINDRICAL_SURFACE ( 'NONE', #2897, 2.700000000000001066 ) ;
#4756 = ORIENTED_EDGE ( 'NONE', *, *, #1279, .F. ) ;
#4757 = EDGE_CURVE ( 'NONE', #369, #4885, #2472, .T. ) ;
#4758 = EDGE_CURVE ( 'NONE', #4992, #3733, #2506, .T. ) ;
#4759 = CARTESIAN_POINT ( 'NONE',  ( 10.99999999999997868, 2.501000000000000334, -4.041451884327467603 ) ) ;
#4760 = ORIENTED_EDGE ( 'NONE', *, *, #2870, .F. ) ;
#4761 = ORIENTED_EDGE ( 'NONE', *, *, #1105, .T. ) ;
#4762 = EDGE_CURVE ( 'NONE', #3338, #1107, #5900, .T. ) ;
#4763 = CARTESIAN_POINT ( 'NONE',  ( 0.9999999999999713562, 1.500000000000000000, 16.74085296108535559 ) ) ;
#4764 = ORIENTED_EDGE ( 'NONE', *, *, #2271, .F. ) ;
#4765 = DIRECTION ( 'NONE',  ( -1.000000000000000000, 0.000000000000000000, 0.000000000000000000 ) ) ;
#4766 = CARTESIAN_POINT ( 'NONE',  ( -15.75500000000000078, 0.000000000000000000, -15.75500000000000078 ) ) ;
#4767 = CARTESIAN_POINT ( 'NONE',  ( 2.000000000000446754, 2.501000000000000334, -9.237604307034326112 ) ) ;
#4768 = ORIENTED_EDGE ( 'NONE', *, *, #651, .T. ) ;
#4769 = ORIENTED_EDGE ( 'NONE', *, *, #319, .T. ) ;
#4770 = ORIENTED_EDGE ( 'NONE', *, *, #3634, .F. ) ;
#4771 = FACE_OUTER_BOUND ( 'NONE', #2123, .T. ) ;
#4772 = PLANE ( 'NONE',  #3490 ) ;
#4773 = CARTESIAN_POINT ( 'NONE',  ( 4.999999999999985789, 0.000000000000000000, -6.350852961085895032 ) ) ;
#4774 = EDGE_CURVE ( 'NONE', #414, #2019, #1838, .T. ) ;
#4775 = CARTESIAN_POINT ( 'NONE',  ( 9.000000000000046185, 2.501000000000000334, 2.886751345948089575 ) ) ;
#4776 = ORIENTED_EDGE ( 'NONE', *, *, #2571, .F. ) ;
#4777 = VECTOR ( 'NONE', #6890, 1000.000000000000114 ) ;
#4778 = VECTOR ( 'NONE', #3829, 1000.000000000000000 ) ;
#4779 = VERTEX_POINT ( 'NONE', #1908 ) ;
#4780 = PLANE ( 'NONE',  #1253 ) ;
#4781 = LINE ( 'NONE', #1471, #6200 ) ;
#4782 = VECTOR ( 'NONE', #6089, 1000.000000000000000 ) ;
#4783 = FACE_BOUND ( 'NONE', #1776, .T. ) ;
#4784 = DIRECTION ( 'NONE',  ( -0.8660254037844390407, 0.000000000000000000, 0.4999999999999992228 ) ) ;
#4785 = EDGE_CURVE ( 'NONE', #4487, #1860, #1946, .T. ) ;
#4786 = VECTOR ( 'NONE', #1976, 1000.000000000000114 ) ;
#4787 = EDGE_CURVE ( 'NONE', #643, #4629, #4678, .T. ) ;
#4788 = EDGE_LOOP ( 'NONE', ( #6223, #2868, #797, #1933 ) ) ;
#4789 = VECTOR ( 'NONE', #7066, 1000.000000000000000 ) ;
#4790 = VECTOR ( 'NONE', #5355, 1000.000000000000000 ) ;
#4791 = LINE ( 'NONE', #5277, #3330 ) ;
#4792 = ADVANCED_FACE ( 'NONE', ( #6453 ), #4714, .F. ) ;
#4793 = FACE_OUTER_BOUND ( 'NONE', #7126, .T. ) ;
#4794 = VECTOR ( 'NONE', #2286, 1000.000000000000114 ) ;
#4795 = CARTESIAN_POINT ( 'NONE',  ( 8.999999999999980460, 0.000000000000000000, -2.886751345948211256 ) ) ;
#4796 = LINE ( 'NONE', #4267, #5739 ) ;
#4797 = DIRECTION ( 'NONE',  ( -0.8660254037844394848, 0.000000000000000000, -0.4999999999999985012 ) ) ;
#4798 = ORIENTED_EDGE ( 'NONE', *, *, #6427, .T. ) ;
#4799 = CARTESIAN_POINT ( 'NONE',  ( 8.999999999999969802, 2.501000000000000334, -7.505553499465213108 ) ) ;
#4800 = AXIS2_PLACEMENT_3D ( 'NONE', #6233, #5713, #6302 ) ;
#4801 = EDGE_LOOP ( 'NONE', ( #423, #2710, #4539, #6042 ) ) ;
#4802 = ORIENTED_EDGE ( 'NONE', *, *, #3526, .T. ) ;
#4803 = DIRECTION ( 'NONE',  ( 0.000000000000000000, -1.000000000000000000, 0.000000000000000000 ) ) ;
#4804 = ORIENTED_EDGE ( 'NONE', *, *, #4621, .F. ) ;
#4805 = EDGE_CURVE ( 'NONE', #7021, #2135, #3092, .T. ) ;
#4806 = VECTOR ( 'NONE', #5672, 1000.000000000000000 ) ;
#4807 = DIRECTION ( 'NONE',  ( -0.8660254037844383745, 0.000000000000000000, -0.5000000000000003331 ) ) ;
#4808 = PLANE ( 'NONE',  #1384 ) ;
#4809 = DIRECTION ( 'NONE',  ( -0.8660254037844445918, 0.000000000000000000, -0.4999999999999896194 ) ) ;
#4810 = EDGE_LOOP ( 'NONE', ( #5506, #131, #1129, #210 ) ) ;
#4811 = VERTEX_POINT ( 'NONE', #1406 ) ;
#4812 = ORIENTED_EDGE ( 'NONE', *, *, #6641, .T. ) ;
#4813 = ORIENTED_EDGE ( 'NONE', *, *, #1020, .T. ) ;
#4814 = CARTESIAN_POINT ( 'NONE',  ( 14.00000000000013323, 1.500000000000000000, 11.54700538379242403 ) ) ;
#4815 = LINE ( 'NONE', #3665, #913 ) ;
#4816 = DIRECTION ( 'NONE',  ( -0.000000000000000000, -1.000000000000000000, -0.000000000000000000 ) ) ;
#4817 = FACE_OUTER_BOUND ( 'NONE', #6029, .T. ) ;
#4818 = ORIENTED_EDGE ( 'NONE', *, *, #4175, .F. ) ;
#4819 = EDGE_CURVE ( 'NONE', #575, #6867, #6344, .T. ) ;
#4820 = ORIENTED_EDGE ( 'NONE', *, *, #6740, .F. ) ;
#4821 = LINE ( 'NONE', #2537, #4179 ) ;
#4822 = LINE ( 'NONE', #2653, #81 ) ;
#4823 = FACE_BOUND ( 'NONE', #6220, .T. ) ;
#4824 = VERTEX_POINT ( 'NONE', #6963 ) ;
#4825 = DIRECTION ( 'NONE',  ( -0.000000000000000000, -1.000000000000000000, -0.000000000000000000 ) ) ;
#4826 = EDGE_CURVE ( 'NONE', #3076, #5895, #4116, .T. ) ;
#4827 = DIRECTION ( 'NONE',  ( -0.5000000000000057732, 0.000000000000000000, -0.8660254037844353769 ) ) ;
#4828 = LINE ( 'NONE', #5459, #1623 ) ;
#4829 = CARTESIAN_POINT ( 'NONE',  ( -6.000000000000039080, 0.000000000000000000, -8.082903768654736254 ) ) ;
#4830 = EDGE_LOOP ( 'NONE', ( #2447, #3773, #5836, #2959 ) ) ;
#4831 = DIRECTION ( 'NONE',  ( -0.8660254037844388186, 0.000000000000000000, 0.4999999999999997780 ) ) ;
#4832 = ORIENTED_EDGE ( 'NONE', *, *, #424, .F. ) ;
#4833 = EDGE_LOOP ( 'NONE', ( #1088, #1416, #2148, #7128 ) ) ;
#4834 = PLANE ( 'NONE',  #4940 ) ;
#4835 = ORIENTED_EDGE ( 'NONE', *, *, #947, .F. ) ;
#4836 = CARTESIAN_POINT ( 'NONE',  ( -8.999999999999712230, 0.000000000000000000, -2.886751345948675329 ) ) ;
#4837 = LINE ( 'NONE', #6470, #3603 ) ;
#4838 = CARTESIAN_POINT ( 'NONE',  ( 10.00000000000013323, 0.000000000000000000, 11.54700538379246844 ) ) ;
#4839 = VERTEX_POINT ( 'NONE', #3016 ) ;
#4840 = ADVANCED_FACE ( 'NONE', ( #1362 ), #1327, .F. ) ;
#4841 = ORIENTED_EDGE ( 'NONE', *, *, #4974, .T. ) ;
#4842 = ORIENTED_EDGE ( 'NONE', *, *, #2735, .T. ) ;
#4843 = ORIENTED_EDGE ( 'NONE', *, *, #1162, .T. ) ;
#4844 = LINE ( 'NONE', #7094, #5264 ) ;
#4845 = CARTESIAN_POINT ( 'NONE',  ( -15.75500000000000789, 1.500000000000000000, 13.05500000000000149 ) ) ;
#4846 = FACE_OUTER_BOUND ( 'NONE', #925, .T. ) ;
#4847 = VERTEX_POINT ( 'NONE', #5273 ) ;
#4848 = CARTESIAN_POINT ( 'NONE',  ( -8.999999999999992895, 2.501000000000000334, 2.886751345947603742 ) ) ;
#4849 = EDGE_CURVE ( 'NONE', #1669, #3450, #1987, .T. ) ;
#4850 = EDGE_CURVE ( 'NONE', #6703, #4228, #4149, .T. ) ;
#4851 = VERTEX_POINT ( 'NONE', #5825 ) ;
#4852 = VERTEX_POINT ( 'NONE', #6768 ) ;
#4853 = DIRECTION ( 'NONE',  ( -0.000000000000000000, -1.000000000000000000, -0.000000000000000000 ) ) ;
#4854 = LINE ( 'NONE', #883, #3602 ) ;
#4855 = FACE_BOUND ( 'NONE', #126, .T. ) ;
#4856 = EDGE_CURVE ( 'NONE', #4749, #7278, #693, .T. ) ;
#4857 = VECTOR ( 'NONE', #2889, 1000.000000000000000 ) ;
#4858 = EDGE_LOOP ( 'NONE', ( #2856, #3913, #6426, #3682 ) ) ;
#4859 = DIRECTION ( 'NONE',  ( -0.5000000000000000000, 0.000000000000000000, 0.8660254037844387076 ) ) ;
#4860 = DIRECTION ( 'NONE',  ( -0.8660254037844352659, 0.000000000000000000, 0.5000000000000056621 ) ) ;
#4861 = VECTOR ( 'NONE', #2400, 1000.000000000000000 ) ;
#4862 = CARTESIAN_POINT ( 'NONE',  ( 8.999999999999969802, 1.500000000000000000, -7.505553499465212219 ) ) ;
#4863 = DIRECTION ( 'NONE',  ( 0.000000000000000000, 0.000000000000000000, 1.000000000000000000 ) ) ;
#4864 = ORIENTED_EDGE ( 'NONE', *, *, #3073, .T. ) ;
#4865 = SURFACE_SIDE_STYLE ('',( #859 ) ) ;
#4866 = EDGE_CURVE ( 'NONE', #1603, #6833, #620, .T. ) ;
#4867 = ORIENTED_EDGE ( 'NONE', *, *, #1698, .F. ) ;
#4868 = VECTOR ( 'NONE', #3545, 1000.000000000000000 ) ;
#4869 = ORIENTED_EDGE ( 'NONE', *, *, #486, .F. ) ;
#4870 = CARTESIAN_POINT ( 'NONE',  ( -11.99999999999987921, 0.000000000000000000, 12.70170592217178118 ) ) ;
#4871 = ORIENTED_EDGE ( 'NONE', *, *, #1580, .T. ) ;
#4872 = FACE_BOUND ( 'NONE', #535, .T. ) ;
#4873 = CARTESIAN_POINT ( 'NONE',  ( -11.99999999999987921, 0.000000000000000000, 12.70170592217178118 ) ) ;
#4874 = CARTESIAN_POINT ( 'NONE',  ( 10.99999999999997868, 0.000000000000000000, -4.041451884327467603 ) ) ;
#4875 = ORIENTED_EDGE ( 'NONE', *, *, #1633, .T. ) ;
#4876 = EDGE_CURVE ( 'NONE', #5887, #7, #1239, .T. ) ;
#4877 = ORIENTED_EDGE ( 'NONE', *, *, #2141, .F. ) ;
#4878 = VERTEX_POINT ( 'NONE', #4509 ) ;
#4879 = VERTEX_POINT ( 'NONE', #4032 ) ;
#4880 = LINE ( 'NONE', #5442, #1853 ) ;
#4881 = ADVANCED_FACE ( 'NONE', ( #5183 ), #4584, .F. ) ;
#4882 = DIRECTION ( 'NONE',  ( -0.8660254037844433705, 0.000000000000000000, -0.4999999999999916178 ) ) ;
#4883 = FACE_BOUND ( 'NONE', #1246, .T. ) ;
#4884 = LINE ( 'NONE', #5960, #4151 ) ;
#4885 = VERTEX_POINT ( 'NONE', #5669 ) ;
#4886 = LINE ( 'NONE', #2720, #6694 ) ;
#4887 = EDGE_CURVE ( 'NONE', #3739, #6645, #6842, .T. ) ;
#4888 = ORIENTED_EDGE ( 'NONE', *, *, #3363, .T. ) ;
#4889 = ORIENTED_EDGE ( 'NONE', *, *, #4244, .F. ) ;
#4890 = CARTESIAN_POINT ( 'NONE',  ( 6.000000000000148326, 1.500000000000000000, 12.70170592217169769 ) ) ;
#4891 = EDGE_CURVE ( 'NONE', #292, #145, #6292, .T. ) ;
#4892 = CARTESIAN_POINT ( 'NONE',  ( -15.75500000000000789, 2.501000000000000334, 15.75500000000000078 ) ) ;
#4893 = LINE ( 'NONE', #3824, #3030 ) ;
#4894 = VECTOR ( 'NONE', #5343, 1000.000000000000000 ) ;
#4895 = VECTOR ( 'NONE', #3458, 1000.000000000000000 ) ;
#4896 = ORIENTED_EDGE ( 'NONE', *, *, #3892, .F. ) ;
#4897 = DIRECTION ( 'NONE',  ( 0.8660254037844359321, 0.000000000000000000, -0.5000000000000046629 ) ) ;
#4898 = VECTOR ( 'NONE', #1291, 1000.000000000000000 ) ;
#4899 = PLANE ( 'NONE',  #3255 ) ;
#4900 = VECTOR ( 'NONE', #4747, 1000.000000000000000 ) ;
#4901 = DIRECTION ( 'NONE',  ( 0.000000000000000000, 0.000000000000000000, -1.000000000000000000 ) ) ;
#4902 = LINE ( 'NONE', #3316, #1839 ) ;
#4903 = EDGE_LOOP ( 'NONE', ( #4804, #3877, #6718, #5820 ) ) ;
#4904 = CARTESIAN_POINT ( 'NONE',  ( -1.000000000000028644, 2.501000000000000334, 14.43145188432685622 ) ) ;
#4905 = CIRCLE ( 'NONE', #2319, 1.500000000000001332 ) ;
#4906 = ORIENTED_EDGE ( 'NONE', *, *, #1648, .T. ) ;
#4907 = AXIS2_PLACEMENT_3D ( 'NONE', #4158, #5721, #6859 ) ;
#4908 = ORIENTED_EDGE ( 'NONE', *, *, #3289, .T. ) ;
#4909 = AXIS2_PLACEMENT_3D ( 'NONE', #3514, #3040, #5733 ) ;
#4910 = DIRECTION ( 'NONE',  ( 1.201851678989728329E-14, 0.000000000000000000, 1.000000000000000000 ) ) ;
#4911 = VERTEX_POINT ( 'NONE', #587 ) ;
#4912 = CARTESIAN_POINT ( 'NONE',  ( 6.999999999999974243, 1.500000000000000000, -6.350852961085958981 ) ) ;
#4913 = VECTOR ( 'NONE', #2539, 1000.000000000000227 ) ;
#4914 = LINE ( 'NONE', #3769, #5512 ) ;
#4915 = DIRECTION ( 'NONE',  ( 0.000000000000000000, 0.000000000000000000, -1.000000000000000000 ) ) ;
#4916 = EDGE_LOOP ( 'NONE', ( #5305, #801, #2317, #692 ) ) ;
#4917 = AXIS2_PLACEMENT_3D ( 'NONE', #165, #2412, #4099 ) ;
#4918 = VERTEX_POINT ( 'NONE', #4064 ) ;
#4919 = VECTOR ( 'NONE', #3902, 1000.000000000000000 ) ;
#4920 = ORIENTED_EDGE ( 'NONE', *, *, #1633, .F. ) ;
#4921 = VECTOR ( 'NONE', #4108, 1000.000000000000114 ) ;
#4922 = DIRECTION ( 'NONE',  ( -0.4999999999999982792, 0.000000000000000000, 0.8660254037844397068 ) ) ;
#4923 = CARTESIAN_POINT ( 'NONE',  ( 12.99999999999998046, 0.000000000000000000, -4.041451884327456945 ) ) ;
#4924 = CARTESIAN_POINT ( 'NONE',  ( 6.999999999999980460, 0.000000000000000000, -4.041451884327456945 ) ) ;
#4925 = LINE ( 'NONE', #5309, #566 ) ;
#4926 = CARTESIAN_POINT ( 'NONE',  ( -8.000000000000044409, 1.500000000000000000, -9.237604307033979723 ) ) ;
#4927 = ORIENTED_EDGE ( 'NONE', *, *, #2939, .F. ) ;
#4928 = CARTESIAN_POINT ( 'NONE',  ( -0.9999999999999210631, 1.500000000000000000, -16.74315781108587586 ) ) ;
#4929 = EDGE_CURVE ( 'NONE', #6345, #6861, #1865, .T. ) ;
#4930 = ADVANCED_FACE ( 'NONE', ( #5107 ), #3518, .F. ) ;
#4931 = EDGE_LOOP ( 'NONE', ( #177, #1417, #1660, #6323 ) ) ;
#4932 = ORIENTED_EDGE ( 'NONE', *, *, #5709, .T. ) ;
#4933 = DIRECTION ( 'NONE',  ( -0.000000000000000000, -1.000000000000000000, -0.000000000000000000 ) ) ;
#4934 = DIRECTION ( 'NONE',  ( -0.000000000000000000, -1.000000000000000000, -0.000000000000000000 ) ) ;
#4935 = CARTESIAN_POINT ( 'NONE',  ( 20.00000000000000355, 2.500000000000000000, 16.00000000000000355 ) ) ;
#4936 = FILL_AREA_STYLE ('',( #2209 ) ) ;
#4937 = EDGE_CURVE ( 'NONE', #2270, #3548, #1756, .T. ) ;
#4938 = ADVANCED_FACE ( 'NONE', ( #2933 ), #2273, .F. ) ;
#4939 = VERTEX_POINT ( 'NONE', #6876 ) ;
#4940 = AXIS2_PLACEMENT_3D ( 'NONE', #5911, #6533, #4204 ) ;
#4941 = DIRECTION ( 'NONE',  ( -0.8660254037844383745, 0.000000000000000000, -0.5000000000000003331 ) ) ;
#4942 = CARTESIAN_POINT ( 'NONE',  ( 0.9999999999999713562, 1.500000000000000000, 14.43145188432685266 ) ) ;
#4943 = CARTESIAN_POINT ( 'NONE',  ( -4.099924925281065491E-16, 0.000000000000000000, -2.309401076758504257 ) ) ;
#4944 = FACE_OUTER_BOUND ( 'NONE', #5989, .T. ) ;
#4945 = ORIENTED_EDGE ( 'NONE', *, *, #5879, .T. ) ;
#4946 = EDGE_CURVE ( 'NONE', #2001, #4525, #1282, .T. ) ;
#4947 = VERTEX_POINT ( 'NONE', #3963 ) ;
#4948 = FACE_OUTER_BOUND ( 'NONE', #906, .T. ) ;
#4949 = ORIENTED_EDGE ( 'NONE', *, *, #1643, .F. ) ;
#4950 = PLANE ( 'NONE',  #4382 ) ;
#4951 = CARTESIAN_POINT ( 'NONE',  ( -13.99999999999990941, 1.500000000000000000, 9.237604307034041895 ) ) ;
#4952 = DIRECTION ( 'NONE',  ( 0.4999999999999995559, -0.000000000000000000, 0.8660254037844389297 ) ) ;
#4953 = ORIENTED_EDGE ( 'NONE', *, *, #1321, .T. ) ;
#4954 = VERTEX_POINT ( 'NONE', #5778 ) ;
#4955 = ADVANCED_FACE ( 'NONE', ( #5218 ), #6224, .F. ) ;
#4956 = ORIENTED_EDGE ( 'NONE', *, *, #3926, .F. ) ;
#4957 = DIRECTION ( 'NONE',  ( 0.000000000000000000, 0.000000000000000000, -1.000000000000000000 ) ) ;
#4958 = CARTESIAN_POINT ( 'NONE',  ( -15.75500000000000078, 0.000000000000000000, -18.45500000000000185 ) ) ;
#4959 = CARTESIAN_POINT ( 'NONE',  ( -15.75500000000000078, 2.501000000000000334, -15.75500000000000078 ) ) ;
#4960 = CARTESIAN_POINT ( 'NONE',  ( 13.00000000000004796, 1.500000000000000000, 6.350852961085841741 ) ) ;
#4961 = DIRECTION ( 'NONE',  ( -0.000000000000000000, -1.000000000000000000, -0.000000000000000000 ) ) ;
#4962 = ORIENTED_EDGE ( 'NONE', *, *, #6427, .F. ) ;
#4963 = CYLINDRICAL_SURFACE ( 'NONE', #3620, 19.00000000000000000 ) ;
#4964 = VERTEX_POINT ( 'NONE', #1134 ) ;
#4965 = EDGE_LOOP ( 'NONE', ( #6055, #1469, #1738, #2492 ) ) ;
#4966 = CARTESIAN_POINT ( 'NONE',  ( 5.000000000000079048, 0.000000000000000000, -16.74315781108587586 ) ) ;
#4967 = CARTESIAN_POINT ( 'NONE',  ( 15.75499999999999545, 1.500000000000000000, 15.75500000000000078 ) ) ;
#4968 = FACE_OUTER_BOUND ( 'NONE', #858, .T. ) ;
#4969 = CARTESIAN_POINT ( 'NONE',  ( 12.00000000000000000, 1.500000000000000000, -2.309401076758504257 ) ) ;
#4970 = ORIENTED_EDGE ( 'NONE', *, *, #495, .T. ) ;
#4971 = ADVANCED_FACE ( 'NONE', ( #6257, #5073 ), #20, .T. ) ;
#4972 = CARTESIAN_POINT ( 'NONE',  ( -5.999999999999879208, 2.501000000000000334, 12.70170592217182204 ) ) ;
#4973 = DIRECTION ( 'NONE',  ( -0.8660254037844395958, 0.000000000000000000, -0.4999999999999982236 ) ) ;
#4974 = EDGE_CURVE ( 'NONE', #3238, #2042, #654, .T. ) ;
#4975 = CARTESIAN_POINT ( 'NONE',  ( -6.000000000000060396, 1.500000000000000000, -12.70170592217174388 ) ) ;
#4976 = CARTESIAN_POINT ( 'NONE',  ( 15.75500000000000078, 1.500000000000000000, -15.75500000000000078 ) ) ;
#4977 = EDGE_LOOP ( 'NONE', ( #5607, #4523, #5002, #5097, #3629, #6018 ) ) ;
#4978 = SHAPE_DEFINITION_REPRESENTATION ( #6477, #1636 ) ;
#4979 = VECTOR ( 'NONE', #6966, 1000.000000000000000 ) ;
#4980 = ORIENTED_EDGE ( 'NONE', *, *, #1614, .T. ) ;
#4981 = VECTOR ( 'NONE', #7086, 1000.000000000000000 ) ;
#4982 = DIRECTION ( 'NONE',  ( 0.8660254037844447028, -0.000000000000000000, 0.4999999999999894529 ) ) ;
#4983 = EDGE_LOOP ( 'NONE', ( #5120, #6908, #1448, #3915 ) ) ;
#4984 = ADVANCED_FACE ( 'NONE', ( #96 ), #4136, .F. ) ;
#4985 = EDGE_CURVE ( 'NONE', #4911, #1600, #2607, .T. ) ;
#4986 = CARTESIAN_POINT ( 'NONE',  ( 1.999999999999999112, 2.501000000000000334, 1.154700538379253683 ) ) ;
#4987 = PLANE ( 'NONE',  #4311 ) ;
#4988 = LINE ( 'NONE', #6690, #553 ) ;
#4989 = ORIENTED_EDGE ( 'NONE', *, *, #1242, .T. ) ;
#4990 = STYLED_ITEM ( 'NONE', ( #5393 ), #1636 ) ;
#4991 = VECTOR ( 'NONE', #3571, 1000.000000000000000 ) ;
#4992 = VERTEX_POINT ( 'NONE', #4814 ) ;
#4993 = ORIENTED_EDGE ( 'NONE', *, *, #4850, .F. ) ;
#4994 = DIRECTION ( 'NONE',  ( -0.000000000000000000, -1.000000000000000000, -0.000000000000000000 ) ) ;
#4995 = VECTOR ( 'NONE', #3228, 1000.000000000000000 ) ;
#4996 = CARTESIAN_POINT ( 'NONE',  ( 4.999999999999989342, 2.501000000000000334, -4.041451884327390331 ) ) ;
#4997 = LINE ( 'NONE', #7247, #3381 ) ;
#4998 = CARTESIAN_POINT ( 'NONE',  ( -1.000000000000029532, 0.000000000000000000, 16.74085296108535914 ) ) ;
#4999 = DIRECTION ( 'NONE',  ( -0.5000000000000004441, 0.000000000000000000, 0.8660254037844384856 ) ) ;
#5000 = VERTEX_POINT ( 'NONE', #2012 ) ;
#5001 = LINE ( 'NONE', #6146, #2809 ) ;
#5002 = ORIENTED_EDGE ( 'NONE', *, *, #4299, .F. ) ;
#5003 = ORIENTED_EDGE ( 'NONE', *, *, #6238, .F. ) ;
#5004 = CARTESIAN_POINT ( 'NONE',  ( 9.999999999999998224, 1.500000000000000000, 1.154700538379252350 ) ) ;
#5005 = DIRECTION ( 'NONE',  ( -0.8660254037844391517, 0.000000000000000000, 0.4999999999999989453 ) ) ;
#5006 = DIRECTION ( 'NONE',  ( -0.8660254037844383745, 0.000000000000000000, -0.5000000000000003331 ) ) ;
#5007 = ORIENTED_EDGE ( 'NONE', *, *, #58, .T. ) ;
#5008 = LINE ( 'NONE', #7259, #1995 ) ;
#5009 = CARTESIAN_POINT ( 'NONE',  ( -3.999999999999889866, 0.000000000000000000, 11.54700538379255192 ) ) ;
#5010 = CIRCLE ( 'NONE', #318, 2.700000000000001066 ) ;
#5011 = EDGE_CURVE ( 'NONE', #5631, #4055, #762, .T. ) ;
#5012 = LINE ( 'NONE', #2178, #5394 ) ;
#5013 = DIRECTION ( 'NONE',  ( 0.5000000000000056621, -0.000000000000000000, 0.8660254037844354880 ) ) ;
#5014 = EDGE_CURVE ( 'NONE', #5782, #3883, #4844, .T. ) ;
#5015 = EDGE_LOOP ( 'NONE', ( #5717, #4864, #7290, #2493 ) ) ;
#5016 = EDGE_CURVE ( 'NONE', #6254, #3031, #1463, .T. ) ;
#5017 = VECTOR ( 'NONE', #4565, 1000.000000000000000 ) ;
#5018 = CARTESIAN_POINT ( 'NONE',  ( -16.99999999999970868, 2.501000000000000334, -6.350852961086469683 ) ) ;
#5019 = ORIENTED_EDGE ( 'NONE', *, *, #1432, .F. ) ;
#5020 = AXIS2_PLACEMENT_3D ( 'NONE', #1371, #2441, #5831 ) ;
#5021 = LINE ( 'NONE', #3182, #1100 ) ;
#5022 = FACE_OUTER_BOUND ( 'NONE', #6542, .T. ) ;
#5023 = LINE ( 'NONE', #4357, #5376 ) ;
#5024 = ORIENTED_EDGE ( 'NONE', *, *, #5171, .T. ) ;
#5025 = VECTOR ( 'NONE', #1629, 1000.000000000000000 ) ;
#5026 = ORIENTED_EDGE ( 'NONE', *, *, #7189, .T. ) ;
#5027 = VECTOR ( 'NONE', #3599, 1000.000000000000000 ) ;
#5028 = ORIENTED_EDGE ( 'NONE', *, *, #5014, .T. ) ;
#5029 = ADVANCED_FACE ( 'NONE', ( #908 ), #1429, .F. ) ;
#5030 = DIRECTION ( 'NONE',  ( -0.000000000000000000, -1.000000000000000000, -0.000000000000000000 ) ) ;
#5031 = CIRCLE ( 'NONE', #5384, 19.00000000000000000 ) ;
#5032 = VECTOR ( 'NONE', #1774, 1000.000000000000000 ) ;
#5033 = LINE ( 'NONE', #2681, #5504 ) ;
#5034 = CARTESIAN_POINT ( 'NONE',  ( 9.000000000000046185, 1.500000000000000000, 2.886751345948089575 ) ) ;
#5035 = VECTOR ( 'NONE', #6659, 1000.000000000000000 ) ;
#5036 = CARTESIAN_POINT ( 'NONE',  ( 4.484437422587070484E-13, 0.000000000000000000, -12.70170592217207961 ) ) ;
#5037 = CARTESIAN_POINT ( 'NONE',  ( -8.999999999999994671, 2.501000000000000334, 7.505553499464606482 ) ) ;
#5038 = EDGE_LOOP ( 'NONE', ( #944, #1124, #4189, #2603 ) ) ;
#5039 = DIRECTION ( 'NONE',  ( -0.8660254037844360431, 0.000000000000000000, 0.5000000000000045519 ) ) ;
#5040 = AXIS2_PLACEMENT_3D ( 'NONE', #7294, #2799, #447 ) ;
#5041 = ORIENTED_EDGE ( 'NONE', *, *, #4166, .F. ) ;
#5042 = CARTESIAN_POINT ( 'NONE',  ( -6.000000000000060396, 0.000000000000000000, -12.70170592217174388 ) ) ;
#5043 = VECTOR ( 'NONE', #5593, 999.9999999999998863 ) ;
#5044 = CARTESIAN_POINT ( 'NONE',  ( 13.99999999999997513, 0.000000000000000000, -11.54700538379253416 ) ) ;
#5045 = CARTESIAN_POINT ( 'NONE',  ( 9.000000000000047962, 2.501000000000000334, 7.505553499465094092 ) ) ;
#5046 = ORIENTED_EDGE ( 'NONE', *, *, #1219, .T. ) ;
#5047 = EDGE_CURVE ( 'NONE', #6137, #528, #7065, .T. ) ;
#5048 = ORIENTED_EDGE ( 'NONE', *, *, #6247, .F. ) ;
#5049 = CARTESIAN_POINT ( 'NONE',  ( -2.000000000000118572, 2.501000000000000334, 11.54700538379224106 ) ) ;
#5050 = LINE ( 'NONE', #557, #1841 ) ;
#5051 = CARTESIAN_POINT ( 'NONE',  ( -6.999999999999993783, 2.501000000000000334, 6.350852961085356796 ) ) ;
#5052 = FACE_OUTER_BOUND ( 'NONE', #4369, .T. ) ;
#5053 = VECTOR ( 'NONE', #5030, 1000.000000000000000 ) ;
#5054 = ORIENTED_EDGE ( 'NONE', *, *, #3761, .T. ) ;
#5055 = EDGE_CURVE ( 'NONE', #349, #2038, #4173, .T. ) ;
#5056 = DIRECTION ( 'NONE',  ( -0.8660254037844384856, 0.000000000000000000, -0.5000000000000002220 ) ) ;
#5057 = ORIENTED_EDGE ( 'NONE', *, *, #3084, .T. ) ;
#5058 = CARTESIAN_POINT ( 'NONE',  ( -2.999999999999927613, 2.501000000000000334, -17.89785834946512111 ) ) ;
#5059 = DIRECTION ( 'NONE',  ( -0.8660254037844385966, 0.000000000000000000, 0.5000000000000000000 ) ) ;
#5060 = CARTESIAN_POINT ( 'NONE',  ( -8.999999999999992895, 0.000000000000000000, 2.886751345947603742 ) ) ;
#5061 = ORIENTED_EDGE ( 'NONE', *, *, #3357, .F. ) ;
#5062 = ORIENTED_EDGE ( 'NONE', *, *, #2361, .T. ) ;
#5063 = ORIENTED_EDGE ( 'NONE', *, *, #3901, .T. ) ;
#5064 = CARTESIAN_POINT ( 'NONE',  ( 8.000000000000110134, 1.500000000000000000, 9.237604307033919326 ) ) ;
#5065 = DIRECTION ( 'NONE',  ( -1.000000000000000000, 0.000000000000000000, 9.013887592422941960E-15 ) ) ;
#5066 = CARTESIAN_POINT ( 'NONE',  ( -5.999999999999920952, 2.501000000000000334, 8.082903768654816190 ) ) ;
#5067 = CYLINDRICAL_SURFACE ( 'NONE', #5586, 1.500000000000001332 ) ;
#5068 = ORIENTED_EDGE ( 'NONE', *, *, #6011, .T. ) ;
#5069 = EDGE_CURVE ( 'NONE', #5549, #1051, #3630, .T. ) ;
#5070 = DIRECTION ( 'NONE',  ( 0.000000000000000000, 1.000000000000000000, 0.000000000000000000 ) ) ;
#5071 = ORIENTED_EDGE ( 'NONE', *, *, #7212, .F. ) ;
#5072 = ADVANCED_FACE ( 'NONE', ( #4771 ), #805, .F. ) ;
#5073 = FACE_OUTER_BOUND ( 'NONE', #5802, .T. ) ;
#5074 = CARTESIAN_POINT ( 'NONE',  ( 7.999999999999977796, 0.000000000000000000, -9.237604307034029461 ) ) ;
#5075 = DIRECTION ( 'NONE',  ( 1.502314598737158045E-15, 0.000000000000000000, 1.000000000000000000 ) ) ;
#5076 = EDGE_CURVE ( 'NONE', #6472, #2480, #2494, .T. ) ;
#5077 = EDGE_CURVE ( 'NONE', #2021, #6832, #285, .T. ) ;
#5078 = CARTESIAN_POINT ( 'NONE',  ( -7.999999999999992895, 1.500000000000000000, 1.154700538379307417 ) ) ;
#5079 = ORIENTED_EDGE ( 'NONE', *, *, #5746, .T. ) ;
#5080 = ORIENTED_EDGE ( 'NONE', *, *, #4483, .T. ) ;
#5081 = PLANE ( 'NONE',  #3478 ) ;
#5082 = DIRECTION ( 'NONE',  ( 0.8660254037844390407, 0.000000000000000000, -0.4999999999999991673 ) ) ;
#5083 = FACE_OUTER_BOUND ( 'NONE', #1971, .T. ) ;
#5084 = CARTESIAN_POINT ( 'NONE',  ( 14.00000000000000000, 2.501000000000000334, -1.154700538379251018 ) ) ;
#5085 = LINE ( 'NONE', #4521, #4188 ) ;
#5086 = ORIENTED_EDGE ( 'NONE', *, *, #1443, .F. ) ;
#5087 = CARTESIAN_POINT ( 'NONE',  ( -12.00000000000003908, 0.000000000000000000, -8.082903768654777110 ) ) ;
#5088 = ORIENTED_EDGE ( 'NONE', *, *, #4733, .F. ) ;
#5089 = CARTESIAN_POINT ( 'NONE',  ( 0.9999999999999840128, 2.501000000000000334, -6.350852961085886150 ) ) ;
#5090 = PLANE ( 'NONE',  #6095 ) ;
#5091 = VECTOR ( 'NONE', #4419, 1000.000000000000227 ) ;
#5092 = CARTESIAN_POINT ( 'NONE',  ( 4.000000000000105693, 0.000000000000000000, 9.237604307033967288 ) ) ;
#5093 = ORIENTED_EDGE ( 'NONE', *, *, #4561, .T. ) ;
#5094 = ADVANCED_FACE ( 'NONE', ( #5921 ), #3046, .F. ) ;
#5095 = ORIENTED_EDGE ( 'NONE', *, *, #3627, .F. ) ;
#5096 = VECTOR ( 'NONE', #3408, 1000.000000000000000 ) ;
#5097 = ORIENTED_EDGE ( 'NONE', *, *, #1912, .F. ) ;
#5098 = DIRECTION ( 'NONE',  ( -0.4999999999999998335, 0.000000000000000000, 0.8660254037844387076 ) ) ;
#5099 = CARTESIAN_POINT ( 'NONE',  ( 5.000000000000047962, 2.501000000000000334, 4.041451884327321942 ) ) ;
#5100 = VECTOR ( 'NONE', #5075, 1000.000000000000000 ) ;
#5101 = FACE_OUTER_BOUND ( 'NONE', #3467, .T. ) ;
#5102 = CARTESIAN_POINT ( 'NONE',  ( -1.000000000000029088, 2.501000000000000334, -6.350852961085877268 ) ) ;
#5103 = EDGE_LOOP ( 'NONE', ( #4133, #2821, #832, #7098 ) ) ;
#5104 = EDGE_CURVE ( 'NONE', #2904, #459, #364, .T. ) ;
#5105 = ORIENTED_EDGE ( 'NONE', *, *, #5635, .T. ) ;
#5106 = EDGE_CURVE ( 'NONE', #6703, #5532, #5813, .T. ) ;
#5107 = FACE_OUTER_BOUND ( 'NONE', #4291, .T. ) ;
#5108 = CARTESIAN_POINT ( 'NONE',  ( -16.00000000000000355, 0.000000000000000000, -16.00000000000000000 ) ) ;
#5109 = LINE ( 'NONE', #5780, #2866 ) ;
#5110 = EDGE_CURVE ( 'NONE', #4160, #3895, #2573, .T. ) ;
#5111 = CARTESIAN_POINT ( 'NONE',  ( -2.000000000000117240, 0.000000000000000000, 9.237604307033738138 ) ) ;
#5112 = VERTEX_POINT ( 'NONE', #5256 ) ;
#5113 = ORIENTED_EDGE ( 'NONE', *, *, #5592, .F. ) ;
#5114 = ADVANCED_FACE ( 'NONE', ( #840 ), #214, .F. ) ;
#5115 = FACE_OUTER_BOUND ( 'NONE', #4965, .T. ) ;
#5116 = CARTESIAN_POINT ( 'NONE',  ( 14.99999999999996980, 2.501000000000000334, -7.505553499465213108 ) ) ;
#5117 = LINE ( 'NONE', #4594, #3266 ) ;
#5118 = PLANE ( 'NONE',  #5148 ) ;
#5119 = CARTESIAN_POINT ( 'NONE',  ( 16.99999999999997868, 0.000000000000000000, -4.041451884327467603 ) ) ;
#5120 = ORIENTED_EDGE ( 'NONE', *, *, #947, .T. ) ;
#5121 = EDGE_CURVE ( 'NONE', #6468, #5619, #5334, .T. ) ;
#5122 = DIRECTION ( 'NONE',  ( 0.000000000000000000, 0.000000000000000000, -1.000000000000000000 ) ) ;
#5123 = EDGE_LOOP ( 'NONE', ( #6283, #2354, #894, #732 ) ) ;
#5124 = CARTESIAN_POINT ( 'NONE',  ( 9.999999999999998224, 1.500000000000000000, 1.154700538379252128 ) ) ;
#5125 = DIRECTION ( 'NONE',  ( 0.8660254037844387076, 0.000000000000000000, -0.4999999999999999445 ) ) ;
#5126 = CARTESIAN_POINT ( 'NONE',  ( 11.99999999999997158, 1.500000000000000000, -12.70170592217178118 ) ) ;
#5127 = ORIENTED_EDGE ( 'NONE', *, *, #4757, .T. ) ;
#5128 = ORIENTED_EDGE ( 'NONE', *, *, #3609, .F. ) ;
#5129 = ORIENTED_EDGE ( 'NONE', *, *, #3698, .F. ) ;
#5130 = EDGE_CURVE ( 'NONE', #536, #4964, #4540, .T. ) ;
#5131 = VECTOR ( 'NONE', #3205, 1000.000000000000000 ) ;
#5132 = PLANE ( 'NONE',  #469 ) ;
#5133 = ORIENTED_EDGE ( 'NONE', *, *, #1238, .T. ) ;
#5134 = AXIS2_PLACEMENT_3D ( 'NONE', #7262, #2215, #4452 ) ;
#5135 = LINE ( 'NONE', #1275, #2036 ) ;
#5136 = DIRECTION ( 'NONE',  ( 0.8660254037844385966, 0.000000000000000000, 0.5000000000000000000 ) ) ;
#5137 = CARTESIAN_POINT ( 'NONE',  ( -4.999999999999912070, 0.000000000000000000, -14.43375673432735518 ) ) ;
#5138 = VERTEX_POINT ( 'NONE', #6588 ) ;
#5139 = AXIS2_PLACEMENT_3D ( 'NONE', #3479, #3378, #1718 ) ;
#5140 = ORIENTED_EDGE ( 'NONE', *, *, #5905, .T. ) ;
#5141 = VECTOR ( 'NONE', #909, 1000.000000000000227 ) ;
#5142 = VECTOR ( 'NONE', #4901, 1000.000000000000000 ) ;
#5143 = AXIS2_PLACEMENT_3D ( 'NONE', #3920, #4537, #1093 ) ;
#5144 = CARTESIAN_POINT ( 'NONE',  ( 4.999999999999985789, 2.501000000000000334, -6.350852961085895032 ) ) ;
#5145 = CARTESIAN_POINT ( 'NONE',  ( -5.000000000000030198, 1.500000000000000000, -6.350852961085859505 ) ) ;
#5146 = EDGE_CURVE ( 'NONE', #5725, #6847, #949, .T. ) ;
#5147 = LINE ( 'NONE', #622, #3919 ) ;
#5148 = AXIS2_PLACEMENT_3D ( 'NONE', #110, #2429, #3975 ) ;
#5149 = CARTESIAN_POINT ( 'NONE',  ( -12.99999999999971401, 1.500000000000000000, -6.350852961086468795 ) ) ;
#5150 = VERTEX_POINT ( 'NONE', #393 ) ;
#5151 = ORIENTED_EDGE ( 'NONE', *, *, #623, .F. ) ;
#5152 = VECTOR ( 'NONE', #2278, 1000.000000000000000 ) ;
#5153 = CARTESIAN_POINT ( 'NONE',  ( -5.000000000000028422, 2.501000000000000334, 16.74085296108535559 ) ) ;
#5154 = CARTESIAN_POINT ( 'NONE',  ( -3.000000000000035971, 1.500000000000000000, -7.505553499465120737 ) ) ;
#5155 = ADVANCED_FACE ( 'NONE', ( #5475 ), #1537, .F. ) ;
#5156 = CARTESIAN_POINT ( 'NONE',  ( -9.459583894364761141E-17, 0.000000000000000000, 2.309401076758504701 ) ) ;
#5157 = FACE_OUTER_BOUND ( 'NONE', #5038, .T. ) ;
#5158 = DIRECTION ( 'NONE',  ( 1.000000000000000000, -0.000000000000000000, 1.877893248421450515E-16 ) ) ;
#5159 = EDGE_CURVE ( 'NONE', #3801, #5750, #6623, .T. ) ;
#5160 = EDGE_CURVE ( 'NONE', #3269, #4992, #6033, .T. ) ;
#5161 = EDGE_LOOP ( 'NONE', ( #7169, #416, #3326, #6653, #2858, #3969 ) ) ;
#5162 = EDGE_CURVE ( 'NONE', #4103, #1271, #4435, .T. ) ;
#5163 = FACE_OUTER_BOUND ( 'NONE', #6922, .T. ) ;
#5164 = ORIENTED_EDGE ( 'NONE', *, *, #109, .T. ) ;
#5165 = DIRECTION ( 'NONE',  ( 0.8660254037844389297, 0.000000000000000000, -0.4999999999999994449 ) ) ;
#5166 = CARTESIAN_POINT ( 'NONE',  ( -13.99999999999988987, 1.500000000000000000, 11.54700538379254837 ) ) ;
#5167 = DIRECTION ( 'NONE',  ( -0.000000000000000000, -1.000000000000000000, -0.000000000000000000 ) ) ;
#5168 = LINE ( 'NONE', #2817, #1954 ) ;
#5169 = ORIENTED_EDGE ( 'NONE', *, *, #7100, .T. ) ;
#5170 = ADVANCED_FACE ( 'NONE', ( #7129 ), #428, .F. ) ;
#5171 = EDGE_CURVE ( 'NONE', #5461, #5843, #5033, .T. ) ;
#5172 = AXIS2_PLACEMENT_3D ( 'NONE', #2557, #4803, #7084 ) ;
#5173 = EDGE_LOOP ( 'NONE', ( #3361, #1715, #7092, #905, #4698, #6887 ) ) ;
#5174 = ORIENTED_EDGE ( 'NONE', *, *, #3219, .T. ) ;
#5175 = CARTESIAN_POINT ( 'NONE',  ( 17.00000000000004263, 2.501000000000000334, 4.041451884327340593 ) ) ;
#5176 = VERTEX_POINT ( 'NONE', #4923 ) ;
#5177 = FACE_OUTER_BOUND ( 'NONE', #3059, .T. ) ;
#5178 = DIRECTION ( 'NONE',  ( 0.000000000000000000, 0.000000000000000000, 1.000000000000000000 ) ) ;
#5179 = CARTESIAN_POINT ( 'NONE',  ( -0.9999999999999610312, 1.500000000000000000, 4.041451884327389443 ) ) ;
#5180 = ORIENTED_EDGE ( 'NONE', *, *, #4522, .F. ) ;
#5181 = EDGE_CURVE ( 'NONE', #2189, #6578, #1498, .T. ) ;
#5182 = ORIENTED_EDGE ( 'NONE', *, *, #5848, .F. ) ;
#5183 = FACE_OUTER_BOUND ( 'NONE', #4178, .T. ) ;
#5184 = DIRECTION ( 'NONE',  ( -0.8660254037844405950, 0.000000000000000000, -0.4999999999999966693 ) ) ;
#5185 = PLANE ( 'NONE',  #6640 ) ;
#5186 = LINE ( 'NONE', #3521, #578 ) ;
#5187 = EDGE_CURVE ( 'NONE', #1161, #2183, #7172, .T. ) ;
#5188 = ORIENTED_EDGE ( 'NONE', *, *, #1560, .T. ) ;
#5189 = VERTEX_POINT ( 'NONE', #4958 ) ;
#5190 = CARTESIAN_POINT ( 'NONE',  ( 5.000000000000079048, 0.000000000000000000, -16.74315781108587586 ) ) ;
#5191 = CARTESIAN_POINT ( 'NONE',  ( 1.999999999999998668, 0.000000000000000000, -1.154700538379252350 ) ) ;
#5192 = DIRECTION ( 'NONE',  ( -0.8660254037844389297, 0.000000000000000000, 0.4999999999999995559 ) ) ;
#5193 = DIRECTION ( 'NONE',  ( 0.8660254037844431485, 0.000000000000000000, 0.4999999999999921174 ) ) ;
#5194 = CARTESIAN_POINT ( 'NONE',  ( -14.99999999999999289, 0.000000000000000000, 2.886751345947561553 ) ) ;
#5195 = EDGE_CURVE ( 'NONE', #4707, #2044, #1014, .T. ) ;
#5196 = ORIENTED_EDGE ( 'NONE', *, *, #6190, .F. ) ;
#5197 = CARTESIAN_POINT ( 'NONE',  ( 7.000000000000047962, 2.501000000000000334, 4.041451884327340593 ) ) ;
#5198 = EDGE_CURVE ( 'NONE', #3269, #3070, #4880, .T. ) ;
#5199 = DIRECTION ( 'NONE',  ( -0.000000000000000000, -1.000000000000000000, -0.000000000000000000 ) ) ;
#5200 = DIRECTION ( 'NONE',  ( -0.4999999999999896194, 0.000000000000000000, 0.8660254037844445918 ) ) ;
#5201 = PLANE ( 'NONE',  #794 ) ;
#5202 = DIRECTION ( 'NONE',  ( 0.000000000000000000, 0.000000000000000000, -1.000000000000000000 ) ) ;
#5203 = ORIENTED_EDGE ( 'NONE', *, *, #6856, .T. ) ;
#5204 = EDGE_CURVE ( 'NONE', #2886, #4163, #470, .T. ) ;
#5205 = CARTESIAN_POINT ( 'NONE',  ( 11.99999999999999822, 0.000000000000000000, 2.309401076758503368 ) ) ;
#5206 = ORIENTED_EDGE ( 'NONE', *, *, #3623, .T. ) ;
#5207 = ORIENTED_EDGE ( 'NONE', *, *, #653, .F. ) ;
#5208 = CARTESIAN_POINT ( 'NONE',  ( 5.999999999999998224, 2.501000000000000334, 2.309401076758503368 ) ) ;
#5209 = ORIENTED_EDGE ( 'NONE', *, *, #2862, .T. ) ;
#5210 = EDGE_CURVE ( 'NONE', #3106, #595, #2715, .T. ) ;
#5211 = FACE_OUTER_BOUND ( 'NONE', #5690, .T. ) ;
#5212 = CARTESIAN_POINT ( 'NONE',  ( -1.999999999999550360, 1.500000000000000000, -9.237604307034326112 ) ) ;
#5213 = CARTESIAN_POINT ( 'NONE',  ( -10.99999999999999289, 1.500000000000000000, 6.350852961085355020 ) ) ;
#5214 = ORIENTED_EDGE ( 'NONE', *, *, #3090, .T. ) ;
#5215 = VECTOR ( 'NONE', #5507, 1000.000000000000000 ) ;
#5216 = ORIENTED_EDGE ( 'NONE', *, *, #1550, .T. ) ;
#5217 = VECTOR ( 'NONE', #2367, 1000.000000000000000 ) ;
#5218 = FACE_OUTER_BOUND ( 'NONE', #6435, .T. ) ;
#5219 = CARTESIAN_POINT ( 'NONE',  ( 6.000000000000094147, 2.501000000000000334, 8.082903768654690069 ) ) ;
#5220 = CARTESIAN_POINT ( 'NONE',  ( -12.99999999999971401, 0.000000000000000000, -4.041451884327967647 ) ) ;
#5221 = LINE ( 'NONE', #57, #6800 ) ;
#5222 = VECTOR ( 'NONE', #867, 1000.000000000000000 ) ;
#5223 = ORIENTED_EDGE ( 'NONE', *, *, #1290, .T. ) ;
#5224 = VERTEX_POINT ( 'NONE', #2159 ) ;
#5225 = LINE ( 'NONE', #335, #3130 ) ;
#5226 = CARTESIAN_POINT ( 'NONE',  ( -4.099924925281065491E-16, 2.501000000000000334, -2.309401076758504257 ) ) ;
#5227 = AXIS2_PLACEMENT_3D ( 'NONE', #5510, #7238, #1054 ) ;
#5228 = CARTESIAN_POINT ( 'NONE',  ( -12.99999999999971401, 2.501000000000000334, -6.350852961086468795 ) ) ;
#5229 = LINE ( 'NONE', #182, #6215 ) ;
#5230 = DIRECTION ( 'NONE',  ( -0.000000000000000000, -1.000000000000000000, -0.000000000000000000 ) ) ;
#5231 = ORIENTED_EDGE ( 'NONE', *, *, #5571, .T. ) ;
#5232 = LINE ( 'NONE', #1701, #4257 ) ;
#5233 = ADVANCED_FACE ( 'NONE', ( #1605 ), #6110, .F. ) ;
#5234 = CARTESIAN_POINT ( 'NONE',  ( -4.000000000000007994, 0.000000000000000000, -1.154700538379223707 ) ) ;
#5235 = DIRECTION ( 'NONE',  ( -3.755786496842901029E-16, 0.000000000000000000, 1.000000000000000000 ) ) ;
#5236 = DIRECTION ( 'NONE',  ( -0.8660254037844383745, 0.000000000000000000, -0.5000000000000003331 ) ) ;
#5237 = ADVANCED_FACE ( 'NONE', ( #6696 ), #3886, .F. ) ;
#5238 = PLANE ( 'NONE',  #5020 ) ;
#5239 = ORIENTED_EDGE ( 'NONE', *, *, #6014, .T. ) ;
#5240 = LINE ( 'NONE', #5205, #3745 ) ;
#5241 = EDGE_CURVE ( 'NONE', #2372, #3517, #539, .T. ) ;
#5242 = EDGE_LOOP ( 'NONE', ( #4039, #6272, #4282, #6456 ) ) ;
#5243 = ORIENTED_EDGE ( 'NONE', *, *, #5121, .T. ) ;
#5244 = DIRECTION ( 'NONE',  ( -0.8660254037844363761, 0.000000000000000000, 0.5000000000000038858 ) ) ;
#5245 = CARTESIAN_POINT ( 'NONE',  ( 3.999999999999998224, 2.501000000000000334, 1.154700538379252128 ) ) ;
#5246 = DIRECTION ( 'NONE',  ( 0.8660254037844432595, 0.000000000000000000, 0.4999999999999918954 ) ) ;
#5247 = CARTESIAN_POINT ( 'NONE',  ( 14.99999999999996980, 0.000000000000000000, -7.505553499465213108 ) ) ;
#5248 = VERTEX_POINT ( 'NONE', #5156 ) ;
#5249 = VECTOR ( 'NONE', #820, 1000.000000000000227 ) ;
#5250 = EDGE_CURVE ( 'NONE', #5540, #880, #3390, .T. ) ;
#5251 = EDGE_CURVE ( 'NONE', #1961, #6584, #1835, .T. ) ;
#5252 = ORIENTED_EDGE ( 'NONE', *, *, #827, .F. ) ;
#5253 = VECTOR ( 'NONE', #5907, 1000.000000000000000 ) ;
#5254 = EDGE_LOOP ( 'NONE', ( #7023, #7253, #2164, #6602 ) ) ;
#5255 = AXIS2_PLACEMENT_3D ( 'NONE', #1183, #1145, #5535 ) ;
#5256 = CARTESIAN_POINT ( 'NONE',  ( 3.000000000000032863, 1.500000000000000000, 2.886751345948092684 ) ) ;
#5257 = LINE ( 'NONE', #2308, #1144 ) ;
#5258 = FACE_OUTER_BOUND ( 'NONE', #6583, .T. ) ;
#5259 = DIRECTION ( 'NONE',  ( -0.000000000000000000, -1.000000000000000000, -0.000000000000000000 ) ) ;
#5260 = ADVANCED_FACE ( 'NONE', ( #5083 ), #663, .F. ) ;
#5261 = VECTOR ( 'NONE', #2896, 1000.000000000000000 ) ;
#5262 = CIRCLE ( 'NONE', #6905, 1.500000000000001332 ) ;
#5263 = ORIENTED_EDGE ( 'NONE', *, *, #3761, .F. ) ;
#5264 = VECTOR ( 'NONE', #2530, 1000.000000000000114 ) ;
#5265 = EDGE_LOOP ( 'NONE', ( #1313, #1848, #4247, #7102 ) ) ;
#5266 = FACE_OUTER_BOUND ( 'NONE', #4458, .T. ) ;
#5267 = VECTOR ( 'NONE', #6660, 1000.000000000000114 ) ;
#5268 = LINE ( 'NONE', #1763, #1723 ) ;
#5269 = VECTOR ( 'NONE', #6151, 999.9999999999998863 ) ;
#5270 = LINE ( 'NONE', #5519, #1625 ) ;
#5271 = VECTOR ( 'NONE', #3742, 1000.000000000000000 ) ;
#5272 = FACE_OUTER_BOUND ( 'NONE', #25, .T. ) ;
#5273 = CARTESIAN_POINT ( 'NONE',  ( -1.000000000000029088, 1.500000000000000000, 14.43145188432685622 ) ) ;
#5274 = EDGE_CURVE ( 'NONE', #4878, #2001, #6373, .T. ) ;
#5275 = AXIS2_PLACEMENT_3D ( 'NONE', #2955, #6352, #4125 ) ;
#5276 = ORIENTED_EDGE ( 'NONE', *, *, #5563, .T. ) ;
#5277 = CARTESIAN_POINT ( 'NONE',  ( 14.00000000000000000, 1.500000000000000000, -1.154700538379251018 ) ) ;
#5278 = CARTESIAN_POINT ( 'NONE',  ( -10.99999999999971045, 0.000000000000000000, -6.350852961086427939 ) ) ;
#5279 = FACE_OUTER_BOUND ( 'NONE', #5599, .T. ) ;
#5280 = VECTOR ( 'NONE', #932, 1000.000000000000000 ) ;
#5281 = PLANE ( 'NONE',  #3376 ) ;
#5282 = CARTESIAN_POINT ( 'NONE',  ( 17.00000000000004263, 0.000000000000000000, 4.041451884327340593 ) ) ;
#5283 = VERTEX_POINT ( 'NONE', #598 ) ;
#5284 = DIRECTION ( 'NONE',  ( 0.000000000000000000, -1.000000000000000000, 0.000000000000000000 ) ) ;
#5285 = EDGE_CURVE ( 'NONE', #2830, #1603, #736, .T. ) ;
#5286 = EDGE_CURVE ( 'NONE', #5332, #573, #702, .T. ) ;
#5287 = VERTEX_POINT ( 'NONE', #6777 ) ;
#5288 = ORIENTED_EDGE ( 'NONE', *, *, #6329, .T. ) ;
#5289 = LINE ( 'NONE', #238, #2238 ) ;
#5290 = DIRECTION ( 'NONE',  ( 0.000000000000000000, 0.000000000000000000, 1.000000000000000000 ) ) ;
#5291 = DIRECTION ( 'NONE',  ( 9.013887592422941960E-15, 0.000000000000000000, 1.000000000000000000 ) ) ;
#5292 = LINE ( 'NONE', #4767, #527 ) ;
#5293 = EDGE_LOOP ( 'NONE', ( #760, #6766, #1806, #7205 ) ) ;
#5294 = EDGE_CURVE ( 'NONE', #4649, #2579, #3423, .T. ) ;
#5295 = ORIENTED_EDGE ( 'NONE', *, *, #3849, .T. ) ;
#5296 = VERTEX_POINT ( 'NONE', #2391 ) ;
#5297 = AXIS2_PLACEMENT_3D ( 'NONE', #4164, #1964, #831 ) ;
#5298 = ADVANCED_FACE ( 'NONE', ( #2427 ), #6884, .F. ) ;
#5299 = DIRECTION ( 'NONE',  ( -1.000000000000000000, -0.000000000000000000, -0.000000000000000000 ) ) ;
#5300 = EDGE_CURVE ( 'NONE', #3696, #5189, #4080, .T. ) ;
#5301 = PLANE ( 'NONE',  #2561 ) ;
#5302 = CARTESIAN_POINT ( 'NONE',  ( -0.9999999999999397149, 0.000000000000000000, 6.350852961085893256 ) ) ;
#5303 = CARTESIAN_POINT ( 'NONE',  ( 2.999999999999970690, 1.500000000000000000, 17.89555349946460794 ) ) ;
#5304 = ORIENTED_EDGE ( 'NONE', *, *, #6891, .F. ) ;
#5305 = ORIENTED_EDGE ( 'NONE', *, *, #400, .T. ) ;
#5306 = DIRECTION ( 'NONE',  ( 0.8660254037844377084, 0.000000000000000000, -0.5000000000000015543 ) ) ;
#5307 = EDGE_CURVE ( 'NONE', #672, #1350, #6266, .T. ) ;
#5308 = LINE ( 'NONE', #5861, #4070 ) ;
#5309 = CARTESIAN_POINT ( 'NONE',  ( -15.75500000000000789, 1.500000000000000000, 13.05500000000000149 ) ) ;
#5310 = DIRECTION ( 'NONE',  ( 0.000000000000000000, 1.000000000000000000, 0.000000000000000000 ) ) ;
#5311 = DIRECTION ( 'NONE',  ( -0.000000000000000000, -1.000000000000000000, -0.000000000000000000 ) ) ;
#5312 = EDGE_CURVE ( 'NONE', #6867, #1860, #65, .T. ) ;
#5313 = ORIENTED_EDGE ( 'NONE', *, *, #5431, .F. ) ;
#5314 = CARTESIAN_POINT ( 'NONE',  ( -5.000000000000028422, 0.000000000000000000, 16.74085296108535559 ) ) ;
#5315 = LINE ( 'NONE', #2476, #5724 ) ;
#5316 = EDGE_CURVE ( 'NONE', #3042, #3881, #5787, .T. ) ;
#5317 = CARTESIAN_POINT ( 'NONE',  ( 9.999999999999976907, 2.501000000000000334, -9.237604307034020579 ) ) ;
#5318 = DIRECTION ( 'NONE',  ( 0.000000000000000000, 1.000000000000000000, 0.000000000000000000 ) ) ;
#5319 = DIRECTION ( 'NONE',  ( 0.8660254037844448138, 0.000000000000000000, 0.4999999999999894529 ) ) ;
#5320 = EDGE_LOOP ( 'NONE', ( #3161, #425, #402, #7295 ) ) ;
#5321 = DIRECTION ( 'NONE',  ( 0.8660254037844342667, 0.000000000000000000, -0.5000000000000074385 ) ) ;
#5322 = ORIENTED_EDGE ( 'NONE', *, *, #874, .T. ) ;
#5323 = ORIENTED_EDGE ( 'NONE', *, *, #3001, .T. ) ;
#5324 = CARTESIAN_POINT ( 'NONE',  ( 5.000000000000090594, 0.000000000000000000, -14.43375673432737472 ) ) ;
#5325 = EDGE_LOOP ( 'NONE', ( #5771, #4531, #7082, #1691 ) ) ;
#5326 = EDGE_CURVE ( 'NONE', #3, #6957, #108, .T. ) ;
#5327 = EDGE_CURVE ( 'NONE', #1236, #130, #5117, .T. ) ;
#5328 = CARTESIAN_POINT ( 'NONE',  ( 15.75500000000000078, 2.500000000000000000, -15.75500000000000078 ) ) ;
#5329 = LINE ( 'NONE', #1858, #6802 ) ;
#5330 = CARTESIAN_POINT ( 'NONE',  ( -16.99999999999999289, 0.000000000000000000, 6.350852961085313275 ) ) ;
#5331 = VERTEX_POINT ( 'NONE', #2358 ) ;
#5332 = VERTEX_POINT ( 'NONE', #3974 ) ;
#5333 = VERTEX_POINT ( 'NONE', #1764 ) ;
#5334 = LINE ( 'NONE', #506, #6325 ) ;
#5335 = ADVANCED_FACE ( 'NONE', ( #1799 ), #1184, .F. ) ;
#5336 = CARTESIAN_POINT ( 'NONE',  ( 5.999999999999998224, 1.500000000000000000, 2.309401076758502480 ) ) ;
#5337 = PLANE ( 'NONE',  #3811 ) ;
#5338 = DIRECTION ( 'NONE',  ( -1.000000000000000000, 0.000000000000000000, 0.000000000000000000 ) ) ;
#5339 = EDGE_CURVE ( 'NONE', #5150, #2000, #4114, .T. ) ;
#5340 = ORIENTED_EDGE ( 'NONE', *, *, #6873, .F. ) ;
#5341 = VECTOR ( 'NONE', #5913, 999.9999999999998863 ) ;
#5342 = ORIENTED_EDGE ( 'NONE', *, *, #613, .F. ) ;
#5343 = DIRECTION ( 'NONE',  ( -0.000000000000000000, -1.000000000000000000, -0.000000000000000000 ) ) ;
#5344 = EDGE_CURVE ( 'NONE', #5847, #4407, #4044, .T. ) ;
#5345 = CARTESIAN_POINT ( 'NONE',  ( -2.999999999999905409, 2.501000000000000334, -13.27905619594811348 ) ) ;
#5346 = AXIS2_PLACEMENT_3D ( 'NONE', #1900, #1867, #3551 ) ;
#5347 = FACE_BOUND ( 'NONE', #1891, .T. ) ;
#5348 = CARTESIAN_POINT ( 'NONE',  ( -12.00000000000001776, 2.501000000000000334, -2.309401076758419435 ) ) ;
#5349 = EDGE_CURVE ( 'NONE', #2280, #1123, #4925, .T. ) ;
#5350 = ORIENTED_EDGE ( 'NONE', *, *, #1041, .F. ) ;
#5351 = VECTOR ( 'NONE', #4961, 1000.000000000000000 ) ;
#5352 = CARTESIAN_POINT ( 'NONE',  ( 10.00000000000010658, 0.000000000000000000, 9.237604307033967288 ) ) ;
#5353 = DIRECTION ( 'NONE',  ( -0.8660254037844395958, 0.000000000000000000, -0.4999999999999981681 ) ) ;
#5354 = PLANE ( 'NONE',  #989 ) ;
#5355 = DIRECTION ( 'NONE',  ( -0.000000000000000000, -1.000000000000000000, -0.000000000000000000 ) ) ;
#5356 = CARTESIAN_POINT ( 'NONE',  ( 4.000000000000133227, 2.501000000000000334, 11.54700538379246844 ) ) ;
#5357 = ORIENTED_EDGE ( 'NONE', *, *, #6772, .F. ) ;
#5358 =( NAMED_UNIT ( * ) PLANE_ANGLE_UNIT ( ) SI_UNIT ( $, .RADIAN. ) );
#5359 = VERTEX_POINT ( 'NONE', #6001 ) ;
#5360 = EDGE_LOOP ( 'NONE', ( #2638, #5174, #6971, #2672 ) ) ;
#5361 = CARTESIAN_POINT ( 'NONE',  ( 4.000000000000105693, 1.500000000000000000, 9.237604307033967288 ) ) ;
#5362 = VERTEX_POINT ( 'NONE', #3560 ) ;
#5363 = DIRECTION ( 'NONE',  ( 0.000000000000000000, 0.000000000000000000, 1.000000000000000000 ) ) ;
#5364 = DIRECTION ( 'NONE',  ( -0.000000000000000000, -1.000000000000000000, -0.000000000000000000 ) ) ;
#5365 = DIRECTION ( 'NONE',  ( 0.8660254037844399289, 0.000000000000000000, 0.4999999999999977240 ) ) ;
#5366 = ORIENTED_EDGE ( 'NONE', *, *, #3398, .T. ) ;
#5367 = ORIENTED_EDGE ( 'NONE', *, *, #3043, .T. ) ;
#5368 = ORIENTED_EDGE ( 'NONE', *, *, #5349, .T. ) ;
#5369 = DIRECTION ( 'NONE',  ( -0.000000000000000000, -1.000000000000000000, -0.000000000000000000 ) ) ;
#5370 = CARTESIAN_POINT ( 'NONE',  ( 9.999999999999998224, 0.000000000000000000, 1.154700538379252128 ) ) ;
#5371 = LINE ( 'NONE', #1502, #4038 ) ;
#5372 = CARTESIAN_POINT ( 'NONE',  ( -4.999999999999921840, 0.000000000000000000, -16.74315781108585810 ) ) ;
#5373 = ORIENTED_EDGE ( 'NONE', *, *, #193, .F. ) ;
#5374 = VECTOR ( 'NONE', #6816, 1000.000000000000000 ) ;
#5375 = ADVANCED_FACE ( 'NONE', ( #5823, #951, #1501, #473, #2088, #3777, #432, #2684, #7174, #6035, #814, #6625, #258, #2504, #1017, #1906, #984, #4883, #3227, #3055, #1539, #5477, #4744, #1574, #3814, #2129, #4364, #2644, #4330, #771, #6961, #6074 ), #4145, .T. ) ;
#5376 = VECTOR ( 'NONE', #5615, 1000.000000000000114 ) ;
#5377 = VERTEX_POINT ( 'NONE', #2717 ) ;
#5378 = CARTESIAN_POINT ( 'NONE',  ( -0.9999999999999208411, 0.000000000000000000, -16.74315781108587586 ) ) ;
#5379 = DIRECTION ( 'NONE',  ( -0.000000000000000000, -1.000000000000000000, -0.000000000000000000 ) ) ;
#5380 = VECTOR ( 'NONE', #1991, 1000.000000000000227 ) ;
#5381 = FACE_OUTER_BOUND ( 'NONE', #5944, .T. ) ;
#5382 = VECTOR ( 'NONE', #873, 1000.000000000000114 ) ;
#5383 = ORIENTED_EDGE ( 'NONE', *, *, #4558, .F. ) ;
#5384 = AXIS2_PLACEMENT_3D ( 'NONE', #2013, #6953, #365 ) ;
#5385 = VECTOR ( 'NONE', #5125, 1000.000000000000000 ) ;
#5386 = LINE ( 'NONE', #4119, #5454 ) ;
#5387 = DIRECTION ( 'NONE',  ( -0.000000000000000000, -1.000000000000000000, -0.000000000000000000 ) ) ;
#5388 = AXIS2_PLACEMENT_3D ( 'NONE', #6728, #3852, #6661 ) ;
#5389 = EDGE_CURVE ( 'NONE', #1602, #5470, #6997, .T. ) ;
#5390 = CARTESIAN_POINT ( 'NONE',  ( -6.999999999999993783, 0.000000000000000000, 6.350852961085356796 ) ) ;
#5391 = CARTESIAN_POINT ( 'NONE',  ( -0.9999999999999100719, 1.500000000000000000, -14.43375673432737472 ) ) ;
#5392 = VERTEX_POINT ( 'NONE', #1944 ) ;
#5393 = PRESENTATION_STYLE_ASSIGNMENT (( #7117 ) ) ;
#5394 = VECTOR ( 'NONE', #4415, 1000.000000000000000 ) ;
#5395 = EDGE_CURVE ( 'NONE', #7296, #4647, #3267, .T. ) ;
#5396 = ORIENTED_EDGE ( 'NONE', *, *, #6993, .T. ) ;
#5397 = VERTEX_POINT ( 'NONE', #5444 ) ;
#5398 = DIRECTION ( 'NONE',  ( 0.8660254037844409281, -0.000000000000000000, 0.4999999999999961142 ) ) ;
#5399 = ORIENTED_EDGE ( 'NONE', *, *, #1152, .T. ) ;
#5400 = VECTOR ( 'NONE', #6182, 1000.000000000000114 ) ;
#5401 = EDGE_CURVE ( 'NONE', #4576, #536, #396, .T. ) ;
#5402 = EDGE_CURVE ( 'NONE', #3461, #320, #5270, .T. ) ;
#5403 = DIRECTION ( 'NONE',  ( 0.000000000000000000, -1.000000000000000000, 0.000000000000000000 ) ) ;
#5404 = LINE ( 'NONE', #1455, #6795 ) ;
#5405 = DIRECTION ( 'NONE',  ( 3.755786496842901029E-16, 0.000000000000000000, -1.000000000000000000 ) ) ;
#5406 = EDGE_LOOP ( 'NONE', ( #2972, #1058, #3353, #789 ) ) ;
#5407 = ORIENTED_EDGE ( 'NONE', *, *, #1788, .F. ) ;
#5408 = EDGE_LOOP ( 'NONE', ( #4962, #6384, #3127, #5433 ) ) ;
#5409 = ORIENTED_EDGE ( 'NONE', *, *, #3477, .F. ) ;
#5410 = CARTESIAN_POINT ( 'NONE',  ( -2.999999999999927613, 0.000000000000000000, -17.89785834946512111 ) ) ;
#5411 = FACE_OUTER_BOUND ( 'NONE', #5877, .T. ) ;
#5412 = DIRECTION ( 'NONE',  ( 0.8660254037844340447, 0.000000000000000000, -0.5000000000000078826 ) ) ;
#5413 = VERTEX_POINT ( 'NONE', #4960 ) ;
#5414 = FACE_OUTER_BOUND ( 'NONE', #6290, .T. ) ;
#5415 = VECTOR ( 'NONE', #6759, 1000.000000000000000 ) ;
#5416 = ORIENTED_EDGE ( 'NONE', *, *, #1168, .T. ) ;
#5417 = ORIENTED_EDGE ( 'NONE', *, *, #3977, .F. ) ;
#5418 = CARTESIAN_POINT ( 'NONE',  ( -13.99999999999990941, 2.501000000000000334, 9.237604307034041895 ) ) ;
#5419 = DIRECTION ( 'NONE',  ( -0.8660254037844404840, 0.000000000000000000, -0.4999999999999968359 ) ) ;
#5420 = EDGE_CURVE ( 'NONE', #5583, #2925, #7209, .T. ) ;
#5421 = CARTESIAN_POINT ( 'NONE',  ( 4.474290391966137185E-13, 0.000000000000000000, -8.082903768655075538 ) ) ;
#5422 = VERTEX_POINT ( 'NONE', #1324 ) ;
#5423 = PLANE ( 'NONE',  #151 ) ;
#5424 = FACE_BOUND ( 'NONE', #3116, .T. ) ;
#5425 = DIRECTION ( 'NONE',  ( 0.000000000000000000, 0.000000000000000000, 1.000000000000000000 ) ) ;
#5426 = DIRECTION ( 'NONE',  ( 0.000000000000000000, 0.000000000000000000, 1.000000000000000000 ) ) ;
#5427 = ORIENTED_EDGE ( 'NONE', *, *, #2337, .F. ) ;
#5428 = FACE_OUTER_BOUND ( 'NONE', #990, .T. ) ;
#5429 = ORIENTED_EDGE ( 'NONE', *, *, #4341, .F. ) ;
#5430 = ORIENTED_EDGE ( 'NONE', *, *, #3317, .T. ) ;
#5431 = EDGE_CURVE ( 'NONE', #2245, #978, #225, .T. ) ;
#5432 = DIRECTION ( 'NONE',  ( -0.000000000000000000, -1.000000000000000000, -0.000000000000000000 ) ) ;
#5433 = ORIENTED_EDGE ( 'NONE', *, *, #5300, .F. ) ;
#5434 = DIRECTION ( 'NONE',  ( -0.000000000000000000, -1.000000000000000000, -0.000000000000000000 ) ) ;
#5435 = DIRECTION ( 'NONE',  ( 0.000000000000000000, -0.000000000000000000, -1.000000000000000000 ) ) ;
#5436 = LINE ( 'NONE', #279, #3111 ) ;
#5437 = VERTEX_POINT ( 'NONE', #3334 ) ;
#5438 = ORIENTED_EDGE ( 'NONE', *, *, #7015, .T. ) ;
#5439 = VERTEX_POINT ( 'NONE', #5589 ) ;
#5440 = EDGE_CURVE ( 'NONE', #2180, #7241, #1679, .T. ) ;
#5441 = ORIENTED_EDGE ( 'NONE', *, *, #262, .F. ) ;
#5442 = CARTESIAN_POINT ( 'NONE',  ( 14.00000000000011013, 2.501000000000000334, 9.237604307033919326 ) ) ;
#5443 = LINE ( 'NONE', #3080, #6443 ) ;
#5444 = CARTESIAN_POINT ( 'NONE',  ( -15.75500000000000078, 1.500000000000000000, -14.25500000000000078 ) ) ;
#5445 = LINE ( 'NONE', #397, #872 ) ;
#5446 = VERTEX_POINT ( 'NONE', #4998 ) ;
#5447 = CARTESIAN_POINT ( 'NONE',  ( 7.000000000000047962, 1.500000000000000000, 6.350852961085841741 ) ) ;
#5448 = ORIENTED_EDGE ( 'NONE', *, *, #2627, .F. ) ;
#5449 = VERTEX_POINT ( 'NONE', #4470 ) ;
#5450 = LINE ( 'NONE', #481, #7256 ) ;
#5451 = DIRECTION ( 'NONE',  ( 0.000000000000000000, 0.000000000000000000, 1.000000000000000000 ) ) ;
#5452 = DIRECTION ( 'NONE',  ( 1.000000000000000000, 0.000000000000000000, -1.051620219116010632E-14 ) ) ;
#5453 = VECTOR ( 'NONE', #5588, 1000.000000000000000 ) ;
#5454 = VECTOR ( 'NONE', #5902, 1000.000000000000000 ) ;
#5455 = ORIENTED_EDGE ( 'NONE', *, *, #7060, .T. ) ;
#5456 = DIRECTION ( 'NONE',  ( 0.8660254037844363761, 0.000000000000000000, -0.5000000000000038858 ) ) ;
#5457 = CARTESIAN_POINT ( 'NONE',  ( -1.000000000000028644, 2.501000000000000334, 14.43145188432685622 ) ) ;
#5458 = VECTOR ( 'NONE', #1882, 1000.000000000000000 ) ;
#5459 = CARTESIAN_POINT ( 'NONE',  ( 4.999999999999971578, 1.500000000000000000, 14.43145188432685622 ) ) ;
#5460 = CARTESIAN_POINT ( 'NONE',  ( -12.00000000000001776, 1.500000000000000000, -2.309401076758418991 ) ) ;
#5461 = VERTEX_POINT ( 'NONE', #6762 ) ;
#5462 = ORIENTED_EDGE ( 'NONE', *, *, #3289, .F. ) ;
#5463 = AXIS2_PLACEMENT_3D ( 'NONE', #2197, #6699, #2265 ) ;
#5464 = EDGE_LOOP ( 'NONE', ( #3114, #5901, #5479, #3138 ) ) ;
#5465 = CARTESIAN_POINT ( 'NONE',  ( 3.999999999999998224, 0.000000000000000000, -1.154700538379252128 ) ) ;
#5466 = ORIENTED_EDGE ( 'NONE', *, *, #11, .F. ) ;
#5467 = CARTESIAN_POINT ( 'NONE',  ( 2.999999999999983569, 0.000000000000000000, -7.505553499465142941 ) ) ;
#5468 = CARTESIAN_POINT ( 'NONE',  ( 6.999999999999980460, 1.500000000000000000, -4.041451884327456945 ) ) ;
#5469 = CARTESIAN_POINT ( 'NONE',  ( 13.00000000000004796, 1.500000000000000000, 4.041451884327340593 ) ) ;
#5470 = VERTEX_POINT ( 'NONE', #2233 ) ;
#5471 = ADVANCED_FACE ( 'NONE', ( #3300 ), #1650, .F. ) ;
#5472 = ORIENTED_EDGE ( 'NONE', *, *, #3892, .T. ) ;
#5473 = ORIENTED_EDGE ( 'NONE', *, *, #2805, .T. ) ;
#5474 = ORIENTED_EDGE ( 'NONE', *, *, #5195, .T. ) ;
#5475 = FACE_OUTER_BOUND ( 'NONE', #2081, .T. ) ;
#5476 = DIRECTION ( 'NONE',  ( -0.8660254037844393737, 0.000000000000000000, -0.4999999999999985012 ) ) ;
#5477 = FACE_BOUND ( 'NONE', #6447, .T. ) ;
#5478 = CARTESIAN_POINT ( 'NONE',  ( -15.75500000000000078, 1.500000000000000000, -18.45500000000000185 ) ) ;
#5479 = ORIENTED_EDGE ( 'NONE', *, *, #559, .F. ) ;
#5480 = ADVANCED_FACE ( 'NONE', ( #5101 ), #1752, .F. ) ;
#5481 = DIRECTION ( 'NONE',  ( 0.8660254037844390407, 0.000000000000000000, -0.4999999999999992228 ) ) ;
#5482 = ORIENTED_EDGE ( 'NONE', *, *, #2008, .T. ) ;
#5483 = ADVANCED_FACE ( 'NONE', ( #3992 ), #6251, .F. ) ;
#5484 = ORIENTED_EDGE ( 'NONE', *, *, #1966, .T. ) ;
#5485 = DIRECTION ( 'NONE',  ( 0.000000000000000000, 0.000000000000000000, -1.000000000000000000 ) ) ;
#5486 = CARTESIAN_POINT ( 'NONE',  ( -14.00000000000005507, 2.501000000000000334, -11.54700538379252706 ) ) ;
#5487 = LINE ( 'NONE', #2439, #6400 ) ;
#5488 = ADVANCED_FACE ( 'NONE', ( #2752 ), #542, .F. ) ;
#5489 = CARTESIAN_POINT ( 'NONE',  ( -2.999999999999905409, 1.500000000000000000, -13.27905619594811348 ) ) ;
#5490 = VECTOR ( 'NONE', #2056, 1000.000000000000114 ) ;
#5491 = VECTOR ( 'NONE', #4797, 1000.000000000000000 ) ;
#5492 = ORIENTED_EDGE ( 'NONE', *, *, #3636, .F. ) ;
#5493 = DIRECTION ( 'NONE',  ( 0.8660254037844385966, 0.000000000000000000, 0.4999999999999999445 ) ) ;
#5494 = CIRCLE ( 'NONE', #6553, 1.500000000000001332 ) ;
#5495 = CARTESIAN_POINT ( 'NONE',  ( 9.000000000000047962, 1.500000000000000000, 7.505553499465094092 ) ) ;
#5496 = AXIS2_PLACEMENT_3D ( 'NONE', #1255, #3905, #2912 ) ;
#5497 = CARTESIAN_POINT ( 'NONE',  ( 2.999999999999983569, 1.500000000000000000, -7.505553499465142941 ) ) ;
#5498 = DIRECTION ( 'NONE',  ( 0.5000000000000004441, 0.000000000000000000, -0.8660254037844384856 ) ) ;
#5499 = VERTEX_POINT ( 'NONE', #6113 ) ;
#5500 = DIRECTION ( 'NONE',  ( -1.000000000000000000, 0.000000000000000000, 0.000000000000000000 ) ) ;
#5501 = AXIS2_PLACEMENT_3D ( 'NONE', #482, #2725, #2205 ) ;
#5502 = VECTOR ( 'NONE', #3400, 1000.000000000000000 ) ;
#5503 = EDGE_LOOP ( 'NONE', ( #4607, #6974, #2025, #6497 ) ) ;
#5504 = VECTOR ( 'NONE', #2749, 1000.000000000000000 ) ;
#5505 = FACE_OUTER_BOUND ( 'NONE', #2518, .T. ) ;
#5506 = ORIENTED_EDGE ( 'NONE', *, *, #5110, .T. ) ;
#5507 = DIRECTION ( 'NONE',  ( 1.502314598737158045E-15, -0.000000000000000000, 1.000000000000000000 ) ) ;
#5508 = AXIS2_PLACEMENT_3D ( 'NONE', #6642, #7192, #3872 ) ;
#5509 = CARTESIAN_POINT ( 'NONE',  ( -3.000000000000035971, 2.501000000000000334, -7.505553499465120737 ) ) ;
#5510 = CARTESIAN_POINT ( 'NONE',  ( 3.000000000000032863, 2.501000000000000334, 2.886751345948093128 ) ) ;
#5511 = ORIENTED_EDGE ( 'NONE', *, *, #1195, .F. ) ;
#5512 = VECTOR ( 'NONE', #2120, 1000.000000000000114 ) ;
#5513 = ORIENTED_EDGE ( 'NONE', *, *, #4004, .F. ) ;
#5514 = ORIENTED_EDGE ( 'NONE', *, *, #2598, .T. ) ;
#5515 = CIRCLE ( 'NONE', #3393, 2.700000000000001066 ) ;
#5516 = CARTESIAN_POINT ( 'NONE',  ( -4.000000000000007994, 0.000000000000000000, -1.154700538379223707 ) ) ;
#5517 = DIRECTION ( 'NONE',  ( -0.8660254037844387076, 0.000000000000000000, 0.4999999999999998335 ) ) ;
#5518 = CARTESIAN_POINT ( 'NONE',  ( 3.000000000000087486, 1.500000000000000000, 7.505553499465101197 ) ) ;
#5519 = CARTESIAN_POINT ( 'NONE',  ( -9.999999999999891642, 0.000000000000000000, 11.54700538379251107 ) ) ;
#5520 = CARTESIAN_POINT ( 'NONE',  ( 11.00000000000004441, 2.501000000000000334, 6.350852961085846182 ) ) ;
#5521 = ORIENTED_EDGE ( 'NONE', *, *, #1920, .T. ) ;
#5522 = PLANE ( 'NONE',  #924 ) ;
#5523 = EDGE_CURVE ( 'NONE', #2696, #4721, #6179, .T. ) ;
#5524 = ORIENTED_EDGE ( 'NONE', *, *, #2482, .F. ) ;
#5525 = EDGE_CURVE ( 'NONE', #1377, #2622, #3438, .T. ) ;
#5526 = ORIENTED_EDGE ( 'NONE', *, *, #3930, .T. ) ;
#5527 = LINE ( 'NONE', #4370, #3592 ) ;
#5528 = DIRECTION ( 'NONE',  ( -0.8660254037844387076, 0.000000000000000000, 0.4999999999999999445 ) ) ;
#5529 = DIRECTION ( 'NONE',  ( 0.8660254037844387076, 0.000000000000000000, -0.5000000000000001110 ) ) ;
#5530 = VECTOR ( 'NONE', #3036, 1000.000000000000114 ) ;
#5531 =( LENGTH_UNIT ( ) NAMED_UNIT ( * ) SI_UNIT ( .MILLI., .METRE. ) );
#5532 = VERTEX_POINT ( 'NONE', #1711 ) ;
#5533 = EDGE_CURVE ( 'NONE', #1271, #4738, #615, .T. ) ;
#5534 = CARTESIAN_POINT ( 'NONE',  ( -4.999999999999921840, 1.500000000000000000, -16.74315781108585810 ) ) ;
#5535 = DIRECTION ( 'NONE',  ( 4.506943796211473347E-15, 0.000000000000000000, 1.000000000000000000 ) ) ;
#5536 = DIRECTION ( 'NONE',  ( -1.000000000000000000, 0.000000000000000000, -0.000000000000000000 ) ) ;
#5537 = CARTESIAN_POINT ( 'NONE',  ( 2.999999999999969802, 0.000000000000000000, 17.89555349946460794 ) ) ;
#5538 = ORIENTED_EDGE ( 'NONE', *, *, #6066, .T. ) ;
#5539 = DIRECTION ( 'NONE',  ( 1.000000000000000000, 0.000000000000000000, 0.000000000000000000 ) ) ;
#5540 = VERTEX_POINT ( 'NONE', #5036 ) ;
#5541 = EDGE_CURVE ( 'NONE', #3548, #7048, #3369, .T. ) ;
#5542 = CARTESIAN_POINT ( 'NONE',  ( -5.000000000000028422, 1.500000000000000000, 16.74085296108535559 ) ) ;
#5543 = ORIENTED_EDGE ( 'NONE', *, *, #5839, .T. ) ;
#5544 = CARTESIAN_POINT ( 'NONE',  ( 3.000000000000094591, 0.000000000000000000, -13.27905619594811348 ) ) ;
#5545 = DIRECTION ( 'NONE',  ( 0.8660254037844431485, -0.000000000000000000, 0.4999999999999921174 ) ) ;
#5546 = PLANE ( 'NONE',  #3929 ) ;
#5547 = VERTEX_POINT ( 'NONE', #5695 ) ;
#5548 = ORIENTED_EDGE ( 'NONE', *, *, #6188, .F. ) ;
#5549 = VERTEX_POINT ( 'NONE', #5553 ) ;
#5550 = CARTESIAN_POINT ( 'NONE',  ( 12.00000000000009415, 2.501000000000000334, 8.082903768654690069 ) ) ;
#5551 = DIRECTION ( 'NONE',  ( -0.8660254037844361541, 0.000000000000000000, 0.5000000000000043299 ) ) ;
#5552 = CYLINDRICAL_SURFACE ( 'NONE', #4316, 1.500000000000001332 ) ;
#5553 = CARTESIAN_POINT ( 'NONE',  ( -2.999999999999927613, 0.000000000000000000, -17.89785834946512111 ) ) ;
#5554 = DIRECTION ( 'NONE',  ( 0.8660254037844384856, -0.000000000000000000, 0.5000000000000004441 ) ) ;
#5555 = EDGE_LOOP ( 'NONE', ( #6942, #6049, #6824, #4202 ) ) ;
#5556 = DIRECTION ( 'NONE',  ( -0.000000000000000000, 1.000000000000000000, -0.000000000000000000 ) ) ;
#5557 = EDGE_LOOP ( 'NONE', ( #3584, #5128, #1941, #634, #2998, #4203 ) ) ;
#5558 = ADVANCED_FACE ( 'NONE', ( #5629 ), #6143, .F. ) ;
#5559 = ORIENTED_EDGE ( 'NONE', *, *, #13, .T. ) ;
#5560 = DIRECTION ( 'NONE',  ( -0.000000000000000000, -1.000000000000000000, -0.000000000000000000 ) ) ;
#5561 = DIRECTION ( 'NONE',  ( 0.8660254037844371533, 0.000000000000000000, -0.5000000000000026645 ) ) ;
#5562 = LINE ( 'NONE', #517, #2803 ) ;
#5563 = EDGE_CURVE ( 'NONE', #4118, #4017, #2264, .T. ) ;
#5564 = ORIENTED_EDGE ( 'NONE', *, *, #3703, .F. ) ;
#5565 = CARTESIAN_POINT ( 'NONE',  ( -15.75500000000000078, 2.501000000000000334, -17.25500000000000256 ) ) ;
#5566 = VECTOR ( 'NONE', #6854, 1000.000000000000000 ) ;
#5567 = CARTESIAN_POINT ( 'NONE',  ( 14.99999999999996980, 2.501000000000000334, -7.505553499465213108 ) ) ;
#5568 = VECTOR ( 'NONE', #4098, 1000.000000000000000 ) ;
#5569 = LINE ( 'NONE', #7299, #2093 ) ;
#5570 = CARTESIAN_POINT ( 'NONE',  ( 0.000000000000000000, 1.500000000000000000, 0.000000000000000000 ) ) ;
#5571 = EDGE_CURVE ( 'NONE', #7, #881, #7285, .T. ) ;
#5572 = ORIENTED_EDGE ( 'NONE', *, *, #7187, .F. ) ;
#5573 = VECTOR ( 'NONE', #5529, 999.9999999999998863 ) ;
#5574 = CARTESIAN_POINT ( 'NONE',  ( 8.000000000000000000, 2.501000000000000334, -1.154700538379251018 ) ) ;
#5575 = VERTEX_POINT ( 'NONE', #5663 ) ;
#5576 = LINE ( 'NONE', #7199, #6280 ) ;
#5577 = CARTESIAN_POINT ( 'NONE',  ( 16.99999999999997513, 0.000000000000000000, -6.350852961085965198 ) ) ;
#5578 = CARTESIAN_POINT ( 'NONE',  ( 8.000000000000000000, 1.500000000000000000, -1.154700538379252128 ) ) ;
#5579 = ORIENTED_EDGE ( 'NONE', *, *, #1824, .T. ) ;
#5580 = ADVANCED_FACE ( 'NONE', ( #3409 ), #2854, .F. ) ;
#5581 = VECTOR ( 'NONE', #6844, 1000.000000000000000 ) ;
#5582 = ORIENTED_EDGE ( 'NONE', *, *, #2310, .F. ) ;
#5583 = VERTEX_POINT ( 'NONE', #2489 ) ;
#5584 = ADVANCED_FACE ( 'NONE', ( #1276 ), #1234, .F. ) ;
#5585 = LINE ( 'NONE', #12, #5053 ) ;
#5586 = AXIS2_PLACEMENT_3D ( 'NONE', #4365, #3921, #2826 ) ;
#5587 = DIRECTION ( 'NONE',  ( -0.8660254037844382635, 0.000000000000000000, -0.5000000000000005551 ) ) ;
#5588 = DIRECTION ( 'NONE',  ( -1.201851678989728329E-14, 0.000000000000000000, -1.000000000000000000 ) ) ;
#5589 = CARTESIAN_POINT ( 'NONE',  ( -4.999999999999940492, 1.500000000000000000, 6.350852961085931447 ) ) ;
#5590 = CARTESIAN_POINT ( 'NONE',  ( 0.9999999999999895639, 1.500000000000000000, -4.041451884327381450 ) ) ;
#5591 = ORIENTED_EDGE ( 'NONE', *, *, #3094, .T. ) ;
#5592 = EDGE_CURVE ( 'NONE', #2408, #1707, #4728, .T. ) ;
#5593 = DIRECTION ( 'NONE',  ( -0.8660254037844385966, 0.000000000000000000, -0.5000000000000002220 ) ) ;
#5594 = ORIENTED_EDGE ( 'NONE', *, *, #4856, .F. ) ;
#5595 = ORIENTED_EDGE ( 'NONE', *, *, #495, .F. ) ;
#5596 = LINE ( 'NONE', #548, #2207 ) ;
#5597 = PLANE ( 'NONE',  #2758 ) ;
#5598 = DIRECTION ( 'NONE',  ( -0.000000000000000000, -1.000000000000000000, -0.000000000000000000 ) ) ;
#5599 = EDGE_LOOP ( 'NONE', ( #2572, #6531, #5582, #6899 ) ) ;
#5600 = EDGE_CURVE ( 'NONE', #3487, #5540, #4580, .T. ) ;
#5601 = ORIENTED_EDGE ( 'NONE', *, *, #6733, .F. ) ;
#5602 = CARTESIAN_POINT ( 'NONE',  ( -7.999999999999992895, 0.000000000000000000, 1.154700538379307417 ) ) ;
#5603 = CARTESIAN_POINT ( 'NONE',  ( 11.99999999999999822, 2.501000000000000334, 2.309401076758503368 ) ) ;
#5604 = VECTOR ( 'NONE', #4003, 1000.000000000000227 ) ;
#5605 = CARTESIAN_POINT ( 'NONE',  ( -15.75500000000000789, 2.500000000000000000, 17.25500000000000256 ) ) ;
#5606 = DIRECTION ( 'NONE',  ( 0.8660254037844387076, 0.000000000000000000, -0.4999999999999997780 ) ) ;
#5607 = ORIENTED_EDGE ( 'NONE', *, *, #6386, .F. ) ;
#5608 = VECTOR ( 'NONE', #2838, 999.9999999999998863 ) ;
#5609 = CARTESIAN_POINT ( 'NONE',  ( 16.99999999999997513, 1.500000000000000000, -6.350852961085964310 ) ) ;
#5610 = ORIENTED_EDGE ( 'NONE', *, *, #6309, .T. ) ;
#5611 = ADVANCED_FACE ( 'NONE', ( #128 ), #2377, .F. ) ;
#5612 = VECTOR ( 'NONE', #4320, 1000.000000000000000 ) ;
#5613 = LINE ( 'NONE', #3463, #6515 ) ;
#5614 = CARTESIAN_POINT ( 'NONE',  ( 12.99999999999997335, 2.501000000000000334, -6.350852961085958981 ) ) ;
#5615 = DIRECTION ( 'NONE',  ( 0.8660254037844326014, 0.000000000000000000, -0.5000000000000104361 ) ) ;
#5616 = VERTEX_POINT ( 'NONE', #4059 ) ;
#5617 = VECTOR ( 'NONE', #763, 1000.000000000000000 ) ;
#5618 = VECTOR ( 'NONE', #3717, 1000.000000000000227 ) ;
#5619 = VERTEX_POINT ( 'NONE', #1784 ) ;
#5620 = AXIS2_PLACEMENT_3D ( 'NONE', #3936, #5158, #111 ) ;
#5621 = EDGE_CURVE ( 'NONE', #3404, #3987, #4168, .T. ) ;
#5622 = ORIENTED_EDGE ( 'NONE', *, *, #2211, .T. ) ;
#5623 = LINE ( 'NONE', #5516, #5415 ) ;
#5624 = ADVANCED_FACE ( 'NONE', ( #1819 ), #795, .F. ) ;
#5625 = VECTOR ( 'NONE', #1607, 1000.000000000000114 ) ;
#5626 = VECTOR ( 'NONE', #1801, 1000.000000000000000 ) ;
#5627 = CARTESIAN_POINT ( 'NONE',  ( 2.000000000000447198, 1.500000000000000000, -11.54700538379282904 ) ) ;
#5628 = AXIS2_PLACEMENT_3D ( 'NONE', #1091, #3331, #5587 ) ;
#5629 = FACE_OUTER_BOUND ( 'NONE', #4591, .T. ) ;
#5630 = CARTESIAN_POINT ( 'NONE',  ( 12.00000000000000000, 1.500000000000000000, -2.309401076758504257 ) ) ;
#5631 = VERTEX_POINT ( 'NONE', #2962 ) ;
#5632 = CARTESIAN_POINT ( 'NONE',  ( -9.999999999999911182, 1.500000000000000000, 9.237604307034006368 ) ) ;
#5633 = VECTOR ( 'NONE', #2649, 1000.000000000000000 ) ;
#5634 = ORIENTED_EDGE ( 'NONE', *, *, #1958, .F. ) ;
#5635 = EDGE_CURVE ( 'NONE', #996, #5698, #4652, .T. ) ;
#5636 = CARTESIAN_POINT ( 'NONE',  ( -6.000000000000060396, 1.500000000000000000, -12.70170592217174388 ) ) ;
#5637 = FACE_OUTER_BOUND ( 'NONE', #6534, .T. ) ;
#5638 = VECTOR ( 'NONE', #4831, 1000.000000000000114 ) ;
#5639 = PLANE ( 'NONE',  #6165 ) ;
#5640 = LINE ( 'NONE', #5705, #3738 ) ;
#5641 = ORIENTED_EDGE ( 'NONE', *, *, #6405, .F. ) ;
#5642 = VERTEX_POINT ( 'NONE', #6906 ) ;
#5643 = FACE_OUTER_BOUND ( 'NONE', #7161, .T. ) ;
#5644 = EDGE_CURVE ( 'NONE', #4254, #2054, #2928, .T. ) ;
#5645 = DIRECTION ( 'NONE',  ( 0.4999999999999982792, 0.000000000000000000, -0.8660254037844397068 ) ) ;
#5646 = CARTESIAN_POINT ( 'NONE',  ( 12.99999999999998046, 1.500000000000000000, -4.041451884327456945 ) ) ;
#5647 = CARTESIAN_POINT ( 'NONE',  ( -15.75500000000000789, 2.500000000000000000, 15.75500000000000078 ) ) ;
#5648 = PLANE ( 'NONE',  #5620 ) ;
#5649 = AXIS2_PLACEMENT_3D ( 'NONE', #5660, #6975, #350 ) ;
#5650 = EDGE_LOOP ( 'NONE', ( #4324, #6377, #3986, #3959 ) ) ;
#5651 = CARTESIAN_POINT ( 'NONE',  ( 2.999999999999969802, 2.501000000000000334, 17.89555349946460794 ) ) ;
#5652 = ORIENTED_EDGE ( 'NONE', *, *, #2900, .F. ) ;
#5653 = EDGE_CURVE ( 'NONE', #3157, #5499, #5329, .T. ) ;
#5654 = CARTESIAN_POINT ( 'NONE',  ( 5.999999999999971578, 2.501000000000000334, -12.70170592217178118 ) ) ;
#5655 = LINE ( 'NONE', #500, #3724 ) ;
#5656 = DIRECTION ( 'NONE',  ( 0.000000000000000000, 0.000000000000000000, -1.000000000000000000 ) ) ;
#5657 = ORIENTED_EDGE ( 'NONE', *, *, #6111, .F. ) ;
#5658 = ORIENTED_EDGE ( 'NONE', *, *, #6613, .T. ) ;
#5659 = EDGE_LOOP ( 'NONE', ( #2745, #5438, #1376, #2155 ) ) ;
#5660 = CARTESIAN_POINT ( 'NONE',  ( 12.99999999999998046, 2.501000000000000334, -4.041451884327456945 ) ) ;
#5661 = EDGE_CURVE ( 'NONE', #2792, #34, #1893, .T. ) ;
#5662 = PLANE ( 'NONE',  #983 ) ;
#5663 = CARTESIAN_POINT ( 'NONE',  ( -16.99999999999999289, 1.500000000000000000, 6.350852961085312387 ) ) ;
#5664 = LINE ( 'NONE', #724, #2406 ) ;
#5665 = VERTEX_POINT ( 'NONE', #834 ) ;
#5666 = EDGE_CURVE ( 'NONE', #2924, #718, #4550, .T. ) ;
#5667 = EDGE_CURVE ( 'NONE', #5532, #1372, #3582, .T. ) ;
#5668 = VERTEX_POINT ( 'NONE', #5212 ) ;
#5669 = CARTESIAN_POINT ( 'NONE',  ( 2.000000000000165645, 0.000000000000000000, 9.237604307034008144 ) ) ;
#5670 = CARTESIAN_POINT ( 'NONE',  ( -3.999999999999910738, 2.501000000000000334, 9.237604307034047224 ) ) ;
#5671 = CARTESIAN_POINT ( 'NONE',  ( 15.75500000000000078, 2.500000000000000000, -17.25500000000000256 ) ) ;
#5672 = DIRECTION ( 'NONE',  ( -0.8660254037844371533, 0.000000000000000000, 0.5000000000000026645 ) ) ;
#5673 = ADVANCED_FACE ( 'NONE', ( #6321 ), #4131, .F. ) ;
#5674 = VERTEX_POINT ( 'NONE', #757 ) ;
#5675 = ORIENTED_EDGE ( 'NONE', *, *, #1274, .T. ) ;
#5676 = DIRECTION ( 'NONE',  ( -1.877893248421450515E-16, 0.000000000000000000, 1.000000000000000000 ) ) ;
#5677 = DIRECTION ( 'NONE',  ( -0.000000000000000000, -1.000000000000000000, -0.000000000000000000 ) ) ;
#5678 = DIRECTION ( 'NONE',  ( 1.000000000000000000, 0.000000000000000000, 0.000000000000000000 ) ) ;
#5679 = CARTESIAN_POINT ( 'NONE',  ( -4.999999999999940492, 0.000000000000000000, 6.350852961085931447 ) ) ;
#5680 = CARTESIAN_POINT ( 'NONE',  ( 15.75500000000000078, 1.500000000000000000, -18.45500000000000185 ) ) ;
#5681 = ORIENTED_EDGE ( 'NONE', *, *, #4477, .F. ) ;
#5682 = CARTESIAN_POINT ( 'NONE',  ( -16.99999999999999289, 0.000000000000000000, 6.350852961085313275 ) ) ;
#5683 = ORIENTED_EDGE ( 'NONE', *, *, #5667, .F. ) ;
#5684 = LINE ( 'NONE', #712, #4861 ) ;
#5685 = LINE ( 'NONE', #639, #5385 ) ;
#5686 = CARTESIAN_POINT ( 'NONE',  ( -3.000000000000030198, 2.501000000000000334, 17.89555349946460794 ) ) ;
#5687 = VERTEX_POINT ( 'NONE', #4694 ) ;
#5688 = ORIENTED_EDGE ( 'NONE', *, *, #5867, .T. ) ;
#5689 = AXIS2_PLACEMENT_3D ( 'NONE', #2562, #5403, #1344 ) ;
#5690 = EDGE_LOOP ( 'NONE', ( #3243, #5455, #3653, #4612 ) ) ;
#5691 = EDGE_CURVE ( 'NONE', #2135, #1237, #2996, .T. ) ;
#5692 = LINE ( 'NONE', #4534, #591 ) ;
#5693 = DIRECTION ( 'NONE',  ( -1.000000000000000000, 0.000000000000000000, 4.506943796211474136E-15 ) ) ;
#5694 = VECTOR ( 'NONE', #7045, 1000.000000000000000 ) ;
#5695 = CARTESIAN_POINT ( 'NONE',  ( -3.999999999999992450, 1.500000000000000000, 1.154700538379280106 ) ) ;
#5696 = CARTESIAN_POINT ( 'NONE',  ( -6.999999999999992895, 2.501000000000000334, 4.041451884326855648 ) ) ;
#5697 = VERTEX_POINT ( 'NONE', #2454 ) ;
#5698 = VERTEX_POINT ( 'NONE', #6394 ) ;
#5699 = AXIS2_PLACEMENT_3D ( 'NONE', #5696, #3624, #5405 ) ;
#5700 = EDGE_CURVE ( 'NONE', #996, #544, #1346, .T. ) ;
#5701 = DIRECTION ( 'NONE',  ( 0.000000000000000000, -1.000000000000000000, 0.000000000000000000 ) ) ;
#5702 = EDGE_CURVE ( 'NONE', #6139, #5799, #4914, .T. ) ;
#5703 = DIRECTION ( 'NONE',  ( -0.000000000000000000, -1.000000000000000000, -0.000000000000000000 ) ) ;
#5704 = FACE_OUTER_BOUND ( 'NONE', #4983, .T. ) ;
#5705 = CARTESIAN_POINT ( 'NONE',  ( -8.000000000000055067, 2.501000000000000334, -11.54700538379248442 ) ) ;
#5706 = ORIENTED_EDGE ( 'NONE', *, *, #4442, .T. ) ;
#5707 = ORIENTED_EDGE ( 'NONE', *, *, #4699, .T. ) ;
#5708 = FACE_OUTER_BOUND ( 'NONE', #261, .T. ) ;
#5709 = EDGE_CURVE ( 'NONE', #1516, #2892, #7087, .T. ) ;
#5710 = ADVANCED_FACE ( 'NONE', ( #3112 ), #5992, .F. ) ;
#5711 = CARTESIAN_POINT ( 'NONE',  ( 16.00000000000000000, 2.500000000000000000, -16.00000000000000000 ) ) ;
#5712 = DIRECTION ( 'NONE',  ( -9.013887592422941960E-15, 0.000000000000000000, -1.000000000000000000 ) ) ;
#5713 = DIRECTION ( 'NONE',  ( 0.4999999999998542277, -0.000000000000000000, 0.8660254037845228625 ) ) ;
#5714 = FACE_OUTER_BOUND ( 'NONE', #3611, .T. ) ;
#5715 = ORIENTED_EDGE ( 'NONE', *, *, #3395, .F. ) ;
#5716 = DIRECTION ( 'NONE',  ( 0.000000000000000000, 0.000000000000000000, -1.000000000000000000 ) ) ;
#5717 = ORIENTED_EDGE ( 'NONE', *, *, #5076, .T. ) ;
#5718 = DIRECTION ( 'NONE',  ( -0.000000000000000000, -1.000000000000000000, -0.000000000000000000 ) ) ;
#5719 = EDGE_CURVE ( 'NONE', #3070, #3733, #941, .T. ) ;
#5720 = DIRECTION ( 'NONE',  ( -0.000000000000000000, -1.000000000000000000, -0.000000000000000000 ) ) ;
#5721 = DIRECTION ( 'NONE',  ( -0.4999999999999985567, 0.000000000000000000, 0.8660254037844394848 ) ) ;
#5722 = DIRECTION ( 'NONE',  ( -0.8660254037844385966, 0.000000000000000000, 0.5000000000000001110 ) ) ;
#5723 = ORIENTED_EDGE ( 'NONE', *, *, #28, .F. ) ;
#5724 = VECTOR ( 'NONE', #4050, 1000.000000000000114 ) ;
#5725 = VERTEX_POINT ( 'NONE', #2074 ) ;
#5726 = ORIENTED_EDGE ( 'NONE', *, *, #162, .T. ) ;
#5727 = CIRCLE ( 'NONE', #5964, 19.00000000000000000 ) ;
#5728 = CARTESIAN_POINT ( 'NONE',  ( -10.00000000000005329, 1.500000000000000000, -11.54700538379254127 ) ) ;
#5729 = ORIENTED_EDGE ( 'NONE', *, *, #2103, .F. ) ;
#5730 = VECTOR ( 'NONE', #1589, 1000.000000000000000 ) ;
#5731 = EDGE_CURVE ( 'NONE', #1724, #7134, #6615, .T. ) ;
#5732 = CARTESIAN_POINT ( 'NONE',  ( -16.99999999999970868, 0.000000000000000000, -6.350852961086469683 ) ) ;
#5733 = DIRECTION ( 'NONE',  ( 0.000000000000000000, 0.000000000000000000, -1.000000000000000000 ) ) ;
#5734 = PLANE ( 'NONE',  #1229 ) ;
#5735 = ORIENTED_EDGE ( 'NONE', *, *, #5746, .F. ) ;
#5736 = VECTOR ( 'NONE', #7040, 1000.000000000000000 ) ;
#5737 = EDGE_LOOP ( 'NONE', ( #6716, #4095, #4213, #1461, #6199, #3135 ) ) ;
#5738 = CIRCLE ( 'NONE', #6794, 19.00000000000000000 ) ;
#5739 = VECTOR ( 'NONE', #7046, 1000.000000000000227 ) ;
#5740 = VECTOR ( 'NONE', #3527, 1000.000000000000000 ) ;
#5741 = DIRECTION ( 'NONE',  ( -0.000000000000000000, -1.000000000000000000, -0.000000000000000000 ) ) ;
#5742 = LINE ( 'NONE', #3964, #1382 ) ;
#5743 = DIRECTION ( 'NONE',  ( -0.000000000000000000, -1.000000000000000000, -0.000000000000000000 ) ) ;
#5744 = STYLED_ITEM ( 'NONE', ( #2173 ), #6654 ) ;
#5745 = CARTESIAN_POINT ( 'NONE',  ( 15.75499999999999545, 2.501000000000000334, 14.25500000000000078 ) ) ;
#5746 = EDGE_CURVE ( 'NONE', #197, #837, #4208, .T. ) ;
#5747 = EDGE_CURVE ( 'NONE', #5296, #3232, #5404, .T. ) ;
#5748 = ORIENTED_EDGE ( 'NONE', *, *, #6204, .F. ) ;
#5749 = VECTOR ( 'NONE', #4941, 1000.000000000000114 ) ;
#5750 = VERTEX_POINT ( 'NONE', #6065 ) ;
#5751 = VECTOR ( 'NONE', #6004, 1000.000000000000000 ) ;
#5752 = PLANE ( 'NONE',  #2778 ) ;
#5753 = EDGE_CURVE ( 'NONE', #2520, #5918, #4837, .T. ) ;
#5754 = CARTESIAN_POINT ( 'NONE',  ( 10.00000000000013323, 0.000000000000000000, 11.54700538379246844 ) ) ;
#5755 = DIRECTION ( 'NONE',  ( -0.000000000000000000, -1.000000000000000000, -0.000000000000000000 ) ) ;
#5756 = CARTESIAN_POINT ( 'NONE',  ( 14.00000000000000178, 1.500000000000000000, -1.154700538379251684 ) ) ;
#5757 = LINE ( 'NONE', #1736, #208 ) ;
#5758 = ADVANCED_FACE ( 'NONE', ( #5949, #2600 ), #387, .T. ) ;
#5759 = ORIENTED_EDGE ( 'NONE', *, *, #2018, .T. ) ;
#5760 = LINE ( 'NONE', #4524, #2971 ) ;
#5761 = ORIENTED_EDGE ( 'NONE', *, *, #1238, .F. ) ;
#5762 = FACE_OUTER_BOUND ( 'NONE', #3000, .T. ) ;
#5763 = DIRECTION ( 'NONE',  ( 0.000000000000000000, 0.000000000000000000, 1.000000000000000000 ) ) ;
#5764 = DIRECTION ( 'NONE',  ( -0.000000000000000000, -1.000000000000000000, -0.000000000000000000 ) ) ;
#5765 = CARTESIAN_POINT ( 'NONE',  ( -2.000000000000117240, 1.500000000000000000, 9.237604307033738138 ) ) ;
#5766 = ORIENTED_EDGE ( 'NONE', *, *, #3609, .T. ) ;
#5767 = DIRECTION ( 'NONE',  ( 1.000000000000000000, 0.000000000000000000, -3.004629197474326346E-15 ) ) ;
#5768 = ORIENTED_EDGE ( 'NONE', *, *, #6152, .T. ) ;
#5769 = EDGE_LOOP ( 'NONE', ( #2188, #382, #3151, #2296, #2877, #1654 ) ) ;
#5770 = CARTESIAN_POINT ( 'NONE',  ( -2.999999999999930278, 1.500000000000000000, 7.505553499465164258 ) ) ;
#5771 = ORIENTED_EDGE ( 'NONE', *, *, #611, .T. ) ;
#5772 = AXIS2_PLACEMENT_3D ( 'NONE', #6577, #1082, #7162 ) ;
#5773 = CARTESIAN_POINT ( 'NONE',  ( 2.999999999999971578, 1.500000000000000000, 13.27675134594760387 ) ) ;
#5774 = DIRECTION ( 'NONE',  ( 0.5000000000000103251, -0.000000000000000000, 0.8660254037844328234 ) ) ;
#5775 = CARTESIAN_POINT ( 'NONE',  ( 13.00000000000004796, 0.000000000000000000, 4.041451884327340593 ) ) ;
#5776 = ORIENTED_EDGE ( 'NONE', *, *, #3189, .T. ) ;
#5777 = ORIENTED_EDGE ( 'NONE', *, *, #6956, .T. ) ;
#5778 = CARTESIAN_POINT ( 'NONE',  ( -4.999999999999940492, 0.000000000000000000, 6.350852961085931447 ) ) ;
#5779 = DIRECTION ( 'NONE',  ( -0.000000000000000000, -1.000000000000000000, -0.000000000000000000 ) ) ;
#5780 = CARTESIAN_POINT ( 'NONE',  ( -4.000000000000055067, 1.500000000000000000, -11.54700538379250041 ) ) ;
#5781 = CARTESIAN_POINT ( 'NONE',  ( 1.999999999999999112, 2.501000000000000334, 1.154700538379253683 ) ) ;
#5782 = VERTEX_POINT ( 'NONE', #315 ) ;
#5783 = EDGE_CURVE ( 'NONE', #320, #6563, #2564, .T. ) ;
#5784 = ORIENTED_EDGE ( 'NONE', *, *, #3413, .T. ) ;
#5785 = CARTESIAN_POINT ( 'NONE',  ( 13.99999999999997691, 1.500000000000000000, -9.237604307034029461 ) ) ;
#5786 = DIRECTION ( 'NONE',  ( -0.000000000000000000, -1.000000000000000000, -0.000000000000000000 ) ) ;
#5787 = LINE ( 'NONE', #2977, #2448 ) ;
#5788 = ADVANCED_FACE ( 'NONE', ( #6026 ), #4808, .F. ) ;
#5789 = FACE_OUTER_BOUND ( 'NONE', #4312, .T. ) ;
#5790 = CARTESIAN_POINT ( 'NONE',  ( 14.00000000000013323, 2.501000000000000334, 11.54700538379242403 ) ) ;
#5791 = EDGE_LOOP ( 'NONE', ( #1727, #6948, #1962, #3685 ) ) ;
#5792 = DIRECTION ( 'NONE',  ( -0.000000000000000000, -1.000000000000000000, -0.000000000000000000 ) ) ;
#5793 = DIRECTION ( 'NONE',  ( 0.000000000000000000, 0.000000000000000000, -1.000000000000000000 ) ) ;
#5794 = EDGE_CURVE ( 'NONE', #1350, #5189, #1146, .T. ) ;
#5795 = CARTESIAN_POINT ( 'NONE',  ( 12.00000000000014921, 0.000000000000000000, 12.70170592217169769 ) ) ;
#5796 = EDGE_CURVE ( 'NONE', #1287, #2830, #3214, .T. ) ;
#5797 = CARTESIAN_POINT ( 'NONE',  ( 10.00000000000010658, 1.500000000000000000, 9.237604307033967288 ) ) ;
#5798 = CARTESIAN_POINT ( 'NONE',  ( -2.000000000000000888, 0.000000000000000000, 1.154700538379252128 ) ) ;
#5799 = VERTEX_POINT ( 'NONE', #2005 ) ;
#5800 = CARTESIAN_POINT ( 'NONE',  ( 3.999999999999977351, 1.500000000000000000, -9.237604307034020579 ) ) ;
#5801 = ORIENTED_EDGE ( 'NONE', *, *, #4175, .T. ) ;
#5802 = EDGE_LOOP ( 'NONE', ( #4498, #4798 ) ) ;
#5803 = DIRECTION ( 'NONE',  ( -0.000000000000000000, -1.000000000000000000, -0.000000000000000000 ) ) ;
#5804 = AXIS2_PLACEMENT_3D ( 'NONE', #3319, #6098, #3248 ) ;
#5805 = PLANE ( 'NONE',  #518 ) ;
#5806 = DIRECTION ( 'NONE',  ( 0.5000000000000062172, -0.000000000000000000, 0.8660254037844351549 ) ) ;
#5807 = CARTESIAN_POINT ( 'NONE',  ( 5.999999999999998224, 0.000000000000000000, 2.309401076758503368 ) ) ;
#5808 = ORIENTED_EDGE ( 'NONE', *, *, #1401, .T. ) ;
#5809 = VECTOR ( 'NONE', #4807, 1000.000000000000114 ) ;
#5810 = VECTOR ( 'NONE', #4229, 1000.000000000000000 ) ;
#5811 = ORIENTED_EDGE ( 'NONE', *, *, #5326, .T. ) ;
#5812 = VECTOR ( 'NONE', #6892, 1000.000000000000000 ) ;
#5813 = LINE ( 'NONE', #3154, #2203 ) ;
#5814 = DIRECTION ( 'NONE',  ( 0.000000000000000000, 0.000000000000000000, 1.000000000000000000 ) ) ;
#5815 = EDGE_CURVE ( 'NONE', #1602, #1706, #6537, .T. ) ;
#5816 = LINE ( 'NONE', #3005, #635 ) ;
#5817 = CARTESIAN_POINT ( 'NONE',  ( -14.00000000000001243, 0.000000000000000000, -1.154700538379153318 ) ) ;
#5818 = AXIS2_PLACEMENT_3D ( 'NONE', #3743, #4736, #5412 ) ;
#5819 = ORIENTED_EDGE ( 'NONE', *, *, #3995, .T. ) ;
#5820 = ORIENTED_EDGE ( 'NONE', *, *, #4712, .F. ) ;
#5821 = CARTESIAN_POINT ( 'NONE',  ( -4.000000000000007994, 1.500000000000000000, -1.154700538379223707 ) ) ;
#5822 = LINE ( 'NONE', #5226, #3484 ) ;
#5823 = FACE_BOUND ( 'NONE', #6407, .T. ) ;
#5824 = CARTESIAN_POINT ( 'NONE',  ( 8.000000000000133227, 2.501000000000000334, 11.54700538379242403 ) ) ;
#5825 = CARTESIAN_POINT ( 'NONE',  ( 19.99999999999999645, 2.500000000000000000, -16.00000000000000000 ) ) ;
#5826 = EDGE_LOOP ( 'NONE', ( #6424, #7250, #5105, #1885, #1755, #7216 ) ) ;
#5827 = LINE ( 'NONE', #1476, #4618 ) ;
#5828 = LINE ( 'NONE', #778, #430 ) ;
#5829 = CARTESIAN_POINT ( 'NONE',  ( 3.000000000000094591, 0.000000000000000000, -13.27905619594811348 ) ) ;
#5830 = CARTESIAN_POINT ( 'NONE',  ( 13.99999999999997513, 0.000000000000000000, -11.54700538379253416 ) ) ;
#5831 = DIRECTION ( 'NONE',  ( 0.8660254037844395958, 0.000000000000000000, 0.4999999999999982236 ) ) ;
#5832 = ORIENTED_EDGE ( 'NONE', *, *, #400, .F. ) ;
#5833 = CARTESIAN_POINT ( 'NONE',  ( 3.000000000000032863, 0.000000000000000000, 2.886751345948093128 ) ) ;
#5834 = EDGE_CURVE ( 'NONE', #2626, #880, #899, .T. ) ;
#5835 = ORIENTED_EDGE ( 'NONE', *, *, #5069, .F. ) ;
#5836 = ORIENTED_EDGE ( 'NONE', *, *, #1872, .F. ) ;
#5837 = FACE_OUTER_BOUND ( 'NONE', #956, .T. ) ;
#5838 = ORIENTED_EDGE ( 'NONE', *, *, #6386, .T. ) ;
#5839 = EDGE_CURVE ( 'NONE', #1655, #2849, #3252, .T. ) ;
#5840 = FACE_OUTER_BOUND ( 'NONE', #310, .T. ) ;
#5841 = CARTESIAN_POINT ( 'NONE',  ( -14.00000000000005507, 2.501000000000000334, -11.54700538379252706 ) ) ;
#5842 = CARTESIAN_POINT ( 'NONE',  ( -14.00000000000005507, 0.000000000000000000, -11.54700538379252706 ) ) ;
#5843 = VERTEX_POINT ( 'NONE', #7017 ) ;
#5844 = AXIS2_PLACEMENT_3D ( 'NONE', #7071, #2975, #3556 ) ;
#5845 = ORIENTED_EDGE ( 'NONE', *, *, #2222, .T. ) ;
#5846 = VECTOR ( 'NONE', #5981, 1000.000000000000000 ) ;
#5847 = VERTEX_POINT ( 'NONE', #1969 ) ;
#5848 = EDGE_CURVE ( 'NONE', #2388, #1603, #1422, .T. ) ;
#5849 = AXIS2_PLACEMENT_3D ( 'NONE', #5345, #2538, #257 ) ;
#5850 = DIRECTION ( 'NONE',  ( -0.8660254037844352659, 0.000000000000000000, 0.5000000000000057732 ) ) ;
#5851 = EDGE_CURVE ( 'NONE', #4332, #480, #1640, .T. ) ;
#5852 = PLANE ( 'NONE',  #1622 ) ;
#5853 = VECTOR ( 'NONE', #2540, 1000.000000000000000 ) ;
#5854 = CARTESIAN_POINT ( 'NONE',  ( 1.000000000000088596, 2.501000000000000334, -14.43375673432735518 ) ) ;
#5855 = DIRECTION ( 'NONE',  ( -0.8660254037844387076, 0.000000000000000000, 0.4999999999999997780 ) ) ;
#5856 = AXIS2_PLACEMENT_3D ( 'NONE', #4033, #6293, #2934 ) ;
#5857 = VECTOR ( 'NONE', #345, 1000.000000000000000 ) ;
#5858 = ORIENTED_EDGE ( 'NONE', *, *, #5171, .F. ) ;
#5859 = VECTOR ( 'NONE', #5517, 1000.000000000000000 ) ;
#5860 = DIRECTION ( 'NONE',  ( -0.000000000000000000, -1.000000000000000000, -0.000000000000000000 ) ) ;
#5861 = CARTESIAN_POINT ( 'NONE',  ( -2.000000000000000888, 1.500000000000000000, 1.154700538379252128 ) ) ;
#5862 = MECHANICAL_DESIGN_GEOMETRIC_PRESENTATION_REPRESENTATION (  '', ( #5744 ), #3613 ) ;
#5863 = CARTESIAN_POINT ( 'NONE',  ( -8.999999999999712230, 2.501000000000000334, -2.886751345948675329 ) ) ;
#5864 = VECTOR ( 'NONE', #6870, 1000.000000000000114 ) ;
#5865 = DIRECTION ( 'NONE',  ( 0.4999999999999976685, 0.000000000000000000, -0.8660254037844400399 ) ) ;
#5866 = CARTESIAN_POINT ( 'NONE',  ( -14.00000000000001243, 2.501000000000000334, -1.154700538379153318 ) ) ;
#5867 = EDGE_CURVE ( 'NONE', #3517, #5881, #5262, .T. ) ;
#5868 = AXIS2_PLACEMENT_3D ( 'NONE', #696, #2834, #1209 ) ;
#5869 = ORIENTED_EDGE ( 'NONE', *, *, #6153, .T. ) ;
#5870 = DIRECTION ( 'NONE',  ( -0.4999999999999992228, 0.000000000000000000, -0.8660254037844391517 ) ) ;
#5871 = DIRECTION ( 'NONE',  ( 0.4999999999999990563, -0.000000000000000000, 0.8660254037844392627 ) ) ;
#5872 = LINE ( 'NONE', #745, #3218 ) ;
#5873 = CARTESIAN_POINT ( 'NONE',  ( -16.00000000000000355, 2.500000000000000000, -20.00000000000000000 ) ) ;
#5874 = DIRECTION ( 'NONE',  ( -0.000000000000000000, -1.000000000000000000, -0.000000000000000000 ) ) ;
#5875 = ORIENTED_EDGE ( 'NONE', *, *, #5600, .T. ) ;
#5876 = LINE ( 'NONE', #5800, #4554 ) ;
#5877 = EDGE_LOOP ( 'NONE', ( #1341, #3771, #5151, #5071 ) ) ;
#5878 = VERTEX_POINT ( 'NONE', #5577 ) ;
#5879 = EDGE_CURVE ( 'NONE', #4261, #513, #5655, .T. ) ;
#5880 = PLANE ( 'NONE',  #5297 ) ;
#5881 = VERTEX_POINT ( 'NONE', #533 ) ;
#5882 = FACE_OUTER_BOUND ( 'NONE', #6692, .T. ) ;
#5883 = DIRECTION ( 'NONE',  ( 0.000000000000000000, 0.000000000000000000, -1.000000000000000000 ) ) ;
#5884 = CARTESIAN_POINT ( 'NONE',  ( 10.00000000000010658, 0.000000000000000000, 9.237604307033967288 ) ) ;
#5885 = VERTEX_POINT ( 'NONE', #6102 ) ;
#5886 = ADVANCED_FACE ( 'NONE', ( #2741 ), #2708, .F. ) ;
#5887 = VERTEX_POINT ( 'NONE', #2774 ) ;
#5888 = ORIENTED_EDGE ( 'NONE', *, *, #3451, .F. ) ;
#5889 = AXIS2_PLACEMENT_3D ( 'NONE', #2300, #720, #2926 ) ;
#5890 = DIRECTION ( 'NONE',  ( -0.8660254037844326014, 0.000000000000000000, 0.5000000000000104361 ) ) ;
#5891 = LINE ( 'NONE', #286, #6679 ) ;
#5892 = DIRECTION ( 'NONE',  ( -1.734723475976807094E-16, 0.000000000000000000, -1.000000000000000000 ) ) ;
#5893 = ADVANCED_FACE ( 'NONE', ( #2816 ), #4987, .F. ) ;
#5894 = CARTESIAN_POINT ( 'NONE',  ( -2.000000000000117240, 1.500000000000000000, 9.237604307033738138 ) ) ;
#5895 = VERTEX_POINT ( 'NONE', #4951 ) ;
#5896 = EDGE_LOOP ( 'NONE', ( #4813, #6354, #2067, #4049, #5026, #475 ) ) ;
#5897 = DIRECTION ( 'NONE',  ( 0.8660254037844378194, 0.000000000000000000, -0.5000000000000015543 ) ) ;
#5898 = CARTESIAN_POINT ( 'NONE',  ( -9.459583894364761141E-17, 0.000000000000000000, 2.309401076758504701 ) ) ;
#5899 = FACE_BOUND ( 'NONE', #3617, .T. ) ;
#5900 = LINE ( 'NONE', #1878, #4073 ) ;
#5901 = ORIENTED_EDGE ( 'NONE', *, *, #6506, .T. ) ;
#5902 = DIRECTION ( 'NONE',  ( -7.511572993685799692E-15, 0.000000000000000000, -1.000000000000000000 ) ) ;
#5903 = DIRECTION ( 'NONE',  ( -1.877893248421447556E-15, 0.000000000000000000, -1.000000000000000000 ) ) ;
#5904 = FACE_OUTER_BOUND ( 'NONE', #6006, .T. ) ;
#5905 = EDGE_CURVE ( 'NONE', #124, #1948, #6135, .T. ) ;
#5906 = LINE ( 'NONE', #7077, #4790 ) ;
#5907 = DIRECTION ( 'NONE',  ( 0.000000000000000000, 0.000000000000000000, 1.000000000000000000 ) ) ;
#5908 = EDGE_LOOP ( 'NONE', ( #5057, #6392, #2235, #1494 ) ) ;
#5909 = ORIENTED_EDGE ( 'NONE', *, *, #159, .F. ) ;
#5910 = VERTEX_POINT ( 'NONE', #4460 ) ;
#5911 = CARTESIAN_POINT ( 'NONE',  ( -8.000000000000055067, 2.501000000000000334, -11.54700538379248442 ) ) ;
#5912 = ORIENTED_EDGE ( 'NONE', *, *, #1130, .F. ) ;
#5913 = DIRECTION ( 'NONE',  ( 0.8660254037844379305, 0.000000000000000000, -0.5000000000000014433 ) ) ;
#5914 = DIRECTION ( 'NONE',  ( -0.000000000000000000, -1.000000000000000000, -0.000000000000000000 ) ) ;
#5915 = ADVANCED_FACE ( 'NONE', ( #5022 ), #7200, .F. ) ;
#5916 = CARTESIAN_POINT ( 'NONE',  ( -2.000000000000000888, 1.500000000000000000, 1.154700538379251906 ) ) ;
#5917 = ORIENTED_EDGE ( 'NONE', *, *, #2049, .T. ) ;
#5918 = VERTEX_POINT ( 'NONE', #3292 ) ;
#5919 = EDGE_CURVE ( 'NONE', #2252, #4293, #1968, .T. ) ;
#5920 = ORIENTED_EDGE ( 'NONE', *, *, #1922, .T. ) ;
#5921 = FACE_OUTER_BOUND ( 'NONE', #2719, .T. ) ;
#5922 = CARTESIAN_POINT ( 'NONE',  ( 4.999999999999971578, 2.501000000000000334, 14.43145188432685622 ) ) ;
#5923 = CARTESIAN_POINT ( 'NONE',  ( 8.000000000000110134, 0.000000000000000000, 9.237604307033919326 ) ) ;
#5924 = LINE ( 'NONE', #4848, #2333 ) ;
#5925 = VECTOR ( 'NONE', #7043, 1000.000000000000000 ) ;
#5926 = ORIENTED_EDGE ( 'NONE', *, *, #2117, .T. ) ;
#5927 = VECTOR ( 'NONE', #4459, 1000.000000000000000 ) ;
#5928 = EDGE_CURVE ( 'NONE', #4811, #3177, #1704, .T. ) ;
#5929 = EDGE_CURVE ( 'NONE', #5461, #4103, #2256, .T. ) ;
#5930 = ORIENTED_EDGE ( 'NONE', *, *, #827, .T. ) ;
#5931 = CARTESIAN_POINT ( 'NONE',  ( -15.75500000000000789, 0.000000000000000000, 13.05500000000000149 ) ) ;
#5932 = CARTESIAN_POINT ( 'NONE',  ( 19.99999999999999645, 2.500000000000000000, -20.00000000000000000 ) ) ;
#5933 = VECTOR ( 'NONE', #6046, 1000.000000000000000 ) ;
#5934 = DIRECTION ( 'NONE',  ( -1.051620219116010632E-14, 0.000000000000000000, -1.000000000000000000 ) ) ;
#5935 = VERTEX_POINT ( 'NONE', #3942 ) ;
#5936 = EDGE_CURVE ( 'NONE', #434, #5847, #7237, .T. ) ;
#5937 = ADVANCED_FACE ( 'NONE', ( #3322 ), #5090, .F. ) ;
#5938 = VECTOR ( 'NONE', #1431, 1000.000000000000000 ) ;
#5939 = CARTESIAN_POINT ( 'NONE',  ( 0.9999999999999840128, 0.000000000000000000, -6.350852961085886150 ) ) ;
#5940 = CARTESIAN_POINT ( 'NONE',  ( -11.99999999999998757, 2.501000000000000334, 2.309401076758587745 ) ) ;
#5941 = CARTESIAN_POINT ( 'NONE',  ( 14.99999999999998046, 0.000000000000000000, -2.886751345948211256 ) ) ;
#5942 = CARTESIAN_POINT ( 'NONE',  ( 5.000000000000047962, 1.500000000000000000, 4.041451884327321942 ) ) ;
#5943 = ORIENTED_EDGE ( 'NONE', *, *, #1733, .F. ) ;
#5944 = EDGE_LOOP ( 'NONE', ( #45, #5063, #1675, #4275 ) ) ;
#5945 = EDGE_LOOP ( 'NONE', ( #317, #2595, #498, #3676, #6505, #465, #7268, #3167 ) ) ;
#5946 = LINE ( 'NONE', #862, #6594 ) ;
#5947 = VERTEX_POINT ( 'NONE', #2294 ) ;
#5948 = LINE ( 'NONE', #2453, #281 ) ;
#5949 = FACE_BOUND ( 'NONE', #2744, .T. ) ;
#5950 = DIRECTION ( 'NONE',  ( -0.8660254037844419273, 0.000000000000000000, -0.4999999999999943934 ) ) ;
#5951 = ORIENTED_EDGE ( 'NONE', *, *, #3662, .T. ) ;
#5952 = EDGE_LOOP ( 'NONE', ( #618, #6587, #5462, #1400 ) ) ;
#5953 = ORIENTED_EDGE ( 'NONE', *, *, #2950, .F. ) ;
#5954 = EDGE_LOOP ( 'NONE', ( #5206, #5610, #5095, #3397 ) ) ;
#5955 = ADVANCED_FACE ( 'NONE', ( #4527, #6790 ), #3983, .T. ) ;
#5956 = CARTESIAN_POINT ( 'NONE',  ( 14.99999999999996980, 1.500000000000000000, -7.505553499465213108 ) ) ;
#5957 = VECTOR ( 'NONE', #1248, 999.9999999999998863 ) ;
#5958 = DIRECTION ( 'NONE',  ( -9.013887592422948271E-15, 0.000000000000000000, -1.000000000000000000 ) ) ;
#5959 = EDGE_CURVE ( 'NONE', #4576, #2924, #463, .T. ) ;
#5960 = CARTESIAN_POINT ( 'NONE',  ( 5.000000000000090594, 2.501000000000000334, -14.43375673432737472 ) ) ;
#5961 = LINE ( 'NONE', #5372, #2920 ) ;
#5962 = ORIENTED_EDGE ( 'NONE', *, *, #2859, .F. ) ;
#5963 = VECTOR ( 'NONE', #2731, 1000.000000000000114 ) ;
#5964 = AXIS2_PLACEMENT_3D ( 'NONE', #5570, #2621, #1000 ) ;
#5965 = ORIENTED_EDGE ( 'NONE', *, *, #4985, .F. ) ;
#5966 = CARTESIAN_POINT ( 'NONE',  ( 15.00000000000004796, 0.000000000000000000, 7.505553499465094092 ) ) ;
#5967 = CARTESIAN_POINT ( 'NONE',  ( 15.75499999999999545, 0.000000000000000000, 18.45500000000000185 ) ) ;
#5968 = EDGE_CURVE ( 'NONE', #6982, #322, #1597, .T. ) ;
#5969 = VECTOR ( 'NONE', #4183, 1000.000000000000000 ) ;
#5970 = CARTESIAN_POINT ( 'NONE',  ( -10.99999999999999289, 2.501000000000000334, 4.041451884326853872 ) ) ;
#5971 = ADVANCED_FACE ( 'NONE', ( #6310 ), #5281, .F. ) ;
#5972 = VECTOR ( 'NONE', #2831, 1000.000000000000114 ) ;
#5973 = ORIENTED_EDGE ( 'NONE', *, *, #2584, .F. ) ;
#5974 = AXIS2_PLACEMENT_3D ( 'NONE', #4967, #2170, #6599 ) ;
#5975 = ADVANCED_FACE ( 'NONE', ( #6275 ), #1226, .F. ) ;
#5976 = VECTOR ( 'NONE', #1955, 999.9999999999998863 ) ;
#5977 = CARTESIAN_POINT ( 'NONE',  ( -3.000000000000030198, 2.501000000000000334, 17.89555349946460794 ) ) ;
#5978 = DIRECTION ( 'NONE',  ( 0.000000000000000000, 0.000000000000000000, 1.000000000000000000 ) ) ;
#5979 = VECTOR ( 'NONE', #3456, 1000.000000000000000 ) ;
#5980 = CARTESIAN_POINT ( 'NONE',  ( -12.99999999999999467, 2.501000000000000334, 4.041451884326813904 ) ) ;
#5981 = DIRECTION ( 'NONE',  ( -0.8660254037844378194, 0.000000000000000000, 0.5000000000000015543 ) ) ;
#5982 = EDGE_LOOP ( 'NONE', ( #1339, #659, #4273, #5657, #1414, #1902 ) ) ;
#5983 = EDGE_CURVE ( 'NONE', #5437, #7048, #2478, .T. ) ;
#5984 = CARTESIAN_POINT ( 'NONE',  ( 12.00000000000000000, 2.501000000000000334, -2.309401076758504257 ) ) ;
#5985 = AXIS2_PLACEMENT_3D ( 'NONE', #4340, #4449, #6186 ) ;
#5986 = ORIENTED_EDGE ( 'NONE', *, *, #6681, .T. ) ;
#5987 = ORIENTED_EDGE ( 'NONE', *, *, #3107, .T. ) ;
#5988 = DIRECTION ( 'NONE',  ( 5.258101095580061836E-15, 0.000000000000000000, 1.000000000000000000 ) ) ;
#5989 = EDGE_LOOP ( 'NONE', ( #2047, #4875, #4289, #750 ) ) ;
#5990 = AXIS2_PLACEMENT_3D ( 'NONE', #1244, #1285, #730 ) ;
#5991 = CARTESIAN_POINT ( 'NONE',  ( -14.99999999999971223, 2.501000000000000334, -2.886751345948717518 ) ) ;
#5992 = CYLINDRICAL_SURFACE ( 'NONE', #1268, 1.500000000000001332 ) ;
#5993 = CARTESIAN_POINT ( 'NONE',  ( -10.00000000000004441, 1.500000000000000000, -9.237604307034040119 ) ) ;
#5994 = ORIENTED_EDGE ( 'NONE', *, *, #7235, .F. ) ;
#5995 = EDGE_CURVE ( 'NONE', #1164, #1676, #746, .T. ) ;
#5996 = ORIENTED_EDGE ( 'NONE', *, *, #3339, .T. ) ;
#5997 = ORIENTED_EDGE ( 'NONE', *, *, #1468, .F. ) ;
#5998 = EDGE_LOOP ( 'NONE', ( #4022, #2568, #5407, #3834 ) ) ;
#5999 = CARTESIAN_POINT ( 'NONE',  ( 5.999999999999999112, 2.501000000000000334, -2.309401076758504257 ) ) ;
#6000 = CARTESIAN_POINT ( 'NONE',  ( 4.999999999999985789, 1.500000000000000000, -6.350852961085895032 ) ) ;
#6001 = CARTESIAN_POINT ( 'NONE',  ( -16.99999999999970868, 1.500000000000000000, -6.350852961086469683 ) ) ;
#6002 = DIRECTION ( 'NONE',  ( -0.8660254037844359321, 0.000000000000000000, 0.5000000000000046629 ) ) ;
#6003 = ORIENTED_EDGE ( 'NONE', *, *, #5905, .F. ) ;
#6004 = DIRECTION ( 'NONE',  ( -4.506943796211474136E-15, 0.000000000000000000, -1.000000000000000000 ) ) ;
#6005 = VECTOR ( 'NONE', #2713, 1000.000000000000114 ) ;
#6006 = EDGE_LOOP ( 'NONE', ( #4812, #5474, #3485, #3772 ) ) ;
#6007 = ORIENTED_EDGE ( 'NONE', *, *, #6633, .T. ) ;
#6008 = CARTESIAN_POINT ( 'NONE',  ( 3.999999999999977351, 1.500000000000000000, -9.237604307034020579 ) ) ;
#6009 = DIRECTION ( 'NONE',  ( 0.8660254037844383745, 0.000000000000000000, 0.5000000000000003331 ) ) ;
#6010 = FACE_BOUND ( 'NONE', #4420, .T. ) ;
#6011 = EDGE_CURVE ( 'NONE', #414, #650, #232, .T. ) ;
#6012 = ORIENTED_EDGE ( 'NONE', *, *, #1514, .F. ) ;
#6013 = CARTESIAN_POINT ( 'NONE',  ( -14.99999999999971223, 2.501000000000000334, -2.886751345948717518 ) ) ;
#6014 = EDGE_CURVE ( 'NONE', #650, #6552, #1335, .T. ) ;
#6015 = CARTESIAN_POINT ( 'NONE',  ( 14.99999999999998046, 1.500000000000000000, -2.886751345948211700 ) ) ;
#6016 = LINE ( 'NONE', #1444, #5976 ) ;
#6017 = FACE_OUTER_BOUND ( 'NONE', #6619, .T. ) ;
#6018 = ORIENTED_EDGE ( 'NONE', *, *, #4849, .F. ) ;
#6019 = PLANE ( 'NONE',  #7164 ) ;
#6020 = ORIENTED_EDGE ( 'NONE', *, *, #5702, .F. ) ;
#6021 = ORIENTED_EDGE ( 'NONE', *, *, #6574, .F. ) ;
#6022 = LINE ( 'NONE', #1005, #361 ) ;
#6023 = ORIENTED_EDGE ( 'NONE', *, *, #6378, .F. ) ;
#6024 = ADVANCED_FACE ( 'NONE', ( #4719 ), #5201, .F. ) ;
#6025 = DIRECTION ( 'NONE',  ( 0.000000000000000000, 0.000000000000000000, -1.000000000000000000 ) ) ;
#6026 = FACE_OUTER_BOUND ( 'NONE', #3148, .T. ) ;
#6027 = DIRECTION ( 'NONE',  ( 0.5000000000000038858, -0.000000000000000000, 0.8660254037844363761 ) ) ;
#6028 = ORIENTED_EDGE ( 'NONE', *, *, #4787, .F. ) ;
#6029 = EDGE_LOOP ( 'NONE', ( #5295, #1786, #3068, #1832 ) ) ;
#6030 = ORIENTED_EDGE ( 'NONE', *, *, #3442, .T. ) ;
#6031 = ORIENTED_EDGE ( 'NONE', *, *, #3100, .F. ) ;
#6032 = EDGE_CURVE ( 'NONE', #4171, #6297, #6969, .T. ) ;
#6033 = LINE ( 'NONE', #6141, #2323 ) ;
#6034 = DIRECTION ( 'NONE',  ( 0.8660254037844384856, -0.000000000000000000, 0.5000000000000002220 ) ) ;
#6035 = FACE_BOUND ( 'NONE', #1098, .T. ) ;
#6036 = FACE_OUTER_BOUND ( 'NONE', #3840, .T. ) ;
#6037 = VERTEX_POINT ( 'NONE', #6936 ) ;
#6038 = ADVANCED_FACE ( 'NONE', ( #1917 ), #1883, .F. ) ;
#6039 = CARTESIAN_POINT ( 'NONE',  ( -10.99999999999999289, 0.000000000000000000, 6.350852961085355020 ) ) ;
#6040 = VERTEX_POINT ( 'NONE', #3464 ) ;
#6041 = EDGE_CURVE ( 'NONE', #6514, #2486, #2921, .T. ) ;
#6042 = ORIENTED_EDGE ( 'NONE', *, *, #2473, .F. ) ;
#6043 = CARTESIAN_POINT ( 'NONE',  ( 17.00000000000004263, 0.000000000000000000, 6.350852961085846182 ) ) ;
#6044 = CARTESIAN_POINT ( 'NONE',  ( -1.999999999999550360, 2.501000000000000334, -11.54700538379282904 ) ) ;
#6045 = VECTOR ( 'NONE', #6346, 1000.000000000000000 ) ;
#6046 = DIRECTION ( 'NONE',  ( -0.000000000000000000, -1.000000000000000000, -0.000000000000000000 ) ) ;
#6047 = CARTESIAN_POINT ( 'NONE',  ( -0.9999999999999100719, 2.501000000000000334, -14.43375673432737472 ) ) ;
#6048 = AXIS2_PLACEMENT_3D ( 'NONE', #2376, #5693, #687 ) ;
#6049 = ORIENTED_EDGE ( 'NONE', *, *, #4424, .T. ) ;
#6050 = PLANE ( 'NONE',  #1821 ) ;
#6051 = DIRECTION ( 'NONE',  ( -0.8660254037844383745, 0.000000000000000000, -0.5000000000000003331 ) ) ;
#6052 = AXIS2_PLACEMENT_3D ( 'NONE', #3520, #6811, #2420 ) ;
#6053 = PLANE ( 'NONE',  #4674 ) ;
#6054 = CARTESIAN_POINT ( 'NONE',  ( -10.99999999999971045, 2.501000000000000334, -4.041451884327926791 ) ) ;
#6055 = ORIENTED_EDGE ( 'NONE', *, *, #512, .T. ) ;
#6056 = FILL_AREA_STYLE_COLOUR ( '', #1928 ) ;
#6057 = ADVANCED_FACE ( 'NONE', ( #2368 ), #6419, .F. ) ;
#6058 = PRESENTATION_LAYER_ASSIGNMENT (  '', '', ( #4990 ) ) ;
#6059 = ORIENTED_EDGE ( 'NONE', *, *, #531, .F. ) ;
#6060 = VECTOR ( 'NONE', #4100, 1000.000000000000000 ) ;
#6061 = VERTEX_POINT ( 'NONE', #2401 ) ;
#6062 = FACE_OUTER_BOUND ( 'NONE', #1011, .T. ) ;
#6063 = VERTEX_POINT ( 'NONE', #2882 ) ;
#6064 = DIRECTION ( 'NONE',  ( 9.013887592422948271E-15, 0.000000000000000000, 1.000000000000000000 ) ) ;
#6065 = CARTESIAN_POINT ( 'NONE',  ( 1.000000000000078160, 0.000000000000000000, -16.74315781108585810 ) ) ;
#6066 = EDGE_CURVE ( 'NONE', #6666, #5583, #4642, .T. ) ;
#6067 = FACE_OUTER_BOUND ( 'NONE', #3782, .T. ) ;
#6068 = VERTEX_POINT ( 'NONE', #6893 ) ;
#6069 = ORIENTED_EDGE ( 'NONE', *, *, #453, .T. ) ;
#6070 = ORIENTED_EDGE ( 'NONE', *, *, #6723, .F. ) ;
#6071 = CARTESIAN_POINT ( 'NONE',  ( -5.000000000000030198, 0.000000000000000000, -6.350852961085859505 ) ) ;
#6072 = DIRECTION ( 'NONE',  ( -0.000000000000000000, -1.000000000000000000, -0.000000000000000000 ) ) ;
#6073 = CYLINDRICAL_SURFACE ( 'NONE', #211, 2.700000000000001066 ) ;
#6074 = FACE_OUTER_BOUND ( 'NONE', #1794, .T. ) ;
#6075 = DIRECTION ( 'NONE',  ( -0.8660254037844391517, 0.000000000000000000, 0.4999999999999990008 ) ) ;
#6076 = VERTEX_POINT ( 'NONE', #1301 ) ;
#6077 = CARTESIAN_POINT ( 'NONE',  ( 4.999999999999989342, 0.000000000000000000, -4.041451884327390331 ) ) ;
#6078 = EDGE_CURVE ( 'NONE', #4118, #4879, #3535, .T. ) ;
#6079 = VERTEX_POINT ( 'NONE', #1370 ) ;
#6080 = VERTEX_POINT ( 'NONE', #3572 ) ;
#6081 = CARTESIAN_POINT ( 'NONE',  ( -9.999999999999911182, 0.000000000000000000, 9.237604307034006368 ) ) ;
#6082 = DIRECTION ( 'NONE',  ( -0.8660254037844433705, 0.000000000000000000, -0.4999999999999916178 ) ) ;
#6083 = FACE_OUTER_BOUND ( 'NONE', #3365, .T. ) ;
#6084 = VECTOR ( 'NONE', #2399, 999.9999999999998863 ) ;
#6085 = VECTOR ( 'NONE', #5722, 1000.000000000000114 ) ;
#6086 = ORIENTED_EDGE ( 'NONE', *, *, #1195, .T. ) ;
#6087 = PLANE ( 'NONE',  #3035 ) ;
#6088 = VECTOR ( 'NONE', #1251, 1000.000000000000000 ) ;
#6089 = DIRECTION ( 'NONE',  ( -1.877893248421450515E-16, 0.000000000000000000, 1.000000000000000000 ) ) ;
#6090 = VECTOR ( 'NONE', #4215, 1000.000000000000000 ) ;
#6091 = LINE ( 'NONE', #6714, #2213 ) ;
#6092 = FACE_OUTER_BOUND ( 'NONE', #3302, .T. ) ;
#6093 = VERTEX_POINT ( 'NONE', #5830 ) ;
#6094 = CIRCLE ( 'NONE', #3375, 1.500000000000001332 ) ;
#6095 = AXIS2_PLACEMENT_3D ( 'NONE', #6206, #1085, #40 ) ;
#6096 = ORIENTED_EDGE ( 'NONE', *, *, #4490, .F. ) ;
#6097 = VECTOR ( 'NONE', #3953, 1000.000000000000000 ) ;
#6098 = DIRECTION ( 'NONE',  ( -0.5000000000000003331, 0.000000000000000000, 0.8660254037844385966 ) ) ;
#6099 = ORIENTED_EDGE ( 'NONE', *, *, #3937, .F. ) ;
#6100 = FACE_BOUND ( 'NONE', #4084, .T. ) ;
#6101 = VECTOR ( 'NONE', #5193, 1000.000000000000227 ) ;
#6102 = CARTESIAN_POINT ( 'NONE',  ( 15.75500000000000078, 0.000000000000000000, -13.05500000000000149 ) ) ;
#6103 = DIRECTION ( 'NONE',  ( -0.000000000000000000, -1.000000000000000000, -0.000000000000000000 ) ) ;
#6104 = VERTEX_POINT ( 'NONE', #781 ) ;
#6105 = EDGE_CURVE ( 'NONE', #5935, #3487, #5685, .T. ) ;
#6106 = ORIENTED_EDGE ( 'NONE', *, *, #2431, .F. ) ;
#6107 = VERTEX_POINT ( 'NONE', #4862 ) ;
#6108 = CIRCLE ( 'NONE', #5868, 2.700000000000001066 ) ;
#6109 = CARTESIAN_POINT ( 'NONE',  ( -6.999999999999993783, 1.500000000000000000, 6.350852961085356796 ) ) ;
#6110 = PLANE ( 'NONE',  #4081 ) ;
#6111 = EDGE_CURVE ( 'NONE', #1860, #1965, #6016, .T. ) ;
#6112 = DIRECTION ( 'NONE',  ( 0.5000000000000004441, 0.000000000000000000, -0.8660254037844384856 ) ) ;
#6113 = CARTESIAN_POINT ( 'NONE',  ( -10.99999999999971045, 0.000000000000000000, -6.350852961086427939 ) ) ;
#6114 = FACE_OUTER_BOUND ( 'NONE', #3955, .T. ) ;
#6115 = EDGE_LOOP ( 'NONE', ( #608, #2734, #3531, #2508, #2938, #2954 ) ) ;
#6116 = DIRECTION ( 'NONE',  ( -0.000000000000000000, -1.000000000000000000, -0.000000000000000000 ) ) ;
#6117 = EDGE_CURVE ( 'NONE', #6822, #3031, #3647, .T. ) ;
#6118 = VERTEX_POINT ( 'NONE', #2660 ) ;
#6119 = VERTEX_POINT ( 'NONE', #5941 ) ;
#6120 = ADVANCED_FACE ( 'NONE', ( #1478 ), #378, .F. ) ;
#6121 = LINE ( 'NONE', #6632, #3960 ) ;
#6122 = DIRECTION ( 'NONE',  ( 5.633679745264346614E-16, 0.000000000000000000, -1.000000000000000000 ) ) ;
#6123 = VECTOR ( 'NONE', #1568, 1000.000000000000000 ) ;
#6124 = CARTESIAN_POINT ( 'NONE',  ( 8.000000000000000000, 0.000000000000000000, -1.154700538379251018 ) ) ;
#6125 = ORIENTED_EDGE ( 'NONE', *, *, #4117, .T. ) ;
#6126 = CARTESIAN_POINT ( 'NONE',  ( 13.00000000000004796, 1.500000000000000000, 4.041451884327340593 ) ) ;
#6127 = LINE ( 'NONE', #7191, #438 ) ;
#6128 = DIRECTION ( 'NONE',  ( 0.000000000000000000, 0.000000000000000000, -1.000000000000000000 ) ) ;
#6129 = PLANE ( 'NONE',  #2549 ) ;
#6130 = ORIENTED_EDGE ( 'NONE', *, *, #6806, .F. ) ;
#6131 = LINE ( 'NONE', #529, #276 ) ;
#6132 = ORIENTED_EDGE ( 'NONE', *, *, #2755, .T. ) ;
#6133 = EDGE_CURVE ( 'NONE', #643, #3723, #856, .T. ) ;
#6134 = CARTESIAN_POINT ( 'NONE',  ( -9.999999999999911182, 0.000000000000000000, 9.237604307034006368 ) ) ;
#6135 = LINE ( 'NONE', #4388, #82 ) ;
#6136 = DIRECTION ( 'NONE',  ( 0.8660254037844442587, -0.000000000000000000, 0.4999999999999901745 ) ) ;
#6137 = VERTEX_POINT ( 'NONE', #2589 ) ;
#6138 = ORIENTED_EDGE ( 'NONE', *, *, #5146, .F. ) ;
#6139 = VERTEX_POINT ( 'NONE', #4196 ) ;
#6140 = DIRECTION ( 'NONE',  ( 0.000000000000000000, 0.000000000000000000, 1.000000000000000000 ) ) ;
#6141 = CARTESIAN_POINT ( 'NONE',  ( 14.00000000000011013, 1.500000000000000000, 9.237604307033919326 ) ) ;
#6142 = DIRECTION ( 'NONE',  ( -0.8660254037844328234, 0.000000000000000000, 0.5000000000000099920 ) ) ;
#6143 = PLANE ( 'NONE',  #2210 ) ;
#6144 = LINE ( 'NONE', #1063, #407 ) ;
#6145 = ORIENTED_EDGE ( 'NONE', *, *, #5691, .F. ) ;
#6146 = CARTESIAN_POINT ( 'NONE',  ( -3.000000000000028866, 1.500000000000000000, 13.27675134594760387 ) ) ;
#6147 = ORIENTED_EDGE ( 'NONE', *, *, #5702, .T. ) ;
#6148 = ORIENTED_EDGE ( 'NONE', *, *, #3085, .F. ) ;
#6149 = LINE ( 'NONE', #3235, #2082 ) ;
#6150 = DIRECTION ( 'NONE',  ( 0.5000000000000000000, 0.000000000000000000, -0.8660254037844387076 ) ) ;
#6151 = DIRECTION ( 'NONE',  ( -0.8660254037844411501, 0.000000000000000000, -0.4999999999999957256 ) ) ;
#6152 = EDGE_CURVE ( 'NONE', #3932, #4236, #2798, .T. ) ;
#6153 = EDGE_CURVE ( 'NONE', #652, #243, #929, .T. ) ;
#6154 = ORIENTED_EDGE ( 'NONE', *, *, #576, .F. ) ;
#6155 = CARTESIAN_POINT ( 'NONE',  ( -14.00000000000001243, 1.500000000000000000, -1.154700538379153318 ) ) ;
#6156 = EDGE_CURVE ( 'NONE', #4605, #5697, #2063, .T. ) ;
#6157 = LINE ( 'NONE', #1042, #1616 ) ;
#6158 = VECTOR ( 'NONE', #1199, 1000.000000000000000 ) ;
#6159 = LINE ( 'NONE', #3283, #1975 ) ;
#6160 = CARTESIAN_POINT ( 'NONE',  ( 9.999999999999998224, 0.000000000000000000, -1.154700538379252128 ) ) ;
#6161 = PRODUCT_CONTEXT ( 'NONE', #7240, 'mechanical' ) ;
#6162 = VECTOR ( 'NONE', #4825, 1000.000000000000000 ) ;
#6163 = ADVANCED_FACE ( 'NONE', ( #4754 ), #3204, .F. ) ;
#6164 = ORIENTED_EDGE ( 'NONE', *, *, #7245, .T. ) ;
#6165 = AXIS2_PLACEMENT_3D ( 'NONE', #549, #3343, #6706 ) ;
#6166 = PLANE ( 'NONE',  #706 ) ;
#6167 = ORIENTED_EDGE ( 'NONE', *, *, #3165, .F. ) ;
#6168 = CYLINDRICAL_SURFACE ( 'NONE', #403, 2.700000000000001066 ) ;
#6169 = CARTESIAN_POINT ( 'NONE',  ( 4.999999999999971578, 2.501000000000000334, 14.43145188432685622 ) ) ;
#6170 = DIRECTION ( 'NONE',  ( -0.000000000000000000, -1.000000000000000000, -0.000000000000000000 ) ) ;
#6171 = ORIENTED_EDGE ( 'NONE', *, *, #2151, .T. ) ;
#6172 = MECHANICAL_DESIGN_GEOMETRIC_PRESENTATION_REPRESENTATION (  '', ( #4990 ), #4037 ) ;
#6173 = VECTOR ( 'NONE', #5950, 1000.000000000000000 ) ;
#6174 = ORIENTED_EDGE ( 'NONE', *, *, #2466, .T. ) ;
#6175 = VERTEX_POINT ( 'NONE', #1412 ) ;
#6176 = LINE ( 'NONE', #2781, #6236 ) ;
#6177 = AXIS2_PLACEMENT_3D ( 'NONE', #2187, #6103, #4915 ) ;
#6178 = CARTESIAN_POINT ( 'NONE',  ( -8.000000000000010658, 1.500000000000000000, -1.154700538379194841 ) ) ;
#6179 = LINE ( 'NONE', #6698, #1388 ) ;
#6180 = CYLINDRICAL_SURFACE ( 'NONE', #5463, 1.500000000000001332 ) ;
#6181 = ORIENTED_EDGE ( 'NONE', *, *, #1274, .F. ) ;
#6182 = DIRECTION ( 'NONE',  ( 0.8660254037844409281, -0.000000000000000000, 0.4999999999999961142 ) ) ;
#6183 = ORIENTED_EDGE ( 'NONE', *, *, #448, .F. ) ;
#6184 = LINE ( 'NONE', #1546, #2679 ) ;
#6185 = CARTESIAN_POINT ( 'NONE',  ( 5.000000000000047962, 2.501000000000000334, 4.041451884327321942 ) ) ;
#6186 = DIRECTION ( 'NONE',  ( 0.8660254037844383745, 0.000000000000000000, 0.5000000000000003331 ) ) ;
#6187 = ORIENTED_EDGE ( 'NONE', *, *, #3231, .T. ) ;
#6188 = EDGE_CURVE ( 'NONE', #718, #4851, #3172, .T. ) ;
#6189 = ORIENTED_EDGE ( 'NONE', *, *, #3865, .F. ) ;
#6190 = EDGE_CURVE ( 'NONE', #459, #5878, #5906, .T. ) ;
#6191 = DIRECTION ( 'NONE',  ( 0.4999999999999997224, -0.000000000000000000, 0.8660254037844388186 ) ) ;
#6192 = LINE ( 'NONE', #4518, #907 ) ;
#6193 = ADVANCED_FACE ( 'NONE', ( #304 ), #4305, .F. ) ;
#6194 = VECTOR ( 'NONE', #62, 1000.000000000000000 ) ;
#6195 = DIRECTION ( 'NONE',  ( -0.8660254037844385966, 0.000000000000000000, -0.5000000000000001110 ) ) ;
#6196 = LINE ( 'NONE', #5119, #2438 ) ;
#6197 = AXIS2_PLACEMENT_3D ( 'NONE', #4976, #1591, #7265 ) ;
#6198 = EDGE_CURVE ( 'NONE', #4811, #5631, #4828, .T. ) ;
#6199 = ORIENTED_EDGE ( 'NONE', *, *, #4477, .T. ) ;
#6200 = VECTOR ( 'NONE', #1404, 999.9999999999998863 ) ;
#6201 = DIRECTION ( 'NONE',  ( -4.506943796211474136E-15, 0.000000000000000000, -1.000000000000000000 ) ) ;
#6202 = EDGE_LOOP ( 'NONE', ( #5759, #4802, #6003, #6154 ) ) ;
#6203 = AXIS2_PLACEMENT_3D ( 'NONE', #6508, #247, #1936 ) ;
#6204 = EDGE_CURVE ( 'NONE', #4525, #2451, #6606, .T. ) ;
#6205 = CARTESIAN_POINT ( 'NONE',  ( -4.999999999999912070, 1.500000000000000000, -14.43375673432735518 ) ) ;
#6206 = CARTESIAN_POINT ( 'NONE',  ( 1.999999999999998668, 2.501000000000000334, -1.154700538379252350 ) ) ;
#6207 = DIRECTION ( 'NONE',  ( -0.000000000000000000, -1.000000000000000000, -0.000000000000000000 ) ) ;
#6208 = ORIENTED_EDGE ( 'NONE', *, *, #4620, .T. ) ;
#6209 = AXIS2_PLACEMENT_3D ( 'NONE', #5108, #694, #2419 ) ;
#6210 = AXIS2_PLACEMENT_3D ( 'NONE', #1053, #3910, #1159 ) ;
#6211 = ORIENTED_EDGE ( 'NONE', *, *, #4258, .T. ) ;
#6212 = AXIS2_PLACEMENT_3D ( 'NONE', #6985, #2048, #5890 ) ;
#6213 = ORIENTED_EDGE ( 'NONE', *, *, #6284, .F. ) ;
#6214 = LINE ( 'NONE', #5550, #701 ) ;
#6215 = VECTOR ( 'NONE', #226, 1000.000000000000114 ) ;
#6216 = CARTESIAN_POINT ( 'NONE',  ( -8.000000000000010658, 0.000000000000000000, -1.154700538379194841 ) ) ;
#6217 = AXIS2_PLACEMENT_3D ( 'NONE', #15, #1200, #5136 ) ;
#6218 = DIRECTION ( 'NONE',  ( -0.000000000000000000, -1.000000000000000000, -0.000000000000000000 ) ) ;
#6219 = LINE ( 'NONE', #6252, #3925 ) ;
#6220 = EDGE_LOOP ( 'NONE', ( #3259, #5652, #6145, #5441, #1811, #845 ) ) ;
#6221 = CARTESIAN_POINT ( 'NONE',  ( -3.000000000000035971, 2.501000000000000334, -7.505553499465120737 ) ) ;
#6222 = VECTOR ( 'NONE', #2405, 1000.000000000000000 ) ;
#6223 = ORIENTED_EDGE ( 'NONE', *, *, #2772, .T. ) ;
#6224 = PLANE ( 'NONE',  #560 ) ;
#6225 = LINE ( 'NONE', #5219, #4190 ) ;
#6226 = DIRECTION ( 'NONE',  ( -0.000000000000000000, -1.000000000000000000, -0.000000000000000000 ) ) ;
#6227 = DIRECTION ( 'NONE',  ( -0.000000000000000000, -1.000000000000000000, -0.000000000000000000 ) ) ;
#6228 = VERTEX_POINT ( 'NONE', #2550 ) ;
#6229 = ORIENTED_EDGE ( 'NONE', *, *, #4466, .T. ) ;
#6230 = CARTESIAN_POINT ( 'NONE',  ( -1.205810052990905833E-13, 0.000000000000000000, 12.70170592217149341 ) ) ;
#6231 = CARTESIAN_POINT ( 'NONE',  ( -12.00000000000003908, 1.500000000000000000, -8.082903768654777110 ) ) ;
#6232 = CARTESIAN_POINT ( 'NONE',  ( 5.000000000000079048, 2.501000000000000334, -16.74315781108587586 ) ) ;
#6233 = CARTESIAN_POINT ( 'NONE',  ( 2.000000000000192735, 2.501000000000000334, 11.54700538379250929 ) ) ;
#6234 = CARTESIAN_POINT ( 'NONE',  ( 16.00000000000000355, 0.000000000000000000, 16.00000000000000355 ) ) ;
#6235 = EDGE_CURVE ( 'NONE', #5642, #7258, #4796, .T. ) ;
#6236 = VECTOR ( 'NONE', #3297, 1000.000000000000000 ) ;
#6237 = ORIENTED_EDGE ( 'NONE', *, *, #565, .F. ) ;
#6238 = EDGE_CURVE ( 'NONE', #1390, #4964, #7006, .T. ) ;
#6239 = DIRECTION ( 'NONE',  ( -0.8660254037844359321, 0.000000000000000000, 0.5000000000000046629 ) ) ;
#6240 = ORIENTED_EDGE ( 'NONE', *, *, #54, .T. ) ;
#6241 = DIRECTION ( 'NONE',  ( 0.8660254037844445918, 0.000000000000000000, 0.4999999999999896194 ) ) ;
#6242 = CARTESIAN_POINT ( 'NONE',  ( 15.75500000000000078, 1.500000000000000000, -15.75500000000000078 ) ) ;
#6243 = DIRECTION ( 'NONE',  ( -0.5000000000000003331, 0.000000000000000000, -0.8660254037844385966 ) ) ;
#6244 = ORIENTED_EDGE ( 'NONE', *, *, #5796, .F. ) ;
#6245 = ORIENTED_EDGE ( 'NONE', *, *, #3627, .T. ) ;
#6246 = ORIENTED_EDGE ( 'NONE', *, *, #3714, .F. ) ;
#6247 = EDGE_CURVE ( 'NONE', #3498, #650, #1993, .T. ) ;
#6248 = EDGE_CURVE ( 'NONE', #3932, #37, #2513, .T. ) ;
#6249 = LINE ( 'NONE', #1198, #6709 ) ;
#6250 = CARTESIAN_POINT ( 'NONE',  ( 9.000000000000046185, 1.500000000000000000, 2.886751345948089575 ) ) ;
#6251 = PLANE ( 'NONE',  #6217 ) ;
#6252 = CARTESIAN_POINT ( 'NONE',  ( 12.00000000000009415, 1.500000000000000000, 8.082903768654690069 ) ) ;
#6253 = ORIENTED_EDGE ( 'NONE', *, *, #828, .F. ) ;
#6254 = VERTEX_POINT ( 'NONE', #2840 ) ;
#6255 = ADVANCED_FACE ( 'NONE', ( #3391 ), #490, .F. ) ;
#6256 = EDGE_CURVE ( 'NONE', #5575, #4135, #6159, .T. ) ;
#6257 = FACE_BOUND ( 'NONE', #3257, .T. ) ;
#6258 = DIRECTION ( 'NONE',  ( 3.004629197474326346E-15, -0.000000000000000000, 1.000000000000000000 ) ) ;
#6259 = CARTESIAN_POINT ( 'NONE',  ( -10.99999999999971045, 1.500000000000000000, -4.041451884327926791 ) ) ;
#6260 = DIRECTION ( 'NONE',  ( -0.8660254037844343777, 0.000000000000000000, 0.5000000000000073275 ) ) ;
#6261 = ORIENTED_EDGE ( 'NONE', *, *, #486, .T. ) ;
#6262 = EDGE_CURVE ( 'NONE', #2342, #3042, #5012, .T. ) ;
#6263 = ORIENTED_EDGE ( 'NONE', *, *, #4466, .F. ) ;
#6264 = DIRECTION ( 'NONE',  ( -0.000000000000000000, -1.000000000000000000, -0.000000000000000000 ) ) ;
#6265 = DIRECTION ( 'NONE',  ( 0.000000000000000000, -1.000000000000000000, 0.000000000000000000 ) ) ;
#6266 = LINE ( 'NONE', #2909, #5740 ) ;
#6267 = PLANE ( 'NONE',  #4800 ) ;
#6268 = CARTESIAN_POINT ( 'NONE',  ( -4.000000000000042633, 0.000000000000000000, -9.237604307033999262 ) ) ;
#6269 = VECTOR ( 'NONE', #6201, 1000.000000000000000 ) ;
#6270 = EDGE_LOOP ( 'NONE', ( #4590, #2355, #2610, #1459 ) ) ;
#6271 = DIRECTION ( 'NONE',  ( 4.506943796211481235E-15, -0.000000000000000000, 1.000000000000000000 ) ) ;
#6272 = ORIENTED_EDGE ( 'NONE', *, *, #5533, .T. ) ;
#6273 = FACE_OUTER_BOUND ( 'NONE', #5650, .T. ) ;
#6274 = CARTESIAN_POINT ( 'NONE',  ( 0.9999999999999895639, 1.500000000000000000, -4.041451884327381450 ) ) ;
#6275 = FACE_OUTER_BOUND ( 'NONE', #26, .T. ) ;
#6276 = VECTOR ( 'NONE', #6685, 1000.000000000000000 ) ;
#6277 = DIRECTION ( 'NONE',  ( -0.5000000000000006661, 0.000000000000000000, 0.8660254037844382635 ) ) ;
#6278 = ORIENTED_EDGE ( 'NONE', *, *, #3034, .T. ) ;
#6279 = ORIENTED_EDGE ( 'NONE', *, *, #3714, .T. ) ;
#6280 = VECTOR ( 'NONE', #1562, 1000.000000000000000 ) ;
#6281 = ORIENTED_EDGE ( 'NONE', *, *, #453, .F. ) ;
#6282 = LINE ( 'NONE', #753, #7179 ) ;
#6283 = ORIENTED_EDGE ( 'NONE', *, *, #4336, .F. ) ;
#6284 = EDGE_CURVE ( 'NONE', #1318, #3254, #6091, .T. ) ;
#6285 = CARTESIAN_POINT ( 'NONE',  ( 6.000000000000094147, 1.500000000000000000, 8.082903768654690069 ) ) ;
#6286 = AXIS2_PLACEMENT_3D ( 'NONE', #6858, #675, #5763 ) ;
#6287 = CARTESIAN_POINT ( 'NONE',  ( -14.00000000000005507, 1.500000000000000000, -11.54700538379252706 ) ) ;
#6288 = DIRECTION ( 'NONE',  ( 0.000000000000000000, 0.000000000000000000, -1.000000000000000000 ) ) ;
#6289 = VERTEX_POINT ( 'NONE', #7264 ) ;
#6290 = EDGE_LOOP ( 'NONE', ( #461, #2339, #3762, #1981 ) ) ;
#6291 = VECTOR ( 'NONE', #758, 1000.000000000000114 ) ;
#6292 = LINE ( 'NONE', #2381, #910 ) ;
#6293 = DIRECTION ( 'NONE',  ( 0.000000000000000000, -1.000000000000000000, 0.000000000000000000 ) ) ;
#6294 = CARTESIAN_POINT ( 'NONE',  ( -8.999999999999992895, 1.500000000000000000, 2.886751345947603742 ) ) ;
#6295 = ADVANCED_FACE ( 'NONE', ( #3904 ), #6053, .F. ) ;
#6296 = DIRECTION ( 'NONE',  ( -7.511572993685799692E-15, 0.000000000000000000, -1.000000000000000000 ) ) ;
#6297 = VERTEX_POINT ( 'NONE', #599 ) ;
#6298 = ORIENTED_EDGE ( 'NONE', *, *, #4929, .F. ) ;
#6299 = DIRECTION ( 'NONE',  ( -0.8660254037844326014, 0.000000000000000000, 0.5000000000000104361 ) ) ;
#6300 = DIRECTION ( 'NONE',  ( 0.8660254037844367092, 0.000000000000000000, -0.5000000000000035527 ) ) ;
#6301 = DIRECTION ( 'NONE',  ( -3.004629197474320824E-15, 0.000000000000000000, -1.000000000000000000 ) ) ;
#6302 = DIRECTION ( 'NONE',  ( 0.8660254037845228625, 0.000000000000000000, -0.4999999999998542277 ) ) ;
#6303 = CARTESIAN_POINT ( 'NONE',  ( -7.999999999999910294, 1.500000000000000000, 9.237604307034084528 ) ) ;
#6304 = ORIENTED_EDGE ( 'NONE', *, *, #6862, .T. ) ;
#6305 = DIRECTION ( 'NONE',  ( 0.000000000000000000, -1.000000000000000000, 0.000000000000000000 ) ) ;
#6306 = VERTEX_POINT ( 'NONE', #5605 ) ;
#6307 = DIRECTION ( 'NONE',  ( -0.000000000000000000, -1.000000000000000000, -0.000000000000000000 ) ) ;
#6308 = DIRECTION ( 'NONE',  ( -2.441261222947882809E-15, 0.000000000000000000, -1.000000000000000000 ) ) ;
#6309 = EDGE_CURVE ( 'NONE', #291, #3179, #1631, .T. ) ;
#6310 = FACE_OUTER_BOUND ( 'NONE', #4916, .T. ) ;
#6311 = CARTESIAN_POINT ( 'NONE',  ( -12.99999999999999467, 1.500000000000000000, 6.350852961085315052 ) ) ;
#6312 = EDGE_LOOP ( 'NONE', ( #7059, #1273, #487, #2604 ) ) ;
#6313 = VECTOR ( 'NONE', #4182, 1000.000000000000000 ) ;
#6314 = ORIENTED_EDGE ( 'NONE', *, *, #2103, .T. ) ;
#6315 = ORIENTED_EDGE ( 'NONE', *, *, #1425, .T. ) ;
#6316 = VECTOR ( 'NONE', #2257, 1000.000000000000000 ) ;
#6317 = DIRECTION ( 'NONE',  ( 0.000000000000000000, -1.000000000000000000, 0.000000000000000000 ) ) ;
#6318 = ORIENTED_EDGE ( 'NONE', *, *, #1698, .T. ) ;
#6319 = AXIS2_PLACEMENT_3D ( 'NONE', #454, #2699, #2143 ) ;
#6320 = DIRECTION ( 'NONE',  ( 0.8660254037844385966, -0.000000000000000000, 0.4999999999999999445 ) ) ;
#6321 = FACE_OUTER_BOUND ( 'NONE', #4700, .T. ) ;
#6322 = FACE_OUTER_BOUND ( 'NONE', #7196, .T. ) ;
#6323 = ORIENTED_EDGE ( 'NONE', *, *, #2231, .F. ) ;
#6324 = EDGE_CURVE ( 'NONE', #1480, #6119, #1590, .T. ) ;
#6325 = VECTOR ( 'NONE', #2084, 1000.000000000000114 ) ;
#6326 = ORIENTED_EDGE ( 'NONE', *, *, #1219, .F. ) ;
#6327 = VECTOR ( 'NONE', #6082, 1000.000000000000114 ) ;
#6328 = VECTOR ( 'NONE', #3608, 1000.000000000000000 ) ;
#6329 = EDGE_CURVE ( 'NONE', #1516, #2270, #3241, .T. ) ;
#6330 = AXIS2_PLACEMENT_3D ( 'NONE', #1931, #5774, #3622 ) ;
#6331 = DIRECTION ( 'NONE',  ( 0.8660254037844388186, 0.000000000000000000, -0.4999999999999997224 ) ) ;
#6332 = FACE_OUTER_BOUND ( 'NONE', #5464, .T. ) ;
#6333 = CARTESIAN_POINT ( 'NONE',  ( -9.999999999999891642, 0.000000000000000000, 11.54700538379251107 ) ) ;
#6334 = VECTOR ( 'NONE', #1837, 1000.000000000000000 ) ;
#6335 = FACE_OUTER_BOUND ( 'NONE', #3574, .T. ) ;
#6336 = ORIENTED_EDGE ( 'NONE', *, *, #6723, .T. ) ;
#6337 = ORIENTED_EDGE ( 'NONE', *, *, #1130, .T. ) ;
#6338 = ADVANCED_FACE ( 'NONE', ( #2732 ), #3935, .T. ) ;
#6339 = VECTOR ( 'NONE', #5855, 1000.000000000000227 ) ;
#6340 = FACE_OUTER_BOUND ( 'NONE', #986, .T. ) ;
#6341 = FACE_OUTER_BOUND ( 'NONE', #3220, .T. ) ;
#6342 = CARTESIAN_POINT ( 'NONE',  ( -7.999999999999888978, 0.000000000000000000, 11.54700538379259100 ) ) ;
#6343 = CARTESIAN_POINT ( 'NONE',  ( 10.99999999999997868, 1.500000000000000000, -4.041451884327468491 ) ) ;
#6344 = LINE ( 'NONE', #5866, #5736 ) ;
#6345 = VERTEX_POINT ( 'NONE', #4975 ) ;
#6346 = DIRECTION ( 'NONE',  ( -0.000000000000000000, -1.000000000000000000, -0.000000000000000000 ) ) ;
#6347 = CARTESIAN_POINT ( 'NONE',  ( -15.75500000000000078, 0.000000000000000000, -13.05500000000000149 ) ) ;
#6348 = FACE_OUTER_BOUND ( 'NONE', #3868, .T. ) ;
#6349 = CARTESIAN_POINT ( 'NONE',  ( 4.999999999999989342, 2.501000000000000334, -4.041451884327390331 ) ) ;
#6350 = DIRECTION ( 'NONE',  ( -0.8660254037844379305, 0.000000000000000000, 0.5000000000000014433 ) ) ;
#6351 = ORIENTED_EDGE ( 'NONE', *, *, #1817, .T. ) ;
#6352 = DIRECTION ( 'NONE',  ( -1.000000000000000000, 0.000000000000000000, 1.201851678989728329E-14 ) ) ;
#6353 = VECTOR ( 'NONE', #4611, 1000.000000000000227 ) ;
#6354 = ORIENTED_EDGE ( 'NONE', *, *, #2271, .T. ) ;
#6355 = VERTEX_POINT ( 'NONE', #3828 ) ;
#6356 = ADVANCED_FACE ( 'NONE', ( #7227 ), #455, .F. ) ;
#6357 = DIRECTION ( 'NONE',  ( 0.000000000000000000, 0.000000000000000000, -1.000000000000000000 ) ) ;
#6358 = VERTEX_POINT ( 'NONE', #1078 ) ;
#6359 = CARTESIAN_POINT ( 'NONE',  ( 5.000000000000090594, 1.500000000000000000, -14.43375673432737472 ) ) ;
#6360 = CARTESIAN_POINT ( 'NONE',  ( -11.99999999999992006, 0.000000000000000000, 8.082903768654773558 ) ) ;
#6361 = CARTESIAN_POINT ( 'NONE',  ( 5.999999999999999112, 1.500000000000000000, -2.309401076758504257 ) ) ;
#6362 = EDGE_LOOP ( 'NONE', ( #604, #6796, #1681, #3747, #610, #6132 ) ) ;
#6363 = ORIENTED_EDGE ( 'NONE', *, *, #2981, .T. ) ;
#6364 = EDGE_CURVE ( 'NONE', #7188, #3987, #32, .T. ) ;
#6365 = DIRECTION ( 'NONE',  ( -9.013887592422948271E-15, 0.000000000000000000, -1.000000000000000000 ) ) ;
#6366 = DIRECTION ( 'NONE',  ( -0.000000000000000000, -1.000000000000000000, -0.000000000000000000 ) ) ;
#6367 = CARTESIAN_POINT ( 'NONE',  ( 4.484260185400046339E-13, 1.500000000000000000, -12.70170592217207961 ) ) ;
#6368 = CARTESIAN_POINT ( 'NONE',  ( -6.000000000000017764, 1.500000000000000000, -2.309401076758460292 ) ) ;
#6369 = ORIENTED_EDGE ( 'NONE', *, *, #2495, .T. ) ;
#6370 = ORIENTED_EDGE ( 'NONE', *, *, #3989, .T. ) ;
#6371 = DIRECTION ( 'NONE',  ( -0.8660254037844377084, 0.000000000000000000, 0.5000000000000015543 ) ) ;
#6372 = CARTESIAN_POINT ( 'NONE',  ( -13.99999999999999467, 1.500000000000000000, 1.154700538379348718 ) ) ;
#6373 = LINE ( 'NONE', #140, #4544 ) ;
#6374 = LINE ( 'NONE', #1185, #4443 ) ;
#6375 = DIRECTION ( 'NONE',  ( 0.8660254037844442587, 0.000000000000000000, 0.4999999999999901745 ) ) ;
#6376 = EDGE_CURVE ( 'NONE', #2483, #2480, #5569, .T. ) ;
#6377 = ORIENTED_EDGE ( 'NONE', *, *, #3510, .T. ) ;
#6378 = EDGE_CURVE ( 'NONE', #7, #4605, #2807, .T. ) ;
#6379 = CARTESIAN_POINT ( 'NONE',  ( 2.999999999999993339, 1.500000000000000000, -2.886751345948133540 ) ) ;
#6380 = CARTESIAN_POINT ( 'NONE',  ( 3.000000000000087486, 0.000000000000000000, 7.505553499465101197 ) ) ;
#6381 = LINE ( 'NONE', #4795, #1804 ) ;
#6382 = DIRECTION ( 'NONE',  ( 0.4999999999999995004, -0.000000000000000000, 0.8660254037844389297 ) ) ;
#6383 = CARTESIAN_POINT ( 'NONE',  ( -4.999999999999960920, 2.501000000000000334, 4.041451884327425859 ) ) ;
#6384 = ORIENTED_EDGE ( 'NONE', *, *, #5307, .T. ) ;
#6385 = ADVANCED_FACE ( 'NONE', ( #524 ), #2767, .F. ) ;
#6386 = EDGE_CURVE ( 'NONE', #167, #1669, #1148, .T. ) ;
#6387 = DIRECTION ( 'NONE',  ( 0.5000000000000019984, -0.000000000000000000, 0.8660254037844375974 ) ) ;
#6388 = EDGE_CURVE ( 'NONE', #1318, #6306, #2570, .T. ) ;
#6389 = ORIENTED_EDGE ( 'NONE', *, *, #6545, .F. ) ;
#6390 = ORIENTED_EDGE ( 'NONE', *, *, #171, .T. ) ;
#6391 = DIRECTION ( 'NONE',  ( 1.000000000000000000, 0.000000000000000000, 0.000000000000000000 ) ) ;
#6392 = ORIENTED_EDGE ( 'NONE', *, *, #2950, .T. ) ;
#6393 = DIRECTION ( 'NONE',  ( -0.8660254037844384856, 0.000000000000000000, -0.5000000000000002220 ) ) ;
#6394 = CARTESIAN_POINT ( 'NONE',  ( -12.00000000000006040, 1.500000000000000000, -12.70170592217178651 ) ) ;
#6395 = FACE_OUTER_BOUND ( 'NONE', #2464, .T. ) ;
#6396 = ORIENTED_EDGE ( 'NONE', *, *, #2327, .T. ) ;
#6397 = AXIS2_PLACEMENT_3D ( 'NONE', #6727, #1572, #3299 ) ;
#6398 = ORIENTED_EDGE ( 'NONE', *, *, #2267, .T. ) ;
#6399 = VERTEX_POINT ( 'NONE', #6851 ) ;
#6400 = VECTOR ( 'NONE', #821, 1000.000000000000000 ) ;
#6401 = DIRECTION ( 'NONE',  ( -0.000000000000000000, 1.000000000000000000, -0.000000000000000000 ) ) ;
#6402 = DIRECTION ( 'NONE',  ( 0.000000000000000000, -1.000000000000000000, 0.000000000000000000 ) ) ;
#6403 = LINE ( 'NONE', #6294, #1924 ) ;
#6404 = LINE ( 'NONE', #6512, #4089 ) ;
#6405 = EDGE_CURVE ( 'NONE', #3859, #6725, #3457, .T. ) ;
#6406 = AXIS2_PLACEMENT_3D ( 'NONE', #7210, #2163, #6288 ) ;
#6407 = EDGE_LOOP ( 'NONE', ( #1973, #1578, #2133, #937, #385, #698 ) ) ;
#6408 = PLANE ( 'NONE',  #4530 ) ;
#6409 = DIRECTION ( 'NONE',  ( -0.000000000000000000, -1.000000000000000000, -0.000000000000000000 ) ) ;
#6410 = DIRECTION ( 'NONE',  ( 0.000000000000000000, -0.000000000000000000, 1.000000000000000000 ) ) ;
#6411 = CARTESIAN_POINT ( 'NONE',  ( 11.99999999999997335, 2.501000000000000334, -12.70170592217178118 ) ) ;
#6412 = LINE ( 'NONE', #260, #3486 ) ;
#6413 = ADVANCED_FACE ( 'NONE', ( #6779 ), #5118, .F. ) ;
#6414 = ORIENTED_EDGE ( 'NONE', *, *, #1290, .F. ) ;
#6415 = DIRECTION ( 'NONE',  ( -0.000000000000000000, -1.000000000000000000, -0.000000000000000000 ) ) ;
#6416 = ADVANCED_FACE ( 'NONE', ( #5272 ), #6267, .F. ) ;
#6417 = CARTESIAN_POINT ( 'NONE',  ( -15.75500000000000789, 2.501000000000000334, 15.75500000000000078 ) ) ;
#6418 = DIRECTION ( 'NONE',  ( -0.8660254037844448138, 0.000000000000000000, -0.4999999999999894529 ) ) ;
#6419 = PLANE ( 'NONE',  #1731 ) ;
#6420 = CARTESIAN_POINT ( 'NONE',  ( -8.000000000000044409, 2.501000000000000334, -9.237604307033979723 ) ) ;
#6421 = ORIENTED_EDGE ( 'NONE', *, *, #3855, .F. ) ;
#6422 = LINE ( 'NONE', #1173, #2452 ) ;
#6423 = ORIENTED_EDGE ( 'NONE', *, *, #5395, .F. ) ;
#6424 = ORIENTED_EDGE ( 'NONE', *, *, #5389, .T. ) ;
#6425 = CARTESIAN_POINT ( 'NONE',  ( 1.000000000000045741, 2.501000000000000334, 4.041451884327369015 ) ) ;
#6426 = ORIENTED_EDGE ( 'NONE', *, *, #5731, .F. ) ;
#6427 = EDGE_CURVE ( 'NONE', #672, #3696, #1856, .T. ) ;
#6428 = CARTESIAN_POINT ( 'NONE',  ( 12.00000000000014921, 2.501000000000000334, 12.70170592217169769 ) ) ;
#6429 = DIRECTION ( 'NONE',  ( -0.000000000000000000, -1.000000000000000000, -0.000000000000000000 ) ) ;
#6430 = CARTESIAN_POINT ( 'NONE',  ( -16.99999999999970868, 0.000000000000000000, -4.041451884327968536 ) ) ;
#6431 = ORIENTED_EDGE ( 'NONE', *, *, #5195, .F. ) ;
#6432 = VECTOR ( 'NONE', #2465, 1000.000000000000114 ) ;
#6433 = ORIENTED_EDGE ( 'NONE', *, *, #1334, .T. ) ;
#6434 = VECTOR ( 'NONE', #3324, 1000.000000000000000 ) ;
#6435 = EDGE_LOOP ( 'NONE', ( #4495, #1473, #4770, #530 ) ) ;
#6436 = EDGE_CURVE ( 'NONE', #6297, #2342, #4045, .T. ) ;
#6437 = AXIS2_PLACEMENT_3D ( 'NONE', #5932, #6449, #1943 ) ;
#6438 = CARTESIAN_POINT ( 'NONE',  ( -3.999999999999992450, 0.000000000000000000, 1.154700538379280328 ) ) ;
#6439 = FACE_OUTER_BOUND ( 'NONE', #7116, .T. ) ;
#6440 = VECTOR ( 'NONE', #6852, 1000.000000000000114 ) ;
#6441 = DIRECTION ( 'NONE',  ( 1.051620219116010632E-14, 0.000000000000000000, 1.000000000000000000 ) ) ;
#6442 = DIRECTION ( 'NONE',  ( -0.000000000000000000, -1.000000000000000000, -0.000000000000000000 ) ) ;
#6443 = VECTOR ( 'NONE', #4249, 1000.000000000000114 ) ;
#6444 = AXIS2_PLACEMENT_3D ( 'NONE', #3680, #7114, #267 ) ;
#6445 = ORIENTED_EDGE ( 'NONE', *, *, #254, .T. ) ;
#6446 = VECTOR ( 'NONE', #6929, 1000.000000000000000 ) ;
#6447 = EDGE_LOOP ( 'NONE', ( #358, #3980, #2940, #943, #818, #4532 ) ) ;
#6448 = LINE ( 'NONE', #1357, #2194 ) ;
#6449 = DIRECTION ( 'NONE',  ( -1.000000000000000000, 0.000000000000000000, 1.734723475976807094E-16 ) ) ;
#6450 = VECTOR ( 'NONE', #2583, 1000.000000000000000 ) ;
#6451 = CARTESIAN_POINT ( 'NONE',  ( -12.00000000000003908, 1.500000000000000000, -8.082903768654777110 ) ) ;
#6452 = FACE_BOUND ( 'NONE', #4375, .T. ) ;
#6453 = FACE_OUTER_BOUND ( 'NONE', #3188, .T. ) ;
#6454 = VECTOR ( 'NONE', #1076, 1000.000000000000114 ) ;
#6455 = VECTOR ( 'NONE', #3780, 1000.000000000000000 ) ;
#6456 = ORIENTED_EDGE ( 'NONE', *, *, #3786, .F. ) ;
#6457 = CARTESIAN_POINT ( 'NONE',  ( -4.999999999999912070, 2.501000000000000334, -14.43375673432735518 ) ) ;
#6458 = ADVANCED_FACE ( 'NONE', ( #772 ), #2471, .F. ) ;
#6459 = FACE_OUTER_BOUND ( 'NONE', #1004, .T. ) ;
#6460 = CARTESIAN_POINT ( 'NONE',  ( -10.99999999999971045, 1.500000000000000000, -6.350852961086427939 ) ) ;
#6461 = DIRECTION ( 'NONE',  ( 1.000000000000000000, 0.000000000000000000, 0.000000000000000000 ) ) ;
#6462 = LINE ( 'NONE', #5356, #2079 ) ;
#6463 = ORIENTED_EDGE ( 'NONE', *, *, #171, .F. ) ;
#6464 = CARTESIAN_POINT ( 'NONE',  ( 5.999999999999971578, 0.000000000000000000, -12.70170592217178118 ) ) ;
#6465 = ORIENTED_EDGE ( 'NONE', *, *, #1561, .T. ) ;
#6466 = ORIENTED_EDGE ( 'NONE', *, *, #4386, .T. ) ;
#6467 = DIRECTION ( 'NONE',  ( -3.755786496842901029E-16, 0.000000000000000000, 1.000000000000000000 ) ) ;
#6468 = VERTEX_POINT ( 'NONE', #3495 ) ;
#6469 = PLANE ( 'NONE',  #1915 ) ;
#6470 = CARTESIAN_POINT ( 'NONE',  ( 2.999999999999971578, 2.501000000000000334, 13.27675134594760387 ) ) ;
#6471 = DIRECTION ( 'NONE',  ( 1.126735949052868928E-14, 0.000000000000000000, 1.000000000000000000 ) ) ;
#6472 = VERTEX_POINT ( 'NONE', #5756 ) ;
#6473 = ADVANCED_FACE ( 'NONE', ( #5789 ), #2945, .F. ) ;
#6474 = ORIENTED_EDGE ( 'NONE', *, *, #3002, .T. ) ;
#6475 = EDGE_LOOP ( 'NONE', ( #2690, #1870, #2789, #5777 ) ) ;
#6476 = VECTOR ( 'NONE', #6717, 1000.000000000000000 ) ;
#6477 = PRODUCT_DEFINITION_SHAPE ( 'NONE', 'NONE',  #3871 ) ;
#6478 = DIRECTION ( 'NONE',  ( -0.000000000000000000, -1.000000000000000000, -0.000000000000000000 ) ) ;
#6479 = CARTESIAN_POINT ( 'NONE',  ( -16.99999999999970868, 1.500000000000000000, -6.350852961086469683 ) ) ;
#6480 = LINE ( 'NONE', #7133, #5938 ) ;
#6481 = DIRECTION ( 'NONE',  ( -0.8660254037844389297, 0.000000000000000000, 0.4999999999999995004 ) ) ;
#6482 = EDGE_CURVE ( 'NONE', #5843, #1271, #4082, .T. ) ;
#6483 = EDGE_CURVE ( 'NONE', #868, #7089, #6374, .T. ) ;
#6484 = ORIENTED_EDGE ( 'NONE', *, *, #448, .T. ) ;
#6485 = ORIENTED_EDGE ( 'NONE', *, *, #1035, .F. ) ;
#6486 = DIRECTION ( 'NONE',  ( -0.8660254037844342667, 0.000000000000000000, 0.5000000000000074385 ) ) ;
#6487 = CYLINDRICAL_SURFACE ( 'NONE', #1267, 1.500000000000001332 ) ;
#6488 = FACE_BOUND ( 'NONE', #4061, .T. ) ;
#6489 = ORIENTED_EDGE ( 'NONE', *, *, #786, .T. ) ;
#6490 = CARTESIAN_POINT ( 'NONE',  ( -10.00000000000005329, 0.000000000000000000, -11.54700538379254127 ) ) ;
#6491 = DIRECTION ( 'NONE',  ( 3.755786496842901029E-16, 0.000000000000000000, -1.000000000000000000 ) ) ;
#6492 = CARTESIAN_POINT ( 'NONE',  ( 0.000000000000000000, 1.500000000000000000, 19.00000000000000000 ) ) ;
#6493 = CARTESIAN_POINT ( 'NONE',  ( -6.999999999999712230, 1.500000000000000000, -6.350852961086427051 ) ) ;
#6494 = ORIENTED_EDGE ( 'NONE', *, *, #1999, .T. ) ;
#6495 = DIRECTION ( 'NONE',  ( -1.000000000000000000, 0.000000000000000000, 2.629050547790030918E-15 ) ) ;
#6496 = ORIENTED_EDGE ( 'NONE', *, *, #559, .T. ) ;
#6497 = ORIENTED_EDGE ( 'NONE', *, *, #295, .F. ) ;
#6498 = LINE ( 'NONE', #4763, #4219 ) ;
#6499 = ORIENTED_EDGE ( 'NONE', *, *, #3100, .T. ) ;
#6500 = DIRECTION ( 'NONE',  ( -0.000000000000000000, 1.000000000000000000, -0.000000000000000000 ) ) ;
#6501 = DIRECTION ( 'NONE',  ( -0.000000000000000000, -1.000000000000000000, -0.000000000000000000 ) ) ;
#6502 = CARTESIAN_POINT ( 'NONE',  ( 11.99999999999998046, 2.501000000000000334, -8.082903768654771781 ) ) ;
#6503 = ORIENTED_EDGE ( 'NONE', *, *, #1475, .F. ) ;
#6504 = ORIENTED_EDGE ( 'NONE', *, *, #1043, .F. ) ;
#6505 = ORIENTED_EDGE ( 'NONE', *, *, #5959, .T. ) ;
#6506 = EDGE_CURVE ( 'NONE', #4954, #2260, #2393, .T. ) ;
#6507 = EDGE_LOOP ( 'NONE', ( #3142, #3007, #2776, #3893 ) ) ;
#6508 = CARTESIAN_POINT ( 'NONE',  ( 6.000000000000094147, 2.501000000000000334, 8.082903768654690069 ) ) ;
#6509 = LINE ( 'NONE', #3631, #679 ) ;
#6510 = VECTOR ( 'NONE', #1061, 1000.000000000000114 ) ;
#6511 = CARTESIAN_POINT ( 'NONE',  ( 2.000000000000192735, 0.000000000000000000, 11.54700538379250929 ) ) ;
#6512 = CARTESIAN_POINT ( 'NONE',  ( -7.999999999999992895, 2.501000000000000334, 1.154700538379307417 ) ) ;
#6513 = ADVANCED_FACE ( 'NONE', ( #5157 ), #3562, .F. ) ;
#6514 = VERTEX_POINT ( 'NONE', #6343 ) ;
#6515 = VECTOR ( 'NONE', #3941, 1000.000000000000000 ) ;
#6516 = ORIENTED_EDGE ( 'NONE', *, *, #5241, .T. ) ;
#6517 = CARTESIAN_POINT ( 'NONE',  ( 6.999999999999974243, 2.501000000000000334, -6.350852961085958981 ) ) ;
#6518 = ADVANCED_FACE ( 'NONE', ( #1294 ), #1766, .F. ) ;
#6519 = CARTESIAN_POINT ( 'NONE',  ( 5.000000000000079048, 1.500000000000000000, -16.74315781108587586 ) ) ;
#6520 = EDGE_CURVE ( 'NONE', #4094, #4721, #6819, .T. ) ;
#6521 = VECTOR ( 'NONE', #4209, 1000.000000000000000 ) ;
#6522 = FACE_BOUND ( 'NONE', #3628, .T. ) ;
#6523 = ORIENTED_EDGE ( 'NONE', *, *, #5661, .T. ) ;
#6524 = VECTOR ( 'NONE', #3632, 1000.000000000000000 ) ;
#6525 = DIRECTION ( 'NONE',  ( 0.000000000000000000, 0.000000000000000000, 1.000000000000000000 ) ) ;
#6526 = DIRECTION ( 'NONE',  ( 1.000000000000000000, 0.000000000000000000, -1.877893248421447556E-15 ) ) ;
#6527 = DIRECTION ( 'NONE',  ( -0.000000000000000000, 1.000000000000000000, -0.000000000000000000 ) ) ;
#6528 = DIRECTION ( 'NONE',  ( -0.8660254037844384856, 0.000000000000000000, -0.5000000000000001110 ) ) ;
#6529 = EDGE_LOOP ( 'NONE', ( #2110, #1822, #4284, #6504 ) ) ;
#6530 = LINE ( 'NONE', #4904, #222 ) ;
#6531 = ORIENTED_EDGE ( 'NONE', *, *, #6204, .T. ) ;
#6532 = ORIENTED_EDGE ( 'NONE', *, *, #4406, .T. ) ;
#6533 = DIRECTION ( 'NONE',  ( -0.5000000000000035527, 0.000000000000000000, -0.8660254037844367092 ) ) ;
#6534 = EDGE_LOOP ( 'NONE', ( #3541, #3985, #3473, #1153 ) ) ;
#6535 = EDGE_CURVE ( 'NONE', #322, #5540, #5229, .T. ) ;
#6536 = CARTESIAN_POINT ( 'NONE',  ( -5.999999999999879208, 2.501000000000000334, 12.70170592217182204 ) ) ;
#6537 = LINE ( 'NONE', #1563, #6913 ) ;
#6538 = LINE ( 'NONE', #316, #5222 ) ;
#6539 = ORIENTED_EDGE ( 'NONE', *, *, #3056, .T. ) ;
#6540 = ORIENTED_EDGE ( 'NONE', *, *, #5316, .T. ) ;
#6541 = ORIENTED_EDGE ( 'NONE', *, *, #1666, .F. ) ;
#6542 = EDGE_LOOP ( 'NONE', ( #6304, #6484, #3078, #2456 ) ) ;
#6543 = DIRECTION ( 'NONE',  ( 1.000000000000000000, 0.000000000000000000, -4.506943796211481235E-15 ) ) ;
#6544 = VECTOR ( 'NONE', #734, 1000.000000000000114 ) ;
#6545 = EDGE_CURVE ( 'NONE', #6079, #1816, #2875, .T. ) ;
#6546 = DIRECTION ( 'NONE',  ( -1.000000000000000000, 0.000000000000000000, 7.511572993685799692E-15 ) ) ;
#6547 = DIRECTION ( 'NONE',  ( -0.5000000000000046629, 0.000000000000000000, -0.8660254037844359321 ) ) ;
#6548 = ORIENTED_EDGE ( 'NONE', *, *, #95, .F. ) ;
#6549 = CARTESIAN_POINT ( 'NONE',  ( -16.99999999999999289, 2.501000000000000334, 6.350852961085313275 ) ) ;
#6550 = EDGE_CURVE ( 'NONE', #5750, #2042, #3015, .T. ) ;
#6551 = EDGE_CURVE ( 'NONE', #2305, #7223, #7039, .T. ) ;
#6552 = VERTEX_POINT ( 'NONE', #3598 ) ;
#6553 = AXIS2_PLACEMENT_3D ( 'NONE', #1874, #6409, #5451 ) ;
#6554 = VECTOR ( 'NONE', #5874, 1000.000000000000000 ) ;
#6555 = ORIENTED_EDGE ( 'NONE', *, *, #7244, .T. ) ;
#6556 = DIRECTION ( 'NONE',  ( -0.8660254037844445918, 0.000000000000000000, -0.4999999999999896194 ) ) ;
#6557 = LINE ( 'NONE', #7106, #4433 ) ;
#6558 = VECTOR ( 'NONE', #2952, 1000.000000000000000 ) ;
#6559 = FACE_BOUND ( 'NONE', #1934, .T. ) ;
#6560 = VECTOR ( 'NONE', #2418, 1000.000000000000000 ) ;
#6561 = ADVANCED_FACE ( 'NONE', ( #5347, #6488, #4783, #3057, #6559, #1405, #1986, #7073, #4713, #3708, #4855, #3640, #884, #1513, #2505, #4226, #4296, #5899, #3752, #3200, #4186, #6962, #6452, #4746, #6522, #4823, #7108, #6010, #922, #338, #2059, #297, #3126, #2024, #850, #3674 ), #4259, .F. ) ;
#6562 = EDGE_CURVE ( 'NONE', #2579, #2904, #1907, .T. ) ;
#6563 = VERTEX_POINT ( 'NONE', #960 ) ;
#6564 = VECTOR ( 'NONE', #7173, 1000.000000000000000 ) ;
#6565 = VECTOR ( 'NONE', #4453, 999.9999999999998863 ) ;
#6566 = FACE_OUTER_BOUND ( 'NONE', #5659, .T. ) ;
#6567 = FACE_OUTER_BOUND ( 'NONE', #1638, .T. ) ;
#6568 = VECTOR ( 'NONE', #2127, 1000.000000000000000 ) ;
#6569 = DIRECTION ( 'NONE',  ( 1.000000000000000000, 0.000000000000000000, -9.201676917265100324E-15 ) ) ;
#6570 = CARTESIAN_POINT ( 'NONE',  ( -6.999999999999993783, 0.000000000000000000, 6.350852961085357684 ) ) ;
#6571 = ORIENTED_EDGE ( 'NONE', *, *, #2338, .F. ) ;
#6572 = CARTESIAN_POINT ( 'NONE',  ( -10.99999999999971045, 2.501000000000000334, -4.041451884327926791 ) ) ;
#6573 = VECTOR ( 'NONE', #1433, 1000.000000000000114 ) ;
#6574 = EDGE_CURVE ( 'NONE', #3428, #6061, #374, .T. ) ;
#6575 = EDGE_LOOP ( 'NONE', ( #4841, #1427, #3434, #492 ) ) ;
#6576 = ORIENTED_EDGE ( 'NONE', *, *, #4697, .F. ) ;
#6577 = CARTESIAN_POINT ( 'NONE',  ( -6.999999999999993783, 2.501000000000000334, 6.350852961085356796 ) ) ;
#6578 = VERTEX_POINT ( 'NONE', #5421 ) ;
#6579 = VECTOR ( 'NONE', #309, 1000.000000000000000 ) ;
#6580 = CARTESIAN_POINT ( 'NONE',  ( 3.999999999999998224, 0.000000000000000000, 1.154700538379252128 ) ) ;
#6581 = CARTESIAN_POINT ( 'NONE',  ( -15.75500000000000789, 1.500000000000000000, 15.75500000000000078 ) ) ;
#6582 = DIRECTION ( 'NONE',  ( -0.8660254037844408170, 0.000000000000000000, -0.4999999999999962252 ) ) ;
#6583 = EDGE_LOOP ( 'NONE', ( #1830, #585, #5832, #4162 ) ) ;
#6584 = VERTEX_POINT ( 'NONE', #2616 ) ;
#6585 = ADVANCED_FACE ( 'NONE', ( #1361 ), #1439, .F. ) ;
#6586 = ORIENTED_EDGE ( 'NONE', *, *, #1779, .F. ) ;
#6587 = ORIENTED_EDGE ( 'NONE', *, *, #4385, .T. ) ;
#6588 = CARTESIAN_POINT ( 'NONE',  ( -9.999999999999891642, 1.500000000000000000, 11.54700538379251107 ) ) ;
#6589 = LINE ( 'NONE', #6697, #5267 ) ;
#6590 = DIRECTION ( 'NONE',  ( 0.000000000000000000, -1.000000000000000000, 0.000000000000000000 ) ) ;
#6591 = LINE ( 'NONE', #1540, #1110 ) ;
#6592 = ORIENTED_EDGE ( 'NONE', *, *, #1683, .T. ) ;
#6593 = CARTESIAN_POINT ( 'NONE',  ( -2.000000000000117240, 0.000000000000000000, 9.237604307033738138 ) ) ;
#6594 = VECTOR ( 'NONE', #6467, 1000.000000000000000 ) ;
#6595 = EDGE_LOOP ( 'NONE', ( #1615, #901, #6758, #5564 ) ) ;
#6596 = ADVANCED_FACE ( 'NONE', ( #5381 ), #408, .F. ) ;
#6597 = ORIENTED_EDGE ( 'NONE', *, *, #786, .F. ) ;
#6598 = FACE_OUTER_BOUND ( 'NONE', #6655, .T. ) ;
#6599 = DIRECTION ( 'NONE',  ( 0.000000000000000000, 0.000000000000000000, -1.000000000000000000 ) ) ;
#6600 = CARTESIAN_POINT ( 'NONE',  ( -16.99999999999999289, 2.501000000000000334, 6.350852961085313275 ) ) ;
#6601 =( NAMED_UNIT ( * ) PLANE_ANGLE_UNIT ( ) SI_UNIT ( $, .RADIAN. ) );
#6602 = ORIENTED_EDGE ( 'NONE', *, *, #1824, .F. ) ;
#6603 = EDGE_CURVE ( 'NONE', #1600, #2001, #4410, .T. ) ;
#6604 = PLANE ( 'NONE',  #1630 ) ;
#6605 = LINE ( 'NONE', #3789, #6785 ) ;
#6606 = LINE ( 'NONE', #412, #5142 ) ;
#6607 = PLANE ( 'NONE',  #3481 ) ;
#6608 = ORIENTED_EDGE ( 'NONE', *, *, #3223, .F. ) ;
#6609 = ORIENTED_EDGE ( 'NONE', *, *, #3865, .T. ) ;
#6610 = EDGE_LOOP ( 'NONE', ( #7125, #3875, #5641, #3468 ) ) ;
#6611 = CARTESIAN_POINT ( 'NONE',  ( 6.000000000000094147, 1.500000000000000000, 8.082903768654690069 ) ) ;
#6612 = ORIENTED_EDGE ( 'NONE', *, *, #477, .F. ) ;
#6613 = EDGE_CURVE ( 'NONE', #528, #3938, #995, .T. ) ;
#6614 = PLANE ( 'NONE',  #2751 ) ;
#6615 = LINE ( 'NONE', #3803, #2794 ) ;
#6616 = CARTESIAN_POINT ( 'NONE',  ( -16.99999999999999289, 1.500000000000000000, 4.041451884326813015 ) ) ;
#6617 = ORIENTED_EDGE ( 'NONE', *, *, #810, .T. ) ;
#6618 = EDGE_CURVE ( 'NONE', #5422, #2982, #2655, .T. ) ;
#6619 = EDGE_LOOP ( 'NONE', ( #5811, #3067, #6021, #6421 ) ) ;
#6620 = EDGE_LOOP ( 'NONE', ( #1787, #5007, #988, #5046, #2771, #3288 ) ) ;
#6621 = EDGE_CURVE ( 'NONE', #4918, #837, #4893, .T. ) ;
#6622 = DIRECTION ( 'NONE',  ( 0.8660254037844395958, 0.000000000000000000, 0.4999999999999982236 ) ) ;
#6623 = LINE ( 'NONE', #1571, #1508 ) ;
#6624 = CARTESIAN_POINT ( 'NONE',  ( -3.000000000000028866, 2.501000000000000334, 13.27675134594760387 ) ) ;
#6625 = FACE_BOUND ( 'NONE', #3970, .T. ) ;
#6626 = PLANE ( 'NONE',  #6756 ) ;
#6627 = ORIENTED_EDGE ( 'NONE', *, *, #1392, .F. ) ;
#6628 = DIRECTION ( 'NONE',  ( 4.506943796211474136E-15, 0.000000000000000000, 1.000000000000000000 ) ) ;
#6629 = VERTEX_POINT ( 'NONE', #3899 ) ;
#6630 = ORIENTED_EDGE ( 'NONE', *, *, #5300, .T. ) ;
#6631 = DIRECTION ( 'NONE',  ( 0.000000000000000000, 0.000000000000000000, 1.000000000000000000 ) ) ;
#6632 = CARTESIAN_POINT ( 'NONE',  ( -0.9999999999999397149, 2.501000000000000334, 6.350852961085893256 ) ) ;
#6633 = EDGE_CURVE ( 'NONE', #4352, #652, #484, .T. ) ;
#6634 = CARTESIAN_POINT ( 'NONE',  ( 3.000000000000072387, 1.500000000000000000, -17.89785834946512111 ) ) ;
#6635 = CARTESIAN_POINT ( 'NONE',  ( 10.99999999999997868, 1.500000000000000000, -4.041451884327467603 ) ) ;
#6636 = AXIS2_PLACEMENT_3D ( 'NONE', #6536, #6977, #1929 ) ;
#6637 = ORIENTED_EDGE ( 'NONE', *, *, #4850, .T. ) ;
#6638 = CARTESIAN_POINT ( 'NONE',  ( -20.00000000000000355, 2.500000000000000000, -20.00000000000000000 ) ) ;
#6639 = CARTESIAN_POINT ( 'NONE',  ( 9.999999999999998224, 2.501000000000000334, -1.154700538379252128 ) ) ;
#6640 = AXIS2_PLACEMENT_3D ( 'NONE', #2898, #4626, #56 ) ;
#6641 = EDGE_CURVE ( 'NONE', #5782, #4707, #2727, .T. ) ;
#6642 = CARTESIAN_POINT ( 'NONE',  ( -16.00000000000000355, 2.500000000000000000, -16.00000000000000000 ) ) ;
#6643 = CARTESIAN_POINT ( 'NONE',  ( -15.99999999999999645, 2.500000000000000000, 20.00000000000000000 ) ) ;
#6644 = ORIENTED_EDGE ( 'NONE', *, *, #2810, .F. ) ;
#6645 = VERTEX_POINT ( 'NONE', #4969 ) ;
#6646 = ADVANCED_FACE ( 'NONE', ( #1104 ), #6669, .F. ) ;
#6647 = LINE ( 'NONE', #6611, #2936 ) ;
#6648 = ORIENTED_EDGE ( 'NONE', *, *, #3882, .T. ) ;
#6649 = EDGE_CURVE ( 'NONE', #6514, #1402, #4479, .T. ) ;
#6650 = FACE_OUTER_BOUND ( 'NONE', #4348, .T. ) ;
#6651 = DIRECTION ( 'NONE',  ( 1.000000000000000000, 0.000000000000000000, 0.000000000000000000 ) ) ;
#6652 = CARTESIAN_POINT ( 'NONE',  ( -6.999999999999992895, 0.000000000000000000, 4.041451884326855648 ) ) ;
#6653 = ORIENTED_EDGE ( 'NONE', *, *, #7144, .F. ) ;
#6654 = MANIFOLD_SOLID_BREP ( '切除-拉伸4', #3874 ) ;
#6655 = EDGE_LOOP ( 'NONE', ( #2947, #3245, #1067, #6747 ) ) ;
#6656 = ORIENTED_EDGE ( 'NONE', *, *, #2297, .T. ) ;
#6657 = ADVANCED_FACE ( 'NONE', ( #2139 ), #3345, .F. ) ;
#6658 = PLANE ( 'NONE',  #107 ) ;
#6659 = DIRECTION ( 'NONE',  ( -0.000000000000000000, -1.000000000000000000, -0.000000000000000000 ) ) ;
#6660 = DIRECTION ( 'NONE',  ( 0.8660254037844385966, 0.000000000000000000, -0.5000000000000001110 ) ) ;
#6661 = DIRECTION ( 'NONE',  ( 0.000000000000000000, 0.000000000000000000, -1.000000000000000000 ) ) ;
#6662 = DIRECTION ( 'NONE',  ( 0.000000000000000000, 0.000000000000000000, -1.000000000000000000 ) ) ;
#6663 = VERTEX_POINT ( 'NONE', #1624 ) ;
#6664 = CARTESIAN_POINT ( 'NONE',  ( -12.00000000000006040, 2.501000000000000334, -12.70170592217178651 ) ) ;
#6665 = VERTEX_POINT ( 'NONE', #3867 ) ;
#6666 = VERTEX_POINT ( 'NONE', #1073 ) ;
#6667 = CARTESIAN_POINT ( 'NONE',  ( -5.999999999999920952, 0.000000000000000000, 8.082903768654816190 ) ) ;
#6668 = PLANE ( 'NONE',  #2519 ) ;
#6669 = PLANE ( 'NONE',  #5040 ) ;
#6670 = VECTOR ( 'NONE', #7297, 1000.000000000000000 ) ;
#6671 = ADVANCED_FACE ( 'NONE', ( #1689 ), #3308, .F. ) ;
#6672 = VECTOR ( 'NONE', #4416, 1000.000000000000114 ) ;
#6673 = VERTEX_POINT ( 'NONE', #1137 ) ;
#6674 = LINE ( 'NONE', #6126, #6454 ) ;
#6675 = VECTOR ( 'NONE', #7076, 1000.000000000000000 ) ;
#6676 = LINE ( 'NONE', #4942, #3713 ) ;
#6677 = DIRECTION ( 'NONE',  ( -0.000000000000000000, -1.000000000000000000, -0.000000000000000000 ) ) ;
#6678 = FACE_OUTER_BOUND ( 'NONE', #6872, .T. ) ;
#6679 = VECTOR ( 'NONE', #806, 1000.000000000000000 ) ;
#6680 = VECTOR ( 'NONE', #5764, 1000.000000000000000 ) ;
#6681 = EDGE_CURVE ( 'NONE', #3432, #6399, #5562, .T. ) ;
#6682 = ORIENTED_EDGE ( 'NONE', *, *, #3956, .F. ) ;
#6683 = EDGE_CURVE ( 'NONE', #1702, #6665, #5640, .T. ) ;
#6684 = VECTOR ( 'NONE', #1062, 1000.000000000000114 ) ;
#6685 = DIRECTION ( 'NONE',  ( -0.000000000000000000, -1.000000000000000000, -0.000000000000000000 ) ) ;
#6686 = ORIENTED_EDGE ( 'NONE', *, *, #1780, .T. ) ;
#6687 = FACE_OUTER_BOUND ( 'NONE', #2650, .T. ) ;
#6688 = VECTOR ( 'NONE', #4378, 1000.000000000000114 ) ;
#6689 = DIRECTION ( 'NONE',  ( -0.8660254037844387076, 0.000000000000000000, 0.4999999999999997224 ) ) ;
#6690 = CARTESIAN_POINT ( 'NONE',  ( 3.000000000000072387, 0.000000000000000000, -17.89785834946512111 ) ) ;
#6691 = ORIENTED_EDGE ( 'NONE', *, *, #6813, .F. ) ;
#6692 = EDGE_LOOP ( 'NONE', ( #1257, #4380, #1556, #6704 ) ) ;
#6693 = VERTEX_POINT ( 'NONE', #5111 ) ;
#6694 = VECTOR ( 'NONE', #235, 1000.000000000000000 ) ;
#6695 = FACE_OUTER_BOUND ( 'NONE', #3695, .T. ) ;
#6696 = FACE_OUTER_BOUND ( 'NONE', #3295, .T. ) ;
#6697 = CARTESIAN_POINT ( 'NONE',  ( 13.00000000000004796, 0.000000000000000000, 4.041451884327340593 ) ) ;
#6698 = CARTESIAN_POINT ( 'NONE',  ( -14.99999999999999289, 2.501000000000000334, 2.886751345947561553 ) ) ;
#6699 = DIRECTION ( 'NONE',  ( -0.000000000000000000, -1.000000000000000000, -0.000000000000000000 ) ) ;
#6700 = EDGE_LOOP ( 'NONE', ( #6007, #5869, #5207, #4489 ) ) ;
#6701 = EDGE_CURVE ( 'NONE', #7021, #4307, #5221, .T. ) ;
#6702 = DIRECTION ( 'NONE',  ( -0.8660254037844418162, 0.000000000000000000, -0.4999999999999946709 ) ) ;
#6703 = VERTEX_POINT ( 'NONE', #6368 ) ;
#6704 = ORIENTED_EDGE ( 'NONE', *, *, #6436, .F. ) ;
#6705 = CARTESIAN_POINT ( 'NONE',  ( 16.00000000000000711, 2.500000000000000000, 20.00000000000000000 ) ) ;
#6706 = DIRECTION ( 'NONE',  ( 0.8660254037844387076, 0.000000000000000000, -0.4999999999999998335 ) ) ;
#6707 = EDGE_CURVE ( 'NONE', #5895, #7021, #3552, .T. ) ;
#6708 = EDGE_CURVE ( 'NONE', #1526, #4332, #625, .T. ) ;
#6709 = VECTOR ( 'NONE', #6357, 1000.000000000000000 ) ;
#6710 = EDGE_CURVE ( 'NONE', #4947, #978, #2865, .T. ) ;
#6711 = ORIENTED_EDGE ( 'NONE', *, *, #731, .F. ) ;
#6712 = DIRECTION ( 'NONE',  ( 0.8660254037844384856, 0.000000000000000000, -0.5000000000000002220 ) ) ;
#6713 = CARTESIAN_POINT ( 'NONE',  ( 2.999999999999983569, 1.500000000000000000, -7.505553499465143830 ) ) ;
#6714 = CARTESIAN_POINT ( 'NONE',  ( -15.75500000000000789, 2.501000000000000334, 14.25500000000000078 ) ) ;
#6715 = CARTESIAN_POINT ( 'NONE',  ( 12.00000000000014921, 1.500000000000000000, 12.70170592217169769 ) ) ;
#6716 = ORIENTED_EDGE ( 'NONE', *, *, #5294, .T. ) ;
#6717 = DIRECTION ( 'NONE',  ( 0.8660254037844408170, 0.000000000000000000, 0.4999999999999961697 ) ) ;
#6718 = ORIENTED_EDGE ( 'NONE', *, *, #7234, .T. ) ;
#6719 = LINE ( 'NONE', #2255, #2973 ) ;
#6720 = DIRECTION ( 'NONE',  ( -0.5000000000000001110, 0.000000000000000000, -0.8660254037844387076 ) ) ;
#6721 = DIRECTION ( 'NONE',  ( 0.4999999999999962252, 0.000000000000000000, -0.8660254037844408170 ) ) ;
#6722 = ORIENTED_EDGE ( 'NONE', *, *, #4708, .T. ) ;
#6723 = EDGE_CURVE ( 'NONE', #5000, #1010, #2313, .T. ) ;
#6724 = ORIENTED_EDGE ( 'NONE', *, *, #3981, .T. ) ;
#6725 = VERTEX_POINT ( 'NONE', #4512 ) ;
#6726 = LINE ( 'NONE', #427, #3990 ) ;
#6727 = CARTESIAN_POINT ( 'NONE',  ( 14.00000000000013323, 2.501000000000000334, 11.54700538379242403 ) ) ;
#6728 = CARTESIAN_POINT ( 'NONE',  ( -15.75500000000000789, 1.500000000000000000, 15.75500000000000078 ) ) ;
#6729 = CARTESIAN_POINT ( 'NONE',  ( 15.00000000000004796, 2.501000000000000334, 7.505553499465094092 ) ) ;
#6730 = ORIENTED_EDGE ( 'NONE', *, *, #1162, .F. ) ;
#6731 = EDGE_CURVE ( 'NONE', #6119, #5176, #6812, .T. ) ;
#6732 = CARTESIAN_POINT ( 'NONE',  ( -1.999999999999550360, 2.501000000000000334, -9.237604307034326112 ) ) ;
#6733 = EDGE_CURVE ( 'NONE', #1010, #3452, #4069, .T. ) ;
#6734 = ORIENTED_EDGE ( 'NONE', *, *, #1020, .F. ) ;
#6735 = DIRECTION ( 'NONE',  ( 0.8660254037844408170, 0.000000000000000000, 0.4999999999999962808 ) ) ;
#6736 = CARTESIAN_POINT ( 'NONE',  ( -9.999999999999992895, 1.500000000000000000, 1.154700538379321406 ) ) ;
#6737 = CARTESIAN_POINT ( 'NONE',  ( -14.99999999999971045, 2.501000000000000334, -7.505553499465719369 ) ) ;
#6738 = VERTEX_POINT ( 'NONE', #3417 ) ;
#6739 = ORIENTED_EDGE ( 'NONE', *, *, #4396, .T. ) ;
#6740 = EDGE_CURVE ( 'NONE', #6725, #5918, #2384, .T. ) ;
#6741 = LINE ( 'NONE', #2283, #2423 ) ;
#6742 = FACE_OUTER_BOUND ( 'NONE', #1557, .T. ) ;
#6743 = AXIS2_PLACEMENT_3D ( 'NONE', #1671, #1119, #4014 ) ;
#6744 = DIRECTION ( 'NONE',  ( -4.694733121053622244E-15, 0.000000000000000000, -1.000000000000000000 ) ) ;
#6745 = CARTESIAN_POINT ( 'NONE',  ( 12.99999999999998046, 1.500000000000000000, -4.041451884327456945 ) ) ;
#6746 = AXIS2_PLACEMENT_3D ( 'NONE', #521, #4301, #4412 ) ;
#6747 = ORIENTED_EDGE ( 'NONE', *, *, #892, .F. ) ;
#6748 = EDGE_CURVE ( 'NONE', #4562, #3450, #100, .T. ) ;
#6749 = VECTOR ( 'NONE', #3429, 1000.000000000000000 ) ;
#6750 = LINE ( 'NONE', #5651, #4023 ) ;
#6751 = VERTEX_POINT ( 'NONE', #5149 ) ;
#6752 = PLANE ( 'NONE',  #1458 ) ;
#6753 = DIRECTION ( 'NONE',  ( 0.000000000000000000, -1.000000000000000000, 0.000000000000000000 ) ) ;
#6754 = CARTESIAN_POINT ( 'NONE',  ( -2.000000000000000888, 2.501000000000000334, -1.154700538379251684 ) ) ;
#6755 = EDGE_LOOP ( 'NONE', ( #3537, #1919, #2190, #4124, #5801, #5396 ) ) ;
#6756 = AXIS2_PLACEMENT_3D ( 'NONE', #5037, #4999, #543 ) ;
#6757 = ORIENTED_EDGE ( 'NONE', *, *, #754, .F. ) ;
#6758 = ORIENTED_EDGE ( 'NONE', *, *, #3180, .F. ) ;
#6759 = DIRECTION ( 'NONE',  ( 6.760415694317213570E-15, 0.000000000000000000, 1.000000000000000000 ) ) ;
#6760 = CARTESIAN_POINT ( 'NONE',  ( 1.000000000000088596, 1.500000000000000000, -14.43375673432735518 ) ) ;
#6761 = APPLICATION_CONTEXT ( 'automotive_design' ) ;
#6762 = CARTESIAN_POINT ( 'NONE',  ( -2.999999999999972022, 1.500000000000000000, 2.886751345948156189 ) ) ;
#6763 = DIRECTION ( 'NONE',  ( -0.000000000000000000, -1.000000000000000000, -0.000000000000000000 ) ) ;
#6764 = ORIENTED_EDGE ( 'NONE', *, *, #1168, .F. ) ;
#6765 = CARTESIAN_POINT ( 'NONE',  ( 16.99999999999997513, 2.501000000000000334, -6.350852961085965198 ) ) ;
#6766 = ORIENTED_EDGE ( 'NONE', *, *, #6956, .F. ) ;
#6767 = ADVANCED_FACE ( 'NONE', ( #6335 ), #1759, .F. ) ;
#6768 = CARTESIAN_POINT ( 'NONE',  ( -12.00000000000006040, 0.000000000000000000, -12.70170592217178651 ) ) ;
#6769 = DIRECTION ( 'NONE',  ( -9.013887592422941960E-15, 0.000000000000000000, -1.000000000000000000 ) ) ;
#6770 = LINE ( 'NONE', #2171, #157 ) ;
#6771 = CARTESIAN_POINT ( 'NONE',  ( 0.9999999999999713562, 0.000000000000000000, 14.43145188432685266 ) ) ;
#6772 = EDGE_CURVE ( 'NONE', #6080, #1123, #6108, .T. ) ;
#6773 = EDGE_LOOP ( 'NONE', ( #4956, #6181, #5511, #3808, #6414, #4321 ) ) ;
#6774 = EDGE_LOOP ( 'NONE', ( #918, #2097, #375, #7168, #2066, #5243 ) ) ;
#6775 = FACE_OUTER_BOUND ( 'NONE', #52, .T. ) ;
#6776 = DIRECTION ( 'NONE',  ( -2.441261222947882809E-15, 0.000000000000000000, -1.000000000000000000 ) ) ;
#6777 = CARTESIAN_POINT ( 'NONE',  ( 1.539567084929416296E-13, 1.500000000000000000, 8.082903768654778887 ) ) ;
#6778 = VECTOR ( 'NONE', #2580, 1000.000000000000000 ) ;
#6779 = FACE_OUTER_BOUND ( 'NONE', #5360, .T. ) ;
#6780 = CARTESIAN_POINT ( 'NONE',  ( 0.9999999999999840128, 1.500000000000000000, -6.350852961085886150 ) ) ;
#6781 = ADVANCED_FACE ( 'NONE', ( #2899 ), #3448, .F. ) ;
#6782 = ADVANCED_FACE ( 'NONE', ( #592 ), #1793, .F. ) ;
#6783 = VECTOR ( 'NONE', #5319, 1000.000000000000227 ) ;
#6784 = ORIENTED_EDGE ( 'NONE', *, *, #2282, .F. ) ;
#6785 = VECTOR ( 'NONE', #5387, 1000.000000000000000 ) ;
#6786 = CARTESIAN_POINT ( 'NONE',  ( -5.999999999999920952, 2.501000000000000334, 8.082903768654816190 ) ) ;
#6787 = ORIENTED_EDGE ( 'NONE', *, *, #6914, .F. ) ;
#6788 = VECTOR ( 'NONE', #6478, 1000.000000000000000 ) ;
#6789 = FACE_OUTER_BOUND ( 'NONE', #6529, .T. ) ;
#6790 = FACE_OUTER_BOUND ( 'NONE', #3440, .T. ) ;
#6791 = DIRECTION ( 'NONE',  ( 0.000000000000000000, 0.000000000000000000, -1.000000000000000000 ) ) ;
#6792 = ORIENTED_EDGE ( 'NONE', *, *, #477, .T. ) ;
#6793 = EDGE_CURVE ( 'NONE', #2246, #5881, #3483, .T. ) ;
#6794 = AXIS2_PLACEMENT_3D ( 'NONE', #7254, #4446, #3896 ) ;
#6795 = VECTOR ( 'NONE', #4278, 1000.000000000000000 ) ;
#6796 = ORIENTED_EDGE ( 'NONE', *, *, #4214, .T. ) ;
#6797 = VECTOR ( 'NONE', #3471, 1000.000000000000000 ) ;
#6798 = EDGE_LOOP ( 'NONE', ( #4092, #5819, #252, #6070 ) ) ;
#6799 = CARTESIAN_POINT ( 'NONE',  ( -4.999999999999960920, 0.000000000000000000, 4.041451884327425859 ) ) ;
#6800 = VECTOR ( 'NONE', #2970, 1000.000000000000114 ) ;
#6801 = FACE_OUTER_BOUND ( 'NONE', #3861, .T. ) ;
#6802 = VECTOR ( 'NONE', #1385, 1000.000000000000000 ) ;
#6803 = DIRECTION ( 'NONE',  ( -1.000000000000000000, 0.000000000000000000, 9.013887592422941960E-15 ) ) ;
#6804 = DIRECTION ( 'NONE',  ( 9.201676917265100324E-15, -0.000000000000000000, 1.000000000000000000 ) ) ;
#6805 = VERTEX_POINT ( 'NONE', #1722 ) ;
#6806 = EDGE_CURVE ( 'NONE', #6666, #3371, #5186, .T. ) ;
#6807 = VECTOR ( 'NONE', #2611, 1000.000000000000114 ) ;
#6808 = VERTEX_POINT ( 'NONE', #4665 ) ;
#6809 = DIRECTION ( 'NONE',  ( -0.000000000000000000, -1.000000000000000000, -0.000000000000000000 ) ) ;
#6810 = DIRECTION ( 'NONE',  ( -1.000000000000000000, 0.000000000000000000, 9.013887592422948271E-15 ) ) ;
#6811 = DIRECTION ( 'NONE',  ( -1.000000000000000000, 0.000000000000000000, -5.633679745264346614E-16 ) ) ;
#6812 = LINE ( 'NONE', #2353, #3971 ) ;
#6813 = EDGE_CURVE ( 'NONE', #3883, #3652, #6921, .T. ) ;
#6814 = ORIENTED_EDGE ( 'NONE', *, *, #6793, .T. ) ;
#6815 = ORIENTED_EDGE ( 'NONE', *, *, #660, .F. ) ;
#6816 = DIRECTION ( 'NONE',  ( -0.000000000000000000, -1.000000000000000000, -0.000000000000000000 ) ) ;
#6817 = LINE ( 'NONE', #2942, #4659 ) ;
#6818 = DIRECTION ( 'NONE',  ( 0.8660254037844387076, 0.000000000000000000, -0.4999999999999997224 ) ) ;
#6819 = LINE ( 'NONE', #632, #3730 ) ;
#6820 = CARTESIAN_POINT ( 'NONE',  ( 13.00000000000004796, 2.501000000000000334, 4.041451884327340593 ) ) ;
#6821 = EDGE_CURVE ( 'NONE', #3723, #5283, #24, .T. ) ;
#6822 = VERTEX_POINT ( 'NONE', #2015 ) ;
#6823 = CARTESIAN_POINT ( 'NONE',  ( -15.75500000000000078, 1.500000000000000000, -15.75500000000000078 ) ) ;
#6824 = ORIENTED_EDGE ( 'NONE', *, *, #3107, .F. ) ;
#6825 = ADVANCED_FACE ( 'NONE', ( #5414 ), #3701, .F. ) ;
#6826 = CARTESIAN_POINT ( 'NONE',  ( -5.999999999999984901, 2.501000000000000334, 2.309401076758546445 ) ) ;
#6827 = DIRECTION ( 'NONE',  ( 0.8660254037844378194, 0.000000000000000000, -0.5000000000000015543 ) ) ;
#6828 = DIRECTION ( 'NONE',  ( -0.4999999999999916178, 0.000000000000000000, 0.8660254037844434816 ) ) ;
#6829 = CARTESIAN_POINT ( 'NONE',  ( -9.999999999999911182, 1.500000000000000000, 9.237604307034006368 ) ) ;
#6830 = ORIENTED_EDGE ( 'NONE', *, *, #3363, .F. ) ;
#6831 = ADVANCED_FACE ( 'NONE', ( #250 ), #3159, .F. ) ;
#6832 = VERTEX_POINT ( 'NONE', #4218 ) ;
#6833 = VERTEX_POINT ( 'NONE', #1466 ) ;
#6834 = CARTESIAN_POINT ( 'NONE',  ( -1.205810052990905833E-13, 2.501000000000000334, 12.70170592217149341 ) ) ;
#6835 = VERTEX_POINT ( 'NONE', #1504 ) ;
#6836 = EDGE_CURVE ( 'NONE', #4246, #5287, #2577, .T. ) ;
#6837 = CARTESIAN_POINT ( 'NONE',  ( 2.999999999999971578, 1.500000000000000000, 13.27675134594760387 ) ) ;
#6838 = DIRECTION ( 'NONE',  ( -0.000000000000000000, -1.000000000000000000, -0.000000000000000000 ) ) ;
#6839 = CARTESIAN_POINT ( 'NONE',  ( -8.999999999999994671, 2.501000000000000334, 7.505553499464606482 ) ) ;
#6840 = ORIENTED_EDGE ( 'NONE', *, *, #4406, .F. ) ;
#6841 = EDGE_LOOP ( 'NONE', ( #6965, #3805, #1001, #860 ) ) ;
#6842 = LINE ( 'NONE', #132, #3843 ) ;
#6843 = CARTESIAN_POINT ( 'NONE',  ( 1.999999999999999112, 1.500000000000000000, 1.154700538379253683 ) ) ;
#6844 = DIRECTION ( 'NONE',  ( -0.000000000000000000, -1.000000000000000000, -0.000000000000000000 ) ) ;
#6845 = DIRECTION ( 'NONE',  ( -0.8660254037844432595, 0.000000000000000000, -0.4999999999999918954 ) ) ;
#6846 = VERTEX_POINT ( 'NONE', #765 ) ;
#6847 = VERTEX_POINT ( 'NONE', #844 ) ;
#6848 = CARTESIAN_POINT ( 'NONE',  ( -7.999999999999992895, 1.500000000000000000, 1.154700538379307195 ) ) ;
#6849 = CARTESIAN_POINT ( 'NONE',  ( 7.999999999999974243, 0.000000000000000000, -11.54700538379253416 ) ) ;
#6850 = DIRECTION ( 'NONE',  ( 0.8660254037844383745, -0.000000000000000000, 0.5000000000000003331 ) ) ;
#6851 = CARTESIAN_POINT ( 'NONE',  ( 19.99999999999999645, 0.000000000000000000, -16.00000000000000000 ) ) ;
#6852 = DIRECTION ( 'NONE',  ( -0.8660254037844383745, 0.000000000000000000, -0.5000000000000003331 ) ) ;
#6853 = ORIENTED_EDGE ( 'NONE', *, *, #5431, .T. ) ;
#6854 = DIRECTION ( 'NONE',  ( -0.8660254037844408170, 0.000000000000000000, -0.4999999999999961697 ) ) ;
#6855 = ORIENTED_EDGE ( 'NONE', *, *, #5592, .T. ) ;
#6856 = EDGE_CURVE ( 'NONE', #5449, #2189, #3082, .T. ) ;
#6857 = PLANE ( 'NONE',  #7130 ) ;
#6858 = CARTESIAN_POINT ( 'NONE',  ( 0.9999999999999713562, 2.501000000000000334, 16.74085296108535559 ) ) ;
#6859 = DIRECTION ( 'NONE',  ( 0.8660254037844393737, 0.000000000000000000, 0.4999999999999985012 ) ) ;
#6860 = CARTESIAN_POINT ( 'NONE',  ( -0.9999999999999208411, 2.501000000000000334, -16.74315781108587586 ) ) ;
#6861 = VERTEX_POINT ( 'NONE', #368 ) ;
#6862 = EDGE_CURVE ( 'NONE', #3881, #34, #2533, .T. ) ;
#6863 = ORIENTED_EDGE ( 'NONE', *, *, #3626, .F. ) ;
#6864 = VECTOR ( 'NONE', #6064, 1000.000000000000000 ) ;
#6865 = ORIENTED_EDGE ( 'NONE', *, *, #5571, .F. ) ;
#6866 = DIRECTION ( 'NONE',  ( 0.8660254037844379305, 0.000000000000000000, -0.5000000000000014433 ) ) ;
#6867 = VERTEX_POINT ( 'NONE', #5817 ) ;
#6868 = LINE ( 'NONE', #1818, #4142 ) ;
#6869 = VECTOR ( 'NONE', #3380, 1000.000000000000227 ) ;
#6870 = DIRECTION ( 'NONE',  ( 0.8660254037844422603, 0.000000000000000000, 0.4999999999999936717 ) ) ;
#6871 = DIRECTION ( 'NONE',  ( -4.694733121053620666E-15, 0.000000000000000000, -1.000000000000000000 ) ) ;
#6872 = EDGE_LOOP ( 'NONE', ( #4342, #3325, #6682, #934 ) ) ;
#6873 = EDGE_CURVE ( 'NONE', #6040, #4212, #5924, .T. ) ;
#6874 = ORIENTED_EDGE ( 'NONE', *, *, #5928, .F. ) ;
#6875 = VECTOR ( 'NONE', #6441, 1000.000000000000000 ) ;
#6876 = CARTESIAN_POINT ( 'NONE',  ( -1.205632815803880931E-13, 1.500000000000000000, 12.70170592217149341 ) ) ;
#6877 = DIRECTION ( 'NONE',  ( -0.000000000000000000, -1.000000000000000000, -0.000000000000000000 ) ) ;
#6878 = CARTESIAN_POINT ( 'NONE',  ( 8.999999999999969802, 1.500000000000000000, -7.505553499465213108 ) ) ;
#6879 = DIRECTION ( 'NONE',  ( -0.000000000000000000, -1.000000000000000000, -0.000000000000000000 ) ) ;
#6880 = ORIENTED_EDGE ( 'NONE', *, *, #3170, .T. ) ;
#6881 = ORIENTED_EDGE ( 'NONE', *, *, #6964, .T. ) ;
#6882 = CARTESIAN_POINT ( 'NONE',  ( -14.00000000000005507, 1.500000000000000000, -11.54700538379252706 ) ) ;
#6883 = CARTESIAN_POINT ( 'NONE',  ( 0.9999999999999713562, 0.000000000000000000, 16.74085296108535559 ) ) ;
#6884 = PLANE ( 'NONE',  #4194 ) ;
#6885 = CARTESIAN_POINT ( 'NONE',  ( -15.75500000000000078, 1.500000000000000000, -15.75500000000000078 ) ) ;
#6886 = DIRECTION ( 'NONE',  ( -0.000000000000000000, -1.000000000000000000, -0.000000000000000000 ) ) ;
#6887 = ORIENTED_EDGE ( 'NONE', *, *, #3901, .F. ) ;
#6888 = CARTESIAN_POINT ( 'NONE',  ( -2.000000000000118572, 1.500000000000000000, 11.54700538379224106 ) ) ;
#6889 = AXIS2_PLACEMENT_3D ( 'NONE', #3524, #1143, #2318 ) ;
#6890 = DIRECTION ( 'NONE',  ( 0.8660254037844383745, -0.000000000000000000, 0.5000000000000003331 ) ) ;
#6891 = EDGE_CURVE ( 'NONE', #7119, #5549, #5961, .T. ) ;
#6892 = DIRECTION ( 'NONE',  ( -0.000000000000000000, -1.000000000000000000, -0.000000000000000000 ) ) ;
#6893 = CARTESIAN_POINT ( 'NONE',  ( 12.00000000000014921, 0.000000000000000000, 12.70170592217169769 ) ) ;
#6894 = FACE_OUTER_BOUND ( 'NONE', #6992, .T. ) ;
#6895 = VERTEX_POINT ( 'NONE', #5303 ) ;
#6896 = FACE_OUTER_BOUND ( 'NONE', #4315, .T. ) ;
#6897 = VECTOR ( 'NONE', #2658, 1000.000000000000000 ) ;
#6898 = ORIENTED_EDGE ( 'NONE', *, *, #112, .T. ) ;
#6899 = ORIENTED_EDGE ( 'NONE', *, *, #1561, .F. ) ;
#6900 = VECTOR ( 'NONE', #7193, 1000.000000000000114 ) ;
#6901 = DIRECTION ( 'NONE',  ( -0.000000000000000000, -1.000000000000000000, -0.000000000000000000 ) ) ;
#6902 = EDGE_LOOP ( 'NONE', ( #3912, #6792, #3944, #2315, #504, #2298 ) ) ;
#6903 = VECTOR ( 'NONE', #6735, 1000.000000000000114 ) ;
#6904 = LINE ( 'NONE', #6760, #5568 ) ;
#6905 = AXIS2_PLACEMENT_3D ( 'NONE', #4492, #3359, #1745 ) ;
#6906 = CARTESIAN_POINT ( 'NONE',  ( -9.999999999999992895, 0.000000000000000000, 1.154700538379321850 ) ) ;
#6907 = FACE_OUTER_BOUND ( 'NONE', #1814, .T. ) ;
#6908 = ORIENTED_EDGE ( 'NONE', *, *, #3309, .T. ) ;
#6909 = AXIS2_PLACEMENT_3D ( 'NONE', #2307, #727, #1789 ) ;
#6910 = EDGE_CURVE ( 'NONE', #2458, #2245, #2498, .T. ) ;
#6911 = ORIENTED_EDGE ( 'NONE', *, *, #6483, .T. ) ;
#6912 = VECTOR ( 'NONE', #4934, 1000.000000000000000 ) ;
#6913 = VECTOR ( 'NONE', #4241, 1000.000000000000000 ) ;
#6914 = EDGE_CURVE ( 'NONE', #2711, #7296, #7030, .T. ) ;
#6915 = AXIS2_PLACEMENT_3D ( 'NONE', #3013, #1359, #6410 ) ;
#6916 = DIRECTION ( 'NONE',  ( 0.8660254037844377084, 0.000000000000000000, -0.5000000000000015543 ) ) ;
#6917 = ADVANCED_FACE ( 'NONE', ( #1399 ), #7101, .F. ) ;
#6918 = CARTESIAN_POINT ( 'NONE',  ( 16.99999999999997513, 1.500000000000000000, -6.350852961085965198 ) ) ;
#6919 = LINE ( 'NONE', #6878, #3449 ) ;
#6920 = VECTOR ( 'NONE', #1586, 1000.000000000000114 ) ;
#6921 = LINE ( 'NONE', #1868, #4921 ) ;
#6922 = EDGE_LOOP ( 'NONE', ( #4696, #3660, #2646, #4740 ) ) ;
#6923 = ORIENTED_EDGE ( 'NONE', *, *, #3419, .F. ) ;
#6924 = VECTOR ( 'NONE', #5039, 1000.000000000000114 ) ;
#6925 = CARTESIAN_POINT ( 'NONE',  ( 1.000000000000088596, 0.000000000000000000, -14.43375673432735518 ) ) ;
#6926 = EDGE_CURVE ( 'NONE', #5687, #5947, #329, .T. ) ;
#6927 = EDGE_CURVE ( 'NONE', #1010, #891, #6404, .T. ) ;
#6928 = CARTESIAN_POINT ( 'NONE',  ( 8.000000000000133227, 0.000000000000000000, 11.54700538379242403 ) ) ;
#6929 = DIRECTION ( 'NONE',  ( -0.000000000000000000, -1.000000000000000000, -0.000000000000000000 ) ) ;
#6930 = CARTESIAN_POINT ( 'NONE',  ( -1.999999999999550360, 2.501000000000000334, -9.237604307034326112 ) ) ;
#6931 = CARTESIAN_POINT ( 'NONE',  ( -6.000000000000016875, 1.500000000000000000, -2.309401076758460736 ) ) ;
#6932 = EDGE_LOOP ( 'NONE', ( #1760, #1349, #5041, #1089 ) ) ;
#6933 = DIRECTION ( 'NONE',  ( -0.000000000000000000, -1.000000000000000000, -0.000000000000000000 ) ) ;
#6934 = CARTESIAN_POINT ( 'NONE',  ( 8.000000000000133227, 1.500000000000000000, 11.54700538379242403 ) ) ;
#6935 = CARTESIAN_POINT ( 'NONE',  ( -16.99999999999999289, 2.501000000000000334, 4.041451884326812127 ) ) ;
#6936 = CARTESIAN_POINT ( 'NONE',  ( 15.75500000000000078, 2.500000000000000000, -14.25500000000000078 ) ) ;
#6937 = LINE ( 'NONE', #2514, #7135 ) ;
#6938 = ORIENTED_EDGE ( 'NONE', *, *, #2243, .T. ) ;
#6939 = DIRECTION ( 'NONE',  ( -0.4999999999999961142, 0.000000000000000000, 0.8660254037844409281 ) ) ;
#6940 = VECTOR ( 'NONE', #5244, 999.9999999999998863 ) ;
#6941 = ORIENTED_EDGE ( 'NONE', *, *, #576, .T. ) ;
#6942 = ORIENTED_EDGE ( 'NONE', *, *, #5644, .T. ) ;
#6943 = DIRECTION ( 'NONE',  ( -0.000000000000000000, -1.000000000000000000, -0.000000000000000000 ) ) ;
#6944 = ADVANCED_FACE ( 'NONE', ( #4817 ), #4706, .F. ) ;
#6945 = CARTESIAN_POINT ( 'NONE',  ( -8.000000000000044409, 0.000000000000000000, -9.237604307033979723 ) ) ;
#6946 = DIRECTION ( 'NONE',  ( -0.000000000000000000, -1.000000000000000000, -0.000000000000000000 ) ) ;
#6947 = LINE ( 'NONE', #3732, #7230 ) ;
#6948 = ORIENTED_EDGE ( 'NONE', *, *, #1656, .T. ) ;
#6949 = EDGE_LOOP ( 'NONE', ( #42, #5054, #4768, #4360, #6314, #6474 ) ) ;
#6950 = VERTEX_POINT ( 'NONE', #3590 ) ;
#6951 = DIRECTION ( 'NONE',  ( -0.5000000000000058842, 0.000000000000000000, -0.8660254037844353769 ) ) ;
#6952 = EDGE_CURVE ( 'NONE', #3938, #6950, #4737, .T. ) ;
#6953 = DIRECTION ( 'NONE',  ( 0.000000000000000000, 1.000000000000000000, 0.000000000000000000 ) ) ;
#6954 = CARTESIAN_POINT ( 'NONE',  ( 10.00000000000013323, 2.501000000000000334, 11.54700538379246844 ) ) ;
#6955 = CARTESIAN_POINT ( 'NONE',  ( 9.999999999999998224, 2.501000000000000334, 1.154700538379252128 ) ) ;
#6956 = EDGE_CURVE ( 'NONE', #4964, #6663, #1939, .T. ) ;
#6957 = VERTEX_POINT ( 'NONE', #6039 ) ;
#6958 = CARTESIAN_POINT ( 'NONE',  ( 2.999999999999983569, 2.501000000000000334, -7.505553499465142941 ) ) ;
#6959 = EDGE_CURVE ( 'NONE', #4246, #6693, #2237, .T. ) ;
#6960 = CARTESIAN_POINT ( 'NONE',  ( 13.99999999999997691, 1.500000000000000000, -9.237604307034029461 ) ) ;
#6961 = FACE_BOUND ( 'NONE', #362, .T. ) ;
#6962 = FACE_BOUND ( 'NONE', #3249, .T. ) ;
#6963 = CARTESIAN_POINT ( 'NONE',  ( 14.99999999999996980, 0.000000000000000000, -7.505553499465213108 ) ) ;
#6964 = EDGE_CURVE ( 'NONE', #5668, #6982, #7213, .T. ) ;
#6965 = ORIENTED_EDGE ( 'NONE', *, *, #716, .T. ) ;
#6966 = DIRECTION ( 'NONE',  ( 9.013887592422948271E-15, 0.000000000000000000, 1.000000000000000000 ) ) ;
#6967 = CARTESIAN_POINT ( 'NONE',  ( -1.000000000000018208, 1.500000000000000000, -4.041451884327373456 ) ) ;
#6968 = CARTESIAN_POINT ( 'NONE',  ( -5.000000000000028422, 2.501000000000000334, 14.43145188432685266 ) ) ;
#6969 = LINE ( 'NONE', #190, #3961 ) ;
#6970 = PLANE ( 'NONE',  #435 ) ;
#6971 = ORIENTED_EDGE ( 'NONE', *, *, #3413, .F. ) ;
#6972 = CARTESIAN_POINT ( 'NONE',  ( -14.99999999999971223, 0.000000000000000000, -2.886751345948717518 ) ) ;
#6973 = ORIENTED_EDGE ( 'NONE', *, *, #102, .T. ) ;
#6974 = ORIENTED_EDGE ( 'NONE', *, *, #343, .T. ) ;
#6975 = DIRECTION ( 'NONE',  ( -1.000000000000000000, 0.000000000000000000, 3.004629197474320824E-15 ) ) ;
#6976 = VECTOR ( 'NONE', #186, 1000.000000000000000 ) ;
#6977 = DIRECTION ( 'NONE',  ( -0.4999999999999917288, 0.000000000000000000, 0.8660254037844434816 ) ) ;
#6978 = DIRECTION ( 'NONE',  ( 0.8660254037844350439, 0.000000000000000000, -0.5000000000000061062 ) ) ;
#6979 = LINE ( 'NONE', #1386, #6521 ) ;
#6980 = VERTEX_POINT ( 'NONE', #1653 ) ;
#6981 = VECTOR ( 'NONE', #4317, 1000.000000000000227 ) ;
#6982 = VERTEX_POINT ( 'NONE', #3195 ) ;
#6983 = VERTEX_POINT ( 'NONE', #4928 ) ;
#6984 = VECTOR ( 'NONE', #1208, 1000.000000000000227 ) ;
#6985 = CARTESIAN_POINT ( 'NONE',  ( 10.00000000000010658, 2.501000000000000334, 9.237604307033967288 ) ) ;
#6986 = CARTESIAN_POINT ( 'NONE',  ( -9.999999999999911182, 2.501000000000000334, 9.237604307034006368 ) ) ;
#6987 = LINE ( 'NONE', #5923, #6875 ) ;
#6988 = DIRECTION ( 'NONE',  ( -0.000000000000000000, -1.000000000000000000, -0.000000000000000000 ) ) ;
#6989 = AXIS2_PLACEMENT_3D ( 'NONE', #2289, #601, #5539 ) ;
#6990 = VECTOR ( 'NONE', #1201, 1000.000000000000000 ) ;
#6991 = EDGE_CURVE ( 'NONE', #7258, #7134, #3891, .T. ) ;
#6992 = EDGE_LOOP ( 'NONE', ( #1269, #2915, #5735, #6608 ) ) ;
#6993 = EDGE_CURVE ( 'NONE', #3948, #4847, #5001, .T. ) ;
#6994 = ORIENTED_EDGE ( 'NONE', *, *, #5929, .T. ) ;
#6995 = DIRECTION ( 'NONE',  ( -0.5000000000000016653, 0.000000000000000000, -0.8660254037844378194 ) ) ;
#6996 = DIRECTION ( 'NONE',  ( -0.8660254037844387076, 0.000000000000000000, 0.4999999999999997224 ) ) ;
#6997 = LINE ( 'NONE', #6451, #4676 ) ;
#6998 = DIRECTION ( 'NONE',  ( 0.000000000000000000, -0.000000000000000000, 1.000000000000000000 ) ) ;
#6999 = DIRECTION ( 'NONE',  ( -0.000000000000000000, -1.000000000000000000, -0.000000000000000000 ) ) ;
#7000 = ORIENTED_EDGE ( 'NONE', *, *, #54, .F. ) ;
#7001 = FACE_OUTER_BOUND ( 'NONE', #1923, .T. ) ;
#7002 = DIRECTION ( 'NONE',  ( -6.760415694317213570E-15, 0.000000000000000000, -1.000000000000000000 ) ) ;
#7003 = EDGE_CURVE ( 'NONE', #4135, #2696, #2756, .T. ) ;
#7004 = DIRECTION ( 'NONE',  ( 0.000000000000000000, 0.000000000000000000, 1.000000000000000000 ) ) ;
#7005 = EDGE_CURVE ( 'NONE', #3733, #6068, #987, .T. ) ;
#7006 = LINE ( 'NONE', #7155, #3492 ) ;
#7007 = CARTESIAN_POINT ( 'NONE',  ( -15.75500000000000078, 1.500000000000000000, -15.75500000000000078 ) ) ;
#7008 = ORIENTED_EDGE ( 'NONE', *, *, #3189, .F. ) ;
#7009 = FILL_AREA_STYLE ('',( #6056 ) ) ;
#7010 = ORIENTED_EDGE ( 'NONE', *, *, #2636, .T. ) ;
#7011 = VERTEX_POINT ( 'NONE', #436 ) ;
#7012 = CARTESIAN_POINT ( 'NONE',  ( -9.999999999999891642, 1.500000000000000000, 11.54700538379251107 ) ) ;
#7013 = ORIENTED_EDGE ( 'NONE', *, *, #777, .T. ) ;
#7014 = EDGE_CURVE ( 'NONE', #5698, #4852, #7251, .T. ) ;
#7015 = EDGE_CURVE ( 'NONE', #6578, #6982, #4441, .T. ) ;
#7016 = CARTESIAN_POINT ( 'NONE',  ( 4.999999999999970690, 0.000000000000000000, 16.74085296108535914 ) ) ;
#7017 = CARTESIAN_POINT ( 'NONE',  ( -2.999999999999972466, 0.000000000000000000, 2.886751345948155745 ) ) ;
#7018 = DIRECTION ( 'NONE',  ( 0.8660254037844367092, 0.000000000000000000, -0.5000000000000035527 ) ) ;
#7019 = ORIENTED_EDGE ( 'NONE', *, *, #6482, .T. ) ;
#7020 = VECTOR ( 'NONE', #3087, 1000.000000000000000 ) ;
#7021 = VERTEX_POINT ( 'NONE', #4334 ) ;
#7022 = VECTOR ( 'NONE', #4494, 1000.000000000000000 ) ;
#7023 = ORIENTED_EDGE ( 'NONE', *, *, #4166, .T. ) ;
#7024 = AXIS2_PLACEMENT_3D ( 'NONE', #4193, #2545, #7002 ) ;
#7025 = DIRECTION ( 'NONE',  ( -0.000000000000000000, -1.000000000000000000, -0.000000000000000000 ) ) ;
#7026 = CARTESIAN_POINT ( 'NONE',  ( 5.999999999999981348, 1.500000000000000000, -8.082903768654771781 ) ) ;
#7027 = EDGE_CURVE ( 'NONE', #3402, #1706, #2791, .T. ) ;
#7028 = VECTOR ( 'NONE', #1206, 1000.000000000000000 ) ;
#7029 = LINE ( 'NONE', #1978, #2641 ) ;
#7030 = LINE ( 'NONE', #7068, #6807 ) ;
#7031 = VECTOR ( 'NONE', #4256, 1000.000000000000000 ) ;
#7032 = VECTOR ( 'NONE', #3504, 1000.000000000000000 ) ;
#7033 = ORIENTED_EDGE ( 'NONE', *, *, #7005, .F. ) ;
#7034 = VECTOR ( 'NONE', #1310, 1000.000000000000000 ) ;
#7035 = ORIENTED_EDGE ( 'NONE', *, *, #4929, .T. ) ;
#7036 = CARTESIAN_POINT ( 'NONE',  ( 0.9999999999999840128, 1.500000000000000000, -6.350852961085886150 ) ) ;
#7037 = DIRECTION ( 'NONE',  ( -0.8660254037844383745, 0.000000000000000000, -0.5000000000000003331 ) ) ;
#7038 = AXIS2_PLACEMENT_3D ( 'NONE', #3791, #4485, #6744 ) ;
#7039 = LINE ( 'NONE', #1945, #6450 ) ;
#7040 = DIRECTION ( 'NONE',  ( -0.000000000000000000, -1.000000000000000000, -0.000000000000000000 ) ) ;
#7041 = VECTOR ( 'NONE', #6702, 999.9999999999998863 ) ;
#7042 = ORIENTED_EDGE ( 'NONE', *, *, #4609, .T. ) ;
#7043 = DIRECTION ( 'NONE',  ( 0.8660254037844326014, 0.000000000000000000, -0.5000000000000104361 ) ) ;
#7044 = CARTESIAN_POINT ( 'NONE',  ( -16.99999999999970868, 0.000000000000000000, -6.350852961086469683 ) ) ;
#7045 = DIRECTION ( 'NONE',  ( -0.000000000000000000, -1.000000000000000000, -0.000000000000000000 ) ) ;
#7046 = DIRECTION ( 'NONE',  ( -0.8660254037844354880, 0.000000000000000000, 0.5000000000000055511 ) ) ;
#7047 = LINE ( 'NONE', #6493, #5131 ) ;
#7048 = VERTEX_POINT ( 'NONE', #6077 ) ;
#7049 = CARTESIAN_POINT ( 'NONE',  ( 12.00000000000014921, 1.500000000000000000, 12.70170592217169769 ) ) ;
#7050 = ADVANCED_FACE ( 'NONE', ( #1065 ), #2165, .F. ) ;
#7051 = ORIENTED_EDGE ( 'NONE', *, *, #5047, .F. ) ;
#7052 = ORIENTED_EDGE ( 'NONE', *, *, #4819, .F. ) ;
#7053 = CARTESIAN_POINT ( 'NONE',  ( -2.999999999999905409, 0.000000000000000000, -13.27905619594811348 ) ) ;
#7054 = ORIENTED_EDGE ( 'NONE', *, *, #6993, .F. ) ;
#7055 = ADVANCED_FACE ( 'NONE', ( #1612 ), #4963, .F. ) ;
#7056 = LINE ( 'NONE', #7016, #1216 ) ;
#7057 = DIRECTION ( 'NONE',  ( -0.000000000000000000, -1.000000000000000000, -0.000000000000000000 ) ) ;
#7058 = CARTESIAN_POINT ( 'NONE',  ( 5.000000000000079048, 1.500000000000000000, -16.74315781108587586 ) ) ;
#7059 = ORIENTED_EDGE ( 'NONE', *, *, #526, .T. ) ;
#7060 = EDGE_CURVE ( 'NONE', #1049, #5750, #3303, .T. ) ;
#7061 = EDGE_LOOP ( 'NONE', ( #1440, #3687, #7013, #510, #5416, #5164 ) ) ;
#7062 = ORIENTED_EDGE ( 'NONE', *, *, #1889, .T. ) ;
#7063 = ADVANCED_FACE ( 'NONE', ( #954 ), #5522, .F. ) ;
#7064 = VERTEX_POINT ( 'NONE', #1577 ) ;
#7065 = LINE ( 'NONE', #4248, #3377 ) ;
#7066 = DIRECTION ( 'NONE',  ( -0.000000000000000000, -1.000000000000000000, -0.000000000000000000 ) ) ;
#7067 = DIRECTION ( 'NONE',  ( -0.000000000000000000, -1.000000000000000000, -0.000000000000000000 ) ) ;
#7068 = CARTESIAN_POINT ( 'NONE',  ( -5.999999999999879208, 1.500000000000000000, 12.70170592217182204 ) ) ;
#7069 = EDGE_LOOP ( 'NONE', ( #788, #4600, #2902, #6612 ) ) ;
#7070 = ORIENTED_EDGE ( 'NONE', *, *, #6153, .F. ) ;
#7071 = CARTESIAN_POINT ( 'NONE',  ( 2.999999999999971578, 2.501000000000000334, 13.27675134594760387 ) ) ;
#7072 = CARTESIAN_POINT ( 'NONE',  ( -4.999999999999940492, 2.501000000000000334, 6.350852961085931447 ) ) ;
#7073 = FACE_BOUND ( 'NONE', #3711, .T. ) ;
#7074 = ORIENTED_EDGE ( 'NONE', *, *, #5936, .F. ) ;
#7075 = CARTESIAN_POINT ( 'NONE',  ( 17.00000000000004263, 0.000000000000000000, 6.350852961085846182 ) ) ;
#7076 = DIRECTION ( 'NONE',  ( 0.8660254037844400399, -0.000000000000000000, 0.4999999999999975575 ) ) ;
#7077 = CARTESIAN_POINT ( 'NONE',  ( 16.99999999999997513, 2.501000000000000334, -6.350852961085965198 ) ) ;
#7078 = CARTESIAN_POINT ( 'NONE',  ( -1.000000000000029088, 0.000000000000000000, -6.350852961085877268 ) ) ;
#7079 = ORIENTED_EDGE ( 'NONE', *, *, #6376, .T. ) ;
#7080 = DIRECTION ( 'NONE',  ( 0.000000000000000000, 0.000000000000000000, 1.000000000000000000 ) ) ;
#7081 = VERTEX_POINT ( 'NONE', #5447 ) ;
#7082 = ORIENTED_EDGE ( 'NONE', *, *, #3347, .F. ) ;
#7083 = EDGE_CURVE ( 'NONE', #1526, #1626, #399, .T. ) ;
#7084 = DIRECTION ( 'NONE',  ( 0.000000000000000000, 0.000000000000000000, -1.000000000000000000 ) ) ;
#7085 = ORIENTED_EDGE ( 'NONE', *, *, #262, .T. ) ;
#7086 = DIRECTION ( 'NONE',  ( -0.000000000000000000, -1.000000000000000000, -0.000000000000000000 ) ) ;
#7087 = LINE ( 'NONE', #356, #1394 ) ;
#7088 = CARTESIAN_POINT ( 'NONE',  ( 4.999999999999970690, 0.000000000000000000, 16.74085296108535914 ) ) ;
#7089 = VERTEX_POINT ( 'NONE', #2091 ) ;
#7090 = EDGE_CURVE ( 'NONE', #6693, #369, #1023, .T. ) ;
#7091 = ORIENTED_EDGE ( 'NONE', *, *, #4428, .F. ) ;
#7092 = ORIENTED_EDGE ( 'NONE', *, *, #4468, .F. ) ;
#7093 = ORIENTED_EDGE ( 'NONE', *, *, #742, .F. ) ;
#7094 = CARTESIAN_POINT ( 'NONE',  ( -4.000000000000042633, 1.500000000000000000, -9.237604307033999262 ) ) ;
#7095 = DIRECTION ( 'NONE',  ( -0.8660254037844384856, 0.000000000000000000, -0.5000000000000004441 ) ) ;
#7096 = VECTOR ( 'NONE', #4579, 1000.000000000000000 ) ;
#7097 = DIRECTION ( 'NONE',  ( -0.8660254037845227515, 0.000000000000000000, 0.4999999999998542277 ) ) ;
#7098 = ORIENTED_EDGE ( 'NONE', *, *, #5635, .F. ) ;
#7099 = EDGE_CURVE ( 'NONE', #4198, #2486, #4886, .T. ) ;
#7100 = EDGE_CURVE ( 'NONE', #5176, #7064, #6422, .T. ) ;
#7101 = PLANE ( 'NONE',  #4679 ) ;
#7102 = ORIENTED_EDGE ( 'NONE', *, *, #1152, .F. ) ;
#7103 = VECTOR ( 'NONE', #3279, 1000.000000000000000 ) ;
#7104 = ORIENTED_EDGE ( 'NONE', *, *, #2184, .F. ) ;
#7105 = CARTESIAN_POINT ( 'NONE',  ( -14.99999999999971223, 1.500000000000000000, -2.886751345948717518 ) ) ;
#7106 = CARTESIAN_POINT ( 'NONE',  ( -15.75500000000000789, 2.501000000000000334, 17.25500000000000256 ) ) ;
#7107 = AXIS2_PLACEMENT_3D ( 'NONE', #2234, #2685, #6662 ) ;
#7108 = FACE_BOUND ( 'NONE', #2850, .T. ) ;
#7109 = ADVANCED_FACE ( 'NONE', ( #4722 ), #3612, .F. ) ;
#7110 = EDGE_LOOP ( 'NONE', ( #1813, #6853, #1940, #5973 ) ) ;
#7111 = VECTOR ( 'NONE', #6170, 1000.000000000000000 ) ;
#7112 = PLANE ( 'NONE',  #6746 ) ;
#7113 = PLANE ( 'NONE',  #1139 ) ;
#7114 = DIRECTION ( 'NONE',  ( 0.4999999999999921729, 0.000000000000000000, -0.8660254037844432595 ) ) ;
#7115 = CARTESIAN_POINT ( 'NONE',  ( -14.99999999999971223, 1.500000000000000000, -2.886751345948717518 ) ) ;
#7116 = EDGE_LOOP ( 'NONE', ( #44, #245, #7052, #3122 ) ) ;
#7117 = SURFACE_STYLE_USAGE ( .BOTH. , #4865 ) ;
#7118 = ORIENTED_EDGE ( 'NONE', *, *, #5250, .T. ) ;
#7119 = VERTEX_POINT ( 'NONE', #1682 ) ;
#7120 = FACE_OUTER_BOUND ( 'NONE', #1320, .T. ) ;
#7121 = ORIENTED_EDGE ( 'NONE', *, *, #5929, .F. ) ;
#7122 = DIRECTION ( 'NONE',  ( 0.5000000000000000000, -0.000000000000000000, 0.8660254037844387076 ) ) ;
#7123 = CARTESIAN_POINT ( 'NONE',  ( 7.999999999999974243, 2.501000000000000334, -11.54700538379253416 ) ) ;
#7124 = PLANE ( 'NONE',  #5227 ) ;
#7125 = ORIENTED_EDGE ( 'NONE', *, *, #1768, .T. ) ;
#7126 = EDGE_LOOP ( 'NONE', ( #3305, #4582, #4505, #3643 ) ) ;
#7127 = ORIENTED_EDGE ( 'NONE', *, *, #1666, .T. ) ;
#7128 = ORIENTED_EDGE ( 'NONE', *, *, #2700, .F. ) ;
#7129 = FACE_OUTER_BOUND ( 'NONE', #6595, .T. ) ;
#7130 = AXIS2_PLACEMENT_3D ( 'NONE', #1914, #4120, #4717 ) ;
#7131 = FACE_OUTER_BOUND ( 'NONE', #1581, .T. ) ;
#7132 = CARTESIAN_POINT ( 'NONE',  ( -15.99999999999999645, 2.500000000000000000, 20.00000000000000000 ) ) ;
#7133 = CARTESIAN_POINT ( 'NONE',  ( -9.999999999999992895, 2.501000000000000334, 1.154700538379321850 ) ) ;
#7134 = VERTEX_POINT ( 'NONE', #1886 ) ;
#7135 = VECTOR ( 'NONE', #1884, 1000.000000000000000 ) ;
#7136 = DIRECTION ( 'NONE',  ( -1.000000000000000000, 0.000000000000000000, 4.506943796211474136E-15 ) ) ;
#7137 = ORIENTED_EDGE ( 'NONE', *, *, #104, .T. ) ;
#7138 = AXIS2_PLACEMENT_3D ( 'NONE', #1952, #4827, #4860 ) ;
#7139 = AXIS2_PLACEMENT_3D ( 'NONE', #6820, #1767, #2430 ) ;
#7140 = ORIENTED_EDGE ( 'NONE', *, *, #6041, .F. ) ;
#7141 = DIRECTION ( 'NONE',  ( 0.8660254037844391517, 0.000000000000000000, -0.4999999999999990008 ) ) ;
#7142 = LINE ( 'NONE', #4339, #2793 ) ;
#7143 = CIRCLE ( 'NONE', #5856, 2.700000000000001066 ) ;
#7144 = EDGE_CURVE ( 'NONE', #5616, #2290, #5240, .T. ) ;
#7145 = VECTOR ( 'NONE', #6651, 1000.000000000000000 ) ;
#7146 = VECTOR ( 'NONE', #6301, 1000.000000000000000 ) ;
#7147 = EDGE_LOOP ( 'NONE', ( #244, #2813, #4384, #2923, #409, #3787 ) ) ;
#7148 = ADVANCED_FACE ( 'NONE', ( #270 ), #2268, .F. ) ;
#7149 = EDGE_CURVE ( 'NONE', #1161, #5910, #5876, .T. ) ;
#7150 = VECTOR ( 'NONE', #6195, 1000.000000000000114 ) ;
#7151 = DIRECTION ( 'NONE',  ( 0.8660254037844391517, 0.000000000000000000, -0.4999999999999992228 ) ) ;
#7152 = LINE ( 'NONE', #3678, #2673 ) ;
#7153 = AXIS2_PLACEMENT_3D ( 'NONE', #723, #5806, #6978 ) ;
#7154 = EDGE_CURVE ( 'NONE', #5470, #6228, #825, .T. ) ;
#7155 = CARTESIAN_POINT ( 'NONE',  ( -20.00000000000000355, 0.000000000000000000, -20.00000000000000000 ) ) ;
#7156 = VECTOR ( 'NONE', #2618, 1000.000000000000000 ) ;
#7157 = CARTESIAN_POINT ( 'NONE',  ( 9.000000000000047962, 1.500000000000000000, 7.505553499465094092 ) ) ;
#7158 = ORIENTED_EDGE ( 'NONE', *, *, #4397, .T. ) ;
#7159 = VECTOR ( 'NONE', #6296, 1000.000000000000000 ) ;
#7160 = ORIENTED_EDGE ( 'NONE', *, *, #2141, .T. ) ;
#7161 = EDGE_LOOP ( 'NONE', ( #3441, #2893, #4644, #6923 ) ) ;
#7162 = DIRECTION ( 'NONE',  ( 0.8660254037844389297, 0.000000000000000000, -0.4999999999999995004 ) ) ;
#7163 = ORIENTED_EDGE ( 'NONE', *, *, #47, .F. ) ;
#7164 = AXIS2_PLACEMENT_3D ( 'NONE', #3720, #6495, #3175 ) ;
#7165 = LINE ( 'NONE', #1596, #3210 ) ;
#7166 = DIRECTION ( 'NONE',  ( -0.000000000000000000, -1.000000000000000000, -0.000000000000000000 ) ) ;
#7167 = CARTESIAN_POINT ( 'NONE',  ( -2.000000000000000888, 2.501000000000000334, 1.154700538379252128 ) ) ;
#7168 = ORIENTED_EDGE ( 'NONE', *, *, #95, .T. ) ;
#7169 = ORIENTED_EDGE ( 'NONE', *, *, #6376, .F. ) ;
#7170 = ORIENTED_EDGE ( 'NONE', *, *, #3406, .F. ) ;
#7171 = CARTESIAN_POINT ( 'NONE',  ( 13.99999999999997513, 1.500000000000000000, -11.54700538379253416 ) ) ;
#7172 = LINE ( 'NONE', #3298, #3734 ) ;
#7173 = DIRECTION ( 'NONE',  ( -0.8660254037844371533, 0.000000000000000000, 0.5000000000000026645 ) ) ;
#7174 = FACE_BOUND ( 'NONE', #4654, .T. ) ;
#7175 = CARTESIAN_POINT ( 'NONE',  ( 15.75500000000000078, 2.500000000000000000, -15.75500000000000078 ) ) ;
#7176 = ORIENTED_EDGE ( 'NONE', *, *, #370, .T. ) ;
#7177 = CARTESIAN_POINT ( 'NONE',  ( 4.474290391966137185E-13, 0.000000000000000000, -8.082903768655075538 ) ) ;
#7178 = ADVANCED_FACE ( 'NONE', ( #6896 ), #717, .F. ) ;
#7179 = VECTOR ( 'NONE', #6943, 1000.000000000000000 ) ;
#7180 = ORIENTED_EDGE ( 'NONE', *, *, #4237, .T. ) ;
#7181 = ADVANCED_FACE ( 'NONE', ( #1338 ), #3539, .F. ) ;
#7182 = ORIENTED_EDGE ( 'NONE', *, *, #5709, .F. ) ;
#7183 = LINE ( 'NONE', #2652, #4656 ) ;
#7184 = LINE ( 'NONE', #5042, #6903 ) ;
#7185 = DIRECTION ( 'NONE',  ( -0.5000000000000017764, 0.000000000000000000, -0.8660254037844377084 ) ) ;
#7186 = SURFACE_SIDE_STYLE ('',( #7220 ) ) ;
#7187 = EDGE_CURVE ( 'NONE', #1655, #1482, #4688, .T. ) ;
#7188 = VERTEX_POINT ( 'NONE', #6972 ) ;
#7189 = EDGE_CURVE ( 'NONE', #4647, #5296, #3373, .T. ) ;
#7190 = CARTESIAN_POINT ( 'NONE',  ( 5.000000000000090594, 2.501000000000000334, -14.43375673432737472 ) ) ;
#7191 = CARTESIAN_POINT ( 'NONE',  ( 1.000000000000073275, 1.500000000000000000, 6.350852961085871051 ) ) ;
#7192 = DIRECTION ( 'NONE',  ( 0.000000000000000000, -1.000000000000000000, 0.000000000000000000 ) ) ;
#7193 = DIRECTION ( 'NONE',  ( -0.8660254037844385966, 0.000000000000000000, -0.4999999999999999445 ) ) ;
#7194 = ORIENTED_EDGE ( 'NONE', *, *, #4468, .T. ) ;
#7195 = ADVANCED_FACE ( 'NONE', ( #3507 ), #1921, .F. ) ;
#7196 = EDGE_LOOP ( 'NONE', ( #122, #390, #4359, #1619 ) ) ;
#7197 = CARTESIAN_POINT ( 'NONE',  ( 10.00000000000013323, 2.501000000000000334, 11.54700538379246844 ) ) ;
#7198 = VERTEX_POINT ( 'NONE', #5833 ) ;
#7199 = CARTESIAN_POINT ( 'NONE',  ( -3.000000000000028866, 2.501000000000000334, 13.27675134594760387 ) ) ;
#7200 = PLANE ( 'NONE',  #2208 ) ;
#7201 = LINE ( 'NONE', #6652, #761 ) ;
#7202 = ORIENTED_EDGE ( 'NONE', *, *, #4552, .T. ) ;
#7203 = ADVANCED_FACE ( 'NONE', ( #2516 ), #1304, .F. ) ;
#7204 = ORIENTED_EDGE ( 'NONE', *, *, #3721, .F. ) ;
#7205 = ORIENTED_EDGE ( 'NONE', *, *, #5401, .F. ) ;
#7206 = DIRECTION ( 'NONE',  ( -0.8660254037844359321, 0.000000000000000000, 0.5000000000000046629 ) ) ;
#7207 = CARTESIAN_POINT ( 'NONE',  ( -2.000000000000000888, 2.501000000000000334, -1.154700538379251684 ) ) ;
#7208 = LINE ( 'NONE', #5518, #5625 ) ;
#7209 = LINE ( 'NONE', #2162, #2096 ) ;
#7210 = CARTESIAN_POINT ( 'NONE',  ( -15.99999999999999645, 2.500000000000000000, 16.00000000000000000 ) ) ;
#7211 = ORIENTED_EDGE ( 'NONE', *, *, #1353, .T. ) ;
#7212 = EDGE_CURVE ( 'NONE', #4307, #5138, #1131, .T. ) ;
#7213 = LINE ( 'NONE', #6732, #7280 ) ;
#7214 = AXIS2_PLACEMENT_3D ( 'NONE', #3532, #6305, #1155 ) ;
#7215 = ORIENTED_EDGE ( 'NONE', *, *, #6733, .T. ) ;
#7216 = ORIENTED_EDGE ( 'NONE', *, *, #586, .T. ) ;
#7217 = DIRECTION ( 'NONE',  ( 4.882522445895767197E-15, 0.000000000000000000, 1.000000000000000000 ) ) ;
#7218 = LINE ( 'NONE', #3822, #6327 ) ;
#7219 = DIRECTION ( 'NONE',  ( 0.5000000000000026645, -0.000000000000000000, 0.8660254037844371533 ) ) ;
#7220 = SURFACE_STYLE_FILL_AREA ( #4936 ) ;
#7221 = AXIS2_PLACEMENT_3D ( 'NONE', #5245, #4765, #5363 ) ;
#7222 = EDGE_CURVE ( 'NONE', #6663, #4576, #3038, .T. ) ;
#7223 = VERTEX_POINT ( 'NONE', #3029 ) ;
#7224 = DIRECTION ( 'NONE',  ( 0.000000000000000000, 0.000000000000000000, 1.000000000000000000 ) ) ;
#7225 = PLANE ( 'NONE',  #5134 ) ;
#7226 = AXIS2_PLACEMENT_3D ( 'NONE', #1368, #3534, #4195 ) ;
#7227 = FACE_OUTER_BOUND ( 'NONE', #5015, .T. ) ;
#7228 = CARTESIAN_POINT ( 'NONE',  ( -1.000000000000018208, 1.500000000000000000, -4.041451884327373456 ) ) ;
#7229 = ORIENTED_EDGE ( 'NONE', *, *, #6836, .T. ) ;
#7230 = VECTOR ( 'NONE', #1970, 1000.000000000000000 ) ;
#7231 = ORIENTED_EDGE ( 'NONE', *, *, #4578, .T. ) ;
#7232 = PLANE ( 'NONE',  #113 ) ;
#7233 = ORIENTED_EDGE ( 'NONE', *, *, #3442, .F. ) ;
#7234 = EDGE_CURVE ( 'NONE', #5885, #4269, #5515, .T. ) ;
#7235 = EDGE_CURVE ( 'NONE', #6107, #6833, #2828, .T. ) ;
#7236 = DIRECTION ( 'NONE',  ( -0.5000000000000004441, 0.000000000000000000, 0.8660254037844384856 ) ) ;
#7237 = LINE ( 'NONE', #2186, #4191 ) ;
#7238 = DIRECTION ( 'NONE',  ( 0.4999999999999899525, 0.000000000000000000, -0.8660254037844444808 ) ) ;
#7239 = VERTEX_POINT ( 'NONE', #1959 ) ;
#7240 = APPLICATION_CONTEXT ( 'automotive_design' ) ;
#7241 = VERTEX_POINT ( 'NONE', #1002 ) ;
#7242 = VERTEX_POINT ( 'NONE', #7049 ) ;
#7243 = LINE ( 'NONE', #2677, #2823 ) ;
#7244 = EDGE_CURVE ( 'NONE', #4847, #5333, #6530, .T. ) ;
#7245 = EDGE_CURVE ( 'NONE', #5377, #4407, #4270, .T. ) ;
#7246 = DIRECTION ( 'NONE',  ( 0.5000000000000024425, -0.000000000000000000, 0.8660254037844373753 ) ) ;
#7247 = CARTESIAN_POINT ( 'NONE',  ( -12.00000000000001776, 1.500000000000000000, -2.309401076758419435 ) ) ;
#7248 = DIRECTION ( 'NONE',  ( -0.8660254037844434816, 0.000000000000000000, -0.4999999999999916178 ) ) ;
#7249 = CARTESIAN_POINT ( 'NONE',  ( 8.000000000000110134, 2.501000000000000334, 9.237604307033919326 ) ) ;
#7250 = ORIENTED_EDGE ( 'NONE', *, *, #1250, .T. ) ;
#7251 = LINE ( 'NONE', #3337, #3387 ) ;
#7252 = ORIENTED_EDGE ( 'NONE', *, *, #4819, .T. ) ;
#7253 = ORIENTED_EDGE ( 'NONE', *, *, #4299, .T. ) ;
#7254 = CARTESIAN_POINT ( 'NONE',  ( 0.000000000000000000, 2.500000000000000000, 0.000000000000000000 ) ) ;
#7255 = CARTESIAN_POINT ( 'NONE',  ( 9.000000000000046185, 2.501000000000000334, 2.886751345948089575 ) ) ;
#7256 = VECTOR ( 'NONE', #2614, 1000.000000000000000 ) ;
#7257 = VECTOR ( 'NONE', #1265, 1000.000000000000000 ) ;
#7258 = VERTEX_POINT ( 'NONE', #2031 ) ;
#7259 = CARTESIAN_POINT ( 'NONE',  ( -2.000000000000000888, 0.000000000000000000, -1.154700538379251684 ) ) ;
#7260 = VECTOR ( 'NONE', #6300, 1000.000000000000000 ) ;
#7261 = EDGE_CURVE ( 'NONE', #6861, #5392, #4350, .T. ) ;
#7262 = CARTESIAN_POINT ( 'NONE',  ( 13.99999999999997513, 2.501000000000000334, -11.54700538379253416 ) ) ;
#7263 = VECTOR ( 'NONE', #1112, 1000.000000000000000 ) ;
#7264 = CARTESIAN_POINT ( 'NONE',  ( 5.999999999999971578, 1.500000000000000000, -12.70170592217178118 ) ) ;
#7265 = DIRECTION ( 'NONE',  ( 0.000000000000000000, 0.000000000000000000, -1.000000000000000000 ) ) ;
#7266 = VECTOR ( 'NONE', #1657, 1000.000000000000000 ) ;
#7267 = VECTOR ( 'NONE', #1120, 1000.000000000000000 ) ;
#7268 = ORIENTED_EDGE ( 'NONE', *, *, #6188, .T. ) ;
#7269 = VECTOR ( 'NONE', #1647, 1000.000000000000000 ) ;
#7270 = DIRECTION ( 'NONE',  ( -0.4999999999999995004, 0.000000000000000000, -0.8660254037844389297 ) ) ;
#7271 = ORIENTED_EDGE ( 'NONE', *, *, #319, .F. ) ;
#7272 = DIRECTION ( 'NONE',  ( -0.000000000000000000, -1.000000000000000000, -0.000000000000000000 ) ) ;
#7273 = AXIS2_PLACEMENT_3D ( 'NONE', #1044, #999, #5536 ) ;
#7274 = DIRECTION ( 'NONE',  ( -0.8660254037844385966, 0.000000000000000000, -0.5000000000000000000 ) ) ;
#7275 = ADVANCED_FACE ( 'NONE', ( #4308 ), #6019, .F. ) ;
#7276 = LINE ( 'NONE', #4874, #3250 ) ;
#7277 = ORIENTED_EDGE ( 'NONE', *, *, #6707, .F. ) ;
#7278 = VERTEX_POINT ( 'NONE', #6464 ) ;
#7279 = ORIENTED_EDGE ( 'NONE', *, *, #1656, .F. ) ;
#7280 = VECTOR ( 'NONE', #4473, 1000.000000000000000 ) ;
#7281 = EDGE_LOOP ( 'NONE', ( #1897, #5357 ) ) ;
#7282 = ADVANCED_FACE ( 'NONE', ( #3794 ), #1415, .F. ) ;
#7283 = CARTESIAN_POINT ( 'NONE',  ( -4.000000000000042633, 0.000000000000000000, -9.237604307033999262 ) ) ;
#7284 = CARTESIAN_POINT ( 'NONE',  ( 10.99999999999997868, 0.000000000000000000, -4.041451884327467603 ) ) ;
#7285 = LINE ( 'NONE', #2344, #3032 ) ;
#7286 = DIRECTION ( 'NONE',  ( -0.4999999999999957256, 0.000000000000000000, 0.8660254037844411501 ) ) ;
#7287 = ORIENTED_EDGE ( 'NONE', *, *, #3219, .F. ) ;
#7288 = DIRECTION ( 'NONE',  ( -0.8660254037844409281, 0.000000000000000000, -0.4999999999999961142 ) ) ;
#7289 = ADVANCED_FACE ( 'NONE', ( #5428 ), #1481, .F. ) ;
#7290 = ORIENTED_EDGE ( 'NONE', *, *, #512, .F. ) ;
#7291 = CARTESIAN_POINT ( 'NONE',  ( 3.000000000000072387, 0.000000000000000000, -17.89785834946512111 ) ) ;
#7292 = LINE ( 'NONE', #1071, #4745 ) ;
#7293 = VECTOR ( 'NONE', #1380, 1000.000000000000227 ) ;
#7294 = CARTESIAN_POINT ( 'NONE',  ( 1.539567084929416296E-13, 2.501000000000000334, 8.082903768654778887 ) ) ;
#7295 = ORIENTED_EDGE ( 'NONE', *, *, #6198, .F. ) ;
#7296 = VERTEX_POINT ( 'NONE', #1447 ) ;
#7297 = DIRECTION ( 'NONE',  ( -0.000000000000000000, -1.000000000000000000, -0.000000000000000000 ) ) ;
#7298 = CARTESIAN_POINT ( 'NONE',  ( 7.000000000000047962, 1.500000000000000000, 6.350852961085841741 ) ) ;
#7299 = CARTESIAN_POINT ( 'NONE',  ( 12.00000000000000000, 0.000000000000000000, -2.309401076758504257 ) ) ;
#7300 = CARTESIAN_POINT ( 'NONE',  ( 15.75500000000000078, 1.500000000000000000, -15.75500000000000078 ) ) ;
ENDSEC;
END-ISO-10303-21;
